ball,source_function_label,x_mm,y_mm,view,xy_convention,geometry_source,source_page_or_figure,status
A2,USB0_DP,-5.525,-6.175,COMPONENT_SIDE_TOP,origin=package_center;+x=right;+y=down,https://raw.githubusercontent.com/kendryte/k230_docs/main/zh/00_hardware/images/HDG/image005.png,HDG figures2-1;2-2;2-3;2-6,NOMINAL_BALL_CENTER_ONLY_NOT_PCB_LAND_PATTERN
A3,USB1_VBUS,-4.875,-6.175,COMPONENT_SIDE_TOP,origin=package_center;+x=right;+y=down,https://raw.githubusercontent.com/kendryte/k230_docs/main/zh/00_hardware/images/HDG/image005.png,HDG figures2-1;2-2;2-3;2-6,NOMINAL_BALL_CENTER_ONLY_NOT_PCB_LAND_PATTERN
A4,USB1_DN,-4.225,-6.175,COMPONENT_SIDE_TOP,origin=package_center;+x=right;+y=down,https://raw.githubusercontent.com/kendryte/k230_docs/main/zh/00_hardware/images/HDG/image005.png,HDG figures2-1;2-2;2-3;2-6,NOMINAL_BALL_CENTER_ONLY_NOT_PCB_LAND_PATTERN
A5,MMC0_CLK,-3.575,-6.175,COMPONENT_SIDE_TOP,origin=package_center;+x=right;+y=down,https://raw.githubusercontent.com/kendryte/k230_docs/main/zh/00_hardware/images/HDG/image005.png,HDG figures2-1;2-2;2-3;2-6,NOMINAL_BALL_CENTER_ONLY_NOT_PCB_LAND_PATTERN
A6,MMC0_RST_N,-2.925,-6.175,COMPONENT_SIDE_TOP,origin=package_center;+x=right;+y=down,https://raw.githubusercontent.com/kendryte/k230_docs/main/zh/00_hardware/images/HDG/image005.png,HDG figures2-1;2-2;2-3;2-6,NOMINAL_BALL_CENTER_ONLY_NOT_PCB_LAND_PATTERN
A7,MMC0_D5,-2.275,-6.175,COMPONENT_SIDE_TOP,origin=package_center;+x=right;+y=down,https://raw.githubusercontent.com/kendryte/k230_docs/main/zh/00_hardware/images/HDG/image005.png,HDG figures2-1;2-2;2-3;2-6,NOMINAL_BALL_CENTER_ONLY_NOT_PCB_LAND_PATTERN
A8,CLK24M_XOUT,-1.625,-6.175,COMPONENT_SIDE_TOP,origin=package_center;+x=right;+y=down,https://raw.githubusercontent.com/kendryte/k230_docs/main/zh/00_hardware/images/HDG/image005.png,HDG figures2-1;2-2;2-3;2-6,NOMINAL_BALL_CENTER_ONLY_NOT_PCB_LAND_PATTERN
A9,TEST_EN,-0.975,-6.175,COMPONENT_SIDE_TOP,origin=package_center;+x=right;+y=down,https://raw.githubusercontent.com/kendryte/k230_docs/main/zh/00_hardware/images/HDG/image005.png,HDG figures2-1;2-2;2-3;2-6,NOMINAL_BALL_CENTER_ONLY_NOT_PCB_LAND_PATTERN
A10,GPIO66/INT2,-0.325,-6.175,COMPONENT_SIDE_TOP,origin=package_center;+x=right;+y=down,https://raw.githubusercontent.com/kendryte/k230_docs/main/zh/00_hardware/images/HDG/image005.png,HDG figures2-1;2-2;2-3;2-6,NOMINAL_BALL_CENTER_ONLY_NOT_PCB_LAND_PATTERN
A11,GPIO67/INT3,0.325,-6.175,COMPONENT_SIDE_TOP,origin=package_center;+x=right;+y=down,https://raw.githubusercontent.com/kendryte/k230_docs/main/zh/00_hardware/images/HDG/image005.png,HDG figures2-1;2-2;2-3;2-6,NOMINAL_BALL_CENTER_ONLY_NOT_PCB_LAND_PATTERN
A12,CLK32K768_XOUT,0.975,-6.175,COMPONENT_SIDE_TOP,origin=package_center;+x=right;+y=down,https://raw.githubusercontent.com/kendryte/k230_docs/main/zh/00_hardware/images/HDG/image005.png,HDG figures2-1;2-2;2-3;2-6,NOMINAL_BALL_CENTER_ONLY_NOT_PCB_LAND_PATTERN
A13,VSS,1.625,-6.175,COMPONENT_SIDE_TOP,origin=package_center;+x=right;+y=down,https://raw.githubusercontent.com/kendryte/k230_docs/main/zh/00_hardware/images/HDG/image005.png,HDG figures2-1;2-2;2-3;2-6,NOMINAL_BALL_CENTER_ONLY_NOT_PCB_LAND_PATTERN
A14,DDR_DQB3,2.275,-6.175,COMPONENT_SIDE_TOP,origin=package_center;+x=right;+y=down,https://raw.githubusercontent.com/kendryte/k230_docs/main/zh/00_hardware/images/HDG/image005.png,HDG figures2-1;2-2;2-3;2-6,NOMINAL_BALL_CENTER_ONLY_NOT_PCB_LAND_PATTERN
A15,DDR_DQSB0N,2.925,-6.175,COMPONENT_SIDE_TOP,origin=package_center;+x=right;+y=down,https://raw.githubusercontent.com/kendryte/k230_docs/main/zh/00_hardware/images/HDG/image005.png,HDG figures2-1;2-2;2-3;2-6,NOMINAL_BALL_CENTER_ONLY_NOT_PCB_LAND_PATTERN
A16,VSS,3.575,-6.175,COMPONENT_SIDE_TOP,origin=package_center;+x=right;+y=down,https://raw.githubusercontent.com/kendryte/k230_docs/main/zh/00_hardware/images/HDG/image005.png,HDG figures2-1;2-2;2-3;2-6,NOMINAL_BALL_CENTER_ONLY_NOT_PCB_LAND_PATTERN
A17,DDR_DQB4,4.225,-6.175,COMPONENT_SIDE_TOP,origin=package_center;+x=right;+y=down,https://raw.githubusercontent.com/kendryte/k230_docs/main/zh/00_hardware/images/HDG/image005.png,HDG figures2-1;2-2;2-3;2-6,NOMINAL_BALL_CENTER_ONLY_NOT_PCB_LAND_PATTERN
A18,DDR_DQSB1N,4.875,-6.175,COMPONENT_SIDE_TOP,origin=package_center;+x=right;+y=down,https://raw.githubusercontent.com/kendryte/k230_docs/main/zh/00_hardware/images/HDG/image005.png,HDG figures2-1;2-2;2-3;2-6,NOMINAL_BALL_CENTER_ONLY_NOT_PCB_LAND_PATTERN
A19,VSS,5.525,-6.175,COMPONENT_SIDE_TOP,origin=package_center;+x=right;+y=down,https://raw.githubusercontent.com/kendryte/k230_docs/main/zh/00_hardware/images/HDG/image005.png,HDG figures2-1;2-2;2-3;2-6,NOMINAL_BALL_CENTER_ONLY_NOT_PCB_LAND_PATTERN
A20,NC,6.175,-6.175,COMPONENT_SIDE_TOP,origin=package_center;+x=right;+y=down,https://raw.githubusercontent.com/kendryte/k230_docs/main/zh/00_hardware/images/HDG/image005.png,HDG figures2-1;2-2;2-3;2-6,NOMINAL_BALL_CENTER_ONLY_NOT_PCB_LAND_PATTERN
B1,ADC_2,-6.175,-5.525,COMPONENT_SIDE_TOP,origin=package_center;+x=right;+y=down,https://raw.githubusercontent.com/kendryte/k230_docs/main/zh/00_hardware/images/HDG/image005.png,HDG figures2-1;2-2;2-3;2-6,NOMINAL_BALL_CENTER_ONLY_NOT_PCB_LAND_PATTERN
B2,USB0_DN,-5.525,-5.525,COMPONENT_SIDE_TOP,origin=package_center;+x=right;+y=down,https://raw.githubusercontent.com/kendryte/k230_docs/main/zh/00_hardware/images/HDG/image005.png,HDG figures2-1;2-2;2-3;2-6,NOMINAL_BALL_CENTER_ONLY_NOT_PCB_LAND_PATTERN
B3,USB1_ID,-4.875,-5.525,COMPONENT_SIDE_TOP,origin=package_center;+x=right;+y=down,https://raw.githubusercontent.com/kendryte/k230_docs/main/zh/00_hardware/images/HDG/image005.png,HDG figures2-1;2-2;2-3;2-6,NOMINAL_BALL_CENTER_ONLY_NOT_PCB_LAND_PATTERN
B4,USB1_DP,-4.225,-5.525,COMPONENT_SIDE_TOP,origin=package_center;+x=right;+y=down,https://raw.githubusercontent.com/kendryte/k230_docs/main/zh/00_hardware/images/HDG/image005.png,HDG figures2-1;2-2;2-3;2-6,NOMINAL_BALL_CENTER_ONLY_NOT_PCB_LAND_PATTERN
B5,MMC0_D2,-3.575,-5.525,COMPONENT_SIDE_TOP,origin=package_center;+x=right;+y=down,https://raw.githubusercontent.com/kendryte/k230_docs/main/zh/00_hardware/images/HDG/image005.png,HDG figures2-1;2-2;2-3;2-6,NOMINAL_BALL_CENTER_ONLY_NOT_PCB_LAND_PATTERN
B6,MMC0_STROBE,-2.925,-5.525,COMPONENT_SIDE_TOP,origin=package_center;+x=right;+y=down,https://raw.githubusercontent.com/kendryte/k230_docs/main/zh/00_hardware/images/HDG/image005.png,HDG figures2-1;2-2;2-3;2-6,NOMINAL_BALL_CENTER_ONLY_NOT_PCB_LAND_PATTERN
B7,MMC0_D6,-2.275,-5.525,COMPONENT_SIDE_TOP,origin=package_center;+x=right;+y=down,https://raw.githubusercontent.com/kendryte/k230_docs/main/zh/00_hardware/images/HDG/image005.png,HDG figures2-1;2-2;2-3;2-6,NOMINAL_BALL_CENTER_ONLY_NOT_PCB_LAND_PATTERN
B8,CLK24M_XIN,-1.625,-5.525,COMPONENT_SIDE_TOP,origin=package_center;+x=right;+y=down,https://raw.githubusercontent.com/kendryte/k230_docs/main/zh/00_hardware/images/HDG/image005.png,HDG figures2-1;2-2;2-3;2-6,NOMINAL_BALL_CENTER_ONLY_NOT_PCB_LAND_PATTERN
B9,RSTN,-0.975,-5.525,COMPONENT_SIDE_TOP,origin=package_center;+x=right;+y=down,https://raw.githubusercontent.com/kendryte/k230_docs/main/zh/00_hardware/images/HDG/image005.png,HDG figures2-1;2-2;2-3;2-6,NOMINAL_BALL_CENTER_ONLY_NOT_PCB_LAND_PATTERN
B10,GPIO65/INT1,-0.325,-5.525,COMPONENT_SIDE_TOP,origin=package_center;+x=right;+y=down,https://raw.githubusercontent.com/kendryte/k230_docs/main/zh/00_hardware/images/HDG/image005.png,HDG figures2-1;2-2;2-3;2-6,NOMINAL_BALL_CENTER_ONLY_NOT_PCB_LAND_PATTERN
B11,GPIO70/OUT0,0.325,-5.525,COMPONENT_SIDE_TOP,origin=package_center;+x=right;+y=down,https://raw.githubusercontent.com/kendryte/k230_docs/main/zh/00_hardware/images/HDG/image005.png,HDG figures2-1;2-2;2-3;2-6,NOMINAL_BALL_CENTER_ONLY_NOT_PCB_LAND_PATTERN
B12,CLK32K768_XIN,0.975,-5.525,COMPONENT_SIDE_TOP,origin=package_center;+x=right;+y=down,https://raw.githubusercontent.com/kendryte/k230_docs/main/zh/00_hardware/images/HDG/image005.png,HDG figures2-1;2-2;2-3;2-6,NOMINAL_BALL_CENTER_ONLY_NOT_PCB_LAND_PATTERN
B13,VSS,1.625,-5.525,COMPONENT_SIDE_TOP,origin=package_center;+x=right;+y=down,https://raw.githubusercontent.com/kendryte/k230_docs/main/zh/00_hardware/images/HDG/image005.png,HDG figures2-1;2-2;2-3;2-6,NOMINAL_BALL_CENTER_ONLY_NOT_PCB_LAND_PATTERN
B14,DDR_DQB2,2.275,-5.525,COMPONENT_SIDE_TOP,origin=package_center;+x=right;+y=down,https://raw.githubusercontent.com/kendryte/k230_docs/main/zh/00_hardware/images/HDG/image005.png,HDG figures2-1;2-2;2-3;2-6,NOMINAL_BALL_CENTER_ONLY_NOT_PCB_LAND_PATTERN
B15,DDR_DQSB0P,2.925,-5.525,COMPONENT_SIDE_TOP,origin=package_center;+x=right;+y=down,https://raw.githubusercontent.com/kendryte/k230_docs/main/zh/00_hardware/images/HDG/image005.png,HDG figures2-1;2-2;2-3;2-6,NOMINAL_BALL_CENTER_ONLY_NOT_PCB_LAND_PATTERN
B16,DDR_DQB5,3.575,-5.525,COMPONENT_SIDE_TOP,origin=package_center;+x=right;+y=down,https://raw.githubusercontent.com/kendryte/k230_docs/main/zh/00_hardware/images/HDG/image005.png,HDG figures2-1;2-2;2-3;2-6,NOMINAL_BALL_CENTER_ONLY_NOT_PCB_LAND_PATTERN
B17,DDR_DQB7,4.225,-5.525,COMPONENT_SIDE_TOP,origin=package_center;+x=right;+y=down,https://raw.githubusercontent.com/kendryte/k230_docs/main/zh/00_hardware/images/HDG/image005.png,HDG figures2-1;2-2;2-3;2-6,NOMINAL_BALL_CENTER_ONLY_NOT_PCB_LAND_PATTERN
B18,DDR_DQSB1P,4.875,-5.525,COMPONENT_SIDE_TOP,origin=package_center;+x=right;+y=down,https://raw.githubusercontent.com/kendryte/k230_docs/main/zh/00_hardware/images/HDG/image005.png,HDG figures2-1;2-2;2-3;2-6,NOMINAL_BALL_CENTER_ONLY_NOT_PCB_LAND_PATTERN
B19,DDR_DQB9,5.525,-5.525,COMPONENT_SIDE_TOP,origin=package_center;+x=right;+y=down,https://raw.githubusercontent.com/kendryte/k230_docs/main/zh/00_hardware/images/HDG/image005.png,HDG figures2-1;2-2;2-3;2-6,NOMINAL_BALL_CENTER_ONLY_NOT_PCB_LAND_PATTERN
B20,VSS,6.175,-5.525,COMPONENT_SIDE_TOP,origin=package_center;+x=right;+y=down,https://raw.githubusercontent.com/kendryte/k230_docs/main/zh/00_hardware/images/HDG/image005.png,HDG figures2-1;2-2;2-3;2-6,NOMINAL_BALL_CENTER_ONLY_NOT_PCB_LAND_PATTERN
C1,ADC_4,-6.175,-4.875,COMPONENT_SIDE_TOP,origin=package_center;+x=right;+y=down,https://raw.githubusercontent.com/kendryte/k230_docs/main/zh/00_hardware/images/HDG/image005.png,HDG figures2-1;2-2;2-3;2-6,NOMINAL_BALL_CENTER_ONLY_NOT_PCB_LAND_PATTERN
C2,ADC_0,-5.525,-4.875,COMPONENT_SIDE_TOP,origin=package_center;+x=right;+y=down,https://raw.githubusercontent.com/kendryte/k230_docs/main/zh/00_hardware/images/HDG/image005.png,HDG figures2-1;2-2;2-3;2-6,NOMINAL_BALL_CENTER_ONLY_NOT_PCB_LAND_PATTERN
C3,USB0_VBUS,-4.875,-4.875,COMPONENT_SIDE_TOP,origin=package_center;+x=right;+y=down,https://raw.githubusercontent.com/kendryte/k230_docs/main/zh/00_hardware/images/HDG/image005.png,HDG figures2-1;2-2;2-3;2-6,NOMINAL_BALL_CENTER_ONLY_NOT_PCB_LAND_PATTERN
C4,USB1_TXRTUNE,-4.225,-4.875,COMPONENT_SIDE_TOP,origin=package_center;+x=right;+y=down,https://raw.githubusercontent.com/kendryte/k230_docs/main/zh/00_hardware/images/HDG/image005.png,HDG figures2-1;2-2;2-3;2-6,NOMINAL_BALL_CENTER_ONLY_NOT_PCB_LAND_PATTERN
C5,MMC0_D1,-3.575,-4.875,COMPONENT_SIDE_TOP,origin=package_center;+x=right;+y=down,https://raw.githubusercontent.com/kendryte/k230_docs/main/zh/00_hardware/images/HDG/image005.png,HDG figures2-1;2-2;2-3;2-6,NOMINAL_BALL_CENTER_ONLY_NOT_PCB_LAND_PATTERN
C6,MMC0_D3,-2.925,-4.875,COMPONENT_SIDE_TOP,origin=package_center;+x=right;+y=down,https://raw.githubusercontent.com/kendryte/k230_docs/main/zh/00_hardware/images/HDG/image005.png,HDG figures2-1;2-2;2-3;2-6,NOMINAL_BALL_CENTER_ONLY_NOT_PCB_LAND_PATTERN
C7,MMC0_D7,-2.275,-4.875,COMPONENT_SIDE_TOP,origin=package_center;+x=right;+y=down,https://raw.githubusercontent.com/kendryte/k230_docs/main/zh/00_hardware/images/HDG/image005.png,HDG figures2-1;2-2;2-3;2-6,NOMINAL_BALL_CENTER_ONLY_NOT_PCB_LAND_PATTERN
C8,GPIO0/BOOT0,-1.625,-4.875,COMPONENT_SIDE_TOP,origin=package_center;+x=right;+y=down,https://raw.githubusercontent.com/kendryte/k230_docs/main/zh/00_hardware/images/HDG/image005.png,HDG figures2-1;2-2;2-3;2-6,NOMINAL_BALL_CENTER_ONLY_NOT_PCB_LAND_PATTERN
C9,GPIO1/BOOT1,-0.975,-4.875,COMPONENT_SIDE_TOP,origin=package_center;+x=right;+y=down,https://raw.githubusercontent.com/kendryte/k230_docs/main/zh/00_hardware/images/HDG/image005.png,HDG figures2-1;2-2;2-3;2-6,NOMINAL_BALL_CENTER_ONLY_NOT_PCB_LAND_PATTERN
C10,GPIO64/INT0,-0.325,-4.875,COMPONENT_SIDE_TOP,origin=package_center;+x=right;+y=down,https://raw.githubusercontent.com/kendryte/k230_docs/main/zh/00_hardware/images/HDG/image005.png,HDG figures2-1;2-2;2-3;2-6,NOMINAL_BALL_CENTER_ONLY_NOT_PCB_LAND_PATTERN
C11,GPIO71/OUT1,0.325,-4.875,COMPONENT_SIDE_TOP,origin=package_center;+x=right;+y=down,https://raw.githubusercontent.com/kendryte/k230_docs/main/zh/00_hardware/images/HDG/image005.png,HDG figures2-1;2-2;2-3;2-6,NOMINAL_BALL_CENTER_ONLY_NOT_PCB_LAND_PATTERN
C12,GPIO68/INT4,0.975,-4.875,COMPONENT_SIDE_TOP,origin=package_center;+x=right;+y=down,https://raw.githubusercontent.com/kendryte/k230_docs/main/zh/00_hardware/images/HDG/image005.png,HDG figures2-1;2-2;2-3;2-6,NOMINAL_BALL_CENTER_ONLY_NOT_PCB_LAND_PATTERN
C13,VSS,1.625,-4.875,COMPONENT_SIDE_TOP,origin=package_center;+x=right;+y=down,https://raw.githubusercontent.com/kendryte/k230_docs/main/zh/00_hardware/images/HDG/image005.png,HDG figures2-1;2-2;2-3;2-6,NOMINAL_BALL_CENTER_ONLY_NOT_PCB_LAND_PATTERN
C14,DDR_DQB0,2.275,-4.875,COMPONENT_SIDE_TOP,origin=package_center;+x=right;+y=down,https://raw.githubusercontent.com/kendryte/k230_docs/main/zh/00_hardware/images/HDG/image005.png,HDG figures2-1;2-2;2-3;2-6,NOMINAL_BALL_CENTER_ONLY_NOT_PCB_LAND_PATTERN
C15,DDR_DMIB0,2.925,-4.875,COMPONENT_SIDE_TOP,origin=package_center;+x=right;+y=down,https://raw.githubusercontent.com/kendryte/k230_docs/main/zh/00_hardware/images/HDG/image005.png,HDG figures2-1;2-2;2-3;2-6,NOMINAL_BALL_CENTER_ONLY_NOT_PCB_LAND_PATTERN
C16,DDR_DQB6,3.575,-4.875,COMPONENT_SIDE_TOP,origin=package_center;+x=right;+y=down,https://raw.githubusercontent.com/kendryte/k230_docs/main/zh/00_hardware/images/HDG/image005.png,HDG figures2-1;2-2;2-3;2-6,NOMINAL_BALL_CENTER_ONLY_NOT_PCB_LAND_PATTERN
C17,DDR_DQB15,4.225,-4.875,COMPONENT_SIDE_TOP,origin=package_center;+x=right;+y=down,https://raw.githubusercontent.com/kendryte/k230_docs/main/zh/00_hardware/images/HDG/image005.png,HDG figures2-1;2-2;2-3;2-6,NOMINAL_BALL_CENTER_ONLY_NOT_PCB_LAND_PATTERN
C18,DDR_DQB12,4.875,-4.875,COMPONENT_SIDE_TOP,origin=package_center;+x=right;+y=down,https://raw.githubusercontent.com/kendryte/k230_docs/main/zh/00_hardware/images/HDG/image005.png,HDG figures2-1;2-2;2-3;2-6,NOMINAL_BALL_CENTER_ONLY_NOT_PCB_LAND_PATTERN
C19,DDR_DQB8,5.525,-4.875,COMPONENT_SIDE_TOP,origin=package_center;+x=right;+y=down,https://raw.githubusercontent.com/kendryte/k230_docs/main/zh/00_hardware/images/HDG/image005.png,HDG figures2-1;2-2;2-3;2-6,NOMINAL_BALL_CENTER_ONLY_NOT_PCB_LAND_PATTERN
C20,DDR_NC,6.175,-4.875,COMPONENT_SIDE_TOP,origin=package_center;+x=right;+y=down,https://raw.githubusercontent.com/kendryte/k230_docs/main/zh/00_hardware/images/HDG/image005.png,HDG figures2-1;2-2;2-3;2-6,NOMINAL_BALL_CENTER_ONLY_NOT_PCB_LAND_PATTERN
D1,ADC_5,-6.175,-4.225,COMPONENT_SIDE_TOP,origin=package_center;+x=right;+y=down,https://raw.githubusercontent.com/kendryte/k230_docs/main/zh/00_hardware/images/HDG/image005.png,HDG figures2-1;2-2;2-3;2-6,NOMINAL_BALL_CENTER_ONLY_NOT_PCB_LAND_PATTERN
D2,ADC_1,-5.525,-4.225,COMPONENT_SIDE_TOP,origin=package_center;+x=right;+y=down,https://raw.githubusercontent.com/kendryte/k230_docs/main/zh/00_hardware/images/HDG/image005.png,HDG figures2-1;2-2;2-3;2-6,NOMINAL_BALL_CENTER_ONLY_NOT_PCB_LAND_PATTERN
D3,USB0_ID,-4.875,-4.225,COMPONENT_SIDE_TOP,origin=package_center;+x=right;+y=down,https://raw.githubusercontent.com/kendryte/k230_docs/main/zh/00_hardware/images/HDG/image005.png,HDG figures2-1;2-2;2-3;2-6,NOMINAL_BALL_CENTER_ONLY_NOT_PCB_LAND_PATTERN
D4,USB0_TXRTUNE,-4.225,-4.225,COMPONENT_SIDE_TOP,origin=package_center;+x=right;+y=down,https://raw.githubusercontent.com/kendryte/k230_docs/main/zh/00_hardware/images/HDG/image005.png,HDG figures2-1;2-2;2-3;2-6,NOMINAL_BALL_CENTER_ONLY_NOT_PCB_LAND_PATTERN
D5,MMC0_D0,-3.575,-4.225,COMPONENT_SIDE_TOP,origin=package_center;+x=right;+y=down,https://raw.githubusercontent.com/kendryte/k230_docs/main/zh/00_hardware/images/HDG/image005.png,HDG figures2-1;2-2;2-3;2-6,NOMINAL_BALL_CENTER_ONLY_NOT_PCB_LAND_PATTERN
D6,MMC0_CMD,-2.925,-4.225,COMPONENT_SIDE_TOP,origin=package_center;+x=right;+y=down,https://raw.githubusercontent.com/kendryte/k230_docs/main/zh/00_hardware/images/HDG/image005.png,HDG figures2-1;2-2;2-3;2-6,NOMINAL_BALL_CENTER_ONLY_NOT_PCB_LAND_PATTERN
D7,MMC0_D4,-2.275,-4.225,COMPONENT_SIDE_TOP,origin=package_center;+x=right;+y=down,https://raw.githubusercontent.com/kendryte/k230_docs/main/zh/00_hardware/images/HDG/image005.png,HDG figures2-1;2-2;2-3;2-6,NOMINAL_BALL_CENTER_ONLY_NOT_PCB_LAND_PATTERN
D8,ANA_TS_VTEST,-1.625,-4.225,COMPONENT_SIDE_TOP,origin=package_center;+x=right;+y=down,https://raw.githubusercontent.com/kendryte/k230_docs/main/zh/00_hardware/images/HDG/image005.png,HDG figures2-1;2-2;2-3;2-6,NOMINAL_BALL_CENTER_ONLY_NOT_PCB_LAND_PATTERN
D9,VSS,-0.975,-4.225,COMPONENT_SIDE_TOP,origin=package_center;+x=right;+y=down,https://raw.githubusercontent.com/kendryte/k230_docs/main/zh/00_hardware/images/HDG/image005.png,HDG figures2-1;2-2;2-3;2-6,NOMINAL_BALL_CENTER_ONLY_NOT_PCB_LAND_PATTERN
D10,VSS,-0.325,-4.225,COMPONENT_SIDE_TOP,origin=package_center;+x=right;+y=down,https://raw.githubusercontent.com/kendryte/k230_docs/main/zh/00_hardware/images/HDG/image005.png,HDG figures2-1;2-2;2-3;2-6,NOMINAL_BALL_CENTER_ONLY_NOT_PCB_LAND_PATTERN
D11,VSS,0.325,-4.225,COMPONENT_SIDE_TOP,origin=package_center;+x=right;+y=down,https://raw.githubusercontent.com/kendryte/k230_docs/main/zh/00_hardware/images/HDG/image005.png,HDG figures2-1;2-2;2-3;2-6,NOMINAL_BALL_CENTER_ONLY_NOT_PCB_LAND_PATTERN
D12,GPIO69/INT5,0.975,-4.225,COMPONENT_SIDE_TOP,origin=package_center;+x=right;+y=down,https://raw.githubusercontent.com/kendryte/k230_docs/main/zh/00_hardware/images/HDG/image005.png,HDG figures2-1;2-2;2-3;2-6,NOMINAL_BALL_CENTER_ONLY_NOT_PCB_LAND_PATTERN
D13,VSS,1.625,-4.225,COMPONENT_SIDE_TOP,origin=package_center;+x=right;+y=down,https://raw.githubusercontent.com/kendryte/k230_docs/main/zh/00_hardware/images/HDG/image005.png,HDG figures2-1;2-2;2-3;2-6,NOMINAL_BALL_CENTER_ONLY_NOT_PCB_LAND_PATTERN
D14,DDR_DQB1,2.275,-4.225,COMPONENT_SIDE_TOP,origin=package_center;+x=right;+y=down,https://raw.githubusercontent.com/kendryte/k230_docs/main/zh/00_hardware/images/HDG/image005.png,HDG figures2-1;2-2;2-3;2-6,NOMINAL_BALL_CENTER_ONLY_NOT_PCB_LAND_PATTERN
D15,VSS,2.925,-4.225,COMPONENT_SIDE_TOP,origin=package_center;+x=right;+y=down,https://raw.githubusercontent.com/kendryte/k230_docs/main/zh/00_hardware/images/HDG/image005.png,HDG figures2-1;2-2;2-3;2-6,NOMINAL_BALL_CENTER_ONLY_NOT_PCB_LAND_PATTERN
D16,DDR_DQB14,3.575,-4.225,COMPONENT_SIDE_TOP,origin=package_center;+x=right;+y=down,https://raw.githubusercontent.com/kendryte/k230_docs/main/zh/00_hardware/images/HDG/image005.png,HDG figures2-1;2-2;2-3;2-6,NOMINAL_BALL_CENTER_ONLY_NOT_PCB_LAND_PATTERN
D17,DDR_DQB13,4.225,-4.225,COMPONENT_SIDE_TOP,origin=package_center;+x=right;+y=down,https://raw.githubusercontent.com/kendryte/k230_docs/main/zh/00_hardware/images/HDG/image005.png,HDG figures2-1;2-2;2-3;2-6,NOMINAL_BALL_CENTER_ONLY_NOT_PCB_LAND_PATTERN
D18,DDR_DMIB1,4.875,-4.225,COMPONENT_SIDE_TOP,origin=package_center;+x=right;+y=down,https://raw.githubusercontent.com/kendryte/k230_docs/main/zh/00_hardware/images/HDG/image005.png,HDG figures2-1;2-2;2-3;2-6,NOMINAL_BALL_CENTER_ONLY_NOT_PCB_LAND_PATTERN
D19,DDR_NC,5.525,-4.225,COMPONENT_SIDE_TOP,origin=package_center;+x=right;+y=down,https://raw.githubusercontent.com/kendryte/k230_docs/main/zh/00_hardware/images/HDG/image005.png,HDG figures2-1;2-2;2-3;2-6,NOMINAL_BALL_CENTER_ONLY_NOT_PCB_LAND_PATTERN
D20,DDR_NC,6.175,-4.225,COMPONENT_SIDE_TOP,origin=package_center;+x=right;+y=down,https://raw.githubusercontent.com/kendryte/k230_docs/main/zh/00_hardware/images/HDG/image005.png,HDG figures2-1;2-2;2-3;2-6,NOMINAL_BALL_CENTER_ONLY_NOT_PCB_LAND_PATTERN
E1,MIC_PL,-6.175,-3.575,COMPONENT_SIDE_TOP,origin=package_center;+x=right;+y=down,https://raw.githubusercontent.com/kendryte/k230_docs/main/zh/00_hardware/images/HDG/image005.png,HDG figures2-1;2-2;2-3;2-6,NOMINAL_BALL_CENTER_ONLY_NOT_PCB_LAND_PATTERN
E2,MIC_NL,-5.525,-3.575,COMPONENT_SIDE_TOP,origin=package_center;+x=right;+y=down,https://raw.githubusercontent.com/kendryte/k230_docs/main/zh/00_hardware/images/HDG/image005.png,HDG figures2-1;2-2;2-3;2-6,NOMINAL_BALL_CENTER_ONLY_NOT_PCB_LAND_PATTERN
E3,MIC_BIAS,-4.875,-3.575,COMPONENT_SIDE_TOP,origin=package_center;+x=right;+y=down,https://raw.githubusercontent.com/kendryte/k230_docs/main/zh/00_hardware/images/HDG/image005.png,HDG figures2-1;2-2;2-3;2-6,NOMINAL_BALL_CENTER_ONLY_NOT_PCB_LAND_PATTERN
E4,VSS,-4.225,-3.575,COMPONENT_SIDE_TOP,origin=package_center;+x=right;+y=down,https://raw.githubusercontent.com/kendryte/k230_docs/main/zh/00_hardware/images/HDG/image005.png,HDG figures2-1;2-2;2-3;2-6,NOMINAL_BALL_CENTER_ONLY_NOT_PCB_LAND_PATTERN
E6,VSS,-2.925,-3.575,COMPONENT_SIDE_TOP,origin=package_center;+x=right;+y=down,https://raw.githubusercontent.com/kendryte/k230_docs/main/zh/00_hardware/images/HDG/image005.png,HDG figures2-1;2-2;2-3;2-6,NOMINAL_BALL_CENTER_ONLY_NOT_PCB_LAND_PATTERN
E7,VSS,-2.275,-3.575,COMPONENT_SIDE_TOP,origin=package_center;+x=right;+y=down,https://raw.githubusercontent.com/kendryte/k230_docs/main/zh/00_hardware/images/HDG/image005.png,HDG figures2-1;2-2;2-3;2-6,NOMINAL_BALL_CENTER_ONLY_NOT_PCB_LAND_PATTERN
E8,VSS,-1.625,-3.575,COMPONENT_SIDE_TOP,origin=package_center;+x=right;+y=down,https://raw.githubusercontent.com/kendryte/k230_docs/main/zh/00_hardware/images/HDG/image005.png,HDG figures2-1;2-2;2-3;2-6,NOMINAL_BALL_CENTER_ONLY_NOT_PCB_LAND_PATTERN
E9,AVDD3P3_USB,-0.975,-3.575,COMPONENT_SIDE_TOP,origin=package_center;+x=right;+y=down,https://raw.githubusercontent.com/kendryte/k230_docs/main/zh/00_hardware/images/HDG/image005.png,HDG figures2-1;2-2;2-3;2-6,NOMINAL_BALL_CENTER_ONLY_NOT_PCB_LAND_PATTERN
E10,VDD3P3_SD,-0.325,-3.575,COMPONENT_SIDE_TOP,origin=package_center;+x=right;+y=down,https://raw.githubusercontent.com/kendryte/k230_docs/main/zh/00_hardware/images/HDG/image005.png,HDG figures2-1;2-2;2-3;2-6,NOMINAL_BALL_CENTER_ONLY_NOT_PCB_LAND_PATTERN
E11,VDD1P8,0.325,-3.575,COMPONENT_SIDE_TOP,origin=package_center;+x=right;+y=down,https://raw.githubusercontent.com/kendryte/k230_docs/main/zh/00_hardware/images/HDG/image005.png,HDG figures2-1;2-2;2-3;2-6,NOMINAL_BALL_CENTER_ONLY_NOT_PCB_LAND_PATTERN
E12,VSS,0.975,-3.575,COMPONENT_SIDE_TOP,origin=package_center;+x=right;+y=down,https://raw.githubusercontent.com/kendryte/k230_docs/main/zh/00_hardware/images/HDG/image005.png,HDG figures2-1;2-2;2-3;2-6,NOMINAL_BALL_CENTER_ONLY_NOT_PCB_LAND_PATTERN
E13,VSS,1.625,-3.575,COMPONENT_SIDE_TOP,origin=package_center;+x=right;+y=down,https://raw.githubusercontent.com/kendryte/k230_docs/main/zh/00_hardware/images/HDG/image005.png,HDG figures2-1;2-2;2-3;2-6,NOMINAL_BALL_CENTER_ONLY_NOT_PCB_LAND_PATTERN
E14,VSS,2.275,-3.575,COMPONENT_SIDE_TOP,origin=package_center;+x=right;+y=down,https://raw.githubusercontent.com/kendryte/k230_docs/main/zh/00_hardware/images/HDG/image005.png,HDG figures2-1;2-2;2-3;2-6,NOMINAL_BALL_CENTER_ONLY_NOT_PCB_LAND_PATTERN
E15,VSS,2.925,-3.575,COMPONENT_SIDE_TOP,origin=package_center;+x=right;+y=down,https://raw.githubusercontent.com/kendryte/k230_docs/main/zh/00_hardware/images/HDG/image005.png,HDG figures2-1;2-2;2-3;2-6,NOMINAL_BALL_CENTER_ONLY_NOT_PCB_LAND_PATTERN
E16,VSS,3.575,-3.575,COMPONENT_SIDE_TOP,origin=package_center;+x=right;+y=down,https://raw.githubusercontent.com/kendryte/k230_docs/main/zh/00_hardware/images/HDG/image005.png,HDG figures2-1;2-2;2-3;2-6,NOMINAL_BALL_CENTER_ONLY_NOT_PCB_LAND_PATTERN
E17,DDR_DQB10,4.225,-3.575,COMPONENT_SIDE_TOP,origin=package_center;+x=right;+y=down,https://raw.githubusercontent.com/kendryte/k230_docs/main/zh/00_hardware/images/HDG/image005.png,HDG figures2-1;2-2;2-3;2-6,NOMINAL_BALL_CENTER_ONLY_NOT_PCB_LAND_PATTERN
E18,DDR_DQB11,4.875,-3.575,COMPONENT_SIDE_TOP,origin=package_center;+x=right;+y=down,https://raw.githubusercontent.com/kendryte/k230_docs/main/zh/00_hardware/images/HDG/image005.png,HDG figures2-1;2-2;2-3;2-6,NOMINAL_BALL_CENTER_ONLY_NOT_PCB_LAND_PATTERN
E19,VSS,5.525,-3.575,COMPONENT_SIDE_TOP,origin=package_center;+x=right;+y=down,https://raw.githubusercontent.com/kendryte/k230_docs/main/zh/00_hardware/images/HDG/image005.png,HDG figures2-1;2-2;2-3;2-6,NOMINAL_BALL_CENTER_ONLY_NOT_PCB_LAND_PATTERN
E20,DDR_CAB0,6.175,-3.575,COMPONENT_SIDE_TOP,origin=package_center;+x=right;+y=down,https://raw.githubusercontent.com/kendryte/k230_docs/main/zh/00_hardware/images/HDG/image005.png,HDG figures2-1;2-2;2-3;2-6,NOMINAL_BALL_CENTER_ONLY_NOT_PCB_LAND_PATTERN
F1,MIC_PR,-6.175,-2.925,COMPONENT_SIDE_TOP,origin=package_center;+x=right;+y=down,https://raw.githubusercontent.com/kendryte/k230_docs/main/zh/00_hardware/images/HDG/image005.png,HDG figures2-1;2-2;2-3;2-6,NOMINAL_BALL_CENTER_ONLY_NOT_PCB_LAND_PATTERN
F2,MIC_NR,-5.525,-2.925,COMPONENT_SIDE_TOP,origin=package_center;+x=right;+y=down,https://raw.githubusercontent.com/kendryte/k230_docs/main/zh/00_hardware/images/HDG/image005.png,HDG figures2-1;2-2;2-3;2-6,NOMINAL_BALL_CENTER_ONLY_NOT_PCB_LAND_PATTERN
F3,CODEC_VCM,-4.875,-2.925,COMPONENT_SIDE_TOP,origin=package_center;+x=right;+y=down,https://raw.githubusercontent.com/kendryte/k230_docs/main/zh/00_hardware/images/HDG/image005.png,HDG figures2-1;2-2;2-3;2-6,NOMINAL_BALL_CENTER_ONLY_NOT_PCB_LAND_PATTERN
F4,VSS,-4.225,-2.925,COMPONENT_SIDE_TOP,origin=package_center;+x=right;+y=down,https://raw.githubusercontent.com/kendryte/k230_docs/main/zh/00_hardware/images/HDG/image005.png,HDG figures2-1;2-2;2-3;2-6,NOMINAL_BALL_CENTER_ONLY_NOT_PCB_LAND_PATTERN
F6,VSS,-2.925,-2.925,COMPONENT_SIDE_TOP,origin=package_center;+x=right;+y=down,https://raw.githubusercontent.com/kendryte/k230_docs/main/zh/00_hardware/images/HDG/image005.png,HDG figures2-1;2-2;2-3;2-6,NOMINAL_BALL_CENTER_ONLY_NOT_PCB_LAND_PATTERN
F7,AVDD1P8_CODEC,-2.275,-2.925,COMPONENT_SIDE_TOP,origin=package_center;+x=right;+y=down,https://raw.githubusercontent.com/kendryte/k230_docs/main/zh/00_hardware/images/HDG/image005.png,HDG figures2-1;2-2;2-3;2-6,NOMINAL_BALL_CENTER_ONLY_NOT_PCB_LAND_PATTERN
F8,AVDD1P8_ADC,-1.625,-2.925,COMPONENT_SIDE_TOP,origin=package_center;+x=right;+y=down,https://raw.githubusercontent.com/kendryte/k230_docs/main/zh/00_hardware/images/HDG/image005.png,HDG figures2-1;2-2;2-3;2-6,NOMINAL_BALL_CENTER_ONLY_NOT_PCB_LAND_PATTERN
F9,AVDD1P8_USB,-0.975,-2.925,COMPONENT_SIDE_TOP,origin=package_center;+x=right;+y=down,https://raw.githubusercontent.com/kendryte/k230_docs/main/zh/00_hardware/images/HDG/image005.png,HDG figures2-1;2-2;2-3;2-6,NOMINAL_BALL_CENTER_ONLY_NOT_PCB_LAND_PATTERN
F10,VSS,-0.325,-2.925,COMPONENT_SIDE_TOP,origin=package_center;+x=right;+y=down,https://raw.githubusercontent.com/kendryte/k230_docs/main/zh/00_hardware/images/HDG/image005.png,HDG figures2-1;2-2;2-3;2-6,NOMINAL_BALL_CENTER_ONLY_NOT_PCB_LAND_PATTERN
F11,AVSS,0.325,-2.925,COMPONENT_SIDE_TOP,origin=package_center;+x=right;+y=down,https://raw.githubusercontent.com/kendryte/k230_docs/main/zh/00_hardware/images/HDG/image005.png,HDG figures2-1;2-2;2-3;2-6,NOMINAL_BALL_CENTER_ONLY_NOT_PCB_LAND_PATTERN
F12,VDD0P8_CORE,0.975,-2.925,COMPONENT_SIDE_TOP,origin=package_center;+x=right;+y=down,https://raw.githubusercontent.com/kendryte/k230_docs/main/zh/00_hardware/images/HDG/image005.png,HDG figures2-1;2-2;2-3;2-6,NOMINAL_BALL_CENTER_ONLY_NOT_PCB_LAND_PATTERN
F13,VDD1P8,1.625,-2.925,COMPONENT_SIDE_TOP,origin=package_center;+x=right;+y=down,https://raw.githubusercontent.com/kendryte/k230_docs/main/zh/00_hardware/images/HDG/image005.png,HDG figures2-1;2-2;2-3;2-6,NOMINAL_BALL_CENTER_ONLY_NOT_PCB_LAND_PATTERN
F14,AVDD1P8_LDO,2.275,-2.925,COMPONENT_SIDE_TOP,origin=package_center;+x=right;+y=down,https://raw.githubusercontent.com/kendryte/k230_docs/main/zh/00_hardware/images/HDG/image005.png,HDG figures2-1;2-2;2-3;2-6,NOMINAL_BALL_CENTER_ONLY_NOT_PCB_LAND_PATTERN
F15,AVDD1P8_RTC,2.925,-2.925,COMPONENT_SIDE_TOP,origin=package_center;+x=right;+y=down,https://raw.githubusercontent.com/kendryte/k230_docs/main/zh/00_hardware/images/HDG/image005.png,HDG figures2-1;2-2;2-3;2-6,NOMINAL_BALL_CENTER_ONLY_NOT_PCB_LAND_PATTERN
F16,VSS,3.575,-2.925,COMPONENT_SIDE_TOP,origin=package_center;+x=right;+y=down,https://raw.githubusercontent.com/kendryte/k230_docs/main/zh/00_hardware/images/HDG/image005.png,HDG figures2-1;2-2;2-3;2-6,NOMINAL_BALL_CENTER_ONLY_NOT_PCB_LAND_PATTERN
F17,DDR_CAB4,4.225,-2.925,COMPONENT_SIDE_TOP,origin=package_center;+x=right;+y=down,https://raw.githubusercontent.com/kendryte/k230_docs/main/zh/00_hardware/images/HDG/image005.png,HDG figures2-1;2-2;2-3;2-6,NOMINAL_BALL_CENTER_ONLY_NOT_PCB_LAND_PATTERN
F18,DDR_NC,4.875,-2.925,COMPONENT_SIDE_TOP,origin=package_center;+x=right;+y=down,https://raw.githubusercontent.com/kendryte/k230_docs/main/zh/00_hardware/images/HDG/image005.png,HDG figures2-1;2-2;2-3;2-6,NOMINAL_BALL_CENTER_ONLY_NOT_PCB_LAND_PATTERN
F19,DDR_CAB5,5.525,-2.925,COMPONENT_SIDE_TOP,origin=package_center;+x=right;+y=down,https://raw.githubusercontent.com/kendryte/k230_docs/main/zh/00_hardware/images/HDG/image005.png,HDG figures2-1;2-2;2-3;2-6,NOMINAL_BALL_CENTER_ONLY_NOT_PCB_LAND_PATTERN
F20,DDR_CLKBN,6.175,-2.925,COMPONENT_SIDE_TOP,origin=package_center;+x=right;+y=down,https://raw.githubusercontent.com/kendryte/k230_docs/main/zh/00_hardware/images/HDG/image005.png,HDG figures2-1;2-2;2-3;2-6,NOMINAL_BALL_CENTER_ONLY_NOT_PCB_LAND_PATTERN
G1,HP_OUTL,-6.175,-2.275,COMPONENT_SIDE_TOP,origin=package_center;+x=right;+y=down,https://raw.githubusercontent.com/kendryte/k230_docs/main/zh/00_hardware/images/HDG/image005.png,HDG figures2-1;2-2;2-3;2-6,NOMINAL_BALL_CENTER_ONLY_NOT_PCB_LAND_PATTERN
G2,HP_OUTR,-5.525,-2.275,COMPONENT_SIDE_TOP,origin=package_center;+x=right;+y=down,https://raw.githubusercontent.com/kendryte/k230_docs/main/zh/00_hardware/images/HDG/image005.png,HDG figures2-1;2-2;2-3;2-6,NOMINAL_BALL_CENTER_ONLY_NOT_PCB_LAND_PATTERN
G3,ADC_3,-4.875,-2.275,COMPONENT_SIDE_TOP,origin=package_center;+x=right;+y=down,https://raw.githubusercontent.com/kendryte/k230_docs/main/zh/00_hardware/images/HDG/image005.png,HDG figures2-1;2-2;2-3;2-6,NOMINAL_BALL_CENTER_ONLY_NOT_PCB_LAND_PATTERN
G4,GPIO48/UART4_TXD/IIC0_SCL/SPI2AXI_DIN,-4.225,-2.275,COMPONENT_SIDE_TOP,origin=package_center;+x=right;+y=down,https://raw.githubusercontent.com/kendryte/k230_docs/main/zh/00_hardware/images/HDG/image005.png,HDG figures2-1;2-2;2-3;2-6,NOMINAL_BALL_CENTER_ONLY_NOT_PCB_LAND_PATTERN
G5,GPIO49/UART4_RXD/IIC0_SDA/SPI2AXI_DOUT,-3.575,-2.275,COMPONENT_SIDE_TOP,origin=package_center;+x=right;+y=down,https://raw.githubusercontent.com/kendryte/k230_docs/main/zh/00_hardware/images/HDG/image005.png,HDG figures2-1;2-2;2-3;2-6,NOMINAL_BALL_CENTER_ONLY_NOT_PCB_LAND_PATTERN
G6,VSS,-2.925,-2.275,COMPONENT_SIDE_TOP,origin=package_center;+x=right;+y=down,https://raw.githubusercontent.com/kendryte/k230_docs/main/zh/00_hardware/images/HDG/image005.png,HDG figures2-1;2-2;2-3;2-6,NOMINAL_BALL_CENTER_ONLY_NOT_PCB_LAND_PATTERN
G7,AVSS,-2.275,-2.275,COMPONENT_SIDE_TOP,origin=package_center;+x=right;+y=down,https://raw.githubusercontent.com/kendryte/k230_docs/main/zh/00_hardware/images/HDG/image005.png,HDG figures2-1;2-2;2-3;2-6,NOMINAL_BALL_CENTER_ONLY_NOT_PCB_LAND_PATTERN
G8,AVSS,-1.625,-2.275,COMPONENT_SIDE_TOP,origin=package_center;+x=right;+y=down,https://raw.githubusercontent.com/kendryte/k230_docs/main/zh/00_hardware/images/HDG/image005.png,HDG figures2-1;2-2;2-3;2-6,NOMINAL_BALL_CENTER_ONLY_NOT_PCB_LAND_PATTERN
G9,VDD0P8_CORE,-0.975,-2.275,COMPONENT_SIDE_TOP,origin=package_center;+x=right;+y=down,https://raw.githubusercontent.com/kendryte/k230_docs/main/zh/00_hardware/images/HDG/image005.png,HDG figures2-1;2-2;2-3;2-6,NOMINAL_BALL_CENTER_ONLY_NOT_PCB_LAND_PATTERN
G10,VDD0P8_CORE,-0.325,-2.275,COMPONENT_SIDE_TOP,origin=package_center;+x=right;+y=down,https://raw.githubusercontent.com/kendryte/k230_docs/main/zh/00_hardware/images/HDG/image005.png,HDG figures2-1;2-2;2-3;2-6,NOMINAL_BALL_CENTER_ONLY_NOT_PCB_LAND_PATTERN
G11,AVDD0P8_PLL,0.325,-2.275,COMPONENT_SIDE_TOP,origin=package_center;+x=right;+y=down,https://raw.githubusercontent.com/kendryte/k230_docs/main/zh/00_hardware/images/HDG/image005.png,HDG figures2-1;2-2;2-3;2-6,NOMINAL_BALL_CENTER_ONLY_NOT_PCB_LAND_PATTERN
G12,VDD0P8_CPU,0.975,-2.275,COMPONENT_SIDE_TOP,origin=package_center;+x=right;+y=down,https://raw.githubusercontent.com/kendryte/k230_docs/main/zh/00_hardware/images/HDG/image005.png,HDG figures2-1;2-2;2-3;2-6,NOMINAL_BALL_CENTER_ONLY_NOT_PCB_LAND_PATTERN
G13,VSS,1.625,-2.275,COMPONENT_SIDE_TOP,origin=package_center;+x=right;+y=down,https://raw.githubusercontent.com/kendryte/k230_docs/main/zh/00_hardware/images/HDG/image005.png,HDG figures2-1;2-2;2-3;2-6,NOMINAL_BALL_CENTER_ONLY_NOT_PCB_LAND_PATTERN
G14,VSS,2.275,-2.275,COMPONENT_SIDE_TOP,origin=package_center;+x=right;+y=down,https://raw.githubusercontent.com/kendryte/k230_docs/main/zh/00_hardware/images/HDG/image005.png,HDG figures2-1;2-2;2-3;2-6,NOMINAL_BALL_CENTER_ONLY_NOT_PCB_LAND_PATTERN
G15,VSS,2.925,-2.275,COMPONENT_SIDE_TOP,origin=package_center;+x=right;+y=down,https://raw.githubusercontent.com/kendryte/k230_docs/main/zh/00_hardware/images/HDG/image005.png,HDG figures2-1;2-2;2-3;2-6,NOMINAL_BALL_CENTER_ONLY_NOT_PCB_LAND_PATTERN
G16,VSS,3.575,-2.275,COMPONENT_SIDE_TOP,origin=package_center;+x=right;+y=down,https://raw.githubusercontent.com/kendryte/k230_docs/main/zh/00_hardware/images/HDG/image005.png,HDG figures2-1;2-2;2-3;2-6,NOMINAL_BALL_CENTER_ONLY_NOT_PCB_LAND_PATTERN
G17,DDR_NC,4.225,-2.275,COMPONENT_SIDE_TOP,origin=package_center;+x=right;+y=down,https://raw.githubusercontent.com/kendryte/k230_docs/main/zh/00_hardware/images/HDG/image005.png,HDG figures2-1;2-2;2-3;2-6,NOMINAL_BALL_CENTER_ONLY_NOT_PCB_LAND_PATTERN
G18,DDR_CAB2,4.875,-2.275,COMPONENT_SIDE_TOP,origin=package_center;+x=right;+y=down,https://raw.githubusercontent.com/kendryte/k230_docs/main/zh/00_hardware/images/HDG/image005.png,HDG figures2-1;2-2;2-3;2-6,NOMINAL_BALL_CENTER_ONLY_NOT_PCB_LAND_PATTERN
G19,DDR_CAB1,5.525,-2.275,COMPONENT_SIDE_TOP,origin=package_center;+x=right;+y=down,https://raw.githubusercontent.com/kendryte/k230_docs/main/zh/00_hardware/images/HDG/image005.png,HDG figures2-1;2-2;2-3;2-6,NOMINAL_BALL_CENTER_ONLY_NOT_PCB_LAND_PATTERN
G20,DDR_CLKBP,6.175,-2.275,COMPONENT_SIDE_TOP,origin=package_center;+x=right;+y=down,https://raw.githubusercontent.com/kendryte/k230_docs/main/zh/00_hardware/images/HDG/image005.png,HDG figures2-1;2-2;2-3;2-6,NOMINAL_BALL_CENTER_ONLY_NOT_PCB_LAND_PATTERN
H1,GPIO42/UART1_RTS/PWM0/QSPI1_D2,-6.175,-1.625,COMPONENT_SIDE_TOP,origin=package_center;+x=right;+y=down,https://raw.githubusercontent.com/kendryte/k230_docs/main/zh/00_hardware/images/HDG/image005.png,HDG figures2-1;2-2;2-3;2-6,NOMINAL_BALL_CENTER_ONLY_NOT_PCB_LAND_PATTERN
H2,GPIO44/UART2_TXD/IIC3_SCL/SPI2AXI_CLK,-5.525,-1.625,COMPONENT_SIDE_TOP,origin=package_center;+x=right;+y=down,https://raw.githubusercontent.com/kendryte/k230_docs/main/zh/00_hardware/images/HDG/image005.png,HDG figures2-1;2-2;2-3;2-6,NOMINAL_BALL_CENTER_ONLY_NOT_PCB_LAND_PATTERN
H3,GPIO45/UART2_RXD/IIC3_SDA/SPI2AXI_CS,-4.875,-1.625,COMPONENT_SIDE_TOP,origin=package_center;+x=right;+y=down,https://raw.githubusercontent.com/kendryte/k230_docs/main/zh/00_hardware/images/HDG/image005.png,HDG figures2-1;2-2;2-3;2-6,NOMINAL_BALL_CENTER_ONLY_NOT_PCB_LAND_PATTERN
H4,GPIO46/UART2_RTS/PWM2/IIC4_SCL,-4.225,-1.625,COMPONENT_SIDE_TOP,origin=package_center;+x=right;+y=down,https://raw.githubusercontent.com/kendryte/k230_docs/main/zh/00_hardware/images/HDG/image005.png,HDG figures2-1;2-2;2-3;2-6,NOMINAL_BALL_CENTER_ONLY_NOT_PCB_LAND_PATTERN
H5,GPIO47/UART2_CTS/PWM3/IIC4_SDA,-3.575,-1.625,COMPONENT_SIDE_TOP,origin=package_center;+x=right;+y=down,https://raw.githubusercontent.com/kendryte/k230_docs/main/zh/00_hardware/images/HDG/image005.png,HDG figures2-1;2-2;2-3;2-6,NOMINAL_BALL_CENTER_ONLY_NOT_PCB_LAND_PATTERN
H6,VDDIO_BANK3,-2.925,-1.625,COMPONENT_SIDE_TOP,origin=package_center;+x=right;+y=down,https://raw.githubusercontent.com/kendryte/k230_docs/main/zh/00_hardware/images/HDG/image005.png,HDG figures2-1;2-2;2-3;2-6,NOMINAL_BALL_CENTER_ONLY_NOT_PCB_LAND_PATTERN
H7,VSS,-2.275,-1.625,COMPONENT_SIDE_TOP,origin=package_center;+x=right;+y=down,https://raw.githubusercontent.com/kendryte/k230_docs/main/zh/00_hardware/images/HDG/image005.png,HDG figures2-1;2-2;2-3;2-6,NOMINAL_BALL_CENTER_ONLY_NOT_PCB_LAND_PATTERN
H8,VDD0P8_KPU,-1.625,-1.625,COMPONENT_SIDE_TOP,origin=package_center;+x=right;+y=down,https://raw.githubusercontent.com/kendryte/k230_docs/main/zh/00_hardware/images/HDG/image005.png,HDG figures2-1;2-2;2-3;2-6,NOMINAL_BALL_CENTER_ONLY_NOT_PCB_LAND_PATTERN
H9,VDD0P8_KPU,-0.975,-1.625,COMPONENT_SIDE_TOP,origin=package_center;+x=right;+y=down,https://raw.githubusercontent.com/kendryte/k230_docs/main/zh/00_hardware/images/HDG/image005.png,HDG figures2-1;2-2;2-3;2-6,NOMINAL_BALL_CENTER_ONLY_NOT_PCB_LAND_PATTERN
H10,VDD0P8_KPU,-0.325,-1.625,COMPONENT_SIDE_TOP,origin=package_center;+x=right;+y=down,https://raw.githubusercontent.com/kendryte/k230_docs/main/zh/00_hardware/images/HDG/image005.png,HDG figures2-1;2-2;2-3;2-6,NOMINAL_BALL_CENTER_ONLY_NOT_PCB_LAND_PATTERN
H11,VSS,0.325,-1.625,COMPONENT_SIDE_TOP,origin=package_center;+x=right;+y=down,https://raw.githubusercontent.com/kendryte/k230_docs/main/zh/00_hardware/images/HDG/image005.png,HDG figures2-1;2-2;2-3;2-6,NOMINAL_BALL_CENTER_ONLY_NOT_PCB_LAND_PATTERN
H12,VDD0P8_CPU,0.975,-1.625,COMPONENT_SIDE_TOP,origin=package_center;+x=right;+y=down,https://raw.githubusercontent.com/kendryte/k230_docs/main/zh/00_hardware/images/HDG/image005.png,HDG figures2-1;2-2;2-3;2-6,NOMINAL_BALL_CENTER_ONLY_NOT_PCB_LAND_PATTERN
H13,VSS,1.625,-1.625,COMPONENT_SIDE_TOP,origin=package_center;+x=right;+y=down,https://raw.githubusercontent.com/kendryte/k230_docs/main/zh/00_hardware/images/HDG/image005.png,HDG figures2-1;2-2;2-3;2-6,NOMINAL_BALL_CENTER_ONLY_NOT_PCB_LAND_PATTERN
H14,VDD1P1_DDR_IO,2.275,-1.625,COMPONENT_SIDE_TOP,origin=package_center;+x=right;+y=down,https://raw.githubusercontent.com/kendryte/k230_docs/main/zh/00_hardware/images/HDG/image005.png,HDG figures2-1;2-2;2-3;2-6,NOMINAL_BALL_CENTER_ONLY_NOT_PCB_LAND_PATTERN
H15,VSS,2.925,-1.625,COMPONENT_SIDE_TOP,origin=package_center;+x=right;+y=down,https://raw.githubusercontent.com/kendryte/k230_docs/main/zh/00_hardware/images/HDG/image005.png,HDG figures2-1;2-2;2-3;2-6,NOMINAL_BALL_CENTER_ONLY_NOT_PCB_LAND_PATTERN
H16,VSS,3.575,-1.625,COMPONENT_SIDE_TOP,origin=package_center;+x=right;+y=down,https://raw.githubusercontent.com/kendryte/k230_docs/main/zh/00_hardware/images/HDG/image005.png,HDG figures2-1;2-2;2-3;2-6,NOMINAL_BALL_CENTER_ONLY_NOT_PCB_LAND_PATTERN
H17,DDR_CAB3,4.225,-1.625,COMPONENT_SIDE_TOP,origin=package_center;+x=right;+y=down,https://raw.githubusercontent.com/kendryte/k230_docs/main/zh/00_hardware/images/HDG/image005.png,HDG figures2-1;2-2;2-3;2-6,NOMINAL_BALL_CENTER_ONLY_NOT_PCB_LAND_PATTERN
H18,DDR_NC,4.875,-1.625,COMPONENT_SIDE_TOP,origin=package_center;+x=right;+y=down,https://raw.githubusercontent.com/kendryte/k230_docs/main/zh/00_hardware/images/HDG/image005.png,HDG figures2-1;2-2;2-3;2-6,NOMINAL_BALL_CENTER_ONLY_NOT_PCB_LAND_PATTERN
H19,DDR_NC,5.525,-1.625,COMPONENT_SIDE_TOP,origin=package_center;+x=right;+y=down,https://raw.githubusercontent.com/kendryte/k230_docs/main/zh/00_hardware/images/HDG/image005.png,HDG figures2-1;2-2;2-3;2-6,NOMINAL_BALL_CENTER_ONLY_NOT_PCB_LAND_PATTERN
H20,VSS,6.175,-1.625,COMPONENT_SIDE_TOP,origin=package_center;+x=right;+y=down,https://raw.githubusercontent.com/kendryte/k230_docs/main/zh/00_hardware/images/HDG/image005.png,HDG figures2-1;2-2;2-3;2-6,NOMINAL_BALL_CENTER_ONLY_NOT_PCB_LAND_PATTERN
J1,GPIO41/UART1_RXD/IIC1_SDA/QSPI1_D1,-6.175,-0.975,COMPONENT_SIDE_TOP,origin=package_center;+x=right;+y=down,https://raw.githubusercontent.com/kendryte/k230_docs/main/zh/00_hardware/images/HDG/image005.png,HDG figures2-1;2-2;2-3;2-6,NOMINAL_BALL_CENTER_ONLY_NOT_PCB_LAND_PATTERN
J2,GPIO40/UART1_TXD/IIC1_SCL/QSPI1_D0,-5.525,-0.975,COMPONENT_SIDE_TOP,origin=package_center;+x=right;+y=down,https://raw.githubusercontent.com/kendryte/k230_docs/main/zh/00_hardware/images/HDG/image005.png,HDG figures2-1;2-2;2-3;2-6,NOMINAL_BALL_CENTER_ONLY_NOT_PCB_LAND_PATTERN
J3,GPIO39/UART0_RXD/QSPI1_CLK/VSYNC0,-4.875,-0.975,COMPONENT_SIDE_TOP,origin=package_center;+x=right;+y=down,https://raw.githubusercontent.com/kendryte/k230_docs/main/zh/00_hardware/images/HDG/image005.png,HDG figures2-1;2-2;2-3;2-6,NOMINAL_BALL_CENTER_ONLY_NOT_PCB_LAND_PATTERN
J4,GPIO38/UART0_TXD/QSPI1_CS0/HSYNC0,-4.225,-0.975,COMPONENT_SIDE_TOP,origin=package_center;+x=right;+y=down,https://raw.githubusercontent.com/kendryte/k230_docs/main/zh/00_hardware/images/HDG/image005.png,HDG figures2-1;2-2;2-3;2-6,NOMINAL_BALL_CENTER_ONLY_NOT_PCB_LAND_PATTERN
J5,GPIO14/OSPI_CS/QSPI0_CS0,-3.575,-0.975,COMPONENT_SIDE_TOP,origin=package_center;+x=right;+y=down,https://raw.githubusercontent.com/kendryte/k230_docs/main/zh/00_hardware/images/HDG/image005.png,HDG figures2-1;2-2;2-3;2-6,NOMINAL_BALL_CENTER_ONLY_NOT_PCB_LAND_PATTERN
J6,GPIO43/UART1_CTS/PWM1/QSPI1_D3,-2.925,-0.975,COMPONENT_SIDE_TOP,origin=package_center;+x=right;+y=down,https://raw.githubusercontent.com/kendryte/k230_docs/main/zh/00_hardware/images/HDG/image005.png,HDG figures2-1;2-2;2-3;2-6,NOMINAL_BALL_CENTER_ONLY_NOT_PCB_LAND_PATTERN
J7,VSS,-2.275,-0.975,COMPONENT_SIDE_TOP,origin=package_center;+x=right;+y=down,https://raw.githubusercontent.com/kendryte/k230_docs/main/zh/00_hardware/images/HDG/image005.png,HDG figures2-1;2-2;2-3;2-6,NOMINAL_BALL_CENTER_ONLY_NOT_PCB_LAND_PATTERN
J8,VDD0P8_KPU,-1.625,-0.975,COMPONENT_SIDE_TOP,origin=package_center;+x=right;+y=down,https://raw.githubusercontent.com/kendryte/k230_docs/main/zh/00_hardware/images/HDG/image005.png,HDG figures2-1;2-2;2-3;2-6,NOMINAL_BALL_CENTER_ONLY_NOT_PCB_LAND_PATTERN
J9,VDD0P8_KPU,-0.975,-0.975,COMPONENT_SIDE_TOP,origin=package_center;+x=right;+y=down,https://raw.githubusercontent.com/kendryte/k230_docs/main/zh/00_hardware/images/HDG/image005.png,HDG figures2-1;2-2;2-3;2-6,NOMINAL_BALL_CENTER_ONLY_NOT_PCB_LAND_PATTERN
J10,VDD0P8_KPU,-0.325,-0.975,COMPONENT_SIDE_TOP,origin=package_center;+x=right;+y=down,https://raw.githubusercontent.com/kendryte/k230_docs/main/zh/00_hardware/images/HDG/image005.png,HDG figures2-1;2-2;2-3;2-6,NOMINAL_BALL_CENTER_ONLY_NOT_PCB_LAND_PATTERN
J11,VSS,0.325,-0.975,COMPONENT_SIDE_TOP,origin=package_center;+x=right;+y=down,https://raw.githubusercontent.com/kendryte/k230_docs/main/zh/00_hardware/images/HDG/image005.png,HDG figures2-1;2-2;2-3;2-6,NOMINAL_BALL_CENTER_ONLY_NOT_PCB_LAND_PATTERN
J12,VDD0P8_CPU,0.975,-0.975,COMPONENT_SIDE_TOP,origin=package_center;+x=right;+y=down,https://raw.githubusercontent.com/kendryte/k230_docs/main/zh/00_hardware/images/HDG/image005.png,HDG figures2-1;2-2;2-3;2-6,NOMINAL_BALL_CENTER_ONLY_NOT_PCB_LAND_PATTERN
J13,VSS,1.625,-0.975,COMPONENT_SIDE_TOP,origin=package_center;+x=right;+y=down,https://raw.githubusercontent.com/kendryte/k230_docs/main/zh/00_hardware/images/HDG/image005.png,HDG figures2-1;2-2;2-3;2-6,NOMINAL_BALL_CENTER_ONLY_NOT_PCB_LAND_PATTERN
J14,VDD1P1_DDR_IO,2.275,-0.975,COMPONENT_SIDE_TOP,origin=package_center;+x=right;+y=down,https://raw.githubusercontent.com/kendryte/k230_docs/main/zh/00_hardware/images/HDG/image005.png,HDG figures2-1;2-2;2-3;2-6,NOMINAL_BALL_CENTER_ONLY_NOT_PCB_LAND_PATTERN
J15,VSS,2.925,-0.975,COMPONENT_SIDE_TOP,origin=package_center;+x=right;+y=down,https://raw.githubusercontent.com/kendryte/k230_docs/main/zh/00_hardware/images/HDG/image005.png,HDG figures2-1;2-2;2-3;2-6,NOMINAL_BALL_CENTER_ONLY_NOT_PCB_LAND_PATTERN
J16,DDR_RESET,3.575,-0.975,COMPONENT_SIDE_TOP,origin=package_center;+x=right;+y=down,https://raw.githubusercontent.com/kendryte/k230_docs/main/zh/00_hardware/images/HDG/image005.png,HDG figures2-1;2-2;2-3;2-6,NOMINAL_BALL_CENTER_ONLY_NOT_PCB_LAND_PATTERN
J17,DDR_CKEB1,4.225,-0.975,COMPONENT_SIDE_TOP,origin=package_center;+x=right;+y=down,https://raw.githubusercontent.com/kendryte/k230_docs/main/zh/00_hardware/images/HDG/image005.png,HDG figures2-1;2-2;2-3;2-6,NOMINAL_BALL_CENTER_ONLY_NOT_PCB_LAND_PATTERN
J18,DDR_CKEB0,4.875,-0.975,COMPONENT_SIDE_TOP,origin=package_center;+x=right;+y=down,https://raw.githubusercontent.com/kendryte/k230_docs/main/zh/00_hardware/images/HDG/image005.png,HDG figures2-1;2-2;2-3;2-6,NOMINAL_BALL_CENTER_ONLY_NOT_PCB_LAND_PATTERN
J19,DDR_CSB1,5.525,-0.975,COMPONENT_SIDE_TOP,origin=package_center;+x=right;+y=down,https://raw.githubusercontent.com/kendryte/k230_docs/main/zh/00_hardware/images/HDG/image005.png,HDG figures2-1;2-2;2-3;2-6,NOMINAL_BALL_CENTER_ONLY_NOT_PCB_LAND_PATTERN
J20,DDR_CSB0,6.175,-0.975,COMPONENT_SIDE_TOP,origin=package_center;+x=right;+y=down,https://raw.githubusercontent.com/kendryte/k230_docs/main/zh/00_hardware/images/HDG/image005.png,HDG figures2-1;2-2;2-3;2-6,NOMINAL_BALL_CENTER_ONLY_NOT_PCB_LAND_PATTERN
K1,GPIO15/OSPI_CLK/QSPI0_CLK,-6.175,-0.325,COMPONENT_SIDE_TOP,origin=package_center;+x=right;+y=down,https://raw.githubusercontent.com/kendryte/k230_docs/main/zh/00_hardware/images/HDG/image005.png,HDG figures2-1;2-2;2-3;2-6,NOMINAL_BALL_CENTER_ONLY_NOT_PCB_LAND_PATTERN
K2,GPIO16/OSPI_D0/QSPI1_CS4/QSPI0_D0,-5.525,-0.325,COMPONENT_SIDE_TOP,origin=package_center;+x=right;+y=down,https://raw.githubusercontent.com/kendryte/k230_docs/main/zh/00_hardware/images/HDG/image005.png,HDG figures2-1;2-2;2-3;2-6,NOMINAL_BALL_CENTER_ONLY_NOT_PCB_LAND_PATTERN
K3,VSS,-4.875,-0.325,COMPONENT_SIDE_TOP,origin=package_center;+x=right;+y=down,https://raw.githubusercontent.com/kendryte/k230_docs/main/zh/00_hardware/images/HDG/image005.png,HDG figures2-1;2-2;2-3;2-6,NOMINAL_BALL_CENTER_ONLY_NOT_PCB_LAND_PATTERN
K4,GPIO17/OSPI_D1/QSPI1_CS3/QSPI0_D1,-4.225,-0.325,COMPONENT_SIDE_TOP,origin=package_center;+x=right;+y=down,https://raw.githubusercontent.com/kendryte/k230_docs/main/zh/00_hardware/images/HDG/image005.png,HDG figures2-1;2-2;2-3;2-6,NOMINAL_BALL_CENTER_ONLY_NOT_PCB_LAND_PATTERN
K5,GPIO18/OSPI_D2/QSPI1_CS2/QSPI0_D2,-3.575,-0.325,COMPONENT_SIDE_TOP,origin=package_center;+x=right;+y=down,https://raw.githubusercontent.com/kendryte/k230_docs/main/zh/00_hardware/images/HDG/image005.png,HDG figures2-1;2-2;2-3;2-6,NOMINAL_BALL_CENTER_ONLY_NOT_PCB_LAND_PATTERN
K6,VSS,-2.925,-0.325,COMPONENT_SIDE_TOP,origin=package_center;+x=right;+y=down,https://raw.githubusercontent.com/kendryte/k230_docs/main/zh/00_hardware/images/HDG/image005.png,HDG figures2-1;2-2;2-3;2-6,NOMINAL_BALL_CENTER_ONLY_NOT_PCB_LAND_PATTERN
K7,VDDIO_BANK1,-2.275,-0.325,COMPONENT_SIDE_TOP,origin=package_center;+x=right;+y=down,https://raw.githubusercontent.com/kendryte/k230_docs/main/zh/00_hardware/images/HDG/image005.png,HDG figures2-1;2-2;2-3;2-6,NOMINAL_BALL_CENTER_ONLY_NOT_PCB_LAND_PATTERN
K8,VSS,-1.625,-0.325,COMPONENT_SIDE_TOP,origin=package_center;+x=right;+y=down,https://raw.githubusercontent.com/kendryte/k230_docs/main/zh/00_hardware/images/HDG/image005.png,HDG figures2-1;2-2;2-3;2-6,NOMINAL_BALL_CENTER_ONLY_NOT_PCB_LAND_PATTERN
K9,VDD0P8_CORE,-0.975,-0.325,COMPONENT_SIDE_TOP,origin=package_center;+x=right;+y=down,https://raw.githubusercontent.com/kendryte/k230_docs/main/zh/00_hardware/images/HDG/image005.png,HDG figures2-1;2-2;2-3;2-6,NOMINAL_BALL_CENTER_ONLY_NOT_PCB_LAND_PATTERN
K10,VSS,-0.325,-0.325,COMPONENT_SIDE_TOP,origin=package_center;+x=right;+y=down,https://raw.githubusercontent.com/kendryte/k230_docs/main/zh/00_hardware/images/HDG/image005.png,HDG figures2-1;2-2;2-3;2-6,NOMINAL_BALL_CENTER_ONLY_NOT_PCB_LAND_PATTERN
K11,VDD0P8_CORE,0.325,-0.325,COMPONENT_SIDE_TOP,origin=package_center;+x=right;+y=down,https://raw.githubusercontent.com/kendryte/k230_docs/main/zh/00_hardware/images/HDG/image005.png,HDG figures2-1;2-2;2-3;2-6,NOMINAL_BALL_CENTER_ONLY_NOT_PCB_LAND_PATTERN
K12,VSS,0.975,-0.325,COMPONENT_SIDE_TOP,origin=package_center;+x=right;+y=down,https://raw.githubusercontent.com/kendryte/k230_docs/main/zh/00_hardware/images/HDG/image005.png,HDG figures2-1;2-2;2-3;2-6,NOMINAL_BALL_CENTER_ONLY_NOT_PCB_LAND_PATTERN
K13,VDD0P8_DDR_CORE,1.625,-0.325,COMPONENT_SIDE_TOP,origin=package_center;+x=right;+y=down,https://raw.githubusercontent.com/kendryte/k230_docs/main/zh/00_hardware/images/HDG/image005.png,HDG figures2-1;2-2;2-3;2-6,NOMINAL_BALL_CENTER_ONLY_NOT_PCB_LAND_PATTERN
K14,VSS,2.275,-0.325,COMPONENT_SIDE_TOP,origin=package_center;+x=right;+y=down,https://raw.githubusercontent.com/kendryte/k230_docs/main/zh/00_hardware/images/HDG/image005.png,HDG figures2-1;2-2;2-3;2-6,NOMINAL_BALL_CENTER_ONLY_NOT_PCB_LAND_PATTERN
K15,VAA_DDR,2.925,-0.325,COMPONENT_SIDE_TOP,origin=package_center;+x=right;+y=down,https://raw.githubusercontent.com/kendryte/k230_docs/main/zh/00_hardware/images/HDG/image005.png,HDG figures2-1;2-2;2-3;2-6,NOMINAL_BALL_CENTER_ONLY_NOT_PCB_LAND_PATTERN
K16,VSS,3.575,-0.325,COMPONENT_SIDE_TOP,origin=package_center;+x=right;+y=down,https://raw.githubusercontent.com/kendryte/k230_docs/main/zh/00_hardware/images/HDG/image005.png,HDG figures2-1;2-2;2-3;2-6,NOMINAL_BALL_CENTER_ONLY_NOT_PCB_LAND_PATTERN
K17,DDR_VREF,4.225,-0.325,COMPONENT_SIDE_TOP,origin=package_center;+x=right;+y=down,https://raw.githubusercontent.com/kendryte/k230_docs/main/zh/00_hardware/images/HDG/image005.png,HDG figures2-1;2-2;2-3;2-6,NOMINAL_BALL_CENTER_ONLY_NOT_PCB_LAND_PATTERN
K18,VSS,4.875,-0.325,COMPONENT_SIDE_TOP,origin=package_center;+x=right;+y=down,https://raw.githubusercontent.com/kendryte/k230_docs/main/zh/00_hardware/images/HDG/image005.png,HDG figures2-1;2-2;2-3;2-6,NOMINAL_BALL_CENTER_ONLY_NOT_PCB_LAND_PATTERN
K19,DDR_ZN,5.525,-0.325,COMPONENT_SIDE_TOP,origin=package_center;+x=right;+y=down,https://raw.githubusercontent.com/kendryte/k230_docs/main/zh/00_hardware/images/HDG/image005.png,HDG figures2-1;2-2;2-3;2-6,NOMINAL_BALL_CENTER_ONLY_NOT_PCB_LAND_PATTERN
K20,DDR_NC,6.175,-0.325,COMPONENT_SIDE_TOP,origin=package_center;+x=right;+y=down,https://raw.githubusercontent.com/kendryte/k230_docs/main/zh/00_hardware/images/HDG/image005.png,HDG figures2-1;2-2;2-3;2-6,NOMINAL_BALL_CENTER_ONLY_NOT_PCB_LAND_PATTERN
L1,GPIO19/OSPI_D3/QSPI1_CS1/QSPI0_D3,-6.175,0.325,COMPONENT_SIDE_TOP,origin=package_center;+x=right;+y=down,https://raw.githubusercontent.com/kendryte/k230_docs/main/zh/00_hardware/images/HDG/image005.png,HDG figures2-1;2-2;2-3;2-6,NOMINAL_BALL_CENTER_ONLY_NOT_PCB_LAND_PATTERN
L2,GPIO20/OSPI_D4/QSPI1_CS0/PULSE_CNTR0,-5.525,0.325,COMPONENT_SIDE_TOP,origin=package_center;+x=right;+y=down,https://raw.githubusercontent.com/kendryte/k230_docs/main/zh/00_hardware/images/HDG/image005.png,HDG figures2-1;2-2;2-3;2-6,NOMINAL_BALL_CENTER_ONLY_NOT_PCB_LAND_PATTERN
L3,GPIO21/OSPI_D5/QSPI1_CLK/PULSE_CNTR1,-4.875,0.325,COMPONENT_SIDE_TOP,origin=package_center;+x=right;+y=down,https://raw.githubusercontent.com/kendryte/k230_docs/main/zh/00_hardware/images/HDG/image005.png,HDG figures2-1;2-2;2-3;2-6,NOMINAL_BALL_CENTER_ONLY_NOT_PCB_LAND_PATTERN
L4,GPIO22/OSPI_D6/QSPI1_D0/PULSE_CNTR2,-4.225,0.325,COMPONENT_SIDE_TOP,origin=package_center;+x=right;+y=down,https://raw.githubusercontent.com/kendryte/k230_docs/main/zh/00_hardware/images/HDG/image005.png,HDG figures2-1;2-2;2-3;2-6,NOMINAL_BALL_CENTER_ONLY_NOT_PCB_LAND_PATTERN
L5,GPIO23/OSPI_D7/QSPI1_D1/PULSE_CNTR3,-3.575,0.325,COMPONENT_SIDE_TOP,origin=package_center;+x=right;+y=down,https://raw.githubusercontent.com/kendryte/k230_docs/main/zh/00_hardware/images/HDG/image005.png,HDG figures2-1;2-2;2-3;2-6,NOMINAL_BALL_CENTER_ONLY_NOT_PCB_LAND_PATTERN
L6,GPIO24/OSPI_DQS/QSPI1_D2/PULSE_CNTR4,-2.925,0.325,COMPONENT_SIDE_TOP,origin=package_center;+x=right;+y=down,https://raw.githubusercontent.com/kendryte/k230_docs/main/zh/00_hardware/images/HDG/image005.png,HDG figures2-1;2-2;2-3;2-6,NOMINAL_BALL_CENTER_ONLY_NOT_PCB_LAND_PATTERN
L7,VSS,-2.275,0.325,COMPONENT_SIDE_TOP,origin=package_center;+x=right;+y=down,https://raw.githubusercontent.com/kendryte/k230_docs/main/zh/00_hardware/images/HDG/image005.png,HDG figures2-1;2-2;2-3;2-6,NOMINAL_BALL_CENTER_ONLY_NOT_PCB_LAND_PATTERN
L8,VSS,-1.625,0.325,COMPONENT_SIDE_TOP,origin=package_center;+x=right;+y=down,https://raw.githubusercontent.com/kendryte/k230_docs/main/zh/00_hardware/images/HDG/image005.png,HDG figures2-1;2-2;2-3;2-6,NOMINAL_BALL_CENTER_ONLY_NOT_PCB_LAND_PATTERN
L9,VDD0P8_CORE,-0.975,0.325,COMPONENT_SIDE_TOP,origin=package_center;+x=right;+y=down,https://raw.githubusercontent.com/kendryte/k230_docs/main/zh/00_hardware/images/HDG/image005.png,HDG figures2-1;2-2;2-3;2-6,NOMINAL_BALL_CENTER_ONLY_NOT_PCB_LAND_PATTERN
L10,VSS,-0.325,0.325,COMPONENT_SIDE_TOP,origin=package_center;+x=right;+y=down,https://raw.githubusercontent.com/kendryte/k230_docs/main/zh/00_hardware/images/HDG/image005.png,HDG figures2-1;2-2;2-3;2-6,NOMINAL_BALL_CENTER_ONLY_NOT_PCB_LAND_PATTERN
L11,VDD0P8_CORE,0.325,0.325,COMPONENT_SIDE_TOP,origin=package_center;+x=right;+y=down,https://raw.githubusercontent.com/kendryte/k230_docs/main/zh/00_hardware/images/HDG/image005.png,HDG figures2-1;2-2;2-3;2-6,NOMINAL_BALL_CENTER_ONLY_NOT_PCB_LAND_PATTERN
L12,VSS,0.975,0.325,COMPONENT_SIDE_TOP,origin=package_center;+x=right;+y=down,https://raw.githubusercontent.com/kendryte/k230_docs/main/zh/00_hardware/images/HDG/image005.png,HDG figures2-1;2-2;2-3;2-6,NOMINAL_BALL_CENTER_ONLY_NOT_PCB_LAND_PATTERN
L13,VDD0P8_DDR_CORE,1.625,0.325,COMPONENT_SIDE_TOP,origin=package_center;+x=right;+y=down,https://raw.githubusercontent.com/kendryte/k230_docs/main/zh/00_hardware/images/HDG/image005.png,HDG figures2-1;2-2;2-3;2-6,NOMINAL_BALL_CENTER_ONLY_NOT_PCB_LAND_PATTERN
L14,VDD1P1_DDR_IO,2.275,0.325,COMPONENT_SIDE_TOP,origin=package_center;+x=right;+y=down,https://raw.githubusercontent.com/kendryte/k230_docs/main/zh/00_hardware/images/HDG/image005.png,HDG figures2-1;2-2;2-3;2-6,NOMINAL_BALL_CENTER_ONLY_NOT_PCB_LAND_PATTERN
L15,VSS,2.925,0.325,COMPONENT_SIDE_TOP,origin=package_center;+x=right;+y=down,https://raw.githubusercontent.com/kendryte/k230_docs/main/zh/00_hardware/images/HDG/image005.png,HDG figures2-1;2-2;2-3;2-6,NOMINAL_BALL_CENTER_ONLY_NOT_PCB_LAND_PATTERN
L16,DDR_CAA1,3.575,0.325,COMPONENT_SIDE_TOP,origin=package_center;+x=right;+y=down,https://raw.githubusercontent.com/kendryte/k230_docs/main/zh/00_hardware/images/HDG/image005.png,HDG figures2-1;2-2;2-3;2-6,NOMINAL_BALL_CENTER_ONLY_NOT_PCB_LAND_PATTERN
L17,DDR_NC,4.225,0.325,COMPONENT_SIDE_TOP,origin=package_center;+x=right;+y=down,https://raw.githubusercontent.com/kendryte/k230_docs/main/zh/00_hardware/images/HDG/image005.png,HDG figures2-1;2-2;2-3;2-6,NOMINAL_BALL_CENTER_ONLY_NOT_PCB_LAND_PATTERN
L18,DDR_NC,4.875,0.325,COMPONENT_SIDE_TOP,origin=package_center;+x=right;+y=down,https://raw.githubusercontent.com/kendryte/k230_docs/main/zh/00_hardware/images/HDG/image005.png,HDG figures2-1;2-2;2-3;2-6,NOMINAL_BALL_CENTER_ONLY_NOT_PCB_LAND_PATTERN
L19,VSS,5.525,0.325,COMPONENT_SIDE_TOP,origin=package_center;+x=right;+y=down,https://raw.githubusercontent.com/kendryte/k230_docs/main/zh/00_hardware/images/HDG/image005.png,HDG figures2-1;2-2;2-3;2-6,NOMINAL_BALL_CENTER_ONLY_NOT_PCB_LAND_PATTERN
L20,DDR_NC,6.175,0.325,COMPONENT_SIDE_TOP,origin=package_center;+x=right;+y=down,https://raw.githubusercontent.com/kendryte/k230_docs/main/zh/00_hardware/images/HDG/image005.png,HDG figures2-1;2-2;2-3;2-6,NOMINAL_BALL_CENTER_ONLY_NOT_PCB_LAND_PATTERN
M1,GPIO25/PWM5/QSPI1_D3/PULSE_CNTR5,-6.175,0.975,COMPONENT_SIDE_TOP,origin=package_center;+x=right;+y=down,https://raw.githubusercontent.com/kendryte/k230_docs/main/zh/00_hardware/images/HDG/image005.png,HDG figures2-1;2-2;2-3;2-6,NOMINAL_BALL_CENTER_ONLY_NOT_PCB_LAND_PATTERN
M2,GPIO54/QSPI0_CS0/MMC1_CMD/PWM0,-5.525,0.975,COMPONENT_SIDE_TOP,origin=package_center;+x=right;+y=down,https://raw.githubusercontent.com/kendryte/k230_docs/main/zh/00_hardware/images/HDG/image005.png,HDG figures2-1;2-2;2-3;2-6,NOMINAL_BALL_CENTER_ONLY_NOT_PCB_LAND_PATTERN
M3,GPIO52/UART3_RTS/PWM4/IIC3_SCL,-4.875,0.975,COMPONENT_SIDE_TOP,origin=package_center;+x=right;+y=down,https://raw.githubusercontent.com/kendryte/k230_docs/main/zh/00_hardware/images/HDG/image005.png,HDG figures2-1;2-2;2-3;2-6,NOMINAL_BALL_CENTER_ONLY_NOT_PCB_LAND_PATTERN
M4,GPIO51/UART3_RXD/IIC2_SDA/QSPI0_CS3,-4.225,0.975,COMPONENT_SIDE_TOP,origin=package_center;+x=right;+y=down,https://raw.githubusercontent.com/kendryte/k230_docs/main/zh/00_hardware/images/HDG/image005.png,HDG figures2-1;2-2;2-3;2-6,NOMINAL_BALL_CENTER_ONLY_NOT_PCB_LAND_PATTERN
M5,GPIO50/UART3_TXD/IIC2_SCL/QSPI0_CS4,-3.575,0.975,COMPONENT_SIDE_TOP,origin=package_center;+x=right;+y=down,https://raw.githubusercontent.com/kendryte/k230_docs/main/zh/00_hardware/images/HDG/image005.png,HDG figures2-1;2-2;2-3;2-6,NOMINAL_BALL_CENTER_ONLY_NOT_PCB_LAND_PATTERN
M6,VSS,-2.925,0.975,COMPONENT_SIDE_TOP,origin=package_center;+x=right;+y=down,https://raw.githubusercontent.com/kendryte/k230_docs/main/zh/00_hardware/images/HDG/image005.png,HDG figures2-1;2-2;2-3;2-6,NOMINAL_BALL_CENTER_ONLY_NOT_PCB_LAND_PATTERN
M7,VDDIO_BANK4,-2.275,0.975,COMPONENT_SIDE_TOP,origin=package_center;+x=right;+y=down,https://raw.githubusercontent.com/kendryte/k230_docs/main/zh/00_hardware/images/HDG/image005.png,HDG figures2-1;2-2;2-3;2-6,NOMINAL_BALL_CENTER_ONLY_NOT_PCB_LAND_PATTERN
M8,VSS,-1.625,0.975,COMPONENT_SIDE_TOP,origin=package_center;+x=right;+y=down,https://raw.githubusercontent.com/kendryte/k230_docs/main/zh/00_hardware/images/HDG/image005.png,HDG figures2-1;2-2;2-3;2-6,NOMINAL_BALL_CENTER_ONLY_NOT_PCB_LAND_PATTERN
M9,VDD0P8_CORE,-0.975,0.975,COMPONENT_SIDE_TOP,origin=package_center;+x=right;+y=down,https://raw.githubusercontent.com/kendryte/k230_docs/main/zh/00_hardware/images/HDG/image005.png,HDG figures2-1;2-2;2-3;2-6,NOMINAL_BALL_CENTER_ONLY_NOT_PCB_LAND_PATTERN
M10,VSS,-0.325,0.975,COMPONENT_SIDE_TOP,origin=package_center;+x=right;+y=down,https://raw.githubusercontent.com/kendryte/k230_docs/main/zh/00_hardware/images/HDG/image005.png,HDG figures2-1;2-2;2-3;2-6,NOMINAL_BALL_CENTER_ONLY_NOT_PCB_LAND_PATTERN
M11,VDD0P8_CORE,0.325,0.975,COMPONENT_SIDE_TOP,origin=package_center;+x=right;+y=down,https://raw.githubusercontent.com/kendryte/k230_docs/main/zh/00_hardware/images/HDG/image005.png,HDG figures2-1;2-2;2-3;2-6,NOMINAL_BALL_CENTER_ONLY_NOT_PCB_LAND_PATTERN
M12,VSS,0.975,0.975,COMPONENT_SIDE_TOP,origin=package_center;+x=right;+y=down,https://raw.githubusercontent.com/kendryte/k230_docs/main/zh/00_hardware/images/HDG/image005.png,HDG figures2-1;2-2;2-3;2-6,NOMINAL_BALL_CENTER_ONLY_NOT_PCB_LAND_PATTERN
M13,VDD0P8_DDR_CORE,1.625,0.975,COMPONENT_SIDE_TOP,origin=package_center;+x=right;+y=down,https://raw.githubusercontent.com/kendryte/k230_docs/main/zh/00_hardware/images/HDG/image005.png,HDG figures2-1;2-2;2-3;2-6,NOMINAL_BALL_CENTER_ONLY_NOT_PCB_LAND_PATTERN
M14,VDD1P1_DDR_IO,2.275,0.975,COMPONENT_SIDE_TOP,origin=package_center;+x=right;+y=down,https://raw.githubusercontent.com/kendryte/k230_docs/main/zh/00_hardware/images/HDG/image005.png,HDG figures2-1;2-2;2-3;2-6,NOMINAL_BALL_CENTER_ONLY_NOT_PCB_LAND_PATTERN
M15,VSS,2.925,0.975,COMPONENT_SIDE_TOP,origin=package_center;+x=right;+y=down,https://raw.githubusercontent.com/kendryte/k230_docs/main/zh/00_hardware/images/HDG/image005.png,HDG figures2-1;2-2;2-3;2-6,NOMINAL_BALL_CENTER_ONLY_NOT_PCB_LAND_PATTERN
M16,VSS,3.575,0.975,COMPONENT_SIDE_TOP,origin=package_center;+x=right;+y=down,https://raw.githubusercontent.com/kendryte/k230_docs/main/zh/00_hardware/images/HDG/image005.png,HDG figures2-1;2-2;2-3;2-6,NOMINAL_BALL_CENTER_ONLY_NOT_PCB_LAND_PATTERN
M17,DDR_NC,4.225,0.975,COMPONENT_SIDE_TOP,origin=package_center;+x=right;+y=down,https://raw.githubusercontent.com/kendryte/k230_docs/main/zh/00_hardware/images/HDG/image005.png,HDG figures2-1;2-2;2-3;2-6,NOMINAL_BALL_CENTER_ONLY_NOT_PCB_LAND_PATTERN
M18,DDR_CAA4,4.875,0.975,COMPONENT_SIDE_TOP,origin=package_center;+x=right;+y=down,https://raw.githubusercontent.com/kendryte/k230_docs/main/zh/00_hardware/images/HDG/image005.png,HDG figures2-1;2-2;2-3;2-6,NOMINAL_BALL_CENTER_ONLY_NOT_PCB_LAND_PATTERN
M19,DDR_CAA0,5.525,0.975,COMPONENT_SIDE_TOP,origin=package_center;+x=right;+y=down,https://raw.githubusercontent.com/kendryte/k230_docs/main/zh/00_hardware/images/HDG/image005.png,HDG figures2-1;2-2;2-3;2-6,NOMINAL_BALL_CENTER_ONLY_NOT_PCB_LAND_PATTERN
M20,DDR_NA,6.175,0.975,COMPONENT_SIDE_TOP,origin=package_center;+x=right;+y=down,https://raw.githubusercontent.com/kendryte/k230_docs/main/zh/00_hardware/images/HDG/image005.png,HDG figures2-1;2-2;2-3;2-6,NOMINAL_BALL_CENTER_ONLY_NOT_PCB_LAND_PATTERN
N1,GPIO57/QSPI0_D1/MMC1_D1/PWM3,-6.175,1.625,COMPONENT_SIDE_TOP,origin=package_center;+x=right;+y=down,https://raw.githubusercontent.com/kendryte/k230_docs/main/zh/00_hardware/images/HDG/image005.png,HDG figures2-1;2-2;2-3;2-6,NOMINAL_BALL_CENTER_ONLY_NOT_PCB_LAND_PATTERN
N2,GPIO55/QSPI0_CLK/MMC1_CLK/PWM1,-5.525,1.625,COMPONENT_SIDE_TOP,origin=package_center;+x=right;+y=down,https://raw.githubusercontent.com/kendryte/k230_docs/main/zh/00_hardware/images/HDG/image005.png,HDG figures2-1;2-2;2-3;2-6,NOMINAL_BALL_CENTER_ONLY_NOT_PCB_LAND_PATTERN
N3,VSS,-4.875,1.625,COMPONENT_SIDE_TOP,origin=package_center;+x=right;+y=down,https://raw.githubusercontent.com/kendryte/k230_docs/main/zh/00_hardware/images/HDG/image005.png,HDG figures2-1;2-2;2-3;2-6,NOMINAL_BALL_CENTER_ONLY_NOT_PCB_LAND_PATTERN
N4,GPIO53/UART3_CTS/PWM5/IIC3_SDA,-4.225,1.625,COMPONENT_SIDE_TOP,origin=package_center;+x=right;+y=down,https://raw.githubusercontent.com/kendryte/k230_docs/main/zh/00_hardware/images/HDG/image005.png,HDG figures2-1;2-2;2-3;2-6,NOMINAL_BALL_CENTER_ONLY_NOT_PCB_LAND_PATTERN
N5,VSS,-3.575,1.625,COMPONENT_SIDE_TOP,origin=package_center;+x=right;+y=down,https://raw.githubusercontent.com/kendryte/k230_docs/main/zh/00_hardware/images/HDG/image005.png,HDG figures2-1;2-2;2-3;2-6,NOMINAL_BALL_CENTER_ONLY_NOT_PCB_LAND_PATTERN
N6,AVDD0P8_MIPI,-2.925,1.625,COMPONENT_SIDE_TOP,origin=package_center;+x=right;+y=down,https://raw.githubusercontent.com/kendryte/k230_docs/main/zh/00_hardware/images/HDG/image005.png,HDG figures2-1;2-2;2-3;2-6,NOMINAL_BALL_CENTER_ONLY_NOT_PCB_LAND_PATTERN
N7,AVDD1P8_MIPI,-2.275,1.625,COMPONENT_SIDE_TOP,origin=package_center;+x=right;+y=down,https://raw.githubusercontent.com/kendryte/k230_docs/main/zh/00_hardware/images/HDG/image005.png,HDG figures2-1;2-2;2-3;2-6,NOMINAL_BALL_CENTER_ONLY_NOT_PCB_LAND_PATTERN
N8,VSS,-1.625,1.625,COMPONENT_SIDE_TOP,origin=package_center;+x=right;+y=down,https://raw.githubusercontent.com/kendryte/k230_docs/main/zh/00_hardware/images/HDG/image005.png,HDG figures2-1;2-2;2-3;2-6,NOMINAL_BALL_CENTER_ONLY_NOT_PCB_LAND_PATTERN
N9,VDD0P8_CORE,-0.975,1.625,COMPONENT_SIDE_TOP,origin=package_center;+x=right;+y=down,https://raw.githubusercontent.com/kendryte/k230_docs/main/zh/00_hardware/images/HDG/image005.png,HDG figures2-1;2-2;2-3;2-6,NOMINAL_BALL_CENTER_ONLY_NOT_PCB_LAND_PATTERN
N10,VSS,-0.325,1.625,COMPONENT_SIDE_TOP,origin=package_center;+x=right;+y=down,https://raw.githubusercontent.com/kendryte/k230_docs/main/zh/00_hardware/images/HDG/image005.png,HDG figures2-1;2-2;2-3;2-6,NOMINAL_BALL_CENTER_ONLY_NOT_PCB_LAND_PATTERN
N11,VDD0P8_CORE,0.325,1.625,COMPONENT_SIDE_TOP,origin=package_center;+x=right;+y=down,https://raw.githubusercontent.com/kendryte/k230_docs/main/zh/00_hardware/images/HDG/image005.png,HDG figures2-1;2-2;2-3;2-6,NOMINAL_BALL_CENTER_ONLY_NOT_PCB_LAND_PATTERN
N12,VSS,0.975,1.625,COMPONENT_SIDE_TOP,origin=package_center;+x=right;+y=down,https://raw.githubusercontent.com/kendryte/k230_docs/main/zh/00_hardware/images/HDG/image005.png,HDG figures2-1;2-2;2-3;2-6,NOMINAL_BALL_CENTER_ONLY_NOT_PCB_LAND_PATTERN
N13,VDD0P8_DDR_CORE,1.625,1.625,COMPONENT_SIDE_TOP,origin=package_center;+x=right;+y=down,https://raw.githubusercontent.com/kendryte/k230_docs/main/zh/00_hardware/images/HDG/image005.png,HDG figures2-1;2-2;2-3;2-6,NOMINAL_BALL_CENTER_ONLY_NOT_PCB_LAND_PATTERN
N14,VDD1P1_DDR_IO,2.275,1.625,COMPONENT_SIDE_TOP,origin=package_center;+x=right;+y=down,https://raw.githubusercontent.com/kendryte/k230_docs/main/zh/00_hardware/images/HDG/image005.png,HDG figures2-1;2-2;2-3;2-6,NOMINAL_BALL_CENTER_ONLY_NOT_PCB_LAND_PATTERN
N15,VSS,2.925,1.625,COMPONENT_SIDE_TOP,origin=package_center;+x=right;+y=down,https://raw.githubusercontent.com/kendryte/k230_docs/main/zh/00_hardware/images/HDG/image005.png,HDG figures2-1;2-2;2-3;2-6,NOMINAL_BALL_CENTER_ONLY_NOT_PCB_LAND_PATTERN
N16,VSS,3.575,1.625,COMPONENT_SIDE_TOP,origin=package_center;+x=right;+y=down,https://raw.githubusercontent.com/kendryte/k230_docs/main/zh/00_hardware/images/HDG/image005.png,HDG figures2-1;2-2;2-3;2-6,NOMINAL_BALL_CENTER_ONLY_NOT_PCB_LAND_PATTERN
N17,DDR_CKEA0,4.225,1.625,COMPONENT_SIDE_TOP,origin=package_center;+x=right;+y=down,https://raw.githubusercontent.com/kendryte/k230_docs/main/zh/00_hardware/images/HDG/image005.png,HDG figures2-1;2-2;2-3;2-6,NOMINAL_BALL_CENTER_ONLY_NOT_PCB_LAND_PATTERN
N18,DDR_NC,4.875,1.625,COMPONENT_SIDE_TOP,origin=package_center;+x=right;+y=down,https://raw.githubusercontent.com/kendryte/k230_docs/main/zh/00_hardware/images/HDG/image005.png,HDG figures2-1;2-2;2-3;2-6,NOMINAL_BALL_CENTER_ONLY_NOT_PCB_LAND_PATTERN
N19,DDR_CAA2,5.525,1.625,COMPONENT_SIDE_TOP,origin=package_center;+x=right;+y=down,https://raw.githubusercontent.com/kendryte/k230_docs/main/zh/00_hardware/images/HDG/image005.png,HDG figures2-1;2-2;2-3;2-6,NOMINAL_BALL_CENTER_ONLY_NOT_PCB_LAND_PATTERN
N20,DDR_CAA3,6.175,1.625,COMPONENT_SIDE_TOP,origin=package_center;+x=right;+y=down,https://raw.githubusercontent.com/kendryte/k230_docs/main/zh/00_hardware/images/HDG/image005.png,HDG figures2-1;2-2;2-3;2-6,NOMINAL_BALL_CENTER_ONLY_NOT_PCB_LAND_PATTERN
P1,GPIO58/QSPI0_D2/MMC1_D2/PWM4,-6.175,2.275,COMPONENT_SIDE_TOP,origin=package_center;+x=right;+y=down,https://raw.githubusercontent.com/kendryte/k230_docs/main/zh/00_hardware/images/HDG/image005.png,HDG figures2-1;2-2;2-3;2-6,NOMINAL_BALL_CENTER_ONLY_NOT_PCB_LAND_PATTERN
P2,GPIO59/QSPI0_D3/MMC1_D3/PWM5,-5.525,2.275,COMPONENT_SIDE_TOP,origin=package_center;+x=right;+y=down,https://raw.githubusercontent.com/kendryte/k230_docs/main/zh/00_hardware/images/HDG/image005.png,HDG figures2-1;2-2;2-3;2-6,NOMINAL_BALL_CENTER_ONLY_NOT_PCB_LAND_PATTERN
P3,GPIO56/QSPI0_D0/MMC1_D0/PWM2,-4.875,2.275,COMPONENT_SIDE_TOP,origin=package_center;+x=right;+y=down,https://raw.githubusercontent.com/kendryte/k230_docs/main/zh/00_hardware/images/HDG/image005.png,HDG figures2-1;2-2;2-3;2-6,NOMINAL_BALL_CENTER_ONLY_NOT_PCB_LAND_PATTERN
P4,GPIO61/PWM1/IIC0_SDA/QSPI0_CS1/VSYNC1,-4.225,2.275,COMPONENT_SIDE_TOP,origin=package_center;+x=right;+y=down,https://raw.githubusercontent.com/kendryte/k230_docs/main/zh/00_hardware/images/HDG/image005.png,HDG figures2-1;2-2;2-3;2-6,NOMINAL_BALL_CENTER_ONLY_NOT_PCB_LAND_PATTERN
P5,GPIO60/PWM0/IIC0_SCL/QSPI0_CS2/HSYNC1,-3.575,2.275,COMPONENT_SIDE_TOP,origin=package_center;+x=right;+y=down,https://raw.githubusercontent.com/kendryte/k230_docs/main/zh/00_hardware/images/HDG/image005.png,HDG figures2-1;2-2;2-3;2-6,NOMINAL_BALL_CENTER_ONLY_NOT_PCB_LAND_PATTERN
P6,VSS,-2.925,2.275,COMPONENT_SIDE_TOP,origin=package_center;+x=right;+y=down,https://raw.githubusercontent.com/kendryte/k230_docs/main/zh/00_hardware/images/HDG/image005.png,HDG figures2-1;2-2;2-3;2-6,NOMINAL_BALL_CENTER_ONLY_NOT_PCB_LAND_PATTERN
P7,VSS,-2.275,2.275,COMPONENT_SIDE_TOP,origin=package_center;+x=right;+y=down,https://raw.githubusercontent.com/kendryte/k230_docs/main/zh/00_hardware/images/HDG/image005.png,HDG figures2-1;2-2;2-3;2-6,NOMINAL_BALL_CENTER_ONLY_NOT_PCB_LAND_PATTERN
P8,VSS,-1.625,2.275,COMPONENT_SIDE_TOP,origin=package_center;+x=right;+y=down,https://raw.githubusercontent.com/kendryte/k230_docs/main/zh/00_hardware/images/HDG/image005.png,HDG figures2-1;2-2;2-3;2-6,NOMINAL_BALL_CENTER_ONLY_NOT_PCB_LAND_PATTERN
P9,VDD0P8_CORE,-0.975,2.275,COMPONENT_SIDE_TOP,origin=package_center;+x=right;+y=down,https://raw.githubusercontent.com/kendryte/k230_docs/main/zh/00_hardware/images/HDG/image005.png,HDG figures2-1;2-2;2-3;2-6,NOMINAL_BALL_CENTER_ONLY_NOT_PCB_LAND_PATTERN
P10,VSS,-0.325,2.275,COMPONENT_SIDE_TOP,origin=package_center;+x=right;+y=down,https://raw.githubusercontent.com/kendryte/k230_docs/main/zh/00_hardware/images/HDG/image005.png,HDG figures2-1;2-2;2-3;2-6,NOMINAL_BALL_CENTER_ONLY_NOT_PCB_LAND_PATTERN
P11,VDD0P8_CORE,0.325,2.275,COMPONENT_SIDE_TOP,origin=package_center;+x=right;+y=down,https://raw.githubusercontent.com/kendryte/k230_docs/main/zh/00_hardware/images/HDG/image005.png,HDG figures2-1;2-2;2-3;2-6,NOMINAL_BALL_CENTER_ONLY_NOT_PCB_LAND_PATTERN
P12,VSS,0.975,2.275,COMPONENT_SIDE_TOP,origin=package_center;+x=right;+y=down,https://raw.githubusercontent.com/kendryte/k230_docs/main/zh/00_hardware/images/HDG/image005.png,HDG figures2-1;2-2;2-3;2-6,NOMINAL_BALL_CENTER_ONLY_NOT_PCB_LAND_PATTERN
P13,VDD0P8_CORE,1.625,2.275,COMPONENT_SIDE_TOP,origin=package_center;+x=right;+y=down,https://raw.githubusercontent.com/kendryte/k230_docs/main/zh/00_hardware/images/HDG/image005.png,HDG figures2-1;2-2;2-3;2-6,NOMINAL_BALL_CENTER_ONLY_NOT_PCB_LAND_PATTERN
P14,VSS,2.275,2.275,COMPONENT_SIDE_TOP,origin=package_center;+x=right;+y=down,https://raw.githubusercontent.com/kendryte/k230_docs/main/zh/00_hardware/images/HDG/image005.png,HDG figures2-1;2-2;2-3;2-6,NOMINAL_BALL_CENTER_ONLY_NOT_PCB_LAND_PATTERN
P15,VSS,2.925,2.275,COMPONENT_SIDE_TOP,origin=package_center;+x=right;+y=down,https://raw.githubusercontent.com/kendryte/k230_docs/main/zh/00_hardware/images/HDG/image005.png,HDG figures2-1;2-2;2-3;2-6,NOMINAL_BALL_CENTER_ONLY_NOT_PCB_LAND_PATTERN
P16,DDR_DQA14,3.575,2.275,COMPONENT_SIDE_TOP,origin=package_center;+x=right;+y=down,https://raw.githubusercontent.com/kendryte/k230_docs/main/zh/00_hardware/images/HDG/image005.png,HDG figures2-1;2-2;2-3;2-6,NOMINAL_BALL_CENTER_ONLY_NOT_PCB_LAND_PATTERN
P17,DDR_DMIA1,4.225,2.275,COMPONENT_SIDE_TOP,origin=package_center;+x=right;+y=down,https://raw.githubusercontent.com/kendryte/k230_docs/main/zh/00_hardware/images/HDG/image005.png,HDG figures2-1;2-2;2-3;2-6,NOMINAL_BALL_CENTER_ONLY_NOT_PCB_LAND_PATTERN
P18,DDR_CKEA1,4.875,2.275,COMPONENT_SIDE_TOP,origin=package_center;+x=right;+y=down,https://raw.githubusercontent.com/kendryte/k230_docs/main/zh/00_hardware/images/HDG/image005.png,HDG figures2-1;2-2;2-3;2-6,NOMINAL_BALL_CENTER_ONLY_NOT_PCB_LAND_PATTERN
P19,DDR_CAA5,5.525,2.275,COMPONENT_SIDE_TOP,origin=package_center;+x=right;+y=down,https://raw.githubusercontent.com/kendryte/k230_docs/main/zh/00_hardware/images/HDG/image005.png,HDG figures2-1;2-2;2-3;2-6,NOMINAL_BALL_CENTER_ONLY_NOT_PCB_LAND_PATTERN
P20,VSS,6.175,2.275,COMPONENT_SIDE_TOP,origin=package_center;+x=right;+y=down,https://raw.githubusercontent.com/kendryte/k230_docs/main/zh/00_hardware/images/HDG/image005.png,HDG figures2-1;2-2;2-3;2-6,NOMINAL_BALL_CENTER_ONLY_NOT_PCB_LAND_PATTERN
R1,MIPI_RX2_CLK_P,-6.175,2.925,COMPONENT_SIDE_TOP,origin=package_center;+x=right;+y=down,https://raw.githubusercontent.com/kendryte/k230_docs/main/zh/00_hardware/images/HDG/image005.png,HDG figures2-1;2-2;2-3;2-6,NOMINAL_BALL_CENTER_ONLY_NOT_PCB_LAND_PATTERN
R2,MIPI_RX2_CLK_N,-5.525,2.925,COMPONENT_SIDE_TOP,origin=package_center;+x=right;+y=down,https://raw.githubusercontent.com/kendryte/k230_docs/main/zh/00_hardware/images/HDG/image005.png,HDG figures2-1;2-2;2-3;2-6,NOMINAL_BALL_CENTER_ONLY_NOT_PCB_LAND_PATTERN
R3,VSS,-4.875,2.925,COMPONENT_SIDE_TOP,origin=package_center;+x=right;+y=down,https://raw.githubusercontent.com/kendryte/k230_docs/main/zh/00_hardware/images/HDG/image005.png,HDG figures2-1;2-2;2-3;2-6,NOMINAL_BALL_CENTER_ONLY_NOT_PCB_LAND_PATTERN
R6,VSS,-2.925,2.925,COMPONENT_SIDE_TOP,origin=package_center;+x=right;+y=down,https://raw.githubusercontent.com/kendryte/k230_docs/main/zh/00_hardware/images/HDG/image005.png,HDG figures2-1;2-2;2-3;2-6,NOMINAL_BALL_CENTER_ONLY_NOT_PCB_LAND_PATTERN
R7,VSS,-2.275,2.925,COMPONENT_SIDE_TOP,origin=package_center;+x=right;+y=down,https://raw.githubusercontent.com/kendryte/k230_docs/main/zh/00_hardware/images/HDG/image005.png,HDG figures2-1;2-2;2-3;2-6,NOMINAL_BALL_CENTER_ONLY_NOT_PCB_LAND_PATTERN
R8,AVDD0P8_MIPI,-1.625,2.925,COMPONENT_SIDE_TOP,origin=package_center;+x=right;+y=down,https://raw.githubusercontent.com/kendryte/k230_docs/main/zh/00_hardware/images/HDG/image005.png,HDG figures2-1;2-2;2-3;2-6,NOMINAL_BALL_CENTER_ONLY_NOT_PCB_LAND_PATTERN
R9,AVDD1P8_MIPI,-0.975,2.925,COMPONENT_SIDE_TOP,origin=package_center;+x=right;+y=down,https://raw.githubusercontent.com/kendryte/k230_docs/main/zh/00_hardware/images/HDG/image005.png,HDG figures2-1;2-2;2-3;2-6,NOMINAL_BALL_CENTER_ONLY_NOT_PCB_LAND_PATTERN
R10,VSS,-0.325,2.925,COMPONENT_SIDE_TOP,origin=package_center;+x=right;+y=down,https://raw.githubusercontent.com/kendryte/k230_docs/main/zh/00_hardware/images/HDG/image005.png,HDG figures2-1;2-2;2-3;2-6,NOMINAL_BALL_CENTER_ONLY_NOT_PCB_LAND_PATTERN
R11,VDDIO_BANK2,0.325,2.925,COMPONENT_SIDE_TOP,origin=package_center;+x=right;+y=down,https://raw.githubusercontent.com/kendryte/k230_docs/main/zh/00_hardware/images/HDG/image005.png,HDG figures2-1;2-2;2-3;2-6,NOMINAL_BALL_CENTER_ONLY_NOT_PCB_LAND_PATTERN
R12,VSS,0.975,2.925,COMPONENT_SIDE_TOP,origin=package_center;+x=right;+y=down,https://raw.githubusercontent.com/kendryte/k230_docs/main/zh/00_hardware/images/HDG/image005.png,HDG figures2-1;2-2;2-3;2-6,NOMINAL_BALL_CENTER_ONLY_NOT_PCB_LAND_PATTERN
R13,VDDIO_BANK0,1.625,2.925,COMPONENT_SIDE_TOP,origin=package_center;+x=right;+y=down,https://raw.githubusercontent.com/kendryte/k230_docs/main/zh/00_hardware/images/HDG/image005.png,HDG figures2-1;2-2;2-3;2-6,NOMINAL_BALL_CENTER_ONLY_NOT_PCB_LAND_PATTERN
R14,VSS,2.275,2.925,COMPONENT_SIDE_TOP,origin=package_center;+x=right;+y=down,https://raw.githubusercontent.com/kendryte/k230_docs/main/zh/00_hardware/images/HDG/image005.png,HDG figures2-1;2-2;2-3;2-6,NOMINAL_BALL_CENTER_ONLY_NOT_PCB_LAND_PATTERN
R15,VDDIO_BANK5,2.925,2.925,COMPONENT_SIDE_TOP,origin=package_center;+x=right;+y=down,https://raw.githubusercontent.com/kendryte/k230_docs/main/zh/00_hardware/images/HDG/image005.png,HDG figures2-1;2-2;2-3;2-6,NOMINAL_BALL_CENTER_ONLY_NOT_PCB_LAND_PATTERN
R16,VSS,3.575,2.925,COMPONENT_SIDE_TOP,origin=package_center;+x=right;+y=down,https://raw.githubusercontent.com/kendryte/k230_docs/main/zh/00_hardware/images/HDG/image005.png,HDG figures2-1;2-2;2-3;2-6,NOMINAL_BALL_CENTER_ONLY_NOT_PCB_LAND_PATTERN
R17,DDR_DQA8,4.225,2.925,COMPONENT_SIDE_TOP,origin=package_center;+x=right;+y=down,https://raw.githubusercontent.com/kendryte/k230_docs/main/zh/00_hardware/images/HDG/image005.png,HDG figures2-1;2-2;2-3;2-6,NOMINAL_BALL_CENTER_ONLY_NOT_PCB_LAND_PATTERN
R18,DDR_DQA10,4.875,2.925,COMPONENT_SIDE_TOP,origin=package_center;+x=right;+y=down,https://raw.githubusercontent.com/kendryte/k230_docs/main/zh/00_hardware/images/HDG/image005.png,HDG figures2-1;2-2;2-3;2-6,NOMINAL_BALL_CENTER_ONLY_NOT_PCB_LAND_PATTERN
R19,DDR_CLKAP,5.525,2.925,COMPONENT_SIDE_TOP,origin=package_center;+x=right;+y=down,https://raw.githubusercontent.com/kendryte/k230_docs/main/zh/00_hardware/images/HDG/image005.png,HDG figures2-1;2-2;2-3;2-6,NOMINAL_BALL_CENTER_ONLY_NOT_PCB_LAND_PATTERN
R20,DDR_CLKAN,6.175,2.925,COMPONENT_SIDE_TOP,origin=package_center;+x=right;+y=down,https://raw.githubusercontent.com/kendryte/k230_docs/main/zh/00_hardware/images/HDG/image005.png,HDG figures2-1;2-2;2-3;2-6,NOMINAL_BALL_CENTER_ONLY_NOT_PCB_LAND_PATTERN
T1,MIPI_RX2_D4_N,-6.175,3.575,COMPONENT_SIDE_TOP,origin=package_center;+x=right;+y=down,https://raw.githubusercontent.com/kendryte/k230_docs/main/zh/00_hardware/images/HDG/image005.png,HDG figures2-1;2-2;2-3;2-6,NOMINAL_BALL_CENTER_ONLY_NOT_PCB_LAND_PATTERN
T2,MIPI_RX2_D4_P,-5.525,3.575,COMPONENT_SIDE_TOP,origin=package_center;+x=right;+y=down,https://raw.githubusercontent.com/kendryte/k230_docs/main/zh/00_hardware/images/HDG/image005.png,HDG figures2-1;2-2;2-3;2-6,NOMINAL_BALL_CENTER_ONLY_NOT_PCB_LAND_PATTERN
T3,VSS,-4.875,3.575,COMPONENT_SIDE_TOP,origin=package_center;+x=right;+y=down,https://raw.githubusercontent.com/kendryte/k230_docs/main/zh/00_hardware/images/HDG/image005.png,HDG figures2-1;2-2;2-3;2-6,NOMINAL_BALL_CENTER_ONLY_NOT_PCB_LAND_PATTERN
T7,VSS,-2.275,3.575,COMPONENT_SIDE_TOP,origin=package_center;+x=right;+y=down,https://raw.githubusercontent.com/kendryte/k230_docs/main/zh/00_hardware/images/HDG/image005.png,HDG figures2-1;2-2;2-3;2-6,NOMINAL_BALL_CENTER_ONLY_NOT_PCB_LAND_PATTERN
T8,VSS,-1.625,3.575,COMPONENT_SIDE_TOP,origin=package_center;+x=right;+y=down,https://raw.githubusercontent.com/kendryte/k230_docs/main/zh/00_hardware/images/HDG/image005.png,HDG figures2-1;2-2;2-3;2-6,NOMINAL_BALL_CENTER_ONLY_NOT_PCB_LAND_PATTERN
T9,VSS,-0.975,3.575,COMPONENT_SIDE_TOP,origin=package_center;+x=right;+y=down,https://raw.githubusercontent.com/kendryte/k230_docs/main/zh/00_hardware/images/HDG/image005.png,HDG figures2-1;2-2;2-3;2-6,NOMINAL_BALL_CENTER_ONLY_NOT_PCB_LAND_PATTERN
T10,GPIO36/IIC3_SCL/IIS_D_IN1/PDM_IN2/UART4_TXD,-0.325,3.575,COMPONENT_SIDE_TOP,origin=package_center;+x=right;+y=down,https://raw.githubusercontent.com/kendryte/k230_docs/main/zh/00_hardware/images/HDG/image005.png,HDG figures2-1;2-2;2-3;2-6,NOMINAL_BALL_CENTER_ONLY_NOT_PCB_LAND_PATTERN
T11,GPIO33/IIC0_SDA/IIS_WS/UART3_RXD,0.325,3.575,COMPONENT_SIDE_TOP,origin=package_center;+x=right;+y=down,https://raw.githubusercontent.com/kendryte/k230_docs/main/zh/00_hardware/images/HDG/image005.png,HDG figures2-1;2-2;2-3;2-6,NOMINAL_BALL_CENTER_ONLY_NOT_PCB_LAND_PATTERN
T12,GPIO13/M_CLK1,0.975,3.575,COMPONENT_SIDE_TOP,origin=package_center;+x=right;+y=down,https://raw.githubusercontent.com/kendryte/k230_docs/main/zh/00_hardware/images/HDG/image005.png,HDG figures2-1;2-2;2-3;2-6,NOMINAL_BALL_CENTER_ONLY_NOT_PCB_LAND_PATTERN
T13,GPIO9/PWM4/UART1_TXD/IIC1_SCL,1.625,3.575,COMPONENT_SIDE_TOP,origin=package_center;+x=right;+y=down,https://raw.githubusercontent.com/kendryte/k230_docs/main/zh/00_hardware/images/HDG/image005.png,HDG figures2-1;2-2;2-3;2-6,NOMINAL_BALL_CENTER_ONLY_NOT_PCB_LAND_PATTERN
T14,GPIO62/M_CLK2/UART3_DE,2.275,3.575,COMPONENT_SIDE_TOP,origin=package_center;+x=right;+y=down,https://raw.githubusercontent.com/kendryte/k230_docs/main/zh/00_hardware/images/HDG/image005.png,HDG figures2-1;2-2;2-3;2-6,NOMINAL_BALL_CENTER_ONLY_NOT_PCB_LAND_PATTERN
T15,VSS,2.925,3.575,COMPONENT_SIDE_TOP,origin=package_center;+x=right;+y=down,https://raw.githubusercontent.com/kendryte/k230_docs/main/zh/00_hardware/images/HDG/image005.png,HDG figures2-1;2-2;2-3;2-6,NOMINAL_BALL_CENTER_ONLY_NOT_PCB_LAND_PATTERN
T16,DDR_DQA1,3.575,3.575,COMPONENT_SIDE_TOP,origin=package_center;+x=right;+y=down,https://raw.githubusercontent.com/kendryte/k230_docs/main/zh/00_hardware/images/HDG/image005.png,HDG figures2-1;2-2;2-3;2-6,NOMINAL_BALL_CENTER_ONLY_NOT_PCB_LAND_PATTERN
T17,DDR_DQA15,4.225,3.575,COMPONENT_SIDE_TOP,origin=package_center;+x=right;+y=down,https://raw.githubusercontent.com/kendryte/k230_docs/main/zh/00_hardware/images/HDG/image005.png,HDG figures2-1;2-2;2-3;2-6,NOMINAL_BALL_CENTER_ONLY_NOT_PCB_LAND_PATTERN
T18,DDR_DQA9,4.875,3.575,COMPONENT_SIDE_TOP,origin=package_center;+x=right;+y=down,https://raw.githubusercontent.com/kendryte/k230_docs/main/zh/00_hardware/images/HDG/image005.png,HDG figures2-1;2-2;2-3;2-6,NOMINAL_BALL_CENTER_ONLY_NOT_PCB_LAND_PATTERN
T19,DDR_CSA1,5.525,3.575,COMPONENT_SIDE_TOP,origin=package_center;+x=right;+y=down,https://raw.githubusercontent.com/kendryte/k230_docs/main/zh/00_hardware/images/HDG/image005.png,HDG figures2-1;2-2;2-3;2-6,NOMINAL_BALL_CENTER_ONLY_NOT_PCB_LAND_PATTERN
T20,DDR_CSA0,6.175,3.575,COMPONENT_SIDE_TOP,origin=package_center;+x=right;+y=down,https://raw.githubusercontent.com/kendryte/k230_docs/main/zh/00_hardware/images/HDG/image005.png,HDG figures2-1;2-2;2-3;2-6,NOMINAL_BALL_CENTER_ONLY_NOT_PCB_LAND_PATTERN
U1,MIPI_RX2_D5_P,-6.175,4.225,COMPONENT_SIDE_TOP,origin=package_center;+x=right;+y=down,https://raw.githubusercontent.com/kendryte/k230_docs/main/zh/00_hardware/images/HDG/image005.png,HDG figures2-1;2-2;2-3;2-6,NOMINAL_BALL_CENTER_ONLY_NOT_PCB_LAND_PATTERN
U2,MIPI_RX2_D5_N,-5.525,4.225,COMPONENT_SIDE_TOP,origin=package_center;+x=right;+y=down,https://raw.githubusercontent.com/kendryte/k230_docs/main/zh/00_hardware/images/HDG/image005.png,HDG figures2-1;2-2;2-3;2-6,NOMINAL_BALL_CENTER_ONLY_NOT_PCB_LAND_PATTERN
U3,VSS,-4.875,4.225,COMPONENT_SIDE_TOP,origin=package_center;+x=right;+y=down,https://raw.githubusercontent.com/kendryte/k230_docs/main/zh/00_hardware/images/HDG/image005.png,HDG figures2-1;2-2;2-3;2-6,NOMINAL_BALL_CENTER_ONLY_NOT_PCB_LAND_PATTERN
U6,MIPI_ATB,-2.925,4.225,COMPONENT_SIDE_TOP,origin=package_center;+x=right;+y=down,https://raw.githubusercontent.com/kendryte/k230_docs/main/zh/00_hardware/images/HDG/image005.png,HDG figures2-1;2-2;2-3;2-6,NOMINAL_BALL_CENTER_ONLY_NOT_PCB_LAND_PATTERN
U7,MIPI_REXT,-2.275,4.225,COMPONENT_SIDE_TOP,origin=package_center;+x=right;+y=down,https://raw.githubusercontent.com/kendryte/k230_docs/main/zh/00_hardware/images/HDG/image005.png,HDG figures2-1;2-2;2-3;2-6,NOMINAL_BALL_CENTER_ONLY_NOT_PCB_LAND_PATTERN
U8,VSS,-1.625,4.225,COMPONENT_SIDE_TOP,origin=package_center;+x=right;+y=down,https://raw.githubusercontent.com/kendryte/k230_docs/main/zh/00_hardware/images/HDG/image005.png,HDG figures2-1;2-2;2-3;2-6,NOMINAL_BALL_CENTER_ONLY_NOT_PCB_LAND_PATTERN
U9,GPIO34/IIC1_SCL/IIS_D_IN0/PDM_IN3/UART3_RTS,-0.975,4.225,COMPONENT_SIDE_TOP,origin=package_center;+x=right;+y=down,https://raw.githubusercontent.com/kendryte/k230_docs/main/zh/00_hardware/images/HDG/image005.png,HDG figures2-1;2-2;2-3;2-6,NOMINAL_BALL_CENTER_ONLY_NOT_PCB_LAND_PATTERN
U10,GPIO32/IIC0_SCL/IIS_CLK/UART3_TXD,-0.325,4.225,COMPONENT_SIDE_TOP,origin=package_center;+x=right;+y=down,https://raw.githubusercontent.com/kendryte/k230_docs/main/zh/00_hardware/images/HDG/image005.png,HDG figures2-1;2-2;2-3;2-6,NOMINAL_BALL_CENTER_ONLY_NOT_PCB_LAND_PATTERN
U11,GPIO26/MMC1_CLK/PDM_CLK,0.325,4.225,COMPONENT_SIDE_TOP,origin=package_center;+x=right;+y=down,https://raw.githubusercontent.com/kendryte/k230_docs/main/zh/00_hardware/images/HDG/image005.png,HDG figures2-1;2-2;2-3;2-6,NOMINAL_BALL_CENTER_ONLY_NOT_PCB_LAND_PATTERN
U12,GPIO8/PWM3/IIC4_SDA,0.975,4.225,COMPONENT_SIDE_TOP,origin=package_center;+x=right;+y=down,https://raw.githubusercontent.com/kendryte/k230_docs/main/zh/00_hardware/images/HDG/image005.png,HDG figures2-1;2-2;2-3;2-6,NOMINAL_BALL_CENTER_ONLY_NOT_PCB_LAND_PATTERN
U13,GPIO10/3D_CTRL_IN/UART1_RXD/IIC1_SDA,1.625,4.225,COMPONENT_SIDE_TOP,origin=package_center;+x=right;+y=down,https://raw.githubusercontent.com/kendryte/k230_docs/main/zh/00_hardware/images/HDG/image005.png,HDG figures2-1;2-2;2-3;2-6,NOMINAL_BALL_CENTER_ONLY_NOT_PCB_LAND_PATTERN
U14,GPIO5/JTAG_TMS/PULSE_CNTR3/UART2_TXD,2.275,4.225,COMPONENT_SIDE_TOP,origin=package_center;+x=right;+y=down,https://raw.githubusercontent.com/kendryte/k230_docs/main/zh/00_hardware/images/HDG/image005.png,HDG figures2-1;2-2;2-3;2-6,NOMINAL_BALL_CENTER_ONLY_NOT_PCB_LAND_PATTERN
U15,GPIO63/M_CLK3/UART3_RE,2.925,4.225,COMPONENT_SIDE_TOP,origin=package_center;+x=right;+y=down,https://raw.githubusercontent.com/kendryte/k230_docs/main/zh/00_hardware/images/HDG/image005.png,HDG figures2-1;2-2;2-3;2-6,NOMINAL_BALL_CENTER_ONLY_NOT_PCB_LAND_PATTERN
U16,DDR_DQA0,3.575,4.225,COMPONENT_SIDE_TOP,origin=package_center;+x=right;+y=down,https://raw.githubusercontent.com/kendryte/k230_docs/main/zh/00_hardware/images/HDG/image005.png,HDG figures2-1;2-2;2-3;2-6,NOMINAL_BALL_CENTER_ONLY_NOT_PCB_LAND_PATTERN
U17,DDR_DQA7,4.225,4.225,COMPONENT_SIDE_TOP,origin=package_center;+x=right;+y=down,https://raw.githubusercontent.com/kendryte/k230_docs/main/zh/00_hardware/images/HDG/image005.png,HDG figures2-1;2-2;2-3;2-6,NOMINAL_BALL_CENTER_ONLY_NOT_PCB_LAND_PATTERN
U18,DDR_DQA13,4.875,4.225,COMPONENT_SIDE_TOP,origin=package_center;+x=right;+y=down,https://raw.githubusercontent.com/kendryte/k230_docs/main/zh/00_hardware/images/HDG/image005.png,HDG figures2-1;2-2;2-3;2-6,NOMINAL_BALL_CENTER_ONLY_NOT_PCB_LAND_PATTERN
U19,VSS,5.525,4.225,COMPONENT_SIDE_TOP,origin=package_center;+x=right;+y=down,https://raw.githubusercontent.com/kendryte/k230_docs/main/zh/00_hardware/images/HDG/image005.png,HDG figures2-1;2-2;2-3;2-6,NOMINAL_BALL_CENTER_ONLY_NOT_PCB_LAND_PATTERN
U20,DDR_DQA11,6.175,4.225,COMPONENT_SIDE_TOP,origin=package_center;+x=right;+y=down,https://raw.githubusercontent.com/kendryte/k230_docs/main/zh/00_hardware/images/HDG/image005.png,HDG figures2-1;2-2;2-3;2-6,NOMINAL_BALL_CENTER_ONLY_NOT_PCB_LAND_PATTERN
V1,MIPI_RX0_D1_N,-6.175,4.875,COMPONENT_SIDE_TOP,origin=package_center;+x=right;+y=down,https://raw.githubusercontent.com/kendryte/k230_docs/main/zh/00_hardware/images/HDG/image005.png,HDG figures2-1;2-2;2-3;2-6,NOMINAL_BALL_CENTER_ONLY_NOT_PCB_LAND_PATTERN
V2,MIPI_RX0_D1_P,-5.525,4.875,COMPONENT_SIDE_TOP,origin=package_center;+x=right;+y=down,https://raw.githubusercontent.com/kendryte/k230_docs/main/zh/00_hardware/images/HDG/image005.png,HDG figures2-1;2-2;2-3;2-6,NOMINAL_BALL_CENTER_ONLY_NOT_PCB_LAND_PATTERN
V3,VSS,-4.875,4.875,COMPONENT_SIDE_TOP,origin=package_center;+x=right;+y=down,https://raw.githubusercontent.com/kendryte/k230_docs/main/zh/00_hardware/images/HDG/image005.png,HDG figures2-1;2-2;2-3;2-6,NOMINAL_BALL_CENTER_ONLY_NOT_PCB_LAND_PATTERN
V4,VSS,-4.225,4.875,COMPONENT_SIDE_TOP,origin=package_center;+x=right;+y=down,https://raw.githubusercontent.com/kendryte/k230_docs/main/zh/00_hardware/images/HDG/image005.png,HDG figures2-1;2-2;2-3;2-6,NOMINAL_BALL_CENTER_ONLY_NOT_PCB_LAND_PATTERN
V5,VSS,-3.575,4.875,COMPONENT_SIDE_TOP,origin=package_center;+x=right;+y=down,https://raw.githubusercontent.com/kendryte/k230_docs/main/zh/00_hardware/images/HDG/image005.png,HDG figures2-1;2-2;2-3;2-6,NOMINAL_BALL_CENTER_ONLY_NOT_PCB_LAND_PATTERN
V6,VSS,-2.925,4.875,COMPONENT_SIDE_TOP,origin=package_center;+x=right;+y=down,https://raw.githubusercontent.com/kendryte/k230_docs/main/zh/00_hardware/images/HDG/image005.png,HDG figures2-1;2-2;2-3;2-6,NOMINAL_BALL_CENTER_ONLY_NOT_PCB_LAND_PATTERN
V7,VSS,-2.275,4.875,COMPONENT_SIDE_TOP,origin=package_center;+x=right;+y=down,https://raw.githubusercontent.com/kendryte/k230_docs/main/zh/00_hardware/images/HDG/image005.png,HDG figures2-1;2-2;2-3;2-6,NOMINAL_BALL_CENTER_ONLY_NOT_PCB_LAND_PATTERN
V8,VSS,-1.625,4.875,COMPONENT_SIDE_TOP,origin=package_center;+x=right;+y=down,https://raw.githubusercontent.com/kendryte/k230_docs/main/zh/00_hardware/images/HDG/image005.png,HDG figures2-1;2-2;2-3;2-6,NOMINAL_BALL_CENTER_ONLY_NOT_PCB_LAND_PATTERN
V9,GPIO31/MMC1_D3/UART3_CTS/3D_CTRL_OUT2,-0.975,4.875,COMPONENT_SIDE_TOP,origin=package_center;+x=right;+y=down,https://raw.githubusercontent.com/kendryte/k230_docs/main/zh/00_hardware/images/HDG/image005.png,HDG figures2-1;2-2;2-3;2-6,NOMINAL_BALL_CENTER_ONLY_NOT_PCB_LAND_PATTERN
V10,GPIO30/MMC1_D2/UART3_RTS/3D_CTRL_OUT1,-0.325,4.875,COMPONENT_SIDE_TOP,origin=package_center;+x=right;+y=down,https://raw.githubusercontent.com/kendryte/k230_docs/main/zh/00_hardware/images/HDG/image005.png,HDG figures2-1;2-2;2-3;2-6,NOMINAL_BALL_CENTER_ONLY_NOT_PCB_LAND_PATTERN
V11,GPIO29/MMC1_D1/UART3_RXD/3D_CTRL_IN,0.325,4.875,COMPONENT_SIDE_TOP,origin=package_center;+x=right;+y=down,https://raw.githubusercontent.com/kendryte/k230_docs/main/zh/00_hardware/images/HDG/image005.png,HDG figures2-1;2-2;2-3;2-6,NOMINAL_BALL_CENTER_ONLY_NOT_PCB_LAND_PATTERN
V12,GPIO28/MMC1_D0/UART3_TXD/PDM_IN1,0.975,4.875,COMPONENT_SIDE_TOP,origin=package_center;+x=right;+y=down,https://raw.githubusercontent.com/kendryte/k230_docs/main/zh/00_hardware/images/HDG/image005.png,HDG figures2-1;2-2;2-3;2-6,NOMINAL_BALL_CENTER_ONLY_NOT_PCB_LAND_PATTERN
V13,GPIO12/3D_CTRL_OUT2/UART2_RXD/IIC2_SDA,1.625,4.875,COMPONENT_SIDE_TOP,origin=package_center;+x=right;+y=down,https://raw.githubusercontent.com/kendryte/k230_docs/main/zh/00_hardware/images/HDG/image005.png,HDG figures2-1;2-2;2-3;2-6,NOMINAL_BALL_CENTER_ONLY_NOT_PCB_LAND_PATTERN
V14,GPIO6/JTAG_RST/PULSE_CNTR4/UART2_RXD,2.275,4.875,COMPONENT_SIDE_TOP,origin=package_center;+x=right;+y=down,https://raw.githubusercontent.com/kendryte/k230_docs/main/zh/00_hardware/images/HDG/image005.png,HDG figures2-1;2-2;2-3;2-6,NOMINAL_BALL_CENTER_ONLY_NOT_PCB_LAND_PATTERN
V15,GPIO3/JTAG_TDI/PULSE_CNTR1/UART1_TXD,2.925,4.875,COMPONENT_SIDE_TOP,origin=package_center;+x=right;+y=down,https://raw.githubusercontent.com/kendryte/k230_docs/main/zh/00_hardware/images/HDG/image005.png,HDG figures2-1;2-2;2-3;2-6,NOMINAL_BALL_CENTER_ONLY_NOT_PCB_LAND_PATTERN
V16,DDR_DQA2,3.575,4.875,COMPONENT_SIDE_TOP,origin=package_center;+x=right;+y=down,https://raw.githubusercontent.com/kendryte/k230_docs/main/zh/00_hardware/images/HDG/image005.png,HDG figures2-1;2-2;2-3;2-6,NOMINAL_BALL_CENTER_ONLY_NOT_PCB_LAND_PATTERN
V17,DDR_DMIA0,4.225,4.875,COMPONENT_SIDE_TOP,origin=package_center;+x=right;+y=down,https://raw.githubusercontent.com/kendryte/k230_docs/main/zh/00_hardware/images/HDG/image005.png,HDG figures2-1;2-2;2-3;2-6,NOMINAL_BALL_CENTER_ONLY_NOT_PCB_LAND_PATTERN
V18,DDR_DQA5,4.875,4.875,COMPONENT_SIDE_TOP,origin=package_center;+x=right;+y=down,https://raw.githubusercontent.com/kendryte/k230_docs/main/zh/00_hardware/images/HDG/image005.png,HDG figures2-1;2-2;2-3;2-6,NOMINAL_BALL_CENTER_ONLY_NOT_PCB_LAND_PATTERN
V19,DDR_DQSA1N,5.525,4.875,COMPONENT_SIDE_TOP,origin=package_center;+x=right;+y=down,https://raw.githubusercontent.com/kendryte/k230_docs/main/zh/00_hardware/images/HDG/image005.png,HDG figures2-1;2-2;2-3;2-6,NOMINAL_BALL_CENTER_ONLY_NOT_PCB_LAND_PATTERN
V20,DDR_DQSA1P,6.175,4.875,COMPONENT_SIDE_TOP,origin=package_center;+x=right;+y=down,https://raw.githubusercontent.com/kendryte/k230_docs/main/zh/00_hardware/images/HDG/image005.png,HDG figures2-1;2-2;2-3;2-6,NOMINAL_BALL_CENTER_ONLY_NOT_PCB_LAND_PATTERN
W1,VSS,-6.175,5.525,COMPONENT_SIDE_TOP,origin=package_center;+x=right;+y=down,https://raw.githubusercontent.com/kendryte/k230_docs/main/zh/00_hardware/images/HDG/image005.png,HDG figures2-1;2-2;2-3;2-6,NOMINAL_BALL_CENTER_ONLY_NOT_PCB_LAND_PATTERN
W2,MIPI_RX0_CLK_P,-5.525,5.525,COMPONENT_SIDE_TOP,origin=package_center;+x=right;+y=down,https://raw.githubusercontent.com/kendryte/k230_docs/main/zh/00_hardware/images/HDG/image005.png,HDG figures2-1;2-2;2-3;2-6,NOMINAL_BALL_CENTER_ONLY_NOT_PCB_LAND_PATTERN
W3,MIPI_RX0_D0_N,-4.875,5.525,COMPONENT_SIDE_TOP,origin=package_center;+x=right;+y=down,https://raw.githubusercontent.com/kendryte/k230_docs/main/zh/00_hardware/images/HDG/image005.png,HDG figures2-1;2-2;2-3;2-6,NOMINAL_BALL_CENTER_ONLY_NOT_PCB_LAND_PATTERN
W4,MIPI_RX1_D2_P,-4.225,5.525,COMPONENT_SIDE_TOP,origin=package_center;+x=right;+y=down,https://raw.githubusercontent.com/kendryte/k230_docs/main/zh/00_hardware/images/HDG/image005.png,HDG figures2-1;2-2;2-3;2-6,NOMINAL_BALL_CENTER_ONLY_NOT_PCB_LAND_PATTERN
W5,MIPI_RX1_CLK_N,-3.575,5.525,COMPONENT_SIDE_TOP,origin=package_center;+x=right;+y=down,https://raw.githubusercontent.com/kendryte/k230_docs/main/zh/00_hardware/images/HDG/image005.png,HDG figures2-1;2-2;2-3;2-6,NOMINAL_BALL_CENTER_ONLY_NOT_PCB_LAND_PATTERN
W6,MIPI_RX1_D3_N,-2.925,5.525,COMPONENT_SIDE_TOP,origin=package_center;+x=right;+y=down,https://raw.githubusercontent.com/kendryte/k230_docs/main/zh/00_hardware/images/HDG/image005.png,HDG figures2-1;2-2;2-3;2-6,NOMINAL_BALL_CENTER_ONLY_NOT_PCB_LAND_PATTERN
W7,MIPI_TX1_D3_N,-2.275,5.525,COMPONENT_SIDE_TOP,origin=package_center;+x=right;+y=down,https://raw.githubusercontent.com/kendryte/k230_docs/main/zh/00_hardware/images/HDG/image005.png,HDG figures2-1;2-2;2-3;2-6,NOMINAL_BALL_CENTER_ONLY_NOT_PCB_LAND_PATTERN
W8,MIPI_TX1_D2_P,-1.625,5.525,COMPONENT_SIDE_TOP,origin=package_center;+x=right;+y=down,https://raw.githubusercontent.com/kendryte/k230_docs/main/zh/00_hardware/images/HDG/image005.png,HDG figures2-1;2-2;2-3;2-6,NOMINAL_BALL_CENTER_ONLY_NOT_PCB_LAND_PATTERN
W9,MIPI_TX0_CLK_N,-0.975,5.525,COMPONENT_SIDE_TOP,origin=package_center;+x=right;+y=down,https://raw.githubusercontent.com/kendryte/k230_docs/main/zh/00_hardware/images/HDG/image005.png,HDG figures2-1;2-2;2-3;2-6,NOMINAL_BALL_CENTER_ONLY_NOT_PCB_LAND_PATTERN
W10,MIPI_TX0_D0_P,-0.325,5.525,COMPONENT_SIDE_TOP,origin=package_center;+x=right;+y=down,https://raw.githubusercontent.com/kendryte/k230_docs/main/zh/00_hardware/images/HDG/image005.png,HDG figures2-1;2-2;2-3;2-6,NOMINAL_BALL_CENTER_ONLY_NOT_PCB_LAND_PATTERN
W11,MIPI_TX0_D1_N,0.325,5.525,COMPONENT_SIDE_TOP,origin=package_center;+x=right;+y=down,https://raw.githubusercontent.com/kendryte/k230_docs/main/zh/00_hardware/images/HDG/image005.png,HDG figures2-1;2-2;2-3;2-6,NOMINAL_BALL_CENTER_ONLY_NOT_PCB_LAND_PATTERN
W12,GPIO35/IIC1_SDA/IIS_D_OUT0/PDM_IN1/UART3_CTS,0.975,5.525,COMPONENT_SIDE_TOP,origin=package_center;+x=right;+y=down,https://raw.githubusercontent.com/kendryte/k230_docs/main/zh/00_hardware/images/HDG/image005.png,HDG figures2-1;2-2;2-3;2-6,NOMINAL_BALL_CENTER_ONLY_NOT_PCB_LAND_PATTERN
W13,GPIO27/MMC1_CMD/PULSE_CNTR5/PDM_IN0,1.625,5.525,COMPONENT_SIDE_TOP,origin=package_center;+x=right;+y=down,https://raw.githubusercontent.com/kendryte/k230_docs/main/zh/00_hardware/images/HDG/image005.png,HDG figures2-1;2-2;2-3;2-6,NOMINAL_BALL_CENTER_ONLY_NOT_PCB_LAND_PATTERN
W14,GPIO7/PWM2/IIC4_SCL,2.275,5.525,COMPONENT_SIDE_TOP,origin=package_center;+x=right;+y=down,https://raw.githubusercontent.com/kendryte/k230_docs/main/zh/00_hardware/images/HDG/image005.png,HDG figures2-1;2-2;2-3;2-6,NOMINAL_BALL_CENTER_ONLY_NOT_PCB_LAND_PATTERN
W15,GPIO2/JTAG_TCK/PULSE_CNTR0,2.925,5.525,COMPONENT_SIDE_TOP,origin=package_center;+x=right;+y=down,https://raw.githubusercontent.com/kendryte/k230_docs/main/zh/00_hardware/images/HDG/image005.png,HDG figures2-1;2-2;2-3;2-6,NOMINAL_BALL_CENTER_ONLY_NOT_PCB_LAND_PATTERN
W16,VSS,3.575,5.525,COMPONENT_SIDE_TOP,origin=package_center;+x=right;+y=down,https://raw.githubusercontent.com/kendryte/k230_docs/main/zh/00_hardware/images/HDG/image005.png,HDG figures2-1;2-2;2-3;2-6,NOMINAL_BALL_CENTER_ONLY_NOT_PCB_LAND_PATTERN
W17,DDR_DQSA0P,4.225,5.525,COMPONENT_SIDE_TOP,origin=package_center;+x=right;+y=down,https://raw.githubusercontent.com/kendryte/k230_docs/main/zh/00_hardware/images/HDG/image005.png,HDG figures2-1;2-2;2-3;2-6,NOMINAL_BALL_CENTER_ONLY_NOT_PCB_LAND_PATTERN
W18,DDR_DQA4,4.875,5.525,COMPONENT_SIDE_TOP,origin=package_center;+x=right;+y=down,https://raw.githubusercontent.com/kendryte/k230_docs/main/zh/00_hardware/images/HDG/image005.png,HDG figures2-1;2-2;2-3;2-6,NOMINAL_BALL_CENTER_ONLY_NOT_PCB_LAND_PATTERN
W19,DDR_DQA12,5.525,5.525,COMPONENT_SIDE_TOP,origin=package_center;+x=right;+y=down,https://raw.githubusercontent.com/kendryte/k230_docs/main/zh/00_hardware/images/HDG/image005.png,HDG figures2-1;2-2;2-3;2-6,NOMINAL_BALL_CENTER_ONLY_NOT_PCB_LAND_PATTERN
W20,VSS,6.175,5.525,COMPONENT_SIDE_TOP,origin=package_center;+x=right;+y=down,https://raw.githubusercontent.com/kendryte/k230_docs/main/zh/00_hardware/images/HDG/image005.png,HDG figures2-1;2-2;2-3;2-6,NOMINAL_BALL_CENTER_ONLY_NOT_PCB_LAND_PATTERN
Y1,NC,-6.175,6.175,COMPONENT_SIDE_TOP,origin=package_center;+x=right;+y=down,https://raw.githubusercontent.com/kendryte/k230_docs/main/zh/00_hardware/images/HDG/image005.png,HDG figures2-1;2-2;2-3;2-6,NOMINAL_BALL_CENTER_ONLY_NOT_PCB_LAND_PATTERN
Y2,MIPI_RX0_CLK_N,-5.525,6.175,COMPONENT_SIDE_TOP,origin=package_center;+x=right;+y=down,https://raw.githubusercontent.com/kendryte/k230_docs/main/zh/00_hardware/images/HDG/image005.png,HDG figures2-1;2-2;2-3;2-6,NOMINAL_BALL_CENTER_ONLY_NOT_PCB_LAND_PATTERN
Y3,MIPI_RX0_D0_P,-4.875,6.175,COMPONENT_SIDE_TOP,origin=package_center;+x=right;+y=down,https://raw.githubusercontent.com/kendryte/k230_docs/main/zh/00_hardware/images/HDG/image005.png,HDG figures2-1;2-2;2-3;2-6,NOMINAL_BALL_CENTER_ONLY_NOT_PCB_LAND_PATTERN
Y4,MIPI_RX1_D2_N,-4.225,6.175,COMPONENT_SIDE_TOP,origin=package_center;+x=right;+y=down,https://raw.githubusercontent.com/kendryte/k230_docs/main/zh/00_hardware/images/HDG/image005.png,HDG figures2-1;2-2;2-3;2-6,NOMINAL_BALL_CENTER_ONLY_NOT_PCB_LAND_PATTERN
Y5,MIPI_RX1_CLK_P,-3.575,6.175,COMPONENT_SIDE_TOP,origin=package_center;+x=right;+y=down,https://raw.githubusercontent.com/kendryte/k230_docs/main/zh/00_hardware/images/HDG/image005.png,HDG figures2-1;2-2;2-3;2-6,NOMINAL_BALL_CENTER_ONLY_NOT_PCB_LAND_PATTERN
Y6,MIPI_RX1_D3_P,-2.925,6.175,COMPONENT_SIDE_TOP,origin=package_center;+x=right;+y=down,https://raw.githubusercontent.com/kendryte/k230_docs/main/zh/00_hardware/images/HDG/image005.png,HDG figures2-1;2-2;2-3;2-6,NOMINAL_BALL_CENTER_ONLY_NOT_PCB_LAND_PATTERN
Y7,MIPI_TX1_D3_P,-2.275,6.175,COMPONENT_SIDE_TOP,origin=package_center;+x=right;+y=down,https://raw.githubusercontent.com/kendryte/k230_docs/main/zh/00_hardware/images/HDG/image005.png,HDG figures2-1;2-2;2-3;2-6,NOMINAL_BALL_CENTER_ONLY_NOT_PCB_LAND_PATTERN
Y8,MIPI_TX1_D2_N,-1.625,6.175,COMPONENT_SIDE_TOP,origin=package_center;+x=right;+y=down,https://raw.githubusercontent.com/kendryte/k230_docs/main/zh/00_hardware/images/HDG/image005.png,HDG figures2-1;2-2;2-3;2-6,NOMINAL_BALL_CENTER_ONLY_NOT_PCB_LAND_PATTERN
Y9,MIPI_TX0_CLK_P,-0.975,6.175,COMPONENT_SIDE_TOP,origin=package_center;+x=right;+y=down,https://raw.githubusercontent.com/kendryte/k230_docs/main/zh/00_hardware/images/HDG/image005.png,HDG figures2-1;2-2;2-3;2-6,NOMINAL_BALL_CENTER_ONLY_NOT_PCB_LAND_PATTERN
Y10,MIPI_TX0_D0_N,-0.325,6.175,COMPONENT_SIDE_TOP,origin=package_center;+x=right;+y=down,https://raw.githubusercontent.com/kendryte/k230_docs/main/zh/00_hardware/images/HDG/image005.png,HDG figures2-1;2-2;2-3;2-6,NOMINAL_BALL_CENTER_ONLY_NOT_PCB_LAND_PATTERN
Y11,MIPI_TX0_D1_P,0.325,6.175,COMPONENT_SIDE_TOP,origin=package_center;+x=right;+y=down,https://raw.githubusercontent.com/kendryte/k230_docs/main/zh/00_hardware/images/HDG/image005.png,HDG figures2-1;2-2;2-3;2-6,NOMINAL_BALL_CENTER_ONLY_NOT_PCB_LAND_PATTERN
Y12,GPIO37/IIC3_SDA/IIS_D_OUT1/PDM_IN0/UART4_RXD,0.975,6.175,COMPONENT_SIDE_TOP,origin=package_center;+x=right;+y=down,https://raw.githubusercontent.com/kendryte/k230_docs/main/zh/00_hardware/images/HDG/image005.png,HDG figures2-1;2-2;2-3;2-6,NOMINAL_BALL_CENTER_ONLY_NOT_PCB_LAND_PATTERN
Y13,VSS,1.625,6.175,COMPONENT_SIDE_TOP,origin=package_center;+x=right;+y=down,https://raw.githubusercontent.com/kendryte/k230_docs/main/zh/00_hardware/images/HDG/image005.png,HDG figures2-1;2-2;2-3;2-6,NOMINAL_BALL_CENTER_ONLY_NOT_PCB_LAND_PATTERN
Y14,GPIO11/3D_CTRL_OUT1/UART2_TXD/IIC2_SCL,2.275,6.175,COMPONENT_SIDE_TOP,origin=package_center;+x=right;+y=down,https://raw.githubusercontent.com/kendryte/k230_docs/main/zh/00_hardware/images/HDG/image005.png,HDG figures2-1;2-2;2-3;2-6,NOMINAL_BALL_CENTER_ONLY_NOT_PCB_LAND_PATTERN
Y15,GPIO4/JTAG_TDO/PULSE_CNTR2/UART1_RXD,2.925,6.175,COMPONENT_SIDE_TOP,origin=package_center;+x=right;+y=down,https://raw.githubusercontent.com/kendryte/k230_docs/main/zh/00_hardware/images/HDG/image005.png,HDG figures2-1;2-2;2-3;2-6,NOMINAL_BALL_CENTER_ONLY_NOT_PCB_LAND_PATTERN
Y16,DDR_DQA3,3.575,6.175,COMPONENT_SIDE_TOP,origin=package_center;+x=right;+y=down,https://raw.githubusercontent.com/kendryte/k230_docs/main/zh/00_hardware/images/HDG/image005.png,HDG figures2-1;2-2;2-3;2-6,NOMINAL_BALL_CENTER_ONLY_NOT_PCB_LAND_PATTERN
Y17,DDR_DQSA0N,4.225,6.175,COMPONENT_SIDE_TOP,origin=package_center;+x=right;+y=down,https://raw.githubusercontent.com/kendryte/k230_docs/main/zh/00_hardware/images/HDG/image005.png,HDG figures2-1;2-2;2-3;2-6,NOMINAL_BALL_CENTER_ONLY_NOT_PCB_LAND_PATTERN
Y18,DDR_DQA6,4.875,6.175,COMPONENT_SIDE_TOP,origin=package_center;+x=right;+y=down,https://raw.githubusercontent.com/kendryte/k230_docs/main/zh/00_hardware/images/HDG/image005.png,HDG figures2-1;2-2;2-3;2-6,NOMINAL_BALL_CENTER_ONLY_NOT_PCB_LAND_PATTERN
Y19,VSS,5.525,6.175,COMPONENT_SIDE_TOP,origin=package_center;+x=right;+y=down,https://raw.githubusercontent.com/kendryte/k230_docs/main/zh/00_hardware/images/HDG/image005.png,HDG figures2-1;2-2;2-3;2-6,NOMINAL_BALL_CENTER_ONLY_NOT_PCB_LAND_PATTERN
Y20,NC,6.175,6.175,COMPONENT_SIDE_TOP,origin=package_center;+x=right;+y=down,https://raw.githubusercontent.com/kendryte/k230_docs/main/zh/00_hardware/images/HDG/image005.png,HDG figures2-1;2-2;2-3;2-6,NOMINAL_BALL_CENTER_ONLY_NOT_PCB_LAND_PATTERN
