soc_ball,soc_signal,reference_net,source,source_page,source_unit,source_block,ball_bbox,signal_bbox,net_bbox,net_evidence
A2,USB0_DP,,01studio-CanMV-K230.pdf,1,U12.4,32,"[604.0800170898438, 160.66595458984375, 611.8289794921875, 169.09918212890625]","[565.8499755859375, 163.8359375, 594.7232055664062, 172.2691650390625]",[],Unresolved; blank does not assert an unconnected pin
A3,USB1_VBUS,,01studio-CanMV-K230.pdf,1,U12.4,33,"[604.0800170898438, 218.26593017578125, 611.8289794921875, 226.69915771484375]","[557.3900146484375, 221.43597412109375, 594.7155151367188, 229.86920166015625]",[],Unresolved; blank does not assert an unconnected pin
A4,USB1_DN,,01studio-CanMV-K230.pdf,1,U12.4,34,"[604.0800170898438, 196.66595458984375, 611.8289794921875, 205.09918212890625]","[565.5, 199.8359375, 594.7216796875, 208.2691650390625]",[],Unresolved; blank does not assert an unconnected pin
A5,MMC0_CLK,TFCARD_CLK,01studio-CanMV-K230.pdf,1,U12.4,35,"[604.0800170898438, 74.26593780517578, 611.8289794921875, 82.69915008544922]","[560.219970703125, 77.43598175048828, 594.7195434570312, 85.86919403076172]","[630.0, 74.26593780517578, 671.538818359375, 82.69915008544922]",Explicit same-row external label; source-page bounding box
A6,MMC0_RST_N,,01studio-CanMV-K230.pdf,1,U12.4,35,"[604.0800170898438, 67.06598663330078, 611.8289794921875, 75.49919891357422]","[551.77001953125, 70.23596954345703, 594.7154541015625, 78.66918182373047]",[],Unresolved; blank does not assert an unconnected pin
A7,MMC0_D5,,01studio-CanMV-K230.pdf,1,U12.4,36,"[604.0800170898438, 124.66596221923828, 611.8289794921875, 133.09918212890625]","[564.4500122070312, 127.83594512939453, 594.7234497070312, 136.2691650390625]",[],Unresolved; blank does not assert an unconnected pin
A8,CLK24M_XOUT,24M_XOUT,01studio-CanMV-K230.pdf,1,U12.4,63,"[409.1300048828125, 81.46595001220703, 416.8789367675781, 89.89916229248047]","[426.239990234375, 84.63593292236328, 472.01129150390625, 93.06914520263672]","[359.2799987792969, 81.46595001220703, 392.727783203125, 89.89916229248047]",Explicit same-row external label; source-page bounding box
A9,TEST_EN,,01studio-CanMV-K230.pdf,1,U12.4,68,"[409.1300048828125, 103.06598663330078, 416.8789367675781, 111.49919891357422]","[426.239990234375, 106.23596954345703, 454.7583312988281, 114.66918182373047]",[],Unresolved; blank does not assert an unconnected pin
A10,GPIO66/INT2,,01studio-CanMV-K230.pdf,1,U12.4,52,"[405.6099853515625, 189.4659423828125, 416.8817443847656, 197.899169921875]","[426.239990234375, 192.63592529296875, 464.62353515625, 201.06915283203125]",[],Unresolved; blank does not assert an unconnected pin
A11,GPIO67/INT3,,01studio-CanMV-K230.pdf,1,U12.4,53,"[405.6099853515625, 196.66595458984375, 416.8817443847656, 205.09918212890625]","[426.239990234375, 199.8359375, 464.62353515625, 208.2691650390625]",[],Unresolved; blank does not assert an unconnected pin
A12,CLK32K768_XOUT,32K768_XOUT,01studio-CanMV-K230.pdf,1,U12.4,64,"[405.6099853515625, 67.06598663330078, 416.8817443847656, 75.49919891357422]","[426.239990234375, 70.23596954345703, 481.5279846191406, 78.66918182373047]","[359.2799987792969, 67.06598663330078, 402.2444763183594, 75.49919891357422]",Explicit same-row external label; source-page bounding box
A13,VSS,GND,01studio-CanMV-K230.pdf,3,U12.1,237,"[236.26597595214844, 78.00818634033203, 244.69920349121094, 89.27996826171875]","[239.86598205566406, 98.64156341552734, 248.29920959472656, 111.3199462890625]","[456.6400146484375, 502.2359619140625, 470.7185974121094, 510.669189453125]",Visually verified U12.1 shared supply/ground bus and its label; power.png
A14,DDR_DQB3,DDR_DQB0,01studio-CanMV-K230.pdf,2,U12.2,93,"[110.40999603271484, 401.865966796875, 121.68174743652344, 410.2991943359375]","[131.0399932861328, 405.03594970703125, 165.5395050048828, 413.46917724609375]","[53.279998779296875, 401.8659362792969, 87.77952575683594, 410.2991638183594]",Explicit same-row external label; source-page bounding box
A15,DDR_DQSB0N,DDR_DQSB0_N,01studio-CanMV-K230.pdf,2,U12.2,121,"[110.40999603271484, 517.06591796875, 121.68174743652344, 525.4991455078125]","[131.0399932861328, 520.2359619140625, 174.3402099609375, 528.669189453125]","[53.279998779296875, 517.06591796875, 100.1030502319336, 525.4991455078125]",Explicit same-row external label; source-page bounding box
A16,VSS,GND,01studio-CanMV-K230.pdf,3,U12.1,238,"[243.46597290039062, 78.00818634033203, 251.89920043945312, 89.27996826171875]","[247.06597900390625, 98.64156341552734, 255.49920654296875, 111.3199462890625]","[456.6400146484375, 502.2359619140625, 470.7185974121094, 510.669189453125]",Visually verified U12.1 shared supply/ground bus and its label; power.png
A17,DDR_DQB4,DDR_DQB1,01studio-CanMV-K230.pdf,2,U12.2,94,"[110.40999603271484, 409.0659484863281, 121.68174743652344, 417.4991760253906]","[131.0399932861328, 412.2359619140625, 165.5395050048828, 420.669189453125]","[53.279998779296875, 409.0659484863281, 87.77952575683594, 417.4991760253906]",Explicit same-row external label; source-page bounding box
A18,DDR_DQSB1N,DDR_DQSB1_N,01studio-CanMV-K230.pdf,2,U12.2,122,"[110.40999603271484, 538.6658935546875, 121.68174743652344, 547.09912109375]","[131.0399932861328, 541.8359375, 174.3402099609375, 550.2691650390625]","[53.279998779296875, 538.6659545898438, 100.1030502319336, 547.0991821289062]",Explicit same-row external label; source-page bounding box
A19,VSS,GND,01studio-CanMV-K230.pdf,3,U12.1,239,"[250.66598510742188, 78.00818634033203, 259.0992126464844, 89.27996826171875]","[254.2659912109375, 98.64156341552734, 262.69921875, 111.3199462890625]","[456.6400146484375, 502.2359619140625, 470.7185974121094, 510.669189453125]",Visually verified U12.1 shared supply/ground bus and its label; power.png
A20,NC,,01studio-CanMV-K230.pdf,1,U12.4,30,"[405.6099853515625, 146.26593017578125, 416.8817443847656, 154.69915771484375]","[426.239990234375, 149.43597412109375, 435.38916015625, 157.86920166015625]",[],Unresolved; blank does not assert an unconnected pin
B1,ADC_2,ADC2,01studio-CanMV-K230.pdf,1,U12.4,69,"[409.1300048828125, 297.4659423828125, 416.8789367675781, 305.899169921875]","[426.239990234375, 300.63592529296875, 446.6609191894531, 309.06915283203125]","[378.7200012207031, 297.4659423828125, 395.61810302734375, 305.899169921875]",Explicit same-row external label; source-page bounding box
B2,USB0_DN,,01studio-CanMV-K230.pdf,1,U12.4,37,"[604.0800170898438, 167.865966796875, 611.8289794921875, 176.2991943359375]","[565.5, 171.03594970703125, 594.7216796875, 179.46917724609375]",[],Unresolved; blank does not assert an unconnected pin
B3,USB1_ID,,01studio-CanMV-K230.pdf,1,U12.4,38,"[604.0800170898438, 182.26593017578125, 611.8289794921875, 190.69915771484375]","[568.3099975585938, 185.43597412109375, 594.718505859375, 193.86920166015625]",[],Unresolved; blank does not assert an unconnected pin
B4,USB1_DP,,01studio-CanMV-K230.pdf,1,U12.4,39,"[604.0800170898438, 189.4659423828125, 611.8289794921875, 197.899169921875]","[565.8499755859375, 192.63592529296875, 594.7232055664062, 201.06915283203125]",[],Unresolved; blank does not assert an unconnected pin
B5,MMC0_D2,TFCARD_D2,01studio-CanMV-K230.pdf,1,U12.4,40,"[604.0800170898438, 103.06598663330078, 611.8289794921875, 111.49919891357422]","[564.4500122070312, 106.23596954345703, 594.7234497070312, 114.66918182373047]","[630.0, 103.06598663330078, 667.3126831054688, 111.49919891357422]",Explicit same-row external label; source-page bounding box
B6,MMC0_STROBE,,01studio-CanMV-K230.pdf,1,U12.4,41,"[604.0800170898438, 59.86597442626953, 611.8289794921875, 68.29918670654297]","[546.489990234375, 63.03595733642578, 594.7196655273438, 71.46916961669922]",[],Unresolved; blank does not assert an unconnected pin
B7,MMC0_D6,,01studio-CanMV-K230.pdf,1,U12.4,42,"[604.0800170898438, 131.865966796875, 611.8289794921875, 140.2991943359375]","[564.4500122070312, 135.03594970703125, 594.7234497070312, 143.46917724609375]",[],Unresolved; blank does not assert an unconnected pin
B8,CLK24M_XIN,24M_XIN,01studio-CanMV-K230.pdf,1,U12.4,65,"[409.1300048828125, 74.26593780517578, 416.8789367675781, 82.69915008544922]","[426.239990234375, 77.43598175048828, 464.97198486328125, 85.86919403076172]","[359.2799987792969, 74.26593780517578, 385.6884765625, 82.69915008544922]",Explicit same-row external label; source-page bounding box
B9,RSTN,RSTN,01studio-CanMV-K230.pdf,1,U12.4,66,"[409.1300048828125, 95.86597442626953, 416.8789367675781, 104.29918670654297]","[426.239990234375, 99.03595733642578, 443.486572265625, 107.46916961669922]","[359.2799987792969, 95.86597442626953, 376.5265808105469, 104.29918670654297]",Explicit same-row external label; source-page bounding box
B10,GPIO65/INT1,,01studio-CanMV-K230.pdf,1,U12.4,54,"[405.6099853515625, 182.26593017578125, 416.8817443847656, 190.69915771484375]","[426.239990234375, 185.43597412109375, 464.62353515625, 193.86920166015625]",[],Unresolved; blank does not assert an unconnected pin
B11,GPIO70/OUT0,,01studio-CanMV-K230.pdf,1,U12.4,55,"[405.6099853515625, 225.4659423828125, 416.8817443847656, 233.899169921875]","[426.239990234375, 228.63592529296875, 467.7915344238281, 237.06915283203125]",[],Unresolved; blank does not assert an unconnected pin
B12,CLK32K768_XIN,32K768_XIN,01studio-CanMV-K230.pdf,1,U12.4,67,"[405.6099853515625, 59.86597442626953, 416.8817443847656, 68.29918670654297]","[426.239990234375, 63.03595733642578, 474.4886779785156, 71.46916961669922]","[359.2799987792969, 59.86597442626953, 395.2051696777344, 68.29918670654297]",Explicit same-row external label; source-page bounding box
B13,VSS,GND,01studio-CanMV-K230.pdf,3,U12.1,240,"[257.865966796875, 78.00818634033203, 266.2991943359375, 89.27996826171875]","[261.4659729003906, 98.64156341552734, 269.8992004394531, 111.3199462890625]","[456.6400146484375, 502.2359619140625, 470.7185974121094, 510.669189453125]",Visually verified U12.1 shared supply/ground bus and its label; power.png
B14,DDR_DQB2,DDR_DQB3,01studio-CanMV-K230.pdf,2,U12.2,95,"[110.40999603271484, 394.6659240722656, 121.68174743652344, 403.0991516113281]","[131.0399932861328, 397.8359375, 165.5395050048828, 406.2691650390625]","[53.279998779296875, 394.66595458984375, 87.77952575683594, 403.09918212890625]",Explicit same-row external label; source-page bounding box
B15,DDR_DQSB0P,DDR_DQSB0_P,01studio-CanMV-K230.pdf,2,U12.2,123,"[110.40999603271484, 509.865966796875, 121.68174743652344, 518.2991943359375]","[131.0399932861328, 513.0359497070312, 173.99172973632812, 521.4691772460938]","[53.279998779296875, 509.865966796875, 99.75457000732422, 518.2991943359375]",Explicit same-row external label; source-page bounding box
B16,DDR_DQB5,DDR_DQB5,01studio-CanMV-K230.pdf,2,U12.2,96,"[110.40999603271484, 416.26593017578125, 121.68174743652344, 424.69915771484375]","[131.0399932861328, 419.4359436035156, 165.5395050048828, 427.8691711425781]","[53.279998779296875, 416.2659606933594, 87.77952575683594, 424.6991882324219]",Explicit same-row external label; source-page bounding box
B17,DDR_DQB7,DDR_DQB7,01studio-CanMV-K230.pdf,2,U12.2,97,"[110.40999603271484, 430.6659240722656, 121.68174743652344, 439.0991516113281]","[131.0399932861328, 433.8359375, 165.5395050048828, 442.2691650390625]","[53.279998779296875, 430.66595458984375, 87.77952575683594, 439.09918212890625]",Explicit same-row external label; source-page bounding box
B18,DDR_DQSB1P,DDR_DQSB1_P,01studio-CanMV-K230.pdf,2,U12.2,124,"[110.40999603271484, 531.4659423828125, 121.68174743652344, 539.899169921875]","[131.0399932861328, 534.635986328125, 173.99172973632812, 543.0692138671875]","[53.279998779296875, 531.4659423828125, 99.75457000732422, 539.899169921875]",Explicit same-row external label; source-page bounding box
B19,DDR_DQB9,DDR_DQB15,01studio-CanMV-K230.pdf,2,U12.2,98,"[110.40999603271484, 452.26593017578125, 121.68174743652344, 460.69915771484375]","[131.0399932861328, 455.4359436035156, 165.5395050048828, 463.8691711425781]","[53.279998779296875, 452.2659606933594, 91.3023452758789, 460.6991882324219]",Explicit same-row external label; source-page bounding box
B20,VSS,GND,01studio-CanMV-K230.pdf,3,U12.1,241,"[265.06597900390625, 78.00818634033203, 273.49920654296875, 89.27996826171875]","[268.6659851074219, 98.64156341552734, 277.0992126464844, 111.3199462890625]","[456.6400146484375, 502.2359619140625, 470.7185974121094, 510.669189453125]",Visually verified U12.1 shared supply/ground bus and its label; power.png
C1,ADC_4,,01studio-CanMV-K230.pdf,1,U12.4,70,"[408.7799987792969, 326.26593017578125, 416.8774108886719, 334.69915771484375]","[426.239990234375, 329.43597412109375, 446.6609191894531, 337.86920166015625]",[],Unresolved; blank does not assert an unconnected pin
C2,ADC_0,ADC0,01studio-CanMV-K230.pdf,1,U12.4,71,"[408.7799987792969, 268.66595458984375, 416.8774108886719, 277.09918212890625]","[426.239990234375, 271.8359375, 446.6609191894531, 280.2691650390625]","[378.7200012207031, 268.66595458984375, 395.61810302734375, 277.09918212890625]",Explicit same-row external label; source-page bounding box
C3,USB0_VBUS,,01studio-CanMV-K230.pdf,1,U12.4,43,"[604.0800170898438, 211.06597900390625, 612.1774291992188, 219.49920654296875]","[557.3900146484375, 214.2359619140625, 594.7155151367188, 222.669189453125]",[],Unresolved; blank does not assert an unconnected pin
C4,USB1_TXRTUNE,,01studio-CanMV-K230.pdf,1,U12.4,44,"[604.0800170898438, 232.66595458984375, 612.1774291992188, 241.09918212890625]","[544.72998046875, 235.8359375, 594.7210693359375, 244.2691650390625]",[],Unresolved; blank does not assert an unconnected pin
C5,MMC0_D1,TFCARD_D1,01studio-CanMV-K230.pdf,1,U12.4,45,"[604.0800170898438, 95.86597442626953, 612.1774291992188, 104.29918670654297]","[564.4500122070312, 99.03595733642578, 594.7234497070312, 107.46916961669922]","[630.0, 95.86597442626953, 667.3126831054688, 104.29918670654297]",Explicit same-row external label; source-page bounding box
C6,MMC0_D3,TFCARD_D3,01studio-CanMV-K230.pdf,1,U12.4,46,"[604.0800170898438, 110.26593780517578, 612.1774291992188, 118.69915008544922]","[564.4500122070312, 113.43598175048828, 594.7234497070312, 121.86919403076172]","[630.0, 110.26593780517578, 667.3126831054688, 118.69915008544922]",Explicit same-row external label; source-page bounding box
C7,MMC0_D7,,01studio-CanMV-K230.pdf,1,U12.4,47,"[604.0800170898438, 139.06597900390625, 612.1774291992188, 147.49920654296875]","[564.4500122070312, 142.2359619140625, 594.7234497070312, 150.669189453125]",[],Unresolved; blank does not assert an unconnected pin
C8,GPIO0/BOOT0,BOOT0,01studio-CanMV-K230.pdf,1,U12.4,61,"[408.7799987792969, 117.46595001220703, 416.8774108886719, 125.89916229248047]","[426.239990234375, 120.63593292236328, 468.8496398925781, 129.06915283203125]","[359.2799987792969, 117.46595001220703, 380.7590637207031, 125.89916229248047]",Explicit same-row external label; source-page bounding box
C9,GPIO1/BOOT1,BOOT1,01studio-CanMV-K230.pdf,1,U12.4,62,"[408.7799987792969, 124.66596221923828, 416.8774108886719, 133.09918212890625]","[426.239990234375, 127.83594512939453, 468.8496398925781, 136.2691650390625]","[359.2799987792969, 124.66596221923828, 380.7590637207031, 133.09918212890625]",Explicit same-row external label; source-page bounding box
C10,GPIO64/INT0,,01studio-CanMV-K230.pdf,1,U12.4,56,"[405.260009765625, 175.06597900390625, 416.8802490234375, 183.49920654296875]","[426.239990234375, 178.2359619140625, 464.62353515625, 186.669189453125]",[],Unresolved; blank does not assert an unconnected pin
C11,GPIO71/OUT1,,01studio-CanMV-K230.pdf,1,U12.4,57,"[405.260009765625, 232.66595458984375, 416.8802490234375, 241.09918212890625]","[426.239990234375, 235.8359375, 467.7915344238281, 244.2691650390625]",[],Unresolved; blank does not assert an unconnected pin
C12,GPIO68/INT4,,01studio-CanMV-K230.pdf,1,U12.4,58,"[405.260009765625, 203.865966796875, 416.8802490234375, 212.2991943359375]","[426.239990234375, 207.03594970703125, 464.62353515625, 215.46917724609375]",[],Unresolved; blank does not assert an unconnected pin
C13,VSS,GND,01studio-CanMV-K230.pdf,3,U12.1,242,"[272.2659912109375, 77.65973663330078, 280.69921875, 89.27996826171875]","[275.865966796875, 98.64156341552734, 284.2991943359375, 111.3199462890625]","[456.6400146484375, 502.2359619140625, 470.7185974121094, 510.669189453125]",Visually verified U12.1 shared supply/ground bus and its label; power.png
C14,DDR_DQB0,DDR_DQB2,01studio-CanMV-K230.pdf,2,U12.2,99,"[110.05999755859375, 380.26593017578125, 121.68022918701172, 388.69915771484375]","[131.0399932861328, 383.4359436035156, 165.5395050048828, 391.8691711425781]","[53.279998779296875, 380.2659606933594, 87.77952575683594, 388.6991882324219]",Explicit same-row external label; source-page bounding box
C15,DDR_DMIB0,DDR_DMIB0,01studio-CanMV-K230.pdf,2,U12.2,142,"[330.4800109863281, 452.26593017578125, 342.1002502441406, 460.69915771484375]","[284.510009765625, 455.4359436035156, 321.1194152832031, 463.8691711425781]","[359.2799987792969, 452.2659606933594, 395.889404296875, 460.6991882324219]",Explicit same-row external label; source-page bounding box
C16,DDR_DQB6,DDR_DQB6,01studio-CanMV-K230.pdf,2,U12.2,100,"[110.05999755859375, 423.4659729003906, 121.68022918701172, 431.8992004394531]","[131.0399932861328, 426.6359558105469, 165.5395050048828, 435.0691833496094]","[53.279998779296875, 423.4659423828125, 87.77952575683594, 431.899169921875]",Explicit same-row external label; source-page bounding box
C17,DDR_DQB15,DDR_DQB9,01studio-CanMV-K230.pdf,2,U12.2,101,"[110.05999755859375, 495.4659729003906, 121.68022918701172, 503.8992004394531]","[131.0399932861328, 498.6359558105469, 169.06231689453125, 507.0691833496094]","[53.279998779296875, 495.4659423828125, 87.77952575683594, 503.899169921875]",Explicit same-row external label; source-page bounding box
C18,DDR_DQB12,DDR_DQB8,01studio-CanMV-K230.pdf,2,U12.2,102,"[110.05999755859375, 473.865966796875, 121.68022918701172, 482.2991943359375]","[131.0399932861328, 477.03594970703125, 169.06231689453125, 485.46917724609375]","[53.279998779296875, 473.8659362792969, 87.77952575683594, 482.2991638183594]",Explicit same-row external label; source-page bounding box
C19,DDR_DQB8,DDR_DQB14,01studio-CanMV-K230.pdf,2,U12.2,103,"[110.05999755859375, 445.0659484863281, 121.68022918701172, 453.4991760253906]","[131.0399932861328, 448.2359619140625, 165.5395050048828, 456.669189453125]","[53.279998779296875, 445.0659484863281, 91.3023452758789, 453.4991760253906]",Explicit same-row external label; source-page bounding box
C20,DDR_NC,,01studio-CanMV-K230.pdf,2,U12.2,148,"[330.4800109863281, 531.4659423828125, 342.1002502441406, 539.899169921875]","[294.7200012207031, 534.635986328125, 321.1157531738281, 543.0692138671875]",[],Unresolved; blank does not assert an unconnected pin
D1,ADC_5,,01studio-CanMV-K230.pdf,1,U12.4,72,"[408.7799987792969, 340.66595458984375, 416.8774108886719, 349.09918212890625]","[426.239990234375, 343.8359375, 446.6609191894531, 352.2691650390625]",[],Unresolved; blank does not assert an unconnected pin
D2,ADC_1,ADC1,01studio-CanMV-K230.pdf,1,U12.4,73,"[408.7799987792969, 283.06597900390625, 416.8774108886719, 291.49920654296875]","[426.239990234375, 286.2359619140625, 446.6609191894531, 294.669189453125]","[378.7200012207031, 283.06597900390625, 395.61810302734375, 291.49920654296875]",Explicit same-row external label; source-page bounding box
D3,USB0_ID,,01studio-CanMV-K230.pdf,1,U12.4,48,"[604.0800170898438, 153.4659423828125, 612.1774291992188, 161.899169921875]","[568.3099975585938, 156.63592529296875, 594.718505859375, 165.06915283203125]",[],Unresolved; blank does not assert an unconnected pin
D4,USB0_TXRTUNE,,01studio-CanMV-K230.pdf,1,U12.4,49,"[604.0800170898438, 225.4659423828125, 612.1774291992188, 233.899169921875]","[544.72998046875, 228.63592529296875, 594.7210693359375, 237.06915283203125]",[],Unresolved; blank does not assert an unconnected pin
D5,MMC0_D0,TFCARD_D0,01studio-CanMV-K230.pdf,1,U12.4,50,"[604.0800170898438, 88.66596221923828, 612.1774291992188, 97.09917449951172]","[564.4500122070312, 91.83594512939453, 594.7234497070312, 100.26915740966797]","[630.0, 88.66596221923828, 667.3126831054688, 97.09917449951172]",Explicit same-row external label; source-page bounding box
D6,MMC0_CMD,TFCARD_CMD,01studio-CanMV-K230.pdf,1,U12.4,50,"[604.0800170898438, 81.46595001220703, 612.1774291992188, 89.89916229248047]","[558.1199951171875, 84.63593292236328, 594.7230834960938, 93.06914520263672]","[630.0, 81.46595001220703, 673.642333984375, 89.89916229248047]",Explicit same-row external label; source-page bounding box
D7,MMC0_D4,,01studio-CanMV-K230.pdf,1,U12.4,51,"[604.0800170898438, 117.46595001220703, 612.1774291992188, 125.89916229248047]","[564.4500122070312, 120.63593292236328, 594.7234497070312, 129.06915283203125]",[],Unresolved; blank does not assert an unconnected pin
D8,ANA_TS_VTEST,,01studio-CanMV-K230.pdf,1,U12.4,59,"[408.7799987792969, 131.865966796875, 416.8774108886719, 140.2991943359375]","[426.239990234375, 135.03594970703125, 474.8307800292969, 143.46917724609375]",[],Unresolved; blank does not assert an unconnected pin
D9,VSS,GND,01studio-CanMV-K230.pdf,3,U12.1,243,"[279.4659729003906, 81.18256378173828, 287.8992004394531, 89.27996826171875]","[283.06597900390625, 98.64156341552734, 291.49920654296875, 111.3199462890625]","[456.6400146484375, 502.2359619140625, 470.7185974121094, 510.669189453125]",Visually verified U12.1 shared supply/ground bus and its label; power.png
D10,VSS,GND,01studio-CanMV-K230.pdf,3,U12.1,244,"[286.6659851074219, 77.65973663330078, 295.0992126464844, 89.27996826171875]","[290.2659912109375, 98.64156341552734, 298.69921875, 111.3199462890625]","[456.6400146484375, 502.2359619140625, 470.7185974121094, 510.669189453125]",Visually verified U12.1 shared supply/ground bus and its label; power.png
D11,VSS,GND,01studio-CanMV-K230.pdf,3,U12.1,245,"[293.865966796875, 77.65973663330078, 302.2991943359375, 89.27996826171875]","[297.4659729003906, 98.64156341552734, 305.8992004394531, 111.3199462890625]","[456.6400146484375, 502.2359619140625, 470.7185974121094, 510.669189453125]",Visually verified U12.1 shared supply/ground bus and its label; power.png
D12,GPIO69/INT5,,01studio-CanMV-K230.pdf,1,U12.4,60,"[405.260009765625, 211.06597900390625, 416.8802490234375, 219.49920654296875]","[426.239990234375, 214.2359619140625, 464.62353515625, 222.669189453125]",[],Unresolved; blank does not assert an unconnected pin
D13,VSS,GND,01studio-CanMV-K230.pdf,3,U12.1,246,"[301.06597900390625, 77.65973663330078, 309.49920654296875, 89.27996826171875]","[304.6659851074219, 98.64156341552734, 313.0992126464844, 111.3199462890625]","[456.6400146484375, 502.2359619140625, 470.7185974121094, 510.669189453125]",Visually verified U12.1 shared supply/ground bus and its label; power.png
D14,DDR_DQB1,DDR_DQB4,01studio-CanMV-K230.pdf,2,U12.2,104,"[110.05999755859375, 387.4659729003906, 121.68022918701172, 395.8992004394531]","[131.0399932861328, 390.6359558105469, 165.5395050048828, 399.0691833496094]","[53.279998779296875, 387.4659423828125, 87.77952575683594, 395.899169921875]",Explicit same-row external label; source-page bounding box
D15,VSS,GND,01studio-CanMV-K230.pdf,3,U12.1,247,"[308.2659912109375, 77.65973663330078, 316.69921875, 89.27996826171875]","[311.865966796875, 98.64156341552734, 320.2991943359375, 111.3199462890625]","[456.6400146484375, 502.2359619140625, 470.7185974121094, 510.669189453125]",Visually verified U12.1 shared supply/ground bus and its label; power.png
D16,DDR_DQB14,DDR_DQB13,01studio-CanMV-K230.pdf,2,U12.2,105,"[110.05999755859375, 488.26593017578125, 121.68022918701172, 496.69915771484375]","[131.0399932861328, 491.4359436035156, 169.06231689453125, 499.8691711425781]","[53.279998779296875, 488.2659606933594, 91.3023452758789, 496.6991882324219]",Explicit same-row external label; source-page bounding box
D17,DDR_DQB13,DDR_DQB10,01studio-CanMV-K230.pdf,2,U12.2,105,"[110.05999755859375, 481.0659484863281, 121.68022918701172, 489.4991760253906]","[131.0399932861328, 484.2359619140625, 169.06231689453125, 492.669189453125]","[53.279998779296875, 481.0659484863281, 91.3023452758789, 489.4991760253906]",Explicit same-row external label; source-page bounding box
D18,DDR_DMIB1,DDR_DMIB1,01studio-CanMV-K230.pdf,2,U12.2,143,"[330.4800109863281, 459.4659729003906, 342.1002502441406, 467.8992004394531]","[284.510009765625, 462.6359558105469, 321.1194152832031, 471.0691833496094]","[359.2799987792969, 459.4659423828125, 395.889404296875, 467.899169921875]",Explicit same-row external label; source-page bounding box
D19,DDR_NC,,01studio-CanMV-K230.pdf,2,U12.2,149,"[330.4800109863281, 596.2659301757812, 342.1002502441406, 604.6991577148438]","[294.7200012207031, 599.4359130859375, 321.1157531738281, 607.869140625]",[],Unresolved; blank does not assert an unconnected pin
D20,DDR_NC,,01studio-CanMV-K230.pdf,2,U12.2,149,"[330.4800109863281, 589.06591796875, 342.1002502441406, 597.4991455078125]","[294.7200012207031, 592.2359619140625, 321.1157531738281, 600.669189453125]",[],Unresolved; blank does not assert an unconnected pin
E1,MIC_PL,,01studio-CanMV-K230.pdf,1,U12.4,74,"[604.0800170898438, 268.66595458984375, 611.8289794921875, 277.09918212890625]","[571.8300170898438, 271.8359375, 594.7156982421875, 280.2691650390625]",[],Unresolved; blank does not assert an unconnected pin
E2,MIC_NL,,01studio-CanMV-K230.pdf,1,U12.4,75,"[604.0800170898438, 275.865966796875, 611.8289794921875, 284.2991943359375]","[571.489990234375, 279.03594970703125, 594.72412109375, 287.46917724609375]",[],Unresolved; blank does not assert an unconnected pin
E3,MIC_BIAS,MIC_BIAS,01studio-CanMV-K230.pdf,1,U12.4,76,"[604.0800170898438, 333.4659423828125, 611.8289794921875, 341.899169921875]","[565.1400146484375, 336.6359558105469, 594.716552734375, 345.0691833496094]","[636.47998046875, 333.4659423828125, 666.0565185546875, 341.899169921875]",Explicit same-row external label; source-page bounding box
E4,VSS,GND,01studio-CanMV-K230.pdf,3,U12.1,248,"[315.4659729003906, 81.53101348876953, 323.8992004394531, 89.27996826171875]","[319.06597900390625, 98.64156341552734, 327.49920654296875, 111.3199462890625]","[456.6400146484375, 502.2359619140625, 470.7185974121094, 510.669189453125]",Visually verified U12.1 shared supply/ground bus and its label; power.png
E6,VSS,GND,01studio-CanMV-K230.pdf,3,U12.1,249,"[322.6659851074219, 81.53101348876953, 331.0992126464844, 89.27996826171875]","[326.2659912109375, 98.64156341552734, 334.69921875, 111.3199462890625]","[456.6400146484375, 502.2359619140625, 470.7185974121094, 510.669189453125]",Visually verified U12.1 shared supply/ground bus and its label; power.png
E7,VSS,GND,01studio-CanMV-K230.pdf,3,U12.1,250,"[329.865966796875, 81.53101348876953, 338.2991943359375, 89.27996826171875]","[333.4659729003906, 98.64156341552734, 341.8992004394531, 111.3199462890625]","[456.6400146484375, 502.2359619140625, 470.7185974121094, 510.669189453125]",Visually verified U12.1 shared supply/ground bus and its label; power.png
E8,VSS,GND,01studio-CanMV-K230.pdf,3,U12.1,251,"[337.06597900390625, 81.53101348876953, 345.49920654296875, 89.27996826171875]","[340.6659851074219, 98.64156341552734, 349.0992126464844, 111.3199462890625]","[456.6400146484375, 502.2359619140625, 470.7185974121094, 510.669189453125]",Visually verified U12.1 shared supply/ground bus and its label; power.png
E9,AVDD3P3_USB,VDD_3V3,01studio-CanMV-K230.pdf,3,U12.1,314,"[203.92999267578125, 466.66595458984375, 211.6789093017578, 475.09918212890625]","[221.0399932861328, 469.8359375, 266.4627380371094, 478.2691650390625]","[154.39999389648438, 469.40594482421875, 182.56980895996094, 477.83917236328125]",Visually verified U12.1 shared supply/ground bus and its label; power.png
E10,VDD3P3_SD,VDD_3V3,01studio-CanMV-K230.pdf,3,U12.1,315,"[200.41000366210938, 473.8659362792969, 211.68173217773438, 482.2991638183594]","[221.0399932861328, 477.03594970703125, 258.0105285644531, 485.46917724609375]","[154.39999389648438, 469.40594482421875, 182.56980895996094, 477.83917236328125]",Visually verified U12.1 shared supply/ground bus and its label; power.png
E11,VDD1P8,VDD_1V8,01studio-CanMV-K230.pdf,3,U12.1,316,"[200.41000366210938, 394.66595458984375, 211.68173217773438, 403.09918212890625]","[221.0399932861328, 397.8359375, 245.68702697753906, 406.2691650390625]","[158.0, 397.40594482421875, 186.16981506347656, 405.83917236328125]",Visually verified U12.1 shared supply/ground bus and its label; power.png
E12,VSS,GND,01studio-CanMV-K230.pdf,3,U12.1,252,"[344.2659912109375, 78.00818634033203, 352.69921875, 89.27996826171875]","[347.865966796875, 98.64156341552734, 356.2991943359375, 111.3199462890625]","[456.6400146484375, 502.2359619140625, 470.7185974121094, 510.669189453125]",Visually verified U12.1 shared supply/ground bus and its label; power.png
E13,VSS,GND,01studio-CanMV-K230.pdf,3,U12.1,253,"[351.4659729003906, 78.00818634033203, 359.8992004394531, 89.27996826171875]","[355.06597900390625, 98.64156341552734, 363.49920654296875, 111.3199462890625]","[456.6400146484375, 502.2359619140625, 470.7185974121094, 510.669189453125]",Visually verified U12.1 shared supply/ground bus and its label; power.png
E14,VSS,GND,01studio-CanMV-K230.pdf,3,U12.1,254,"[358.6659851074219, 78.00818634033203, 367.0992126464844, 89.27996826171875]","[362.2659912109375, 98.64156341552734, 370.69921875, 111.3199462890625]","[456.6400146484375, 502.2359619140625, 470.7185974121094, 510.669189453125]",Visually verified U12.1 shared supply/ground bus and its label; power.png
E15,VSS,GND,01studio-CanMV-K230.pdf,3,U12.1,255,"[365.865966796875, 78.00818634033203, 374.2991943359375, 89.27996826171875]","[369.4659729003906, 98.64156341552734, 377.8992004394531, 111.3199462890625]","[456.6400146484375, 502.2359619140625, 470.7185974121094, 510.669189453125]",Visually verified U12.1 shared supply/ground bus and its label; power.png
E16,VSS,GND,01studio-CanMV-K230.pdf,3,U12.1,256,"[373.06597900390625, 78.00818634033203, 381.49920654296875, 89.27996826171875]","[376.6659851074219, 98.64156341552734, 385.0992126464844, 111.3199462890625]","[456.6400146484375, 502.2359619140625, 470.7185974121094, 510.669189453125]",Visually verified U12.1 shared supply/ground bus and its label; power.png
E17,DDR_DQB10,DDR_DQB11,01studio-CanMV-K230.pdf,2,U12.2,106,"[110.40999603271484, 459.4659729003906, 121.68174743652344, 467.8992004394531]","[131.0399932861328, 462.6359558105469, 169.06231689453125, 471.0691833496094]","[53.279998779296875, 459.4659423828125, 91.3023452758789, 467.899169921875]",Explicit same-row external label; source-page bounding box
E18,DDR_DQB11,DDR_DQB12,01studio-CanMV-K230.pdf,2,U12.2,107,"[110.40999603271484, 466.6659240722656, 121.68174743652344, 475.0991516113281]","[131.0399932861328, 469.8359375, 169.06231689453125, 478.2691650390625]","[53.279998779296875, 466.66595458984375, 91.3023452758789, 475.09918212890625]",Explicit same-row external label; source-page bounding box
E19,VSS,GND,01studio-CanMV-K230.pdf,3,U12.1,257,"[380.2659912109375, 78.00818634033203, 388.69921875, 89.27996826171875]","[383.865966796875, 98.64156341552734, 392.2991943359375, 111.3199462890625]","[456.6400146484375, 502.2359619140625, 470.7185974121094, 510.669189453125]",Visually verified U12.1 shared supply/ground bus and its label; power.png
E20,DDR_CAB0,DDR_CAB0,01studio-CanMV-K230.pdf,2,U12.2,150,"[330.4800109863281, 373.0659484863281, 341.75177001953125, 381.4991760253906]","[287.32000732421875, 376.2359619140625, 321.1162109375, 384.669189453125]","[359.2799987792969, 373.0659484863281, 393.0762023925781, 381.4991760253906]",Explicit same-row external label; source-page bounding box
F1,MIC_PR,MIC_PR,01studio-CanMV-K230.pdf,1,U12.4,77,"[604.0800170898438, 290.26593017578125, 611.47412109375, 298.69915771484375]","[570.780029296875, 293.43597412109375, 594.7174682617188, 301.86920166015625]","[636.47998046875, 290.26593017578125, 660.4174194335938, 298.69915771484375]",Explicit same-row external label; source-page bounding box
F2,MIC_NR,MIC_NR,01studio-CanMV-K230.pdf,1,U12.4,78,"[604.0800170898438, 297.4659423828125, 611.47412109375, 305.899169921875]","[570.4299926757812, 300.63592529296875, 594.7158813476562, 309.06915283203125]","[636.47998046875, 297.4659423828125, 660.765869140625, 305.899169921875]",Explicit same-row external label; source-page bounding box
F3,CODEC_VCM,,01studio-CanMV-K230.pdf,1,U12.4,79,"[604.0800170898438, 340.66595458984375, 611.47412109375, 349.09918212890625]","[554.239990234375, 343.8359375, 594.720703125, 352.2691650390625]",[],Unresolved; blank does not assert an unconnected pin
F4,VSS,GND,01studio-CanMV-K230.pdf,3,U12.1,258,"[387.4659729003906, 81.88587188720703, 395.8992004394531, 89.27996826171875]","[391.06597900390625, 98.64156341552734, 399.49920654296875, 111.3199462890625]","[456.6400146484375, 502.2359619140625, 470.7185974121094, 510.669189453125]",Visually verified U12.1 shared supply/ground bus and its label; power.png
F6,VSS,GND,01studio-CanMV-K230.pdf,3,U12.1,259,"[394.6659851074219, 81.88587188720703, 403.0992126464844, 89.27996826171875]","[398.2659912109375, 98.64156341552734, 406.69921875, 111.3199462890625]","[456.6400146484375, 502.2359619140625, 470.7185974121094, 510.669189453125]",Visually verified U12.1 shared supply/ground bus and its label; power.png
F7,AVDD1P8_CODEC,,01studio-CanMV-K230.pdf,1,U12.4,82,"[604.0800170898438, 247.06597900390625, 611.47412109375, 255.49920654296875]","[539.4400024414062, 250.2359619140625, 594.71533203125, 258.669189453125]",[],Unresolved; blank does not assert an unconnected pin
F8,AVDD1P8_ADC,,01studio-CanMV-K230.pdf,1,U12.4,83,"[409.489990234375, 247.06597900390625, 416.8841247558594, 255.49920654296875]","[426.239990234375, 250.2359619140625, 472.01123046875, 258.669189453125]",[],Unresolved; blank does not assert an unconnected pin
F9,AVDD1P8_USB,VDD_1V8,01studio-CanMV-K230.pdf,3,U12.1,317,"[204.2899932861328, 416.2659606933594, 211.68409729003906, 424.6991882324219]","[221.0399932861328, 419.4359436035156, 266.4627380371094, 427.8691711425781]","[158.0, 397.40594482421875, 186.16981506347656, 405.83917236328125]",Visually verified U12.1 shared supply/ground bus and its label; power.png
F10,VSS,GND,01studio-CanMV-K230.pdf,3,U12.1,260,"[401.865966796875, 78.36304473876953, 410.2991943359375, 89.27996826171875]","[405.4659729003906, 98.64156341552734, 413.8992004394531, 111.3199462890625]","[456.6400146484375, 502.2359619140625, 470.7185974121094, 510.669189453125]",Visually verified U12.1 shared supply/ground bus and its label; power.png
F11,AVSS,GND,01studio-CanMV-K230.pdf,3,U12.1,354,"[200.75999450683594, 452.2659606933594, 211.67691040039062, 460.6991882324219]","[221.0399932861328, 455.4359436035156, 237.94442749023438, 463.8691711425781]","[456.6400146484375, 502.2359619140625, 470.7185974121094, 510.669189453125]",Visually verified U12.1 shared supply/ground bus and its label; power.png
F12,VDD0P8_CORE,VDD0V8_CORE,01studio-CanMV-K230.pdf,3,U12.1,318,"[200.75999450683594, 113.86597442626953, 211.67691040039062, 122.29918670654297]","[221.0399932861328, 117.03595733642578, 267.5145263671875, 125.46916961669922]","[141.63999938964844, 117.03595733642578, 188.11453247070312, 125.46916961669922]",Visually verified U12.1 shared supply/ground bus and its label; power.png
F13,VDD1P8,VDD_1V8,01studio-CanMV-K230.pdf,3,U12.1,319,"[200.75999450683594, 401.8659362792969, 211.67691040039062, 410.2991638183594]","[221.0399932861328, 405.03594970703125, 245.68702697753906, 413.46917724609375]","[158.0, 397.40594482421875, 186.16981506347656, 405.83917236328125]",Visually verified U12.1 shared supply/ground bus and its label; power.png
F14,AVDD1P8_LDO,VDD_1V8,01studio-CanMV-K230.pdf,3,U12.1,320,"[200.75999450683594, 423.4659423828125, 211.67691040039062, 431.899169921875]","[221.0399932861328, 426.6359558105469, 266.4627685546875, 435.0691833496094]","[158.0, 397.40594482421875, 186.16981506347656, 405.83917236328125]",Visually verified U12.1 shared supply/ground bus and its label; power.png
F15,AVDD1P8_RTC,VDD_1V8,01studio-CanMV-K230.pdf,3,U12.1,321,"[200.75999450683594, 430.66595458984375, 211.67691040039062, 439.09918212890625]","[221.0399932861328, 433.8359375, 266.4564208984375, 442.2691650390625]","[158.0, 397.40594482421875, 186.16981506347656, 405.83917236328125]",Visually verified U12.1 shared supply/ground bus and its label; power.png
F16,VSS,GND,01studio-CanMV-K230.pdf,3,U12.1,261,"[409.06597900390625, 78.36304473876953, 417.49920654296875, 89.27996826171875]","[412.6659851074219, 98.64156341552734, 421.0992126464844, 111.3199462890625]","[456.6400146484375, 502.2359619140625, 470.7185974121094, 510.669189453125]",Visually verified U12.1 shared supply/ground bus and its label; power.png
F17,DDR_CAB4,DDR_CAB4,01studio-CanMV-K230.pdf,2,U12.2,151,"[330.4800109863281, 401.865966796875, 341.39697265625, 410.2991943359375]","[287.32000732421875, 405.03594970703125, 321.1162109375, 413.46917724609375]","[359.2799987792969, 401.8659362792969, 393.0762023925781, 410.2991638183594]",Explicit same-row external label; source-page bounding box
F18,DDR_NC,,01studio-CanMV-K230.pdf,2,U12.2,152,"[330.4800109863281, 603.4659423828125, 341.39697265625, 611.899169921875]","[294.7200012207031, 606.635986328125, 321.1157531738281, 615.0692138671875]",[],Unresolved; blank does not assert an unconnected pin
F19,DDR_CAB5,DDR_CAB5,01studio-CanMV-K230.pdf,2,U12.2,153,"[330.4800109863281, 409.0659484863281, 341.39697265625, 417.4991760253906]","[287.32000732421875, 412.2359619140625, 321.1162109375, 420.669189453125]","[359.2799987792969, 409.0659484863281, 393.0762023925781, 417.4991760253906]",Explicit same-row external label; source-page bounding box
F20,DDR_CLKBN,DDR_CLKB_N,01studio-CanMV-K230.pdf,2,U12.2,154,"[330.4800109863281, 437.865966796875, 341.39697265625, 446.2991943359375]","[282.75, 441.03594970703125, 321.12078857421875, 449.46917724609375]","[359.2799987792969, 437.8659362792969, 401.1736145019531, 446.2991638183594]",Explicit same-row external label; source-page bounding box
G1,HP_OUTL,HP_OUTL,01studio-CanMV-K230.pdf,1,U12.4,80,"[604.0800170898438, 311.865966796875, 612.5322265625, 320.2991943359375]","[565.5, 315.03594970703125, 594.7216186523438, 323.46917724609375]","[636.47998046875, 311.865966796875, 665.7015991210938, 320.2991943359375]",Explicit same-row external label; source-page bounding box
G2,HP_OUTR,HP_OUTR,01studio-CanMV-K230.pdf,1,U12.4,81,"[604.0800170898438, 319.06597900390625, 612.5322265625, 327.49920654296875]","[564.4500122070312, 322.2359619140625, 594.723388671875, 330.669189453125]","[636.47998046875, 319.06597900390625, 666.7533569335938, 327.49920654296875]",Explicit same-row external label; source-page bounding box
G3,ADC_3,ADC3,01studio-CanMV-K230.pdf,1,U12.4,81,"[408.42999267578125, 311.865966796875, 416.8822326660156, 320.2991943359375]","[426.239990234375, 315.03594970703125, 446.6609191894531, 323.46917724609375]","[378.7200012207031, 311.865966796875, 395.61810302734375, 320.2991943359375]",Explicit same-row external label; source-page bounding box
G4,GPIO48/UART4_TXD/IIC0_SCL/SPI2AXI_DIN,CAM0_I2C0_SCL,01studio-CanMV-K230.pdf,1,U12.5,143,"[535.6799926757812, 527.865966796875, 544.1322021484375, 536.2991943359375]","[395.3299865722656, 531.0359497070312, 526.3204956054688, 539.4691772460938]","[553.6799926757812, 527.865966796875, 604.0322875976562, 536.2991943359375]",Explicit same-row external label; source-page bounding box
G5,GPIO49/UART4_RXD/IIC0_SDA/SPI2AXI_DOUT,CAM0_I2C0_SDA,01studio-CanMV-K230.pdf,1,U12.5,144,"[535.6799926757812, 535.06591796875, 544.1322021484375, 543.4991455078125]","[386.8800048828125, 538.2359619140625, 526.3163452148438, 546.669189453125]","[553.6799926757812, 535.06591796875, 604.735595703125, 543.4991455078125]",Explicit same-row external label; source-page bounding box
G6,VSS,GND,01studio-CanMV-K230.pdf,3,U12.1,262,"[449.2799987792969, 113.86597442626953, 457.73223876953125, 122.29918670654297]","[427.239990234375, 117.03595733642578, 439.9183044433594, 125.46916961669922]","[456.6400146484375, 502.2359619140625, 470.7185974121094, 510.669189453125]",Visually verified U12.1 shared supply/ground bus and its label; power.png
G7,AVSS,,01studio-CanMV-K230.pdf,1,U12.4,83,"[604.0800170898438, 254.26593017578125, 612.5322265625, 262.69915771484375]","[577.8200073242188, 257.43597412109375, 594.7245483398438, 265.86920166015625]",[],Unresolved; blank does not assert an unconnected pin
G8,AVSS,,01studio-CanMV-K230.pdf,1,U12.4,84,"[408.42999267578125, 254.26593017578125, 416.8822326660156, 262.69915771484375]","[426.239990234375, 257.43597412109375, 443.1444091796875, 265.86920166015625]",[],Unresolved; blank does not assert an unconnected pin
G9,VDD0P8_CORE,VDD0V8_CORE,01studio-CanMV-K230.pdf,3,U12.1,322,"[203.22999572753906, 121.06598663330078, 211.68222045898438, 129.49920654296875]","[221.0399932861328, 124.23596954345703, 267.5145263671875, 132.669189453125]","[141.63999938964844, 117.03595733642578, 188.11453247070312, 125.46916961669922]",Visually verified U12.1 shared supply/ground bus and its label; power.png
G10,VDD0P8_CORE,VDD0V8_CORE,01studio-CanMV-K230.pdf,3,U12.1,323,"[199.6999969482422, 128.26593017578125, 211.67503356933594, 136.69915771484375]","[221.0399932861328, 131.43597412109375, 267.5145263671875, 139.86920166015625]","[141.63999938964844, 117.03595733642578, 188.11453247070312, 125.46916961669922]",Visually verified U12.1 shared supply/ground bus and its label; power.png
G11,AVDD0P8_PLL,AVDD_0V8_PLL,01studio-CanMV-K230.pdf,3,U12.1,324,"[199.6999969482422, 437.8659362792969, 211.67503356933594, 446.2991638183594]","[221.0399932861328, 441.03594970703125, 264.70770263671875, 449.46917724609375]","[137.67999267578125, 440.60595703125, 184.87045288085938, 449.0391845703125]",Visually verified U12.1 shared supply/ground bus and its label; power.png
G12,VDD0P8_CPU,VDD0V8_CPU,01studio-CanMV-K230.pdf,3,U12.1,325,"[199.6999969482422, 272.26593017578125, 211.67503356933594, 280.69915771484375]","[221.0399932861328, 275.43597412109375, 262.5851135253906, 283.86920166015625]","[144.11000061035156, 275.43597412109375, 185.65512084960938, 283.86920166015625]",Visually verified U12.1 shared supply/ground bus and its label; power.png
G13,VSS,GND,01studio-CanMV-K230.pdf,3,U12.1,263,"[449.2799987792969, 121.06598663330078, 461.25506591796875, 129.49920654296875]","[427.239990234375, 124.23596954345703, 439.9183044433594, 132.669189453125]","[456.6400146484375, 502.2359619140625, 470.7185974121094, 510.669189453125]",Visually verified U12.1 shared supply/ground bus and its label; power.png
G14,VSS,GND,01studio-CanMV-K230.pdf,3,U12.1,264,"[449.2799987792969, 128.26593017578125, 461.25506591796875, 136.69915771484375]","[427.239990234375, 131.43597412109375, 439.9183044433594, 139.86920166015625]","[456.6400146484375, 502.2359619140625, 470.7185974121094, 510.669189453125]",Visually verified U12.1 shared supply/ground bus and its label; power.png
G15,VSS,GND,01studio-CanMV-K230.pdf,3,U12.1,265,"[449.2799987792969, 135.4659423828125, 461.25506591796875, 143.899169921875]","[427.239990234375, 138.63592529296875, 439.9183044433594, 147.06915283203125]","[456.6400146484375, 502.2359619140625, 470.7185974121094, 510.669189453125]",Visually verified U12.1 shared supply/ground bus and its label; power.png
G16,VSS,GND,01studio-CanMV-K230.pdf,3,U12.1,266,"[449.2799987792969, 142.66595458984375, 461.25506591796875, 151.09918212890625]","[427.239990234375, 145.8359375, 439.9183044433594, 154.2691650390625]","[456.6400146484375, 502.2359619140625, 470.7185974121094, 510.669189453125]",Visually verified U12.1 shared supply/ground bus and its label; power.png
G17,DDR_NC,,01studio-CanMV-K230.pdf,2,U12.2,155,"[330.4800109863281, 545.865966796875, 342.455078125, 554.2991943359375]","[294.7200012207031, 549.0359497070312, 321.1157531738281, 557.4691772460938]",[],Unresolved; blank does not assert an unconnected pin
G18,DDR_CAB2,DDR_CAB2,01studio-CanMV-K230.pdf,2,U12.2,156,"[330.4800109863281, 387.4659729003906, 342.455078125, 395.8992004394531]","[287.32000732421875, 390.6359558105469, 321.1162109375, 399.0691833496094]","[359.2799987792969, 387.4659423828125, 393.0762023925781, 395.899169921875]",Explicit same-row external label; source-page bounding box
G19,DDR_CAB1,DDR_CAB1,01studio-CanMV-K230.pdf,2,U12.2,156,"[330.4800109863281, 380.26593017578125, 342.455078125, 388.69915771484375]","[287.32000732421875, 383.4359436035156, 321.1162109375, 391.8691711425781]","[359.2799987792969, 380.2659606933594, 393.0762023925781, 388.6991882324219]",Explicit same-row external label; source-page bounding box
G20,DDR_CLKBP,DDR_CLKB_P,01studio-CanMV-K230.pdf,2,U12.2,157,"[330.4800109863281, 430.6659240722656, 342.455078125, 439.0991516113281]","[283.1000061035156, 433.8359375, 321.122314453125, 442.2691650390625]","[359.2799987792969, 430.66595458984375, 400.82513427734375, 439.09918212890625]",Explicit same-row external label; source-page bounding box
H1,GPIO42/UART1_RTS/PWM0/QSPI1_D2,GPIO42,01studio-CanMV-K230.pdf,1,U12.5,137,"[535.6799926757812, 484.66595458984375, 543.7774047851562, 493.09918212890625]","[411.8900146484375, 487.8359375, 526.3245849609375, 496.2691650390625]","[565.9199829101562, 484.66595458984375, 588.8119506835938, 493.09918212890625]",Explicit same-row external label; source-page bounding box
H2,GPIO44/UART2_TXD/IIC3_SCL/SPI2AXI_CLK,CAM1_GPIO44,01studio-CanMV-K230.pdf,1,U12.5,139,"[535.6799926757812, 499.0659484863281, 543.7774047851562, 507.4991760253906]","[393.9200134277344, 502.2359619140625, 526.323486328125, 510.669189453125]","[553.6799926757812, 499.0659484863281, 597.6962280273438, 507.4991760253906]",Explicit same-row external label; source-page bounding box
H3,GPIO45/UART2_RXD/IIC3_SDA/SPI2AXI_CS,CAM1_GPIO45,01studio-CanMV-K230.pdf,1,U12.5,140,"[535.6799926757812, 506.2659912109375, 543.7774047851562, 514.69921875]","[396.0299987792969, 509.4359130859375, 526.3172607421875, 517.869140625]","[553.6799926757812, 506.2659912109375, 597.6962280273438, 514.69921875]",Explicit same-row external label; source-page bounding box
H4,GPIO46/UART2_RTS/PWM2/IIC4_SCL,GPIO46,01studio-CanMV-K230.pdf,1,U12.5,141,"[535.6799926757812, 513.4659423828125, 543.7774047851562, 521.899169921875]","[414.7099914550781, 516.635986328125, 526.3250732421875, 525.0692138671875]","[565.9199829101562, 513.4659423828125, 588.8119506835938, 521.899169921875]",Explicit same-row external label; source-page bounding box
H5,GPIO47/UART2_CTS/PWM3/IIC4_SDA,GPIO47,01studio-CanMV-K230.pdf,1,U12.5,142,"[535.6799926757812, 520.6659545898438, 543.7774047851562, 529.0991821289062]","[414.0, 523.8359375, 526.318359375, 532.2691650390625]","[565.9199829101562, 520.6659545898438, 588.8119506835938, 529.0991821289062]",Explicit same-row external label; source-page bounding box
H6,VDDIO_BANK3,,01studio-CanMV-K230.pdf,1,U12.5,91,"[535.6799926757812, 441.4659423828125, 543.7774047851562, 449.899169921875]","[481.9599914550781, 444.6359558105469, 526.32470703125, 453.0691833496094]",[],Unresolved; blank does not assert an unconnected pin
H7,VSS,GND,01studio-CanMV-K230.pdf,3,U12.1,267,"[449.2799987792969, 149.865966796875, 457.3774108886719, 158.2991943359375]","[427.239990234375, 153.03594970703125, 439.9183044433594, 161.46917724609375]","[456.6400146484375, 502.2359619140625, 470.7185974121094, 510.669189453125]",Visually verified U12.1 shared supply/ground bus and its label; power.png
H8,VDD0P8_KPU,VDD0V8_KPU,01studio-CanMV-K230.pdf,3,U12.1,326,"[203.5800018310547, 221.865966796875, 211.6774139404297, 230.2991943359375]","[221.0399932861328, 225.03594970703125, 262.23663330078125, 233.46917724609375]","[144.27999877929688, 225.03594970703125, 185.47662353515625, 233.46917724609375]",Visually verified U12.1 shared supply/ground bus and its label; power.png
H9,VDD0P8_KPU,VDD0V8_KPU,01studio-CanMV-K230.pdf,3,U12.1,327,"[203.5800018310547, 229.06597900390625, 211.6774139404297, 237.49920654296875]","[221.0399932861328, 232.2359619140625, 262.23663330078125, 240.669189453125]","[144.27999877929688, 225.03594970703125, 185.47662353515625, 233.46917724609375]",Visually verified U12.1 shared supply/ground bus and its label; power.png
H10,VDD0P8_KPU,VDD0V8_KPU,01studio-CanMV-K230.pdf,3,U12.1,328,"[200.05999755859375, 236.26593017578125, 211.68020629882812, 244.69915771484375]","[221.0399932861328, 239.43597412109375, 262.23663330078125, 247.86920166015625]","[144.27999877929688, 225.03594970703125, 185.47662353515625, 233.46917724609375]",Visually verified U12.1 shared supply/ground bus and its label; power.png
H11,VSS,GND,01studio-CanMV-K230.pdf,3,U12.1,268,"[449.2799987792969, 157.06597900390625, 460.9002380371094, 165.49920654296875]","[427.239990234375, 160.2359619140625, 439.9183044433594, 168.669189453125]","[456.6400146484375, 502.2359619140625, 470.7185974121094, 510.669189453125]",Visually verified U12.1 shared supply/ground bus and its label; power.png
H12,VDD0P8_CPU,VDD0V8_CPU,01studio-CanMV-K230.pdf,3,U12.1,329,"[200.05999755859375, 279.4659423828125, 211.68020629882812, 287.899169921875]","[221.0399932861328, 282.63592529296875, 262.5851135253906, 291.06915283203125]","[144.11000061035156, 275.43597412109375, 185.65512084960938, 283.86920166015625]",Visually verified U12.1 shared supply/ground bus and its label; power.png
H13,VSS,GND,01studio-CanMV-K230.pdf,3,U12.1,269,"[449.2799987792969, 164.26593017578125, 460.9002380371094, 172.69915771484375]","[427.239990234375, 167.43597412109375, 439.9183044433594, 175.86920166015625]","[456.6400146484375, 502.2359619140625, 470.7185974121094, 510.669189453125]",Visually verified U12.1 shared supply/ground bus and its label; power.png
H14,VDD1P1_DDR_IO,VDD_1V1,01studio-CanMV-K230.pdf,3,U12.1,330,"[200.05999755859375, 337.0659484863281, 211.68020629882812, 345.4991760253906]","[221.0399932861328, 340.2359619140625, 273.1472473144531, 348.669189453125]","[160.47000122070312, 340.66595458984375, 188.6398162841797, 349.09918212890625]",Visually verified U12.1 shared supply/ground bus and its label; power.png
H15,VSS,GND,01studio-CanMV-K230.pdf,3,U12.1,270,"[449.2799987792969, 171.4659423828125, 460.9002380371094, 179.899169921875]","[427.239990234375, 174.63592529296875, 439.9183044433594, 183.06915283203125]","[456.6400146484375, 502.2359619140625, 470.7185974121094, 510.669189453125]",Visually verified U12.1 shared supply/ground bus and its label; power.png
H16,VSS,GND,01studio-CanMV-K230.pdf,3,U12.1,271,"[449.2799987792969, 178.66595458984375, 460.9002380371094, 187.09918212890625]","[427.239990234375, 181.8359375, 439.9183044433594, 190.2691650390625]","[456.6400146484375, 502.2359619140625, 470.7185974121094, 510.669189453125]",Visually verified U12.1 shared supply/ground bus and its label; power.png
H17,DDR_CAB3,DDR_CAB3,01studio-CanMV-K230.pdf,2,U12.2,158,"[330.4800109863281, 394.6659240722656, 342.1002502441406, 403.0991516113281]","[287.32000732421875, 397.8359375, 321.1162109375, 406.2691650390625]","[359.2799987792969, 394.66595458984375, 393.0762023925781, 403.09918212890625]",Explicit same-row external label; source-page bounding box
H18,DDR_NC,,01studio-CanMV-K230.pdf,2,U12.2,159,"[330.4800109863281, 524.2659301757812, 342.1002502441406, 532.6991577148438]","[294.7200012207031, 527.4359130859375, 321.1157531738281, 535.869140625]",[],Unresolved; blank does not assert an unconnected pin
H19,DDR_NC,,01studio-CanMV-K230.pdf,2,U12.2,160,"[330.4800109863281, 538.6658935546875, 342.1002502441406, 547.09912109375]","[294.7200012207031, 541.8359375, 321.1157531738281, 550.2691650390625]",[],Unresolved; blank does not assert an unconnected pin
H20,VSS,GND,01studio-CanMV-K230.pdf,3,U12.1,272,"[449.2799987792969, 185.865966796875, 460.9002380371094, 194.2991943359375]","[427.239990234375, 189.03594970703125, 439.9183044433594, 197.46917724609375]","[456.6400146484375, 502.2359619140625, 470.7185974121094, 510.669189453125]",Visually verified U12.1 shared supply/ground bus and its label; power.png
J1,GPIO41/UART1_RXD/IIC1_SDA/QSPI1_D1,CAM1_I2C1_SDA,01studio-CanMV-K230.pdf,1,U12.5,136,"[535.6799926757812, 477.4659423828125, 542.370849609375, 485.899169921875]","[402.0199890136719, 480.6359558105469, 526.3197021484375, 489.0691833496094]","[553.6799926757812, 477.4659423828125, 604.735595703125, 485.899169921875]",Explicit same-row external label; source-page bounding box
J2,GPIO40/UART1_TXD/IIC1_SCL/QSPI1_D0,CAM1_I2C1_SCL,01studio-CanMV-K230.pdf,1,U12.5,135,"[535.6799926757812, 470.2659606933594, 542.370849609375, 478.6991882324219]","[403.42999267578125, 473.4359436035156, 526.3231201171875, 481.8691711425781]","[553.6799926757812, 470.2659606933594, 604.0322875976562, 478.6991882324219]",Explicit same-row external label; source-page bounding box
J3,GPIO39/UART0_RXD/QSPI1_CLK/VSYNC0,UART0_RXD,01studio-CanMV-K230.pdf,1,U12.5,134,"[535.6799926757812, 463.0659484863281, 542.370849609375, 471.4991760253906]","[400.6099853515625, 466.2359619140625, 526.3162841796875, 474.669189453125]","[553.6799926757812, 463.0659484863281, 591.3475341796875, 471.4991760253906]",Explicit same-row external label; source-page bounding box
J4,GPIO38/UART0_TXD/QSPI1_CS0/HSYNC0,UART0_TXD,01studio-CanMV-K230.pdf,1,U12.5,133,"[535.6799926757812, 455.8659362792969, 542.370849609375, 464.2991638183594]","[400.9700012207031, 459.03594970703125, 526.3214721679688, 467.46917724609375]","[553.6799926757812, 455.8659362792969, 590.6442260742188, 464.2991638183594]",Explicit same-row external label; source-page bounding box
J5,GPIO14/OSPI_CS/QSPI0_CS0,GPIO14,01studio-CanMV-K230.pdf,1,U12.5,109,"[147.38999938964844, 563.865966796875, 154.080810546875, 572.2991943359375]","[163.44000244140625, 567.0359497070312, 251.83351135253906, 575.4691772460938]","[103.68000030517578, 563.865966796875, 126.57196807861328, 572.2991943359375]",Explicit same-row external label; source-page bounding box
J6,GPIO43/UART1_CTS/PWM1/QSPI1_D3,GPIO43,01studio-CanMV-K230.pdf,1,U12.5,138,"[535.6799926757812, 491.8659362792969, 542.370849609375, 500.2991638183594]","[411.8900146484375, 495.03594970703125, 526.3245849609375, 503.46917724609375]","[565.9199829101562, 491.8659362792969, 588.8119506835938, 500.2991638183594]",Explicit same-row external label; source-page bounding box
J7,VSS,GND,01studio-CanMV-K230.pdf,3,U12.1,273,"[449.2799987792969, 193.06597900390625, 455.9708251953125, 201.49920654296875]","[427.239990234375, 196.2359619140625, 439.9183044433594, 204.669189453125]","[456.6400146484375, 502.2359619140625, 470.7185974121094, 510.669189453125]",Visually verified U12.1 shared supply/ground bus and its label; power.png
J8,VDD0P8_KPU,VDD0V8_KPU,01studio-CanMV-K230.pdf,3,U12.1,331,"[204.99000549316406, 243.4659423828125, 211.68081665039062, 251.899169921875]","[221.0399932861328, 246.63592529296875, 262.23663330078125, 255.06915283203125]","[144.27999877929688, 225.03594970703125, 185.47662353515625, 233.46917724609375]",Visually verified U12.1 shared supply/ground bus and its label; power.png
J9,VDD0P8_KPU,VDD0V8_KPU,01studio-CanMV-K230.pdf,3,U12.1,332,"[204.99000549316406, 250.66595458984375, 211.68081665039062, 259.09918212890625]","[221.0399932861328, 253.8359375, 262.23663330078125, 262.2691650390625]","[144.27999877929688, 225.03594970703125, 185.47662353515625, 233.46917724609375]",Visually verified U12.1 shared supply/ground bus and its label; power.png
J10,VDD0P8_KPU,VDD0V8_KPU,01studio-CanMV-K230.pdf,3,U12.1,333,"[201.47000122070312, 257.865966796875, 211.68362426757812, 266.2991943359375]","[221.0399932861328, 261.03594970703125, 262.23663330078125, 269.46917724609375]","[144.27999877929688, 225.03594970703125, 185.47662353515625, 233.46917724609375]",Visually verified U12.1 shared supply/ground bus and its label; power.png
J11,VSS,GND,01studio-CanMV-K230.pdf,3,U12.1,274,"[449.2799987792969, 200.26593017578125, 459.49365234375, 208.69915771484375]","[427.239990234375, 203.43597412109375, 439.9183044433594, 211.86920166015625]","[456.6400146484375, 502.2359619140625, 470.7185974121094, 510.669189453125]",Visually verified U12.1 shared supply/ground bus and its label; power.png
J12,VDD0P8_CPU,VDD0V8_CPU,01studio-CanMV-K230.pdf,3,U12.1,334,"[201.47000122070312, 286.66595458984375, 211.68362426757812, 295.09918212890625]","[221.0399932861328, 289.8359375, 262.5851135253906, 298.2691650390625]","[144.11000061035156, 275.43597412109375, 185.65512084960938, 283.86920166015625]",Visually verified U12.1 shared supply/ground bus and its label; power.png
J13,VSS,GND,01studio-CanMV-K230.pdf,3,U12.1,275,"[449.2799987792969, 207.4659423828125, 459.49365234375, 215.899169921875]","[427.239990234375, 210.63592529296875, 439.9183044433594, 219.06915283203125]","[456.6400146484375, 502.2359619140625, 470.7185974121094, 510.669189453125]",Visually verified U12.1 shared supply/ground bus and its label; power.png
J14,VDD1P1_DDR_IO,VDD_1V1,01studio-CanMV-K230.pdf,3,U12.1,335,"[201.47000122070312, 344.2659606933594, 211.68362426757812, 352.6991882324219]","[221.0399932861328, 347.4359436035156, 273.1472473144531, 355.8691711425781]","[160.47000122070312, 340.66595458984375, 188.6398162841797, 349.09918212890625]",Visually verified U12.1 shared supply/ground bus and its label; power.png
J15,VSS,GND,01studio-CanMV-K230.pdf,3,U12.1,276,"[449.2799987792969, 214.66595458984375, 459.49365234375, 223.09918212890625]","[427.239990234375, 217.8359375, 439.9183044433594, 226.2691650390625]","[456.6400146484375, 502.2359619140625, 470.7185974121094, 510.669189453125]",Visually verified U12.1 shared supply/ground bus and its label; power.png
J16,DDR_RESET,DDR_RESET,01studio-CanMV-K230.pdf,2,U12.2,146,"[330.4800109863281, 337.0659484863281, 340.69366455078125, 345.4991760253906]","[282.75, 340.2359619140625, 321.12078857421875, 348.669189453125]","[359.2799987792969, 337.0659484863281, 397.6507873535156, 345.4991760253906]",Explicit same-row external label; source-page bounding box
J17,DDR_CKEB1,,01studio-CanMV-K230.pdf,2,U12.2,161,"[330.4800109863281, 502.6659240722656, 340.69366455078125, 511.0991516113281]","[283.1000061035156, 505.8359375, 321.122314453125, 514.2691650390625]",[],Unresolved; blank does not assert an unconnected pin
J18,DDR_CKEB0,DDR_CKEB0,01studio-CanMV-K230.pdf,2,U12.2,161,"[330.4800109863281, 495.4659729003906, 340.69366455078125, 503.8992004394531]","[283.1000061035156, 498.6359558105469, 321.122314453125, 507.0691833496094]","[359.2799987792969, 495.4659423828125, 397.30230712890625, 503.899169921875]",Explicit same-row external label; source-page bounding box
J19,DDR_CSB1,,01studio-CanMV-K230.pdf,2,U12.2,162,"[330.4800109863281, 481.0659484863281, 340.69366455078125, 489.4991760253906]","[287.32000732421875, 484.2359619140625, 321.1162109375, 492.669189453125]",[],Unresolved; blank does not assert an unconnected pin
J20,DDR_CSB0,DDR_CSB0,01studio-CanMV-K230.pdf,2,U12.2,162,"[330.4800109863281, 473.865966796875, 340.69366455078125, 482.2991943359375]","[287.32000732421875, 477.03594970703125, 321.1162109375, 485.46917724609375]","[359.2799987792969, 473.8659362792969, 393.0762023925781, 482.2991638183594]",Explicit same-row external label; source-page bounding box
K1,GPIO15/OSPI_CLK/QSPI0_CLK,GPIO15,01studio-CanMV-K230.pdf,1,U12.5,110,"[146.3300018310547, 571.06591796875, 154.0789337158203, 579.4991455078125]","[163.44000244140625, 574.2359619140625, 255.35635375976562, 582.669189453125]","[103.68000030517578, 571.06591796875, 126.57196807861328, 579.4991455078125]",Explicit same-row external label; source-page bounding box
K2,GPIO16/OSPI_D0/QSPI1_CS4/QSPI0_D0,GPIO16,01studio-CanMV-K230.pdf,1,U12.5,111,"[146.3300018310547, 578.2659912109375, 154.0789337158203, 586.69921875]","[163.44000244140625, 581.4359130859375, 283.177734375, 589.869140625]","[103.68000030517578, 578.2659912109375, 126.57196807861328, 586.69921875]",Explicit same-row external label; source-page bounding box
K3,VSS,GND,01studio-CanMV-K230.pdf,3,U12.1,277,"[449.2799987792969, 221.865966796875, 457.0289306640625, 230.2991943359375]","[427.239990234375, 225.03594970703125, 439.9183044433594, 233.46917724609375]","[456.6400146484375, 502.2359619140625, 470.7185974121094, 510.669189453125]",Visually verified U12.1 shared supply/ground bus and its label; power.png
K4,GPIO17/OSPI_D1/QSPI1_CS3/QSPI0_D1,GPIO17,01studio-CanMV-K230.pdf,1,U12.5,112,"[146.3300018310547, 585.4659423828125, 154.0789337158203, 593.899169921875]","[163.44000244140625, 588.635986328125, 283.177734375, 597.0692138671875]","[103.68000030517578, 585.4659423828125, 126.57196807861328, 593.899169921875]",Explicit same-row external label; source-page bounding box
K5,GPIO18/OSPI_D2/QSPI1_CS2/QSPI0_D2,GPIO18,01studio-CanMV-K230.pdf,1,U12.5,113,"[146.3300018310547, 592.6659545898438, 154.0789337158203, 601.0991821289062]","[163.44000244140625, 595.8359375, 283.177734375, 604.2691650390625]","[103.68000030517578, 592.6659545898438, 126.57196807861328, 601.0991821289062]",Explicit same-row external label; source-page bounding box
K6,VSS,GND,01studio-CanMV-K230.pdf,3,U12.1,278,"[449.2799987792969, 229.06597900390625, 457.0289306640625, 237.49920654296875]","[427.239990234375, 232.2359619140625, 439.9183044433594, 240.669189453125]","[456.6400146484375, 502.2359619140625, 470.7185974121094, 510.669189453125]",Visually verified U12.1 shared supply/ground bus and its label; power.png
K7,VDDIO_BANK1,,01studio-CanMV-K230.pdf,1,U12.5,94,"[146.3300018310547, 549.4659423828125, 154.0789337158203, 557.899169921875]","[163.44000244140625, 552.635986328125, 207.8046417236328, 561.0692138671875]",[],Unresolved; blank does not assert an unconnected pin
K8,VSS,GND,01studio-CanMV-K230.pdf,3,U12.1,279,"[449.2799987792969, 236.26593017578125, 457.0289306640625, 244.69915771484375]","[427.239990234375, 239.43597412109375, 439.9183044433594, 247.86920166015625]","[456.6400146484375, 502.2359619140625, 470.7185974121094, 510.669189453125]",Visually verified U12.1 shared supply/ground bus and its label; power.png
K9,VDD0P8_CORE,VDD0V8_CORE,01studio-CanMV-K230.pdf,3,U12.1,336,"[203.92999267578125, 135.4659423828125, 211.6789093017578, 143.899169921875]","[221.0399932861328, 138.63592529296875, 267.5145263671875, 147.06915283203125]","[141.63999938964844, 117.03595733642578, 188.11453247070312, 125.46916961669922]",Visually verified U12.1 shared supply/ground bus and its label; power.png
K10,VSS,GND,01studio-CanMV-K230.pdf,3,U12.1,280,"[449.2799987792969, 243.4659423828125, 460.5517578125, 251.899169921875]","[427.239990234375, 246.63592529296875, 439.9183044433594, 255.06915283203125]","[456.6400146484375, 502.2359619140625, 470.7185974121094, 510.669189453125]",Visually verified U12.1 shared supply/ground bus and its label; power.png
K11,VDD0P8_CORE,VDD0V8_CORE,01studio-CanMV-K230.pdf,3,U12.1,337,"[200.41000366210938, 142.66595458984375, 211.68173217773438, 151.09918212890625]","[221.0399932861328, 145.8359375, 267.5145263671875, 154.2691650390625]","[141.63999938964844, 117.03595733642578, 188.11453247070312, 125.46916961669922]",Visually verified U12.1 shared supply/ground bus and its label; power.png
K12,VSS,GND,01studio-CanMV-K230.pdf,3,U12.1,281,"[449.2799987792969, 250.66595458984375, 460.5517578125, 259.09918212890625]","[427.239990234375, 253.8359375, 439.9183044433594, 262.2691650390625]","[456.6400146484375, 502.2359619140625, 470.7185974121094, 510.669189453125]",Visually verified U12.1 shared supply/ground bus and its label; power.png
K13,VDD0P8_DDR_CORE,VDD0V8_DDRCORE,01studio-CanMV-K230.pdf,3,U12.1,338,"[200.41000366210938, 301.06597900390625, 211.68173217773438, 309.49920654296875]","[221.0399932861328, 304.2359619140625, 284.7611083984375, 312.669189453125]","[127.58000183105469, 304.2359619140625, 187.77828979492188, 312.669189453125]",Visually verified U12.1 shared supply/ground bus and its label; power.png
K14,VSS,GND,01studio-CanMV-K230.pdf,3,U12.1,282,"[449.2799987792969, 257.865966796875, 460.5517578125, 266.2991943359375]","[427.239990234375, 261.03594970703125, 439.9183044433594, 269.46917724609375]","[456.6400146484375, 502.2359619140625, 470.7185974121094, 510.669189453125]",Visually verified U12.1 shared supply/ground bus and its label; power.png
K15,VAA_DDR,VAA_DDR,01studio-CanMV-K230.pdf,3,U12.1,355,"[200.41000366210938, 380.2659606933594, 211.68173217773438, 388.6991882324219]","[221.0399932861328, 383.4359436035156, 250.96490478515625, 391.8691711425781]","[157.1199951171875, 383.4359436035156, 187.04489135742188, 391.8691711425781]",Visually verified U12.1 shared supply/ground bus and its label; power.png
K16,VSS,GND,01studio-CanMV-K230.pdf,3,U12.1,283,"[449.2799987792969, 265.06597900390625, 460.5517578125, 273.49920654296875]","[427.239990234375, 268.2359619140625, 439.9183044433594, 276.669189453125]","[456.6400146484375, 502.2359619140625, 470.7185974121094, 510.669189453125]",Visually verified U12.1 shared supply/ground bus and its label; power.png
K17,DDR_VREF,DDR_VREF,01studio-CanMV-K230.pdf,2,U12.2,91,"[330.4800109863281, 344.2659606933594, 341.75177001953125, 352.6991882324219]","[286.9800109863281, 347.43597412109375, 321.12469482421875, 355.86920166015625]","[359.2799987792969, 344.2659606933594, 393.4246826171875, 352.6991882324219]",Explicit same-row external label; source-page bounding box
K18,VSS,GND,01studio-CanMV-K230.pdf,3,U12.1,284,"[449.2799987792969, 272.26593017578125, 460.5517578125, 280.69915771484375]","[427.239990234375, 275.43597412109375, 439.9183044433594, 283.86920166015625]","[456.6400146484375, 502.2359619140625, 470.7185974121094, 510.669189453125]",Visually verified U12.1 shared supply/ground bus and its label; power.png
K19,DDR_ZN,,01studio-CanMV-K230.pdf,2,U12.2,92,"[330.47998046875, 351.4659729003906, 341.7517395019531, 359.8992004394531]","[295.42999267578125, 354.6359558105469, 321.1224670410156, 363.0691833496094]",[],Unresolved; blank does not assert an unconnected pin
K20,DDR_NC,,01studio-CanMV-K230.pdf,2,U12.2,132,"[330.4800109863281, 553.06591796875, 341.75177001953125, 561.4991455078125]","[294.7200012207031, 556.2359619140625, 321.1157531738281, 564.669189453125]",[],Unresolved; blank does not assert an unconnected pin
L1,GPIO19/OSPI_D3/QSPI1_CS1/QSPI0_D3,GPIO19,01studio-CanMV-K230.pdf,1,U12.5,114,"[147.02999877929688, 599.865966796875, 154.07562255859375, 608.2991943359375]","[163.44000244140625, 603.0359497070312, 283.177734375, 611.4691772460938]","[103.68000030517578, 599.865966796875, 126.57196807861328, 608.2991943359375]",Explicit same-row external label; source-page bounding box
L2,GPIO20/OSPI_D4/QSPI1_CS0/PULSE_CNTR0,GPIO20,01studio-CanMV-K230.pdf,1,U12.5,115,"[147.02999877929688, 607.06591796875, 154.07562255859375, 615.4991455078125]","[163.44000244140625, 610.2359619140625, 298.30810546875, 618.669189453125]","[103.68000030517578, 607.06591796875, 126.57196807861328, 615.4991455078125]",Explicit same-row external label; source-page bounding box
L3,GPIO21/OSPI_D5/QSPI1_CLK/PULSE_CNTR1,KEY_GPIO21,01studio-CanMV-K230.pdf,1,U12.5,116,"[147.02999877929688, 614.2659301757812, 154.07562255859375, 622.6991577148438]","[163.44000244140625, 617.4359130859375, 298.30810546875, 625.869140625]","[93.5999984741211, 614.2659301757812, 132.693115234375, 622.6991577148438]",Explicit same-row external label; source-page bounding box
L4,GPIO22/OSPI_D6/QSPI1_D0/PULSE_CNTR2,TP_RST,01studio-CanMV-K230.pdf,1,U12.5,117,"[147.02999877929688, 621.4659423828125, 154.07562255859375, 629.899169921875]","[163.44000244140625, 624.635986328125, 294.0820007324219, 633.0692138671875]","[92.87999725341797, 621.4659423828125, 117.17222595214844, 629.899169921875]",Explicit same-row external label; source-page bounding box
L5,GPIO23/OSPI_D7/QSPI1_D1/PULSE_CNTR3,TP_INT,01studio-CanMV-K230.pdf,1,U12.5,118,"[147.02999877929688, 628.6659545898438, 154.07562255859375, 637.0991821289062]","[163.44000244140625, 631.8359375, 294.0820007324219, 640.2691650390625]","[92.87999725341797, 628.6659545898438, 114.70751953125, 637.0991821289062]",Explicit same-row external label; source-page bounding box
L6,GPIO24/OSPI_DQS/QSPI1_D2/PULSE_CNTR4,LCD_RST,01studio-CanMV-K230.pdf,1,U12.5,119,"[147.02999877929688, 635.865966796875, 154.07562255859375, 644.2991943359375]","[163.44000244140625, 639.0359497070312, 299.7146911621094, 647.4691772460938]","[92.87999725341797, 635.865966796875, 121.746826171875, 644.2991943359375]",Explicit same-row external label; source-page bounding box
L7,VSS,GND,01studio-CanMV-K230.pdf,3,U12.1,285,"[449.2799987792969, 279.4659423828125, 456.3256530761719, 287.899169921875]","[427.239990234375, 282.63592529296875, 439.9183044433594, 291.06915283203125]","[456.6400146484375, 502.2359619140625, 470.7185974121094, 510.669189453125]",Visually verified U12.1 shared supply/ground bus and its label; power.png
L8,VSS,GND,01studio-CanMV-K230.pdf,3,U12.1,286,"[449.2799987792969, 286.66595458984375, 456.3256530761719, 295.09918212890625]","[427.239990234375, 289.8359375, 439.9183044433594, 298.2691650390625]","[456.6400146484375, 502.2359619140625, 470.7185974121094, 510.669189453125]",Visually verified U12.1 shared supply/ground bus and its label; power.png
L9,VDD0P8_CORE,VDD0V8_CORE,01studio-CanMV-K230.pdf,3,U12.1,339,"[204.6300048828125, 149.865966796875, 211.67562866210938, 158.2991943359375]","[221.0399932861328, 153.03594970703125, 267.5145263671875, 161.46917724609375]","[141.63999938964844, 117.03595733642578, 188.11453247070312, 125.46916961669922]",Visually verified U12.1 shared supply/ground bus and its label; power.png
L10,VSS,GND,01studio-CanMV-K230.pdf,3,U12.1,287,"[449.2799987792969, 293.865966796875, 459.8484802246094, 302.2991943359375]","[427.239990234375, 297.03594970703125, 439.9183044433594, 305.46917724609375]","[456.6400146484375, 502.2359619140625, 470.7185974121094, 510.669189453125]",Visually verified U12.1 shared supply/ground bus and its label; power.png
L11,VDD0P8_CORE,VDD0V8_CORE,01studio-CanMV-K230.pdf,3,U12.1,340,"[201.11000061035156, 157.06597900390625, 211.67843627929688, 165.49920654296875]","[221.0399932861328, 160.2359619140625, 267.5145263671875, 168.669189453125]","[141.63999938964844, 117.03595733642578, 188.11453247070312, 125.46916961669922]",Visually verified U12.1 shared supply/ground bus and its label; power.png
L12,VSS,GND,01studio-CanMV-K230.pdf,3,U12.1,288,"[449.2799987792969, 301.06597900390625, 459.8484802246094, 309.49920654296875]","[427.239990234375, 304.2359619140625, 439.9183044433594, 312.669189453125]","[456.6400146484375, 502.2359619140625, 470.7185974121094, 510.669189453125]",Visually verified U12.1 shared supply/ground bus and its label; power.png
L13,VDD0P8_DDR_CORE,VDD0V8_DDRCORE,01studio-CanMV-K230.pdf,3,U12.1,341,"[201.11000061035156, 308.26593017578125, 211.67843627929688, 316.69915771484375]","[221.0399932861328, 311.43597412109375, 284.7611083984375, 319.86920166015625]","[127.58000183105469, 304.2359619140625, 187.77828979492188, 312.669189453125]",Visually verified U12.1 shared supply/ground bus and its label; power.png
L14,VDD1P1_DDR_IO,VDD_1V1,01studio-CanMV-K230.pdf,3,U12.1,342,"[201.11000061035156, 351.4659423828125, 211.67843627929688, 359.899169921875]","[221.0399932861328, 354.6359558105469, 273.1472473144531, 363.0691833496094]","[160.47000122070312, 340.66595458984375, 188.6398162841797, 349.09918212890625]",Visually verified U12.1 shared supply/ground bus and its label; power.png
L15,VSS,GND,01studio-CanMV-K230.pdf,3,U12.1,289,"[449.2799987792969, 308.26593017578125, 459.8484802246094, 316.69915771484375]","[427.239990234375, 311.43597412109375, 439.9183044433594, 319.86920166015625]","[456.6400146484375, 502.2359619140625, 470.7185974121094, 510.669189453125]",Visually verified U12.1 shared supply/ground bus and its label; power.png
L16,DDR_CAA1,DDR_CAA1,01studio-CanMV-K230.pdf,2,U12.2,133,"[330.4800109863281, 193.06591796875, 341.0484924316406, 201.4991455078125]","[287.32000732421875, 196.2359619140625, 321.1162109375, 204.669189453125]","[359.2799987792969, 193.06597900390625, 393.0762023925781, 201.49920654296875]",Explicit same-row external label; source-page bounding box
L17,DDR_NC,,01studio-CanMV-K230.pdf,2,U12.2,134,"[330.4800109863281, 574.6658935546875, 341.0484924316406, 583.09912109375]","[294.7200012207031, 577.8359375, 321.1157531738281, 586.2691650390625]",[],Unresolved; blank does not assert an unconnected pin
L18,DDR_NC,,01studio-CanMV-K230.pdf,2,U12.2,147,"[330.4800109863281, 517.06591796875, 341.0484924316406, 525.4991455078125]","[294.7200012207031, 520.2359619140625, 321.1157531738281, 528.669189453125]",[],Unresolved; blank does not assert an unconnected pin
L19,VSS,GND,01studio-CanMV-K230.pdf,3,U12.1,290,"[449.2799987792969, 315.4659423828125, 459.8484802246094, 323.899169921875]","[427.239990234375, 318.63592529296875, 439.9183044433594, 327.06915283203125]","[456.6400146484375, 502.2359619140625, 470.7185974121094, 510.669189453125]",Visually verified U12.1 shared supply/ground bus and its label; power.png
L20,DDR_NC,,01studio-CanMV-K230.pdf,2,U12.2,135,"[330.4800109863281, 560.2659301757812, 341.0484924316406, 568.6991577148438]","[294.7200012207031, 563.4359130859375, 321.1157531738281, 571.869140625]",[],Unresolved; blank does not assert an unconnected pin
M1,GPIO25/PWM5/QSPI1_D3/PULSE_CNTR5,LCD_EN,01studio-CanMV-K230.pdf,1,U12.5,120,"[145.27999877929688, 643.06591796875, 154.08070373535156, 651.4991455078125]","[163.44000244140625, 646.2359619140625, 286.32672119140625, 654.669189453125]","[92.87999725341797, 643.06591796875, 117.87552642822266, 651.4991455078125]",Explicit same-row external label; source-page bounding box
M2,GPIO54/QSPI0_CS0/MMC1_CMD/PWM0,WIFI_CMD,01studio-CanMV-K230.pdf,1,U12.5,149,"[535.6799926757812, 592.6659545898438, 544.480712890625, 601.0991821289062]","[408.0199890136719, 595.8359375, 526.3195190429688, 604.2691650390625]","[553.6799926757812, 592.6659545898438, 585.0051879882812, 601.0991821289062]",Explicit same-row external label; source-page bounding box
M3,GPIO52/UART3_RTS/PWM4/IIC3_SCL,LED_GPIO52,01studio-CanMV-K230.pdf,1,U12.5,147,"[535.6799926757812, 578.2659912109375, 544.480712890625, 586.69921875]","[414.7099914550781, 581.4359130859375, 526.3250732421875, 589.869140625]","[553.6799926757812, 578.2659912109375, 592.4183349609375, 586.69921875]",Explicit same-row external label; source-page bounding box
M4,GPIO51/UART3_RXD/IIC2_SDA/QSPI0_CS3,UART3_RXD,01studio-CanMV-K230.pdf,1,U12.5,146,"[535.6799926757812, 571.06591796875, 544.480712890625, 579.4991455078125]","[397.7900085449219, 574.2359619140625, 526.3158569335938, 582.669189453125]","[553.6799926757812, 571.06591796875, 591.3475341796875, 579.4991455078125]",Explicit same-row external label; source-page bounding box
M5,GPIO50/UART3_TXD/IIC2_SCL/QSPI0_CS4,UART3_TXD,01studio-CanMV-K230.pdf,1,U12.5,145,"[535.6799926757812, 563.865966796875, 544.480712890625, 572.2991943359375]","[399.20001220703125, 567.0359497070312, 526.3192749023438, 575.4691772460938]","[553.6799926757812, 563.865966796875, 590.6442260742188, 572.2991943359375]",Explicit same-row external label; source-page bounding box
M6,VSS,GND,01studio-CanMV-K230.pdf,3,U12.1,291,"[449.2799987792969, 322.66595458984375, 458.0807189941406, 331.09918212890625]","[427.239990234375, 325.8359375, 439.9183044433594, 334.2691650390625]","[456.6400146484375, 502.2359619140625, 470.7185974121094, 510.669189453125]",Visually verified U12.1 shared supply/ground bus and its label; power.png
M7,VDDIO_BANK4,,01studio-CanMV-K230.pdf,1,U12.5,92,"[535.6799926757812, 549.4659423828125, 544.480712890625, 557.899169921875]","[481.9599914550781, 552.635986328125, 526.32470703125, 561.0692138671875]",[],Unresolved; blank does not assert an unconnected pin
M8,VSS,GND,01studio-CanMV-K230.pdf,3,U12.1,292,"[449.2799987792969, 329.8659362792969, 458.0807189941406, 338.2991638183594]","[427.239990234375, 333.03594970703125, 439.9183044433594, 341.46917724609375]","[456.6400146484375, 502.2359619140625, 470.7185974121094, 510.669189453125]",Visually verified U12.1 shared supply/ground bus and its label; power.png
M9,VDD0P8_CORE,VDD0V8_CORE,01studio-CanMV-K230.pdf,3,U12.1,343,"[202.8800048828125, 164.26593017578125, 211.6807098388672, 172.69915771484375]","[221.0399932861328, 167.43597412109375, 267.5145263671875, 175.86920166015625]","[141.63999938964844, 117.03595733642578, 188.11453247070312, 125.46916961669922]",Visually verified U12.1 shared supply/ground bus and its label; power.png
M10,VSS,GND,01studio-CanMV-K230.pdf,3,U12.1,293,"[449.2799987792969, 337.0659484863281, 461.6035461425781, 345.4991760253906]","[427.239990234375, 340.2359619140625, 439.9183044433594, 348.669189453125]","[456.6400146484375, 502.2359619140625, 470.7185974121094, 510.669189453125]",Visually verified U12.1 shared supply/ground bus and its label; power.png
M11,VDD0P8_CORE,VDD0V8_CORE,01studio-CanMV-K230.pdf,3,U12.1,344,"[199.36000061035156, 171.4659423828125, 211.6835174560547, 179.899169921875]","[221.0399932861328, 174.63592529296875, 267.5145263671875, 183.06915283203125]","[141.63999938964844, 117.03595733642578, 188.11453247070312, 125.46916961669922]",Visually verified U12.1 shared supply/ground bus and its label; power.png
M12,VSS,GND,01studio-CanMV-K230.pdf,3,U12.1,294,"[449.2799987792969, 344.2659606933594, 461.6035461425781, 352.6991882324219]","[427.239990234375, 347.4359436035156, 439.9183044433594, 355.8691711425781]","[456.6400146484375, 502.2359619140625, 470.7185974121094, 510.669189453125]",Visually verified U12.1 shared supply/ground bus and its label; power.png
M13,VDD0P8_DDR_CORE,VDD0V8_DDRCORE,01studio-CanMV-K230.pdf,3,U12.1,345,"[199.36000061035156, 315.4659423828125, 211.6835174560547, 323.899169921875]","[221.0399932861328, 318.63592529296875, 284.7611083984375, 327.06915283203125]","[127.58000183105469, 304.2359619140625, 187.77828979492188, 312.669189453125]",Visually verified U12.1 shared supply/ground bus and its label; power.png
M14,VDD1P1_DDR_IO,VDD_1V1,01studio-CanMV-K230.pdf,3,U12.1,346,"[199.36000061035156, 358.66595458984375, 211.6835174560547, 367.09918212890625]","[221.0399932861328, 361.8359375, 273.1472473144531, 370.2691650390625]","[160.47000122070312, 340.66595458984375, 188.6398162841797, 349.09918212890625]",Visually verified U12.1 shared supply/ground bus and its label; power.png
M15,VSS,GND,01studio-CanMV-K230.pdf,3,U12.1,295,"[449.2799987792969, 351.4659423828125, 461.6035461425781, 359.899169921875]","[427.239990234375, 354.6359558105469, 439.9183044433594, 363.0691833496094]","[456.6400146484375, 502.2359619140625, 470.7185974121094, 510.669189453125]",Visually verified U12.1 shared supply/ground bus and its label; power.png
M16,VSS,GND,01studio-CanMV-K230.pdf,3,U12.1,296,"[449.2799987792969, 358.66595458984375, 461.6035461425781, 367.09918212890625]","[427.239990234375, 361.8359375, 439.9183044433594, 370.2691650390625]","[456.6400146484375, 502.2359619140625, 470.7185974121094, 510.669189453125]",Visually verified U12.1 shared supply/ground bus and its label; power.png
M17,DDR_NC,,01studio-CanMV-K230.pdf,2,U12.2,163,"[330.4800109863281, 610.6659545898438, 342.8035583496094, 619.0991821289062]","[294.7200012207031, 613.8359375, 321.1157531738281, 622.2691650390625]",[],Unresolved; blank does not assert an unconnected pin
M18,DDR_CAA4,DDR_CAA4,01studio-CanMV-K230.pdf,2,U12.2,136,"[330.4800109863281, 214.66595458984375, 342.8035583496094, 223.09918212890625]","[287.32000732421875, 217.8359375, 321.1162109375, 226.2691650390625]","[359.2799987792969, 214.66595458984375, 393.0762023925781, 223.09918212890625]",Explicit same-row external label; source-page bounding box
M19,DDR_CAA0,DDR_CAA0,01studio-CanMV-K230.pdf,2,U12.2,137,"[330.4800109863281, 185.86590576171875, 342.8035583496094, 194.29913330078125]","[287.32000732421875, 189.03594970703125, 321.1162109375, 197.46917724609375]","[359.2799987792969, 185.865966796875, 393.0762023925781, 194.2991943359375]",Explicit same-row external label; source-page bounding box
M20,DDR_NA,,01studio-CanMV-K230.pdf,2,U12.2,138,"[330.4800109863281, 567.4659423828125, 342.8035583496094, 575.899169921875]","[295.07000732421875, 570.635986328125, 321.1172790527344, 579.0692138671875]",[],Unresolved; blank does not assert an unconnected pin
N1,GPIO57/QSPI0_D1/MMC1_D1/PWM3,WIFI_D1,01studio-CanMV-K230.pdf,1,U12.5,152,"[535.6799926757812, 614.2659301757812, 543.7774047851562, 622.6991577148438]","[418.5799865722656, 617.4359130859375, 526.3237915039062, 625.869140625]","[553.6799926757812, 614.2659301757812, 578.675537109375, 622.6991577148438]",Explicit same-row external label; source-page bounding box
N2,GPIO55/QSPI0_CLK/MMC1_CLK/PWM1,WIFI_CLK,01studio-CanMV-K230.pdf,1,U12.5,150,"[535.6799926757812, 599.865966796875, 543.7774047851562, 608.2991943359375]","[410.1199951171875, 603.0359497070312, 526.3159790039062, 611.4691772460938]","[553.6799926757812, 599.865966796875, 582.9016723632812, 608.2991943359375]",Explicit same-row external label; source-page bounding box
N3,VSS,GND,01studio-CanMV-K230.pdf,3,U12.1,297,"[449.2799987792969, 365.8659362792969, 457.3774108886719, 374.2991638183594]","[427.239990234375, 369.03594970703125, 439.9183044433594, 377.46917724609375]","[456.6400146484375, 502.2359619140625, 470.7185974121094, 510.669189453125]",Visually verified U12.1 shared supply/ground bus and its label; power.png
N4,GPIO53/UART3_CTS/PWM5/IIC3_SDA,WIFI_REGON,01studio-CanMV-K230.pdf,1,U12.5,148,"[535.6799926757812, 585.4659423828125, 543.7774047851562, 593.899169921875]","[414.0, 588.635986328125, 526.318359375, 597.0692138671875]","[553.6799926757812, 585.4659423828125, 593.8121948242188, 593.899169921875]",Explicit same-row external label; source-page bounding box
N5,VSS,GND,01studio-CanMV-K230.pdf,3,U12.1,298,"[449.2799987792969, 373.0659484863281, 457.3774108886719, 381.4991760253906]","[427.239990234375, 376.2359619140625, 439.9183044433594, 384.669189453125]","[456.6400146484375, 502.2359619140625, 470.7185974121094, 510.669189453125]",Visually verified U12.1 shared supply/ground bus and its label; power.png
N6,AVDD0P8_MIPI,,01studio-CanMV-K230.pdf,4,U12.3,52,"[189.17999267578125, 187.305908203125, 197.2773895263672, 195.7391357421875]","[206.63999938964844, 190.4759521484375, 252.06277465820312, 198.9091796875]",[],Unresolved; blank does not assert an unconnected pin
N7,AVDD1P8_MIPI,,01studio-CanMV-K230.pdf,4,U12.3,53,"[189.17999267578125, 172.90594482421875, 197.2773895263672, 181.33917236328125]","[206.63999938964844, 176.075927734375, 252.06277465820312, 184.5091552734375]",[],Unresolved; blank does not assert an unconnected pin
N8,VSS,GND,01studio-CanMV-K230.pdf,3,U12.1,299,"[449.2799987792969, 380.2659606933594, 457.3774108886719, 388.6991882324219]","[427.239990234375, 383.4359436035156, 439.9183044433594, 391.8691711425781]","[456.6400146484375, 502.2359619140625, 470.7185974121094, 510.669189453125]",Visually verified U12.1 shared supply/ground bus and its label; power.png
N9,VDD0P8_CORE,VDD0V8_CORE,01studio-CanMV-K230.pdf,3,U12.1,347,"[203.5800018310547, 178.66595458984375, 211.6774139404297, 187.09918212890625]","[221.0399932861328, 181.8359375, 267.5145263671875, 190.2691650390625]","[141.63999938964844, 117.03595733642578, 188.11453247070312, 125.46916961669922]",Visually verified U12.1 shared supply/ground bus and its label; power.png
N10,VSS,GND,01studio-CanMV-K230.pdf,3,U12.1,300,"[449.2799987792969, 387.4659423828125, 460.9002380371094, 395.899169921875]","[427.239990234375, 390.6359558105469, 439.9183044433594, 399.0691833496094]","[456.6400146484375, 502.2359619140625, 470.7185974121094, 510.669189453125]",Visually verified U12.1 shared supply/ground bus and its label; power.png
N11,VDD0P8_CORE,VDD0V8_CORE,01studio-CanMV-K230.pdf,3,U12.1,348,"[200.05999755859375, 185.865966796875, 211.68020629882812, 194.2991943359375]","[221.0399932861328, 189.03594970703125, 267.5145263671875, 197.46917724609375]","[141.63999938964844, 117.03595733642578, 188.11453247070312, 125.46916961669922]",Visually verified U12.1 shared supply/ground bus and its label; power.png
N12,VSS,GND,01studio-CanMV-K230.pdf,3,U12.1,301,"[449.2799987792969, 394.66595458984375, 460.9002380371094, 403.09918212890625]","[427.239990234375, 397.8359375, 439.9183044433594, 406.2691650390625]","[456.6400146484375, 502.2359619140625, 470.7185974121094, 510.669189453125]",Visually verified U12.1 shared supply/ground bus and its label; power.png
N13,VDD0P8_DDR_CORE,VDD0V8_DDRCORE,01studio-CanMV-K230.pdf,3,U12.1,349,"[200.05999755859375, 322.66595458984375, 211.68020629882812, 331.09918212890625]","[221.0399932861328, 325.8359375, 284.7611083984375, 334.2691650390625]","[127.58000183105469, 304.2359619140625, 187.77828979492188, 312.669189453125]",Visually verified U12.1 shared supply/ground bus and its label; power.png
N14,VDD1P1_DDR_IO,VDD_1V1,01studio-CanMV-K230.pdf,3,U12.1,350,"[200.05999755859375, 365.8659362792969, 211.68020629882812, 374.2991638183594]","[221.0399932861328, 369.03594970703125, 273.1472473144531, 377.46917724609375]","[160.47000122070312, 340.66595458984375, 188.6398162841797, 349.09918212890625]",Visually verified U12.1 shared supply/ground bus and its label; power.png
N15,VSS,GND,01studio-CanMV-K230.pdf,3,U12.1,302,"[449.2799987792969, 401.8659362792969, 460.9002380371094, 410.2991638183594]","[427.239990234375, 405.03594970703125, 439.9183044433594, 413.46917724609375]","[456.6400146484375, 502.2359619140625, 470.7185974121094, 510.669189453125]",Visually verified U12.1 shared supply/ground bus and its label; power.png
N16,VSS,GND,01studio-CanMV-K230.pdf,3,U12.1,303,"[449.2799987792969, 409.0659484863281, 460.9002380371094, 417.4991760253906]","[427.239990234375, 412.2359619140625, 439.9183044433594, 420.669189453125]","[456.6400146484375, 502.2359619140625, 470.7185974121094, 510.669189453125]",Visually verified U12.1 shared supply/ground bus and its label; power.png
N17,DDR_CKEA0,DDR_CKEA0,01studio-CanMV-K230.pdf,2,U12.2,125,"[330.4800109863281, 308.26593017578125, 342.1002502441406, 316.69915771484375]","[283.1000061035156, 311.43597412109375, 321.122314453125, 319.86920166015625]","[359.2799987792969, 308.26593017578125, 397.30230712890625, 316.69915771484375]",Explicit same-row external label; source-page bounding box
N18,DDR_NC,,01studio-CanMV-K230.pdf,2,U12.2,164,"[330.4800109863281, 581.865966796875, 342.1002502441406, 590.2991943359375]","[294.7200012207031, 585.0359497070312, 321.1157531738281, 593.4691772460938]",[],Unresolved; blank does not assert an unconnected pin
N19,DDR_CAA2,DDR_CAA2,01studio-CanMV-K230.pdf,2,U12.2,139,"[330.4800109863281, 200.26593017578125, 342.1002502441406, 208.69915771484375]","[287.32000732421875, 203.43597412109375, 321.1162109375, 211.86920166015625]","[359.2799987792969, 200.26593017578125, 393.0762023925781, 208.69915771484375]",Explicit same-row external label; source-page bounding box
N20,DDR_CAA3,DDR_CAA3,01studio-CanMV-K230.pdf,2,U12.2,140,"[330.4800109863281, 207.46588134765625, 342.1002502441406, 215.89910888671875]","[287.32000732421875, 210.63592529296875, 321.1162109375, 219.06915283203125]","[359.2799987792969, 207.4659423828125, 393.0762023925781, 215.899169921875]",Explicit same-row external label; source-page bounding box
P1,GPIO58/QSPI0_D2/MMC1_D2/PWM4,WIFI_D2,01studio-CanMV-K230.pdf,1,U12.5,153,"[535.6799926757812, 621.4659423828125, 543.428955078125, 629.899169921875]","[418.5799865722656, 624.635986328125, 526.3237915039062, 633.0692138671875]","[553.6799926757812, 621.4659423828125, 578.675537109375, 629.899169921875]",Explicit same-row external label; source-page bounding box
P2,GPIO59/QSPI0_D3/MMC1_D3/PWM5,WIFI_D3,01studio-CanMV-K230.pdf,1,U12.5,154,"[535.6799926757812, 628.6659545898438, 543.428955078125, 637.0991821289062]","[418.5799865722656, 631.8359375, 526.3237915039062, 640.2691650390625]","[553.6799926757812, 628.6659545898438, 578.675537109375, 637.0991821289062]",Explicit same-row external label; source-page bounding box
P3,GPIO56/QSPI0_D0/MMC1_D0/PWM2,WIFI_D0,01studio-CanMV-K230.pdf,1,U12.5,151,"[535.6799926757812, 607.06591796875, 543.428955078125, 615.4991455078125]","[418.5799865722656, 610.2359619140625, 526.3237915039062, 618.669189453125]","[553.6799926757812, 607.06591796875, 578.675537109375, 615.4991455078125]",Explicit same-row external label; source-page bounding box
P4,GPIO61/PWM1/IIC0_SDA/QSPI0_CS1/VSYNC1,GPIO61,01studio-CanMV-K230.pdf,1,U12.5,156,"[535.6799926757812, 643.06591796875, 543.428955078125, 651.4991455078125]","[389.3399963378906, 646.2359619140625, 526.3180541992188, 654.669189453125]","[565.9199829101562, 643.06591796875, 588.8119506835938, 651.4991455078125]",Explicit same-row external label; source-page bounding box
P5,GPIO60/PWM0/IIC0_SCL/QSPI0_CS2/HSYNC1,GPIO60,01studio-CanMV-K230.pdf,1,U12.5,155,"[535.6799926757812, 635.865966796875, 543.428955078125, 644.2991943359375]","[389.70001220703125, 639.0359497070312, 526.3232421875, 647.4691772460938]","[565.9199829101562, 635.865966796875, 588.8119506835938, 644.2991943359375]",Explicit same-row external label; source-page bounding box
P6,VSS,GND,01studio-CanMV-K230.pdf,3,U12.1,304,"[449.2799987792969, 416.2659606933594, 457.0289306640625, 424.6991882324219]","[427.239990234375, 419.4359436035156, 439.9183044433594, 427.8691711425781]","[456.6400146484375, 502.2359619140625, 470.7185974121094, 510.669189453125]",Visually verified U12.1 shared supply/ground bus and its label; power.png
P7,VSS,GND,01studio-CanMV-K230.pdf,3,U12.1,305,"[449.2799987792969, 423.4659423828125, 457.0289306640625, 431.899169921875]","[427.239990234375, 426.6359558105469, 439.9183044433594, 435.0691833496094]","[456.6400146484375, 502.2359619140625, 470.7185974121094, 510.669189453125]",Visually verified U12.1 shared supply/ground bus and its label; power.png
P8,VSS,GND,01studio-CanMV-K230.pdf,3,U12.1,306,"[449.2799987792969, 430.66595458984375, 457.0289306640625, 439.09918212890625]","[427.239990234375, 433.8359375, 439.9183044433594, 442.2691650390625]","[456.6400146484375, 502.2359619140625, 470.7185974121094, 510.669189453125]",Visually verified U12.1 shared supply/ground bus and its label; power.png
P9,VDD0P8_CORE,VDD0V8_CORE,01studio-CanMV-K230.pdf,3,U12.1,351,"[203.92999267578125, 193.06597900390625, 211.6789093017578, 201.49920654296875]","[221.0399932861328, 196.2359619140625, 267.5145263671875, 204.669189453125]","[141.63999938964844, 117.03595733642578, 188.11453247070312, 125.46916961669922]",Visually verified U12.1 shared supply/ground bus and its label; power.png
P10,VSS,GND,01studio-CanMV-K230.pdf,3,U12.1,307,"[449.2799987792969, 437.8659362792969, 460.5517578125, 446.2991638183594]","[427.239990234375, 441.03594970703125, 439.9183044433594, 449.46917724609375]","[456.6400146484375, 502.2359619140625, 470.7185974121094, 510.669189453125]",Visually verified U12.1 shared supply/ground bus and its label; power.png
P11,VDD0P8_CORE,VDD0V8_CORE,01studio-CanMV-K230.pdf,3,U12.1,352,"[200.41000366210938, 200.26593017578125, 211.68173217773438, 208.69915771484375]","[221.0399932861328, 203.43597412109375, 267.5145263671875, 211.86920166015625]","[141.63999938964844, 117.03595733642578, 188.11453247070312, 125.46916961669922]",Visually verified U12.1 shared supply/ground bus and its label; power.png
P12,VSS,GND,01studio-CanMV-K230.pdf,3,U12.1,308,"[449.2799987792969, 445.0659484863281, 460.5517578125, 453.4991760253906]","[427.239990234375, 448.2359619140625, 439.9183044433594, 456.669189453125]","[456.6400146484375, 502.2359619140625, 470.7185974121094, 510.669189453125]",Visually verified U12.1 shared supply/ground bus and its label; power.png
P13,VDD0P8_CORE,VDD0V8_CORE,01studio-CanMV-K230.pdf,3,U12.1,353,"[200.41000366210938, 207.4659423828125, 211.68173217773438, 215.899169921875]","[221.0399932861328, 210.63592529296875, 267.5145263671875, 219.06915283203125]","[141.63999938964844, 117.03595733642578, 188.11453247070312, 125.46916961669922]",Visually verified U12.1 shared supply/ground bus and its label; power.png
P14,VSS,GND,01studio-CanMV-K230.pdf,3,U12.1,309,"[449.2799987792969, 452.2659606933594, 460.5517578125, 460.6991882324219]","[427.239990234375, 455.4359436035156, 439.9183044433594, 463.8691711425781]","[456.6400146484375, 502.2359619140625, 470.7185974121094, 510.669189453125]",Visually verified U12.1 shared supply/ground bus and its label; power.png
P15,VSS,GND,01studio-CanMV-K230.pdf,3,U12.1,310,"[449.2799987792969, 459.4659423828125, 460.5517578125, 467.899169921875]","[427.239990234375, 462.6359558105469, 439.9183044433594, 471.0691833496094]","[456.6400146484375, 502.2359619140625, 470.7185974121094, 510.669189453125]",Visually verified U12.1 shared supply/ground bus and its label; power.png
P16,DDR_DQA14,DDR_DQA10,01studio-CanMV-K230.pdf,2,U12.2,113,"[110.40999603271484, 293.86590576171875, 121.68174743652344, 302.29913330078125]","[131.0399932861328, 297.03594970703125, 169.06231689453125, 305.46917724609375]","[53.279998779296875, 293.865966796875, 91.3023452758789, 302.2991943359375]",Explicit same-row external label; source-page bounding box
P17,DDR_DMIA1,DDR_DMIA1,01studio-CanMV-K230.pdf,2,U12.2,144,"[330.4800109863281, 272.26593017578125, 341.75177001953125, 280.69915771484375]","[284.510009765625, 275.43597412109375, 321.1194152832031, 283.86920166015625]","[359.2799987792969, 272.26593017578125, 395.889404296875, 280.69915771484375]",Explicit same-row external label; source-page bounding box
P18,DDR_CKEA1,,01studio-CanMV-K230.pdf,2,U12.2,126,"[330.4800109863281, 315.46588134765625, 341.75177001953125, 323.89910888671875]","[283.1000061035156, 318.63592529296875, 321.122314453125, 327.06915283203125]",[],Unresolved; blank does not assert an unconnected pin
P19,DDR_CAA5,DDR_CAA5,01studio-CanMV-K230.pdf,2,U12.2,141,"[330.4800109863281, 221.86590576171875, 341.75177001953125, 230.29913330078125]","[287.32000732421875, 225.03594970703125, 321.1162109375, 233.46917724609375]","[359.2799987792969, 221.865966796875, 393.0762023925781, 230.2991943359375]",Explicit same-row external label; source-page bounding box
P20,VSS,GND,01studio-CanMV-K230.pdf,3,U12.1,311,"[449.2799987792969, 466.66595458984375, 460.5517578125, 475.09918212890625]","[427.239990234375, 469.8359375, 439.9183044433594, 478.2691650390625]","[456.6400146484375, 502.2359619140625, 470.7185974121094, 510.669189453125]",Visually verified U12.1 shared supply/ground bus and its label; power.png
R1,MIPI_RX2_CLK_P,,01studio-CanMV-K230.pdf,4,U12.3,37,"[362.8800048828125, 180.10595703125, 370.9774169921875, 188.5391845703125]","[301.04998779296875, 183.27593994140625, 353.5184326171875, 191.70916748046875]",[],Unresolved; blank does not assert an unconnected pin
R2,MIPI_RX2_CLK_N,,01studio-CanMV-K230.pdf,4,U12.3,38,"[362.8800048828125, 187.305908203125, 370.9774169921875, 195.7391357421875]","[300.70001220703125, 190.4759521484375, 353.5169372558594, 198.9091796875]",[],Unresolved; blank does not assert an unconnected pin
R3,VSS,GND,01studio-CanMV-K230.pdf,3,U12.1,312,"[449.2799987792969, 473.8659362792969, 457.3774108886719, 482.2991638183594]","[427.239990234375, 477.03594970703125, 439.9183044433594, 485.46917724609375]","[456.6400146484375, 502.2359619140625, 470.7185974121094, 510.669189453125]",Visually verified U12.1 shared supply/ground bus and its label; power.png
R6,VSS,GND,01studio-CanMV-K230.pdf,3,U12.1,313,"[409.06597900390625, 514.08251953125, 417.49920654296875, 522.179931640625]","[412.6659851074219, 491.6116638183594, 421.0992126464844, 504.28997802734375]","[456.6400146484375, 502.2359619140625, 470.7185974121094, 510.669189453125]",Visually verified U12.1 shared supply/ground bus and its label; power.png
R7,VSS,GND,01studio-CanMV-K230.pdf,3,U12.1,313,"[401.865966796875, 514.08251953125, 410.2991943359375, 522.179931640625]","[405.4659729003906, 491.6116638183594, 413.8992004394531, 504.28997802734375]","[456.6400146484375, 502.2359619140625, 470.7185974121094, 510.669189453125]",Visually verified U12.1 shared supply/ground bus and its label; power.png
R8,AVDD0P8_MIPI,,01studio-CanMV-K230.pdf,4,U12.3,54,"[189.17999267578125, 194.50592041015625, 197.2773895263672, 202.93914794921875]","[206.63999938964844, 197.67596435546875, 252.06277465820312, 206.10919189453125]",[],Unresolved; blank does not assert an unconnected pin
R9,AVDD1P8_MIPI,,01studio-CanMV-K230.pdf,4,U12.3,55,"[189.17999267578125, 180.10595703125, 197.2773895263672, 188.5391845703125]","[206.63999938964844, 183.27593994140625, 252.06277465820312, 191.70916748046875]",[],Unresolved; blank does not assert an unconnected pin
R10,VSS,GND,01studio-CanMV-K230.pdf,3,U12.1,313,"[394.6659851074219, 514.0797119140625, 403.0992126464844, 525.699951171875]","[398.2659912109375, 491.6116638183594, 406.69921875, 504.28997802734375]","[456.6400146484375, 502.2359619140625, 470.7185974121094, 510.669189453125]",Visually verified U12.1 shared supply/ground bus and its label; power.png
R11,VDDIO_BANK2,,01studio-CanMV-K230.pdf,1,U12.5,96,"[142.4600067138672, 657.4659423828125, 154.08023071289062, 665.899169921875]","[163.44000244140625, 660.635986328125, 207.8046417236328, 669.0692138671875]",[],Unresolved; blank does not assert an unconnected pin
R12,VSS,GND,01studio-CanMV-K230.pdf,3,U12.1,313,"[387.4659729003906, 514.0797119140625, 395.8992004394531, 525.699951171875]","[391.06597900390625, 491.6116638183594, 399.49920654296875, 504.28997802734375]","[456.6400146484375, 502.2359619140625, 470.7185974121094, 510.669189453125]",Visually verified U12.1 shared supply/ground bus and its label; power.png
R13,VDDIO_BANK0,,01studio-CanMV-K230.pdf,1,U12.5,95,"[142.4600067138672, 441.4659423828125, 154.08023071289062, 449.899169921875]","[163.44000244140625, 444.6359558105469, 207.8046417236328, 453.0691833496094]",[],Unresolved; blank does not assert an unconnected pin
R14,VSS,GND,01studio-CanMV-K230.pdf,3,U12.1,313,"[380.2659912109375, 514.0797119140625, 388.69921875, 525.699951171875]","[383.865966796875, 491.6116638183594, 392.2991943359375, 504.28997802734375]","[456.6400146484375, 502.2359619140625, 470.7185974121094, 510.669189453125]",Visually verified U12.1 shared supply/ground bus and its label; power.png
R15,VDDIO_BANK5,,01studio-CanMV-K230.pdf,1,U12.5,93,"[535.6799926757812, 657.4659423828125, 547.3002319335938, 665.899169921875]","[481.9599914550781, 660.635986328125, 526.32470703125, 669.0692138671875]",[],Unresolved; blank does not assert an unconnected pin
R16,VSS,GND,01studio-CanMV-K230.pdf,3,U12.1,313,"[373.06597900390625, 514.0797119140625, 381.49920654296875, 525.699951171875]","[376.6659851074219, 491.6116638183594, 385.0992126464844, 504.28997802734375]","[456.6400146484375, 502.2359619140625, 470.7185974121094, 510.669189453125]",Visually verified U12.1 shared supply/ground bus and its label; power.png
R17,DDR_DQA8,DDR_DQA11,01studio-CanMV-K230.pdf,2,U12.2,114,"[110.05999755859375, 250.66595458984375, 121.68022918701172, 259.09918212890625]","[131.0399932861328, 253.8359375, 165.5395050048828, 262.2691650390625]","[53.279998779296875, 250.66595458984375, 91.3023452758789, 259.09918212890625]",Explicit same-row external label; source-page bounding box
R18,DDR_DQA10,DDR_DQA12,01studio-CanMV-K230.pdf,2,U12.2,115,"[110.05999755859375, 265.06591796875, 121.68022918701172, 273.4991455078125]","[131.0399932861328, 268.2359619140625, 169.06231689453125, 276.669189453125]","[53.279998779296875, 265.06597900390625, 91.3023452758789, 273.49920654296875]",Explicit same-row external label; source-page bounding box
R19,DDR_CLKAP,DDR_CLKA_P,01studio-CanMV-K230.pdf,2,U12.2,127,"[330.4800109863281, 243.46588134765625, 342.1002502441406, 251.89910888671875]","[283.1000061035156, 246.63592529296875, 321.122314453125, 255.06915283203125]","[359.2799987792969, 243.4659423828125, 400.82513427734375, 251.899169921875]",Explicit same-row external label; source-page bounding box
R20,DDR_CLKAN,DDR_CLKA_N,01studio-CanMV-K230.pdf,2,U12.2,128,"[330.4800109863281, 250.66595458984375, 342.1002502441406, 259.09918212890625]","[282.75, 253.8359375, 321.12078857421875, 262.2691650390625]","[359.2799987792969, 250.66595458984375, 401.1736145019531, 259.09918212890625]",Explicit same-row external label; source-page bounding box
T1,MIPI_RX2_D4_N,,01studio-CanMV-K230.pdf,4,U12.3,39,"[362.8800048828125, 201.70599365234375, 370.2741394042969, 210.13922119140625]","[304.92999267578125, 204.8759765625, 353.52081298828125, 213.3092041015625]",[],Unresolved; blank does not assert an unconnected pin
T2,MIPI_RX2_D4_P,,01studio-CanMV-K230.pdf,4,U12.3,39,"[362.8800048828125, 194.50592041015625, 370.2741394042969, 202.93914794921875]","[305.2799987792969, 197.67596435546875, 353.5223388671875, 206.10919189453125]",[],Unresolved; blank does not assert an unconnected pin
T3,VSS,GND,01studio-CanMV-K230.pdf,3,U12.1,313,"[365.865966796875, 514.0758056640625, 374.2991943359375, 521.469970703125]","[369.4659729003906, 491.6116638183594, 377.8992004394531, 504.28997802734375]","[456.6400146484375, 502.2359619140625, 470.7185974121094, 510.669189453125]",Visually verified U12.1 shared supply/ground bus and its label; power.png
T7,VSS,GND,01studio-CanMV-K230.pdf,3,U12.1,313,"[358.6659851074219, 514.0758056640625, 367.0992126464844, 521.469970703125]","[362.2659912109375, 491.6116638183594, 370.69921875, 504.28997802734375]","[456.6400146484375, 502.2359619140625, 470.7185974121094, 510.669189453125]",Visually verified U12.1 shared supply/ground bus and its label; power.png
T8,VSS,GND,01studio-CanMV-K230.pdf,3,U12.1,313,"[351.4659729003906, 514.0758056640625, 359.8992004394531, 521.469970703125]","[355.06597900390625, 491.6116638183594, 363.49920654296875, 504.28997802734375]","[456.6400146484375, 502.2359619140625, 470.7185974121094, 510.669189453125]",Visually verified U12.1 shared supply/ground bus and its label; power.png
T9,VSS,GND,01studio-CanMV-K230.pdf,3,U12.1,313,"[344.2659912109375, 514.0758056640625, 352.69921875, 521.469970703125]","[347.865966796875, 491.6116638183594, 356.2991943359375, 504.28997802734375]","[456.6400146484375, 502.2359619140625, 470.7185974121094, 510.669189453125]",Visually verified U12.1 shared supply/ground bus and its label; power.png
T10,GPIO36/IIC3_SCL/IIS_D_IN1/PDM_IN2/UART4_TXD,TP_I2C3_SCL,01studio-CanMV-K230.pdf,1,U12.5,131,"[143.16000366210938, 743.865966796875, 154.07691955566406, 752.2991943359375]","[163.44000244140625, 747.0359497070312, 314.49664306640625, 755.4691772460938]","[94.31999969482422, 743.865966796875, 135.16819763183594, 752.2991943359375]",Explicit same-row external label; source-page bounding box
T11,GPIO33/IIC0_SDA/IIS_WS/UART3_RXD,GPIO33,01studio-CanMV-K230.pdf,1,U12.5,128,"[143.16000366210938, 722.2659301757812, 154.07691955566406, 730.6991577148438]","[163.44000244140625, 725.4359741210938, 278.9325866699219, 733.8692016601562]","[103.68000030517578, 722.2659301757812, 126.57196807861328, 730.6991577148438]",Explicit same-row external label; source-page bounding box
T12,GPIO13/M_CLK1,,01studio-CanMV-K230.pdf,1,U12.5,108,"[143.16000366210938, 535.06591796875, 154.07691955566406, 543.4991455078125]","[163.44000244140625, 538.2359619140625, 212.7404327392578, 546.669189453125]",[],Unresolved; blank does not assert an unconnected pin
T13,GPIO9/PWM4/UART1_TXD/IIC1_SCL,CAM0_GPIO9,01studio-CanMV-K230.pdf,1,U12.5,104,"[143.16000366210938, 506.2659912109375, 154.07691955566406, 514.69921875]","[163.44000244140625, 509.4359130859375, 271.5321350097656, 517.869140625]","[92.87999725341797, 506.2659912109375, 133.3733673095703, 514.69921875]",Explicit same-row external label; source-page bounding box
T14,GPIO62/M_CLK2/UART3_DE,CAM2_RST,01studio-CanMV-K230.pdf,1,U12.5,157,"[535.6799926757812, 671.865966796875, 546.596923828125, 680.2991943359375]","[442.1700134277344, 675.0359497070312, 526.3248291015625, 683.4691772460938]","[553.6799926757812, 671.865966796875, 587.4762573242188, 680.2991943359375]",Explicit same-row external label; source-page bounding box
T15,VSS,GND,01studio-CanMV-K230.pdf,3,U12.1,313,"[337.06597900390625, 514.0830078125, 345.49920654296875, 525.0]","[340.6659851074219, 491.6116638183594, 349.0992126464844, 504.28997802734375]","[456.6400146484375, 502.2359619140625, 470.7185974121094, 510.669189453125]",Visually verified U12.1 shared supply/ground bus and its label; power.png
T16,DDR_DQA1,DDR_DQA3,01studio-CanMV-K230.pdf,2,U12.2,108,"[110.75999450683594, 193.06591796875, 121.67692565917969, 201.4991455078125]","[131.0399932861328, 196.2359619140625, 165.5395050048828, 204.669189453125]","[53.279998779296875, 193.06597900390625, 87.77952575683594, 201.49920654296875]",Explicit same-row external label; source-page bounding box
T17,DDR_DQA15,DDR_DQA9,01studio-CanMV-K230.pdf,2,U12.2,116,"[110.75999450683594, 301.06591796875, 121.67692565917969, 309.4991455078125]","[131.0399932861328, 304.2359619140625, 169.06231689453125, 312.669189453125]","[53.279998779296875, 301.06597900390625, 87.77952575683594, 309.49920654296875]",Explicit same-row external label; source-page bounding box
T18,DDR_DQA9,DDR_DQA13,01studio-CanMV-K230.pdf,2,U12.2,117,"[110.75999450683594, 257.86590576171875, 121.67692565917969, 266.29913330078125]","[131.0399932861328, 261.03594970703125, 165.5395050048828, 269.46917724609375]","[53.279998779296875, 257.865966796875, 91.3023452758789, 266.2991943359375]",Explicit same-row external label; source-page bounding box
T19,DDR_CSA1,,01studio-CanMV-K230.pdf,2,U12.2,145,"[330.4800109863281, 293.86590576171875, 341.39697265625, 302.29913330078125]","[287.32000732421875, 297.03594970703125, 321.1162109375, 305.46917724609375]",[],Unresolved; blank does not assert an unconnected pin
T20,DDR_CSA0,DDR_CSA0,01studio-CanMV-K230.pdf,2,U12.2,145,"[330.4800109863281, 286.66595458984375, 341.39697265625, 295.09918212890625]","[287.32000732421875, 289.8359375, 321.1162109375, 298.2691650390625]","[359.2799987792969, 286.66595458984375, 393.0762023925781, 295.09918212890625]",Explicit same-row external label; source-page bounding box
U1,MIPI_RX2_D5_P,,01studio-CanMV-K230.pdf,4,U12.3,40,"[362.8800048828125, 208.90594482421875, 370.9774169921875, 217.33917236328125]","[305.2799987792969, 212.075927734375, 353.5223388671875, 220.5091552734375]",[],Unresolved; blank does not assert an unconnected pin
U2,MIPI_RX2_D5_N,,01studio-CanMV-K230.pdf,4,U12.3,41,"[362.8800048828125, 216.10595703125, 370.9774169921875, 224.5391845703125]","[304.92999267578125, 219.27593994140625, 353.52081298828125, 227.70916748046875]",[],Unresolved; blank does not assert an unconnected pin
U3,VSS,GND,01studio-CanMV-K230.pdf,3,U12.1,313,"[329.865966796875, 514.08251953125, 338.2991943359375, 522.179931640625]","[333.4659729003906, 491.6116638183594, 341.8992004394531, 504.28997802734375]","[456.6400146484375, 502.2359619140625, 470.7185974121094, 510.669189453125]",Visually verified U12.1 shared supply/ground bus and its label; power.png
U6,MIPI_ATB,,01studio-CanMV-K230.pdf,4,U12.3,56,"[189.17999267578125, 208.90594482421875, 197.2773895263672, 217.33917236328125]","[206.63999938964844, 212.075927734375, 235.51318359375, 220.5091552734375]",[],Unresolved; blank does not assert an unconnected pin
U7,MIPI_REXT,,01studio-CanMV-K230.pdf,4,U12.3,56,"[189.17999267578125, 201.70599365234375, 197.2773895263672, 210.13922119140625]","[206.63999938964844, 204.8759765625, 240.08775329589844, 213.3092041015625]",[],Unresolved; blank does not assert an unconnected pin
U8,VSS,GND,01studio-CanMV-K230.pdf,3,U12.1,313,"[322.6659851074219, 514.08251953125, 331.0992126464844, 522.179931640625]","[326.2659912109375, 491.6116638183594, 334.69921875, 504.28997802734375]","[456.6400146484375, 502.2359619140625, 470.7185974121094, 510.669189453125]",Visually verified U12.1 shared supply/ground bus and its label; power.png
U9,GPIO34/IIC1_SCL/IIS_D_IN0/PDM_IN3/UART3_RTS,GPIO34,01studio-CanMV-K230.pdf,1,U12.5,129,"[145.97999572753906, 729.4659423828125, 154.07740783691406, 737.899169921875]","[163.44000244140625, 732.6359252929688, 314.49664306640625, 741.0691528320312]","[103.68000030517578, 729.4659423828125, 126.57196807861328, 737.899169921875]",Explicit same-row external label; source-page bounding box
U10,GPIO32/IIC0_SCL/IIS_CLK/UART3_TXD,GPIO32,01studio-CanMV-K230.pdf,1,U12.5,127,"[142.4600067138672, 715.06591796875, 154.08023071289062, 723.4991455078125]","[163.44000244140625, 718.2359619140625, 279.64227294921875, 726.669189453125]","[103.68000030517578, 715.06591796875, 126.57196807861328, 723.4991455078125]",Explicit same-row external label; source-page bounding box
U11,GPIO26/MMC1_CLK/PDM_CLK,,01studio-CanMV-K230.pdf,1,U12.5,121,"[142.4600067138672, 671.865966796875, 154.08023071289062, 680.2991943359375]","[163.44000244140625, 675.0359497070312, 254.27923583984375, 683.4691772460938]",[],Unresolved; blank does not assert an unconnected pin
U12,GPIO8/PWM3/IIC4_SDA,CAM2_I2C4_SDA,01studio-CanMV-K230.pdf,1,U12.5,103,"[142.4600067138672, 499.0659484863281, 154.08023071289062, 507.4991760253906]","[163.44000244140625, 502.2359619140625, 233.50982666015625, 510.669189453125]","[85.68000030517578, 499.0659484863281, 136.73550415039062, 507.4991760253906]",Explicit same-row external label; source-page bounding box
U13,GPIO10/3D_CTRL_IN/UART1_RXD/IIC1_SDA,CAM0_GPIO10,01studio-CanMV-K230.pdf,1,U12.5,105,"[142.4600067138672, 513.4659423828125, 154.08023071289062, 521.899169921875]","[163.44000244140625, 516.635986328125, 295.47589111328125, 525.0692138671875]","[92.87999725341797, 513.4659423828125, 136.89617919921875, 521.899169921875]",Explicit same-row external label; source-page bounding box
U14,GPIO5/JTAG_TMS/PULSE_CNTR3/UART2_TXD,GPIO5,01studio-CanMV-K230.pdf,1,U12.5,100,"[142.4600067138672, 477.4659423828125, 154.08023071289062, 485.899169921875]","[163.44000244140625, 480.6359558105469, 303.5669860839844, 489.0691833496094]","[103.68000030517578, 477.4659423828125, 123.04914855957031, 485.899169921875]",Explicit same-row external label; source-page bounding box
U15,GPIO63/M_CLK3/UART3_RE,CAM2_MCLK,01studio-CanMV-K230.pdf,1,U12.5,158,"[535.6799926757812, 679.06591796875, 547.3002319335938, 687.4991455078125]","[442.1700134277344, 682.2359619140625, 526.3248291015625, 690.669189453125]","[553.6799926757812, 679.06591796875, 592.4057006835938, 687.4991455078125]",Explicit same-row external label; source-page bounding box
U16,DDR_DQA0,DDR_DQA4,01studio-CanMV-K230.pdf,2,U12.2,108,"[110.05999755859375, 185.86590576171875, 121.68022918701172, 194.29913330078125]","[131.0399932861328, 189.03594970703125, 165.5395050048828, 197.46917724609375]","[53.279998779296875, 185.865966796875, 87.77952575683594, 194.2991943359375]",Explicit same-row external label; source-page bounding box
U17,DDR_DQA7,DDR_DQA2,01studio-CanMV-K230.pdf,2,U12.2,109,"[110.05999755859375, 236.26593017578125, 121.68022918701172, 244.69915771484375]","[131.0399932861328, 239.43597412109375, 165.5395050048828, 247.86920166015625]","[53.279998779296875, 236.26593017578125, 87.77952575683594, 244.69915771484375]",Explicit same-row external label; source-page bounding box
U18,DDR_DQA13,DDR_DQA14,01studio-CanMV-K230.pdf,2,U12.2,118,"[110.05999755859375, 286.66595458984375, 121.68022918701172, 295.09918212890625]","[131.0399932861328, 289.8359375, 169.06231689453125, 298.2691650390625]","[53.279998779296875, 286.66595458984375, 91.3023452758789, 295.09918212890625]",Explicit same-row external label; source-page bounding box
U19,VSS,GND,01studio-CanMV-K230.pdf,3,U12.1,313,"[315.4659729003906, 514.0797119140625, 323.8992004394531, 525.699951171875]","[319.06597900390625, 491.6116638183594, 327.49920654296875, 504.28997802734375]","[456.6400146484375, 502.2359619140625, 470.7185974121094, 510.669189453125]",Visually verified U12.1 shared supply/ground bus and its label; power.png
U20,DDR_DQA11,DDR_DQA15,01studio-CanMV-K230.pdf,2,U12.2,119,"[110.05999755859375, 272.26593017578125, 121.68022918701172, 280.69915771484375]","[131.0399932861328, 275.43597412109375, 169.06231689453125, 283.86920166015625]","[53.279998779296875, 272.26593017578125, 91.3023452758789, 280.69915771484375]",Explicit same-row external label; source-page bounding box
V1,MIPI_RX0_D1_N,,01studio-CanMV-K230.pdf,4,U12.3,42,"[362.8800048828125, 115.30591583251953, 370.6289367675781, 123.73912811279297]","[304.92999267578125, 118.47595977783203, 353.52081298828125, 126.90917205810547]",[],Unresolved; blank does not assert an unconnected pin
V2,MIPI_RX0_D1_P,,01studio-CanMV-K230.pdf,4,U12.3,42,"[362.8800048828125, 108.10596466064453, 370.6289367675781, 116.53917694091797]","[305.2799987792969, 111.27594757080078, 353.5223388671875, 119.70915985107422]",[],Unresolved; blank does not assert an unconnected pin
V3,VSS,GND,01studio-CanMV-K230.pdf,3,U12.1,313,"[308.2659912109375, 514.0810546875, 316.69921875, 521.8299560546875]","[311.865966796875, 491.6116638183594, 320.2991943359375, 504.28997802734375]","[456.6400146484375, 502.2359619140625, 470.7185974121094, 510.669189453125]",Visually verified U12.1 shared supply/ground bus and its label; power.png
V4,VSS,GND,01studio-CanMV-K230.pdf,3,U12.1,313,"[301.06597900390625, 514.0810546875, 309.49920654296875, 521.8299560546875]","[304.6659851074219, 491.6116638183594, 313.0992126464844, 504.28997802734375]","[456.6400146484375, 502.2359619140625, 470.7185974121094, 510.669189453125]",Visually verified U12.1 shared supply/ground bus and its label; power.png
V5,VSS,GND,01studio-CanMV-K230.pdf,3,U12.1,313,"[293.865966796875, 514.0810546875, 302.2991943359375, 521.8299560546875]","[297.4659729003906, 491.6116638183594, 305.8992004394531, 504.28997802734375]","[456.6400146484375, 502.2359619140625, 470.7185974121094, 510.669189453125]",Visually verified U12.1 shared supply/ground bus and its label; power.png
V6,VSS,GND,01studio-CanMV-K230.pdf,3,U12.1,313,"[286.6659851074219, 514.0810546875, 295.0992126464844, 521.8299560546875]","[290.2659912109375, 491.6116638183594, 298.69921875, 504.28997802734375]","[456.6400146484375, 502.2359619140625, 470.7185974121094, 510.669189453125]",Visually verified U12.1 shared supply/ground bus and its label; power.png
V7,VSS,GND,01studio-CanMV-K230.pdf,3,U12.1,313,"[279.4659729003906, 514.0810546875, 287.8992004394531, 521.8299560546875]","[283.06597900390625, 491.6116638183594, 291.49920654296875, 504.28997802734375]","[456.6400146484375, 502.2359619140625, 470.7185974121094, 510.669189453125]",Visually verified U12.1 shared supply/ground bus and its label; power.png
V8,VSS,GND,01studio-CanMV-K230.pdf,3,U12.1,313,"[272.2659912109375, 514.0810546875, 280.69921875, 521.8299560546875]","[275.865966796875, 491.6116638183594, 284.2991943359375, 504.28997802734375]","[456.6400146484375, 502.2359619140625, 470.7185974121094, 510.669189453125]",Visually verified U12.1 shared supply/ground bus and its label; power.png
V9,GPIO31/MMC1_D3/UART3_CTS/3D_CTRL_OUT2,,01studio-CanMV-K230.pdf,1,U12.5,126,"[146.3300018310547, 707.865966796875, 154.0789337158203, 716.2991943359375]","[163.44000244140625, 711.0359497070312, 307.4383239746094, 719.4691772460938]",[],Unresolved; blank does not assert an unconnected pin
V10,GPIO30/MMC1_D2/UART3_RTS/3D_CTRL_OUT1,,01studio-CanMV-K230.pdf,1,U12.5,125,"[142.80999755859375, 700.6659545898438, 154.08172607421875, 709.0991821289062]","[163.44000244140625, 703.8359375, 307.4383239746094, 712.2691650390625]",[],Unresolved; blank does not assert an unconnected pin
V11,GPIO29/MMC1_D1/UART3_RXD/3D_CTRL_IN,,01studio-CanMV-K230.pdf,1,U12.5,124,"[142.80999755859375, 693.4659423828125, 154.08172607421875, 701.899169921875]","[163.44000244140625, 696.635986328125, 297.5794677734375, 705.0692138671875]",[],Unresolved; blank does not assert an unconnected pin
V12,GPIO28/MMC1_D0/UART3_TXD/PDM_IN1,,01studio-CanMV-K230.pdf,1,U12.5,123,"[142.80999755859375, 686.2659301757812, 154.08172607421875, 694.6991577148438]","[163.44000244140625, 689.4359130859375, 286.31402587890625, 697.869140625]",[],Unresolved; blank does not assert an unconnected pin
V13,GPIO12/3D_CTRL_OUT2/UART2_RXD/IIC2_SDA,GPIO12,01studio-CanMV-K230.pdf,1,U12.5,107,"[142.80999755859375, 527.865966796875, 154.08172607421875, 536.2991943359375]","[163.44000244140625, 531.0359497070312, 306.0379943847656, 539.4691772460938]","[103.68000030517578, 527.865966796875, 126.57196807861328, 536.2991943359375]",Explicit same-row external label; source-page bounding box
V14,GPIO6/JTAG_RST/PULSE_CNTR4/UART2_RXD,GPIO6,01studio-CanMV-K230.pdf,1,U12.5,101,"[142.80999755859375, 484.66595458984375, 154.08172607421875, 493.09918212890625]","[163.44000244140625, 487.8359375, 303.5669860839844, 496.2691650390625]","[103.68000030517578, 484.66595458984375, 123.04914855957031, 493.09918212890625]",Explicit same-row external label; source-page bounding box
V15,GPIO3/JTAG_TDI/PULSE_CNTR1/UART1_TXD,GPIO3,01studio-CanMV-K230.pdf,1,U12.5,98,"[142.80999755859375, 463.0659484863281, 154.08172607421875, 471.4991760253906]","[163.44000244140625, 466.2359619140625, 300.39898681640625, 474.669189453125]","[103.68000030517578, 463.0659484863281, 123.04914855957031, 471.4991760253906]",Explicit same-row external label; source-page bounding box
V16,DDR_DQA2,DDR_DQA1,01studio-CanMV-K230.pdf,2,U12.2,110,"[110.40999603271484, 200.26593017578125, 121.68174743652344, 208.69915771484375]","[131.0399932861328, 203.43597412109375, 165.5395050048828, 211.86920166015625]","[53.279998779296875, 200.26593017578125, 87.77952575683594, 208.69915771484375]",Explicit same-row external label; source-page bounding box
V17,DDR_DMIA0,DDR_DMIA0,01studio-CanMV-K230.pdf,2,U12.2,144,"[330.4800109863281, 265.06591796875, 341.75177001953125, 273.4991455078125]","[284.510009765625, 268.2359619140625, 321.1194152832031, 276.669189453125]","[359.2799987792969, 265.06597900390625, 395.889404296875, 273.49920654296875]",Explicit same-row external label; source-page bounding box
V18,DDR_DQA5,DDR_DQA5,01studio-CanMV-K230.pdf,2,U12.2,111,"[110.40999603271484, 221.86590576171875, 121.68174743652344, 230.29913330078125]","[131.0399932861328, 225.03594970703125, 165.5395050048828, 233.46917724609375]","[53.279998779296875, 221.865966796875, 87.77952575683594, 230.2991943359375]",Explicit same-row external label; source-page bounding box
V19,DDR_DQSA1N,DDR_DQSA1_N,01studio-CanMV-K230.pdf,2,U12.2,129,"[110.40999603271484, 344.26593017578125, 121.68174743652344, 352.69915771484375]","[131.0399932861328, 347.4359436035156, 174.3402099609375, 355.8691711425781]","[53.279998779296875, 344.2659606933594, 100.1030502319336, 352.6991882324219]",Explicit same-row external label; source-page bounding box
V20,DDR_DQSA1P,DDR_DQSA1_P,01studio-CanMV-K230.pdf,2,U12.2,129,"[110.40999603271484, 337.0659484863281, 121.68174743652344, 345.4991760253906]","[131.0399932861328, 340.2359619140625, 173.99172973632812, 348.669189453125]","[53.279998779296875, 337.0659484863281, 99.75457000732422, 345.4991760253906]",Explicit same-row external label; source-page bounding box
W1,VSS,GND,01studio-CanMV-K230.pdf,3,U12.1,313,"[265.06597900390625, 514.0759887695312, 273.49920654296875, 523.5799560546875]","[268.6659851074219, 491.6116638183594, 277.0992126464844, 504.28997802734375]","[456.6400146484375, 502.2359619140625, 470.7185974121094, 510.669189453125]",Visually verified U12.1 shared supply/ground bus and its label; power.png
W2,MIPI_RX0_CLK_P,,01studio-CanMV-K230.pdf,4,U12.3,43,"[362.8800048828125, 79.30591583251953, 372.3840026855469, 87.73912811279297]","[301.04998779296875, 82.47595977783203, 353.5184326171875, 90.90917205810547]",[],Unresolved; blank does not assert an unconnected pin
W3,MIPI_RX0_D0_N,,01studio-CanMV-K230.pdf,4,U12.3,44,"[362.8800048828125, 100.90595245361328, 372.3840026855469, 109.33916473388672]","[304.92999267578125, 104.07593536376953, 353.52081298828125, 112.50914764404297]",[],Unresolved; blank does not assert an unconnected pin
W4,MIPI_RX1_D2_P,,01studio-CanMV-K230.pdf,4,U12.3,45,"[362.8800048828125, 144.10595703125, 372.3840026855469, 152.5391845703125]","[305.2799987792969, 147.27593994140625, 353.5223388671875, 155.70916748046875]",[],Unresolved; blank does not assert an unconnected pin
W5,MIPI_RX1_CLK_N,,01studio-CanMV-K230.pdf,4,U12.3,45,"[362.8800048828125, 136.90594482421875, 372.3840026855469, 145.33917236328125]","[300.70001220703125, 140.075927734375, 353.5169372558594, 148.5091552734375]",[],Unresolved; blank does not assert an unconnected pin
W6,MIPI_RX1_D3_N,,01studio-CanMV-K230.pdf,4,U12.3,46,"[362.8800048828125, 165.70599365234375, 372.3840026855469, 174.13922119140625]","[304.92999267578125, 168.8759765625, 353.52081298828125, 177.3092041015625]",[],Unresolved; blank does not assert an unconnected pin
W7,MIPI_TX1_D3_N,DSI_D3_N,01studio-CanMV-K230.pdf,4,U12.3,28,"[187.77999877929688, 144.10595703125, 197.28399658203125, 152.5391845703125]","[206.63999938964844, 147.27593994140625, 254.5274658203125, 155.70916748046875]","[143.27999877929688, 144.10595703125, 173.55972290039062, 152.5391845703125]",Explicit same-row external label; source-page bounding box
W8,MIPI_TX1_D2_P,DSI_D2_P,01studio-CanMV-K230.pdf,4,U12.3,29,"[187.77999877929688, 122.50592803955078, 197.28399658203125, 130.93914794921875]","[206.63999938964844, 125.67597198486328, 254.17898559570312, 134.10919189453125]","[143.27999877929688, 122.50592803955078, 173.21124267578125, 130.93914794921875]",Explicit same-row external label; source-page bounding box
W9,MIPI_TX0_CLK_N,DSI_CLK_N,01studio-CanMV-K230.pdf,4,U12.3,30,"[187.77999877929688, 86.50592803955078, 197.28399658203125, 94.93914031982422]","[206.63999938964844, 89.67597198486328, 258.75360107421875, 98.10918426513672]","[143.27999877929688, 86.50592803955078, 177.78585815429688, 94.93914031982422]",Explicit same-row external label; source-page bounding box
W10,MIPI_TX0_D0_P,DSI_D0_P,01studio-CanMV-K230.pdf,4,U12.3,31,"[184.25, 93.70600128173828, 197.2768096923828, 102.13921356201172]","[206.63999938964844, 96.87598419189453, 254.17898559570312, 105.30919647216797]","[143.27999877929688, 93.70594024658203, 173.21124267578125, 102.13915252685547]",Explicit same-row external label; source-page bounding box
W11,MIPI_TX0_D1_N,DSI_D1_N,01studio-CanMV-K230.pdf,4,U12.3,32,"[184.25, 115.30591583251953, 197.2768096923828, 123.73912811279297]","[206.63999938964844, 118.47595977783203, 254.5274658203125, 126.90917205810547]","[143.27999877929688, 115.30597686767578, 173.55972290039062, 123.73918914794922]",Explicit same-row external label; source-page bounding box
W12,GPIO35/IIC1_SDA/IIS_D_OUT0/PDM_IN1/UART3_CTS,GPIO35,01studio-CanMV-K230.pdf,1,U12.5,130,"[141.0500030517578, 736.6659545898438, 154.07681274414062, 745.0991821289062]","[163.44000244140625, 739.8359375, 322.23919677734375, 748.2691650390625]","[103.68000030517578, 736.6659545898438, 126.57196807861328, 745.0991821289062]",Explicit same-row external label; source-page bounding box
W13,GPIO27/MMC1_CMD/PULSE_CNTR5/PDM_IN0,,01studio-CanMV-K230.pdf,1,U12.5,122,"[141.0500030517578, 679.06591796875, 154.07681274414062, 687.4991455078125]","[163.44000244140625, 682.2359619140625, 301.095947265625, 690.669189453125]",[],Unresolved; blank does not assert an unconnected pin
W14,GPIO7/PWM2/IIC4_SCL,CAM2_I2C4_SCL,01studio-CanMV-K230.pdf,1,U12.5,102,"[141.0500030517578, 491.8659362792969, 154.07681274414062, 500.2991638183594]","[163.44000244140625, 495.03594970703125, 232.80653381347656, 503.46917724609375]","[85.68000030517578, 491.8659362792969, 136.03221130371094, 500.2991638183594]",Explicit same-row external label; source-page bounding box
W15,GPIO2/JTAG_TCK/PULSE_CNTR0,GPIO2,01studio-CanMV-K230.pdf,1,U12.5,97,"[141.0500030517578, 455.8659362792969, 154.07681274414062, 464.2991638183594]","[163.44000244140625, 459.03594970703125, 264.1380310058594, 467.46917724609375]","[103.68000030517578, 455.8659362792969, 123.04914855957031, 464.2991638183594]",Explicit same-row external label; source-page bounding box
W16,VSS,GND,01studio-CanMV-K230.pdf,3,U12.1,313,"[257.865966796875, 514.0831298828125, 266.2991943359375, 527.1099853515625]","[261.4659729003906, 491.6116638183594, 269.8992004394531, 504.28997802734375]","[456.6400146484375, 502.2359619140625, 470.7185974121094, 510.669189453125]",Visually verified U12.1 shared supply/ground bus and its label; power.png
W17,DDR_DQSA0P,DDR_DQSA0_P,01studio-CanMV-K230.pdf,2,U12.2,130,"[108.64999389648438, 315.46588134765625, 121.67681884765625, 323.89910888671875]","[131.0399932861328, 318.63592529296875, 173.99172973632812, 327.06915283203125]","[53.279998779296875, 315.4659423828125, 99.75457000732422, 323.899169921875]",Explicit same-row external label; source-page bounding box
W18,DDR_DQA4,DDR_DQA6,01studio-CanMV-K230.pdf,2,U12.2,111,"[108.64999389648438, 214.66595458984375, 121.67681884765625, 223.09918212890625]","[131.0399932861328, 217.8359375, 165.5395050048828, 226.2691650390625]","[53.279998779296875, 214.66595458984375, 87.77952575683594, 223.09918212890625]",Explicit same-row external label; source-page bounding box
W19,DDR_DQA12,DDR_DQA8,01studio-CanMV-K230.pdf,2,U12.2,120,"[108.64999389648438, 279.46588134765625, 121.67681884765625, 287.89910888671875]","[131.0399932861328, 282.63592529296875, 169.06231689453125, 291.06915283203125]","[53.279998779296875, 279.4659423828125, 87.77952575683594, 287.899169921875]",Explicit same-row external label; source-page bounding box
W20,VSS,GND,01studio-CanMV-K230.pdf,3,U12.1,313,"[250.66598510742188, 514.0831298828125, 259.0992126464844, 527.1099853515625]","[254.2659912109375, 491.6116638183594, 262.69921875, 504.28997802734375]","[456.6400146484375, 502.2359619140625, 470.7185974121094, 510.669189453125]",Visually verified U12.1 shared supply/ground bus and its label; power.png
Y1,NC,,01studio-CanMV-K230.pdf,1,U12.4,31,"[409.1300048828125, 153.4659423828125, 416.8789367675781, 161.899169921875]","[426.239990234375, 156.63592529296875, 435.38916015625, 165.06915283203125]",[],Unresolved; blank does not assert an unconnected pin
Y2,MIPI_RX0_CLK_N,,01studio-CanMV-K230.pdf,4,U12.3,47,"[362.8800048828125, 86.50592803955078, 370.6289367675781, 94.93914031982422]","[300.70001220703125, 89.67597198486328, 353.5169372558594, 98.10918426513672]",[],Unresolved; blank does not assert an unconnected pin
Y3,MIPI_RX0_D0_P,,01studio-CanMV-K230.pdf,4,U12.3,48,"[362.8800048828125, 93.70600128173828, 370.6289367675781, 102.13921356201172]","[305.2799987792969, 96.87598419189453, 353.5223388671875, 105.30919647216797]",[],Unresolved; blank does not assert an unconnected pin
Y4,MIPI_RX1_D2_N,,01studio-CanMV-K230.pdf,4,U12.3,49,"[362.8800048828125, 151.305908203125, 370.6289367675781, 159.7391357421875]","[304.92999267578125, 154.4759521484375, 353.52081298828125, 162.9091796875]",[],Unresolved; blank does not assert an unconnected pin
Y5,MIPI_RX1_CLK_P,,01studio-CanMV-K230.pdf,4,U12.3,50,"[362.8800048828125, 129.70599365234375, 370.6289367675781, 138.13922119140625]","[301.04998779296875, 132.8759765625, 353.5184326171875, 141.3092041015625]",[],Unresolved; blank does not assert an unconnected pin
Y6,MIPI_RX1_D3_P,,01studio-CanMV-K230.pdf,4,U12.3,51,"[362.8800048828125, 158.50592041015625, 370.6289367675781, 166.93914794921875]","[305.2799987792969, 161.67596435546875, 353.5223388671875, 170.10919189453125]",[],Unresolved; blank does not assert an unconnected pin
Y7,MIPI_TX1_D3_P,DSI_D3_P,01studio-CanMV-K230.pdf,4,U12.3,33,"[189.52999877929688, 136.90594482421875, 197.27891540527344, 145.33917236328125]","[206.63999938964844, 140.075927734375, 254.17898559570312, 148.5091552734375]","[143.27999877929688, 136.90594482421875, 173.21124267578125, 145.33917236328125]",Explicit same-row external label; source-page bounding box
Y8,MIPI_TX1_D2_N,DSI_D2_N,01studio-CanMV-K230.pdf,4,U12.3,33,"[189.52999877929688, 129.70599365234375, 197.27891540527344, 138.13922119140625]","[206.63999938964844, 132.8759765625, 254.5274658203125, 141.3092041015625]","[143.27999877929688, 129.7059326171875, 173.55972290039062, 138.13916015625]",Explicit same-row external label; source-page bounding box
Y9,MIPI_TX0_CLK_P,DSI_CLK_P,01studio-CanMV-K230.pdf,4,U12.3,34,"[189.52999877929688, 79.30591583251953, 197.27891540527344, 87.73912811279297]","[206.63999938964844, 82.47595977783203, 258.4051208496094, 90.90917205810547]","[143.27999877929688, 79.30597686767578, 177.4373779296875, 87.73918914794922]",Explicit same-row external label; source-page bounding box
Y10,MIPI_TX0_D0_N,DSI_D0_N,01studio-CanMV-K230.pdf,4,U12.3,35,"[186.00999450683594, 100.90595245361328, 197.28173828125, 109.33916473388672]","[206.63999938964844, 104.07593536376953, 254.5274658203125, 112.50914764404297]","[143.27999877929688, 100.90595245361328, 173.55972290039062, 109.33916473388672]",Explicit same-row external label; source-page bounding box
Y11,MIPI_TX0_D1_P,DSI_D1_P,01studio-CanMV-K230.pdf,4,U12.3,36,"[186.00999450683594, 108.10596466064453, 197.28173828125, 116.53917694091797]","[206.63999938964844, 111.27594757080078, 254.17898559570312, 119.70915985107422]","[143.27999877929688, 108.10596466064453, 173.21124267578125, 116.53917694091797]",Explicit same-row external label; source-page bounding box
Y12,GPIO37/IIC3_SDA/IIS_D_OUT1/PDM_IN0/UART4_RXD,TP_I2C3_SDA,01studio-CanMV-K230.pdf,1,U12.5,132,"[142.80999755859375, 751.06591796875, 154.08172607421875, 759.4991455078125]","[163.44000244140625, 754.2359619140625, 322.9424743652344, 762.669189453125]","[94.31999969482422, 751.06591796875, 135.87149047851562, 759.4991455078125]",Explicit same-row external label; source-page bounding box
Y13,VSS,GND,01studio-CanMV-K230.pdf,3,U12.1,313,"[243.46597290039062, 514.0782470703125, 251.89920043945312, 525.3499755859375]","[247.06597900390625, 491.6116638183594, 255.49920654296875, 504.28997802734375]","[456.6400146484375, 502.2359619140625, 470.7185974121094, 510.669189453125]",Visually verified U12.1 shared supply/ground bus and its label; power.png
Y14,GPIO11/3D_CTRL_OUT1/UART2_TXD/IIC2_SCL,GPIO11,01studio-CanMV-K230.pdf,1,U12.5,106,"[142.80999755859375, 520.6659545898438, 154.08172607421875, 529.0991821289062]","[163.44000244140625, 523.8359375, 304.6314392089844, 532.2691650390625]","[103.68000030517578, 520.6659545898438, 126.57196807861328, 529.0991821289062]",Explicit same-row external label; source-page bounding box
Y15,GPIO4/JTAG_TDO/PULSE_CNTR2/UART1_RXD,GPIO4,01studio-CanMV-K230.pdf,1,U12.5,99,"[142.80999755859375, 470.2659606933594, 154.08172607421875, 478.6991882324219]","[163.44000244140625, 473.4359436035156, 304.270263671875, 481.8691711425781]","[103.68000030517578, 470.2659606933594, 123.04914855957031, 478.6991882324219]",Explicit same-row external label; source-page bounding box
Y16,DDR_DQA3,DDR_DQA0,01studio-CanMV-K230.pdf,2,U12.2,111,"[110.40999603271484, 207.46588134765625, 121.68174743652344, 215.89910888671875]","[131.0399932861328, 210.63592529296875, 165.5395050048828, 219.06915283203125]","[53.279998779296875, 207.4659423828125, 87.77952575683594, 215.899169921875]",Explicit same-row external label; source-page bounding box
Y17,DDR_DQSA0N,DDR_DQSA0_N,01studio-CanMV-K230.pdf,2,U12.2,131,"[110.40999603271484, 322.66595458984375, 121.68174743652344, 331.09918212890625]","[131.0399932861328, 325.8359375, 174.3402099609375, 334.2691650390625]","[53.279998779296875, 322.66595458984375, 100.1030502319336, 331.09918212890625]",Explicit same-row external label; source-page bounding box
Y18,DDR_DQA6,DDR_DQA7,01studio-CanMV-K230.pdf,2,U12.2,112,"[110.40999603271484, 229.06591796875, 121.68174743652344, 237.4991455078125]","[131.0399932861328, 232.2359619140625, 165.5395050048828, 240.669189453125]","[53.279998779296875, 229.06597900390625, 87.77952575683594, 237.49920654296875]",Explicit same-row external label; source-page bounding box
Y19,VSS,GND,01studio-CanMV-K230.pdf,3,U12.1,313,"[236.26597595214844, 514.0782470703125, 244.69920349121094, 525.3499755859375]","[239.86598205566406, 491.6116638183594, 248.29920959472656, 504.28997802734375]","[456.6400146484375, 502.2359619140625, 470.7185974121094, 510.669189453125]",Visually verified U12.1 shared supply/ground bus and its label; power.png
Y20,NC,,01studio-CanMV-K230.pdf,1,U12.4,32,"[405.6099853515625, 160.66595458984375, 416.8817443847656, 169.09918212890625]","[426.239990234375, 163.8359375, 435.38916015625, 172.2691650390625]",[],Unresolved; blank does not assert an unconnected pin
