ball,function,net,xml_net,xml_endpoint_count,category,disposition,x,y,ring,ddr65,physical_top_land_diameter,ref,id,local_xy
A2,USB0_DP,USB0_P,USB0_P,2,signal,module-name correspondence CANDIDATE,30.525,17.175,0,,0.27,U1,U1:A2,"[-5.525, -6.175]"
A3,USB1_VBUS,USB1_VBUS,USB1_VBUS,2,signal,parent verified 01studio bias source,29.875,17.175,0,,0.27,U1,U1:A3,"[-4.875, -6.175]"
A4,USB1_DN,USB1_N,USB1_N,2,signal,module-name correspondence CANDIDATE,29.225,17.175,0,,0.27,U1,U1:A4,"[-4.225, -6.175]"
A5,MMC0_CLK,MMC0_CLK,MMC0_CLK,2,signal,dedicated storage path; strobe unresolved,28.575,17.175,0,,0.27,U1,U1:A5,"[-3.575, -6.175]"
A6,MMC0_RST_N,MMC0_RST_N,MMC0_RST_N,2,signal,dedicated storage path; strobe unresolved,27.925,17.175,0,,0.27,U1,U1:A6,"[-2.925, -6.175]"
A7,MMC0_D5,MMC0_D5,MMC0_D5,2,signal,dedicated storage path; strobe unresolved,27.275,17.175,0,,0.27,U1,U1:A7,"[-2.275, -6.175]"
A8,CLK24M_XOUT,CLK24_XOUT,CLK24_XOUT,4,signal,existing aux,26.625,17.175,0,,0.27,U1,U1:A8,"[-1.625, -6.175]"
A9,TEST_EN,GND,GND,390,ground,parent verified private GPIO assignment / TEST_EN ground,25.975,17.175,0,,0.27,U1,U1:A9,"[-0.975, -6.175]"
A10,GPIO66/INT2,PWR_CPU_SDA,PWR_CPU_SDA,3,signal,parent verified private GPIO assignment / TEST_EN ground,25.325,17.175,0,,0.27,U1,U1:A10,"[-0.325, -6.175]"
A11,GPIO67/INT3,PWR_KPU_SCL,PWR_KPU_SCL,3,signal,parent verified private GPIO assignment / TEST_EN ground,24.675,17.175,0,,0.27,U1,U1:A11,"[0.325, -6.175]"
A12,CLK32K768_XOUT,RTC_XOUT,RTC_XOUT,4,signal,existing aux,24.025,17.175,0,,0.27,U1,U1:A12,"[0.975, -6.175]"
A13,VSS,GND,GND,390,ground,named ground ball,23.375,17.175,0,,0.27,U1,U1:A13,"[1.625, -6.175]"
A14,DDR_DQB3,DDR_DQB0,DDR_DQB0,2,signal,01studio exact DDR join,22.725,17.175,0,"{""net"": ""DDR_DQB0"", ""soc_ball"": ""A14"", ""soc_actual_function"": ""DDR_DQB3"", ""dram_ball"": ""AA2"", ""dram_actual_function"": ""DQ0_B"", ""sink_group"": ""B_BYTE0"", ""soc_package_trace_um"": ""5608.52"", ""guide_alias_hazard"": """", ""board_delay_ps"": ""UNROUTED"", ""dram_package_delay_ps"": ""UNAVAILABLE"", ""status"": ""SOURCE_JOINED_CONSTRAINT_INPUT_NOT_TIMING_PASS""}",0.27,U1,U1:A14,"[2.275, -6.175]"
A15,DDR_DQSB0N,DDR_DQSB0_N,DDR_DQSB0_N,2,signal,01studio exact DDR join,22.075,17.175,0,"{""net"": ""DDR_DQSB0_N"", ""soc_ball"": ""A15"", ""soc_actual_function"": ""DDR_DQSB0N"", ""dram_ball"": ""V3"", ""dram_actual_function"": ""DQS0_c_B"", ""sink_group"": ""B_BYTE0"", ""soc_package_trace_um"": ""4942.59"", ""guide_alias_hazard"": ""LP4 DQSB1P/N aliases repeated across DQS0 and DQS2; resolve from actual schematic/official pinout"", ""board_delay_ps"": ""UNROUTED"", ""dram_package_delay_ps"": ""UNAVAILABLE"", ""status"": ""SOURCE_JOINED_CONSTRAINT_INPUT_NOT_TIMING_PASS""}",0.27,U1,U1:A15,"[2.925, -6.175]"
A16,VSS,GND,GND,390,ground,named ground ball,21.425,17.175,0,,0.27,U1,U1:A16,"[3.575, -6.175]"
A17,DDR_DQB4,DDR_DQB1,DDR_DQB1,2,signal,01studio exact DDR join,20.775,17.175,0,"{""net"": ""DDR_DQB1"", ""soc_ball"": ""A17"", ""soc_actual_function"": ""DDR_DQB4"", ""dram_ball"": ""Y2"", ""dram_actual_function"": ""DQ1_B"", ""sink_group"": ""B_BYTE0"", ""soc_package_trace_um"": ""5037.71"", ""guide_alias_hazard"": """", ""board_delay_ps"": ""UNROUTED"", ""dram_package_delay_ps"": ""UNAVAILABLE"", ""status"": ""SOURCE_JOINED_CONSTRAINT_INPUT_NOT_TIMING_PASS""}",0.27,U1,U1:A17,"[4.225, -6.175]"
A18,DDR_DQSB1N,DDR_DQSB1_N,DDR_DQSB1_N,2,signal,01studio exact DDR join,20.125,17.175,0,"{""net"": ""DDR_DQSB1_N"", ""soc_ball"": ""A18"", ""soc_actual_function"": ""DDR_DQSB1N"", ""dram_ball"": ""V10"", ""dram_actual_function"": ""DQS1_c_B"", ""sink_group"": ""B_BYTE1"", ""soc_package_trace_um"": ""6628.66"", ""guide_alias_hazard"": ""LP4 DQSB1P/N aliases repeated across DQS0 and DQS2; resolve from actual schematic/official pinout"", ""board_delay_ps"": ""UNROUTED"", ""dram_package_delay_ps"": ""UNAVAILABLE"", ""status"": ""SOURCE_JOINED_CONSTRAINT_INPUT_NOT_TIMING_PASS""}",0.27,U1,U1:A18,"[4.875, -6.175]"
A19,VSS,GND,GND,390,ground,named ground ball,19.475,17.175,0,,0.27,U1,U1:A19,"[5.525, -6.175]"
A20,NC,,unconnected-(U1I-NC-PadA20),1,unused,MANUFACTURER_NC_DNU_MUST_REMAIN_OPEN,18.825,17.175,0,,0.27,U1,U1:A20,"[6.175, -6.175]"
B1,ADC_2,ADC2,ADC2,2,signal,module-name correspondence CANDIDATE,31.175,16.525,0,,0.27,U1,U1:B1,"[-6.175, -5.525]"
B2,USB0_DN,USB0_N,USB0_N,2,signal,module-name correspondence CANDIDATE,30.525,16.525,1,,0.27,U1,U1:B2,"[-5.525, -5.525]"
B3,USB1_ID,USB1_ID,USB1_ID,2,signal,module-name correspondence CANDIDATE,29.875,16.525,1,,0.27,U1,U1:B3,"[-4.875, -5.525]"
B4,USB1_DP,USB1_P,USB1_P,2,signal,module-name correspondence CANDIDATE,29.225,16.525,1,,0.27,U1,U1:B4,"[-4.225, -5.525]"
B5,MMC0_D2,MMC0_D2,MMC0_D2,2,signal,dedicated storage path; strobe unresolved,28.575,16.525,1,,0.27,U1,U1:B5,"[-3.575, -5.525]"
B6,MMC0_STROBE,MMC0_STROBE,MMC0_STROBE,2,signal,dedicated storage path; strobe unresolved,27.925,16.525,1,,0.27,U1,U1:B6,"[-2.925, -5.525]"
B7,MMC0_D6,MMC0_D6,MMC0_D6,2,signal,dedicated storage path; strobe unresolved,27.275,16.525,1,,0.27,U1,U1:B7,"[-2.275, -5.525]"
B8,CLK24M_XIN,CLK24_XIN,CLK24_XIN,4,signal,existing aux,26.625,16.525,1,,0.27,U1,U1:B8,"[-1.625, -5.525]"
B9,RSTN,SOC_RSTN,SOC_RSTN,2,signal,existing aux,25.975,16.525,1,,0.27,U1,U1:B9,"[-0.975, -5.525]"
B10,GPIO65/INT1,PWR_CPU_SCL,PWR_CPU_SCL,3,signal,parent verified private GPIO assignment / TEST_EN ground,25.325,16.525,1,,0.27,U1,U1:B10,"[-0.325, -5.525]"
B11,GPIO70/OUT0,PMU_OUT0_STATUS,PMU_OUT0_STATUS,2,signal,parent verified private GPIO assignment / TEST_EN ground,24.675,16.525,1,,0.27,U1,U1:B11,"[0.325, -5.525]"
B12,CLK32K768_XIN,RTC_XIN,RTC_XIN,4,signal,existing aux,24.025,16.525,1,,0.27,U1,U1:B12,"[0.975, -5.525]"
B13,VSS,GND,GND,390,ground,named ground ball,23.375,16.525,1,,0.27,U1,U1:B13,"[1.625, -5.525]"
B14,DDR_DQB2,DDR_DQB3,DDR_DQB3,2,signal,01studio exact DDR join,22.725,16.525,1,"{""net"": ""DDR_DQB3"", ""soc_ball"": ""B14"", ""soc_actual_function"": ""DDR_DQB2"", ""dram_ball"": ""U2"", ""dram_actual_function"": ""DQ3_B"", ""sink_group"": ""B_BYTE0"", ""soc_package_trace_um"": ""4486.79"", ""guide_alias_hazard"": """", ""board_delay_ps"": ""UNROUTED"", ""dram_package_delay_ps"": ""UNAVAILABLE"", ""status"": ""SOURCE_JOINED_CONSTRAINT_INPUT_NOT_TIMING_PASS""}",0.27,U1,U1:B14,"[2.275, -5.525]"
B15,DDR_DQSB0P,DDR_DQSB0_P,DDR_DQSB0_P,2,signal,01studio exact DDR join,22.075,16.525,1,"{""net"": ""DDR_DQSB0_P"", ""soc_ball"": ""B15"", ""soc_actual_function"": ""DDR_DQSB0P"", ""dram_ball"": ""W3"", ""dram_actual_function"": ""DQS0_t_B"", ""sink_group"": ""B_BYTE0"", ""soc_package_trace_um"": ""4623.9"", ""guide_alias_hazard"": ""LP4 DQSB1P/N aliases repeated across DQS0 and DQS2; resolve from actual schematic/official pinout"", ""board_delay_ps"": ""UNROUTED"", ""dram_package_delay_ps"": ""UNAVAILABLE"", ""status"": ""SOURCE_JOINED_CONSTRAINT_INPUT_NOT_TIMING_PASS""}",0.27,U1,U1:B15,"[2.925, -5.525]"
B16,DDR_DQB5,DDR_DQB5,DDR_DQB5,2,signal,01studio exact DDR join,21.425,16.525,1,"{""net"": ""DDR_DQB5"", ""soc_ball"": ""B16"", ""soc_actual_function"": ""DDR_DQB5"", ""dram_ball"": ""V4"", ""dram_actual_function"": ""DQ5_B"", ""sink_group"": ""B_BYTE0"", ""soc_package_trace_um"": ""4419.48"", ""guide_alias_hazard"": """", ""board_delay_ps"": ""UNROUTED"", ""dram_package_delay_ps"": ""UNAVAILABLE"", ""status"": ""SOURCE_JOINED_CONSTRAINT_INPUT_NOT_TIMING_PASS""}",0.27,U1,U1:B16,"[3.575, -5.525]"
B17,DDR_DQB7,DDR_DQB7,DDR_DQB7,2,signal,01studio exact DDR join,20.775,16.525,1,"{""net"": ""DDR_DQB7"", ""soc_ball"": ""B17"", ""soc_actual_function"": ""DDR_DQB7"", ""dram_ball"": ""AA4"", ""dram_actual_function"": ""DQ7_B"", ""sink_group"": ""B_BYTE0"", ""soc_package_trace_um"": ""5515.88"", ""guide_alias_hazard"": """", ""board_delay_ps"": ""UNROUTED"", ""dram_package_delay_ps"": ""UNAVAILABLE"", ""status"": ""SOURCE_JOINED_CONSTRAINT_INPUT_NOT_TIMING_PASS""}",0.27,U1,U1:B17,"[4.225, -5.525]"
B18,DDR_DQSB1P,DDR_DQSB1_P,DDR_DQSB1_P,2,signal,01studio exact DDR join,20.125,16.525,1,"{""net"": ""DDR_DQSB1_P"", ""soc_ball"": ""B18"", ""soc_actual_function"": ""DDR_DQSB1P"", ""dram_ball"": ""W10"", ""dram_actual_function"": ""DQS1_t_B"", ""sink_group"": ""B_BYTE1"", ""soc_package_trace_um"": ""6516.79"", ""guide_alias_hazard"": ""LP4 DQSB1P/N aliases repeated across DQS0 and DQS2; resolve from actual schematic/official pinout"", ""board_delay_ps"": ""UNROUTED"", ""dram_package_delay_ps"": ""UNAVAILABLE"", ""status"": ""SOURCE_JOINED_CONSTRAINT_INPUT_NOT_TIMING_PASS""}",0.27,U1,U1:B18,"[4.875, -5.525]"
B19,DDR_DQB9,DDR_DQB15,DDR_DQB15,2,signal,01studio exact DDR join,19.475,16.525,1,"{""net"": ""DDR_DQB15"", ""soc_ball"": ""B19"", ""soc_actual_function"": ""DDR_DQB9"", ""dram_ball"": ""AA9"", ""dram_actual_function"": ""DQ15_B"", ""sink_group"": ""B_BYTE1"", ""soc_package_trace_um"": ""6879.01"", ""guide_alias_hazard"": """", ""board_delay_ps"": ""UNROUTED"", ""dram_package_delay_ps"": ""UNAVAILABLE"", ""status"": ""SOURCE_JOINED_CONSTRAINT_INPUT_NOT_TIMING_PASS""}",0.27,U1,U1:B19,"[5.525, -5.525]"
B20,VSS,GND,GND,390,ground,named ground ball,18.825,16.525,0,,0.27,U1,U1:B20,"[6.175, -5.525]"
C1,ADC_4,ADC4,ADC4,2,signal,module-name correspondence CANDIDATE,31.175,15.875,0,,0.27,U1,U1:C1,"[-6.175, -4.875]"
C2,ADC_0,ADC0,ADC0,2,signal,module-name correspondence CANDIDATE,30.525,15.875,1,,0.27,U1,U1:C2,"[-5.525, -4.875]"
C3,USB0_VBUS,USB0_VBUS,USB0_VBUS,2,signal,parent verified 01studio bias source,29.875,15.875,2,,0.27,U1,U1:C3,"[-4.875, -4.875]"
C4,USB1_TXRTUNE,USB1_TXRTUNE,USB1_TXRTUNE,2,signal,parent verified 01studio bias source,29.225,15.875,2,,0.27,U1,U1:C4,"[-4.225, -4.875]"
C5,MMC0_D1,MMC0_D1,MMC0_D1,2,signal,dedicated storage path; strobe unresolved,28.575,15.875,2,,0.27,U1,U1:C5,"[-3.575, -4.875]"
C6,MMC0_D3,MMC0_D3,MMC0_D3,2,signal,dedicated storage path; strobe unresolved,27.925,15.875,2,,0.27,U1,U1:C6,"[-2.925, -4.875]"
C7,MMC0_D7,MMC0_D7,MMC0_D7,2,signal,dedicated storage path; strobe unresolved,27.275,15.875,2,,0.27,U1,U1:C7,"[-2.275, -4.875]"
C8,GPIO0/BOOT0,BOOT0,BOOT0,4,signal,existing aux,26.625,15.875,2,,0.27,U1,U1:C8,"[-1.625, -4.875]"
C9,GPIO1/BOOT1,BOOT1,BOOT1,4,signal,existing aux,25.975,15.875,2,,0.27,U1,U1:C9,"[-0.975, -4.875]"
C10,GPIO64/INT0,PMU_INT0,PMU_INT0,2,signal,parent verified private GPIO assignment / TEST_EN ground,25.325,15.875,2,,0.27,U1,U1:C10,"[-0.325, -4.875]"
C11,GPIO71/OUT1,PMU_OUT1_STATUS,PMU_OUT1_STATUS,2,signal,parent verified private GPIO assignment / TEST_EN ground,24.675,15.875,2,,0.27,U1,U1:C11,"[0.325, -4.875]"
C12,GPIO68/INT4,PMU_INT4_AUTO_START,PMU_INT4_AUTO_START,2,signal,parent verified private GPIO assignment / TEST_EN ground,24.025,15.875,2,,0.27,U1,U1:C12,"[0.975, -4.875]"
C13,VSS,GND,GND,390,ground,named ground ball,23.375,15.875,2,,0.27,U1,U1:C13,"[1.625, -4.875]"
C14,DDR_DQB0,DDR_DQB2,DDR_DQB2,2,signal,01studio exact DDR join,22.725,15.875,2,"{""net"": ""DDR_DQB2"", ""soc_ball"": ""C14"", ""soc_actual_function"": ""DDR_DQB0"", ""dram_ball"": ""V2"", ""dram_actual_function"": ""DQ2_B"", ""sink_group"": ""B_BYTE0"", ""soc_package_trace_um"": ""2966.98"", ""guide_alias_hazard"": """", ""board_delay_ps"": ""UNROUTED"", ""dram_package_delay_ps"": ""UNAVAILABLE"", ""status"": ""SOURCE_JOINED_CONSTRAINT_INPUT_NOT_TIMING_PASS""}",0.27,U1,U1:C14,"[2.275, -4.875]"
C15,DDR_DMIB0,DDR_DMIB0,DDR_DMIB0,2,signal,01studio exact DDR join,22.075,15.875,2,"{""net"": ""DDR_DMIB0"", ""soc_ball"": ""C15"", ""soc_actual_function"": ""DDR_DMIB0"", ""dram_ball"": ""Y3"", ""dram_actual_function"": ""DMI0_B"", ""sink_group"": ""B_BYTE0"", ""soc_package_trace_um"": ""4509.87"", ""guide_alias_hazard"": """", ""board_delay_ps"": ""UNROUTED"", ""dram_package_delay_ps"": ""UNAVAILABLE"", ""status"": ""SOURCE_JOINED_CONSTRAINT_INPUT_NOT_TIMING_PASS""}",0.27,U1,U1:C15,"[2.925, -4.875]"
C16,DDR_DQB6,DDR_DQB6,DDR_DQB6,2,signal,01studio exact DDR join,21.425,15.875,2,"{""net"": ""DDR_DQB6"", ""soc_ball"": ""C16"", ""soc_actual_function"": ""DDR_DQB6"", ""dram_ball"": ""Y4"", ""dram_actual_function"": ""DQ6_B"", ""sink_group"": ""B_BYTE0"", ""soc_package_trace_um"": ""4381.95"", ""guide_alias_hazard"": """", ""board_delay_ps"": ""UNROUTED"", ""dram_package_delay_ps"": ""UNAVAILABLE"", ""status"": ""SOURCE_JOINED_CONSTRAINT_INPUT_NOT_TIMING_PASS""}",0.27,U1,U1:C16,"[3.575, -4.875]"
C17,DDR_DQB15,DDR_DQB9,DDR_DQB9,2,signal,01studio exact DDR join,20.775,15.875,2,"{""net"": ""DDR_DQB9"", ""soc_ball"": ""C17"", ""soc_actual_function"": ""DDR_DQB15"", ""dram_ball"": ""Y11"", ""dram_actual_function"": ""DQ9_B"", ""sink_group"": ""B_BYTE1"", ""soc_package_trace_um"": ""4038.16"", ""guide_alias_hazard"": """", ""board_delay_ps"": ""UNROUTED"", ""dram_package_delay_ps"": ""UNAVAILABLE"", ""status"": ""SOURCE_JOINED_CONSTRAINT_INPUT_NOT_TIMING_PASS""}",0.27,U1,U1:C17,"[4.225, -4.875]"
C18,DDR_DQB12,DDR_DQB8,DDR_DQB8,2,signal,01studio exact DDR join,20.125,15.875,2,"{""net"": ""DDR_DQB8"", ""soc_ball"": ""C18"", ""soc_actual_function"": ""DDR_DQB12"", ""dram_ball"": ""AA11"", ""dram_actual_function"": ""DQ8_B"", ""sink_group"": ""B_BYTE1"", ""soc_package_trace_um"": ""5598.19"", ""guide_alias_hazard"": """", ""board_delay_ps"": ""UNROUTED"", ""dram_package_delay_ps"": ""UNAVAILABLE"", ""status"": ""SOURCE_JOINED_CONSTRAINT_INPUT_NOT_TIMING_PASS""}",0.27,U1,U1:C18,"[4.875, -4.875]"
C19,DDR_DQB8,DDR_DQB14,DDR_DQB14,2,signal,01studio exact DDR join,19.475,15.875,1,"{""net"": ""DDR_DQB14"", ""soc_ball"": ""C19"", ""soc_actual_function"": ""DDR_DQB8"", ""dram_ball"": ""Y9"", ""dram_actual_function"": ""DQ14_B"", ""sink_group"": ""B_BYTE1"", ""soc_package_trace_um"": ""6640.84"", ""guide_alias_hazard"": """", ""board_delay_ps"": ""UNROUTED"", ""dram_package_delay_ps"": ""UNAVAILABLE"", ""status"": ""SOURCE_JOINED_CONSTRAINT_INPUT_NOT_TIMING_PASS""}",0.27,U1,U1:C19,"[5.525, -4.875]"
C20,DDR_NC,,unconnected-(U1E-DDR_NC-PadC20),1,unused,OFFICIAL_PINOUT_LP4_MODE_UNUSED,18.825,15.875,0,,0.27,U1,U1:C20,"[6.175, -4.875]"
D1,ADC_5,ADC5,ADC5,2,signal,module-name correspondence CANDIDATE,31.175,15.225,0,,0.27,U1,U1:D1,"[-6.175, -4.225]"
D2,ADC_1,ADC1,ADC1,2,signal,module-name correspondence CANDIDATE,30.525,15.225,1,,0.27,U1,U1:D2,"[-5.525, -4.225]"
D3,USB0_ID,USB0_ID,USB0_ID,2,signal,module-name correspondence CANDIDATE,29.875,15.225,2,,0.27,U1,U1:D3,"[-4.875, -4.225]"
D4,USB0_TXRTUNE,USB0_TXRTUNE,USB0_TXRTUNE,2,signal,parent verified 01studio bias source,29.225,15.225,3,,0.27,U1,U1:D4,"[-4.225, -4.225]"
D5,MMC0_D0,MMC0_D0,MMC0_D0,2,signal,dedicated storage path; strobe unresolved,28.575,15.225,3,,0.27,U1,U1:D5,"[-3.575, -4.225]"
D6,MMC0_CMD,MMC0_CMD,MMC0_CMD,2,signal,dedicated storage path; strobe unresolved,27.925,15.225,3,,0.27,U1,U1:D6,"[-2.925, -4.225]"
D7,MMC0_D4,MMC0_D4,MMC0_D4,2,signal,dedicated storage path; strobe unresolved,27.275,15.225,3,,0.27,U1,U1:D7,"[-2.275, -4.225]"
D8,ANA_TS_VTEST,,unconnected-(U1J-ANA_TS_VTEST-PadD8),1,unused,REFERENCE_UNUSED_ANALOG_TEST_OUTPUT,26.625,15.225,3,,0.27,U1,U1:D8,"[-1.625, -4.225]"
D9,VSS,GND,GND,390,ground,named ground ball,25.975,15.225,3,,0.27,U1,U1:D9,"[-0.975, -4.225]"
D10,VSS,GND,GND,390,ground,named ground ball,25.325,15.225,3,,0.27,U1,U1:D10,"[-0.325, -4.225]"
D11,VSS,GND,GND,390,ground,named ground ball,24.675,15.225,3,,0.27,U1,U1:D11,"[0.325, -4.225]"
D12,GPIO69/INT5,PWR_KPU_SDA,PWR_KPU_SDA,3,signal,parent verified private GPIO assignment / TEST_EN ground,24.025,15.225,3,,0.27,U1,U1:D12,"[0.975, -4.225]"
D13,VSS,GND,GND,390,ground,named ground ball,23.375,15.225,3,,0.27,U1,U1:D13,"[1.625, -4.225]"
D14,DDR_DQB1,DDR_DQB4,DDR_DQB4,2,signal,01studio exact DDR join,22.725,15.225,3,"{""net"": ""DDR_DQB4"", ""soc_ball"": ""D14"", ""soc_actual_function"": ""DDR_DQB1"", ""dram_ball"": ""U4"", ""dram_actual_function"": ""DQ4_B"", ""sink_group"": ""B_BYTE0"", ""soc_package_trace_um"": ""2708.03"", ""guide_alias_hazard"": """", ""board_delay_ps"": ""UNROUTED"", ""dram_package_delay_ps"": ""UNAVAILABLE"", ""status"": ""SOURCE_JOINED_CONSTRAINT_INPUT_NOT_TIMING_PASS""}",0.27,U1,U1:D14,"[2.275, -4.225]"
D15,VSS,GND,GND,390,ground,named ground ball,22.075,15.225,3,,0.27,U1,U1:D15,"[2.925, -4.225]"
D16,DDR_DQB14,DDR_DQB13,DDR_DQB13,2,signal,01studio exact DDR join,21.425,15.225,3,"{""net"": ""DDR_DQB13"", ""soc_ball"": ""D16"", ""soc_actual_function"": ""DDR_DQB14"", ""dram_ball"": ""V9"", ""dram_actual_function"": ""DQ13_B"", ""sink_group"": ""B_BYTE1"", ""soc_package_trace_um"": ""3663.33"", ""guide_alias_hazard"": """", ""board_delay_ps"": ""UNROUTED"", ""dram_package_delay_ps"": ""UNAVAILABLE"", ""status"": ""SOURCE_JOINED_CONSTRAINT_INPUT_NOT_TIMING_PASS""}",0.27,U1,U1:D16,"[3.575, -4.225]"
D17,DDR_DQB13,DDR_DQB10,DDR_DQB10,2,signal,01studio exact DDR join,20.775,15.225,3,"{""net"": ""DDR_DQB10"", ""soc_ball"": ""D17"", ""soc_actual_function"": ""DDR_DQB13"", ""dram_ball"": ""V11"", ""dram_actual_function"": ""DQ10_B"", ""sink_group"": ""B_BYTE1"", ""soc_package_trace_um"": ""4242.29"", ""guide_alias_hazard"": """", ""board_delay_ps"": ""UNROUTED"", ""dram_package_delay_ps"": ""UNAVAILABLE"", ""status"": ""SOURCE_JOINED_CONSTRAINT_INPUT_NOT_TIMING_PASS""}",0.27,U1,U1:D17,"[4.225, -4.225]"
D18,DDR_DMIB1,DDR_DMIB1,DDR_DMIB1,2,signal,01studio exact DDR join,20.125,15.225,2,"{""net"": ""DDR_DMIB1"", ""soc_ball"": ""D18"", ""soc_actual_function"": ""DDR_DMIB1"", ""dram_ball"": ""Y10"", ""dram_actual_function"": ""DMI1_B"", ""sink_group"": ""B_BYTE1"", ""soc_package_trace_um"": ""5275.38"", ""guide_alias_hazard"": """", ""board_delay_ps"": ""UNROUTED"", ""dram_package_delay_ps"": ""UNAVAILABLE"", ""status"": ""SOURCE_JOINED_CONSTRAINT_INPUT_NOT_TIMING_PASS""}",0.27,U1,U1:D18,"[4.875, -4.225]"
D19,DDR_NC,,unconnected-(U1E-DDR_NC-PadD19),1,unused,OFFICIAL_PINOUT_LP4_MODE_UNUSED,19.475,15.225,1,,0.27,U1,U1:D19,"[5.525, -4.225]"
D20,DDR_NC,,unconnected-(U1E-DDR_NC-PadD20),1,unused,OFFICIAL_PINOUT_LP4_MODE_UNUSED,18.825,15.225,0,,0.27,U1,U1:D20,"[6.175, -4.225]"
E1,MIC_PL,MIC_PL,MIC_PL,2,signal,module-name correspondence CANDIDATE,31.175,14.575,0,,0.27,U1,U1:E1,"[-6.175, -3.575]"
E2,MIC_NL,MIC_NL,MIC_NL,2,signal,module-name correspondence CANDIDATE,30.525,14.575,1,,0.27,U1,U1:E2,"[-5.525, -3.575]"
E3,MIC_BIAS,MIC_BIAS,MIC_BIAS,4,signal,module-name correspondence CANDIDATE,29.875,14.575,2,,0.27,U1,U1:E3,"[-4.875, -3.575]"
E4,VSS,GND,GND,390,ground,named ground ball,29.225,14.575,3,,0.27,U1,U1:E4,"[-4.225, -3.575]"
E6,VSS,GND,GND,390,ground,named ground ball,27.925,14.575,4,,0.27,U1,U1:E6,"[-2.925, -3.575]"
E7,VSS,GND,GND,390,ground,named ground ball,27.275,14.575,4,,0.27,U1,U1:E7,"[-2.275, -3.575]"
E8,VSS,GND,GND,390,ground,named ground ball,26.625,14.575,4,,0.27,U1,U1:E8,"[-1.625, -3.575]"
E9,AVDD3P3_USB,AVDD3P3_USB,AVDD3P3_USB,3,power,canonical rail endpoint; PMU shared RTC/LDO filtered domain,25.975,14.575,4,,0.27,U1,U1:E9,"[-0.975, -3.575]"
E10,VDD3P3_SD,VDD3P3_SD,VDD3P3_SD,3,power,canonical rail endpoint; PMU shared RTC/LDO filtered domain,25.325,14.575,4,,0.27,U1,U1:E10,"[-0.325, -3.575]"
E11,VDD1P8,VDD1P8,VDD1P8,57,power,canonical rail endpoint; PMU shared RTC/LDO filtered domain,24.675,14.575,4,,0.27,U1,U1:E11,"[0.325, -3.575]"
E12,VSS,GND,GND,390,ground,named ground ball,24.025,14.575,4,,0.27,U1,U1:E12,"[0.975, -3.575]"
E13,VSS,GND,GND,390,ground,named ground ball,23.375,14.575,4,,0.27,U1,U1:E13,"[1.625, -3.575]"
E14,VSS,GND,GND,390,ground,named ground ball,22.725,14.575,4,,0.27,U1,U1:E14,"[2.275, -3.575]"
E15,VSS,GND,GND,390,ground,named ground ball,22.075,14.575,4,,0.27,U1,U1:E15,"[2.925, -3.575]"
E16,VSS,GND,GND,390,ground,named ground ball,21.425,14.575,4,,0.27,U1,U1:E16,"[3.575, -3.575]"
E17,DDR_DQB10,DDR_DQB11,DDR_DQB11,2,signal,01studio exact DDR join,20.775,14.575,3,"{""net"": ""DDR_DQB11"", ""soc_ball"": ""E17"", ""soc_actual_function"": ""DDR_DQB10"", ""dram_ball"": ""U11"", ""dram_actual_function"": ""DQ11_B"", ""sink_group"": ""B_BYTE1"", ""soc_package_trace_um"": ""4273.06"", ""guide_alias_hazard"": """", ""board_delay_ps"": ""UNROUTED"", ""dram_package_delay_ps"": ""UNAVAILABLE"", ""status"": ""SOURCE_JOINED_CONSTRAINT_INPUT_NOT_TIMING_PASS""}",0.27,U1,U1:E17,"[4.225, -3.575]"
E18,DDR_DQB11,DDR_DQB12,DDR_DQB12,2,signal,01studio exact DDR join,20.125,14.575,2,"{""net"": ""DDR_DQB12"", ""soc_ball"": ""E18"", ""soc_actual_function"": ""DDR_DQB11"", ""dram_ball"": ""U9"", ""dram_actual_function"": ""DQ12_B"", ""sink_group"": ""B_BYTE1"", ""soc_package_trace_um"": ""3830.51"", ""guide_alias_hazard"": """", ""board_delay_ps"": ""UNROUTED"", ""dram_package_delay_ps"": ""UNAVAILABLE"", ""status"": ""SOURCE_JOINED_CONSTRAINT_INPUT_NOT_TIMING_PASS""}",0.27,U1,U1:E18,"[4.875, -3.575]"
E19,VSS,GND,GND,390,ground,named ground ball,19.475,14.575,1,,0.27,U1,U1:E19,"[5.525, -3.575]"
E20,DDR_CAB0,DDR_CAB0,DDR_CAB0,2,signal,01studio exact DDR join,18.825,14.575,0,"{""net"": ""DDR_CAB0"", ""soc_ball"": ""E20"", ""soc_actual_function"": ""DDR_CAB0"", ""dram_ball"": ""R2"", ""dram_actual_function"": ""CA0_B"", ""sink_group"": ""B_ADDRESS_COMMAND"", ""soc_package_trace_um"": ""5468.25"", ""guide_alias_hazard"": """", ""board_delay_ps"": ""UNROUTED"", ""dram_package_delay_ps"": ""UNAVAILABLE"", ""status"": ""SOURCE_JOINED_CONSTRAINT_INPUT_NOT_TIMING_PASS""}",0.27,U1,U1:E20,"[6.175, -3.575]"
F1,MIC_PR,MIC_PR,MIC_PR,2,signal,module-name correspondence CANDIDATE,31.175,13.925,0,,0.27,U1,U1:F1,"[-6.175, -2.925]"
F2,MIC_NR,MIC_NR,MIC_NR,2,signal,module-name correspondence CANDIDATE,30.525,13.925,1,,0.27,U1,U1:F2,"[-5.525, -2.925]"
F3,CODEC_VCM,CODEC_VCM,CODEC_VCM,3,signal,parent verified 01studio bias source,29.875,13.925,2,,0.27,U1,U1:F3,"[-4.875, -2.925]"
F4,VSS,GND,GND,390,ground,named ground ball,29.225,13.925,3,,0.27,U1,U1:F4,"[-4.225, -2.925]"
F6,VSS,GND,GND,390,ground,named ground ball,27.925,13.925,5,,0.27,U1,U1:F6,"[-2.925, -2.925]"
F7,AVDD1P8_CODEC,AVDD1P8_CODEC,AVDD1P8_CODEC,3,power,canonical rail endpoint; PMU shared RTC/LDO filtered domain,27.275,13.925,5,,0.27,U1,U1:F7,"[-2.275, -2.925]"
F8,AVDD1P8_ADC,AVDD1P8_ADC,AVDD1P8_ADC,3,power,canonical rail endpoint; PMU shared RTC/LDO filtered domain,26.625,13.925,5,,0.27,U1,U1:F8,"[-1.625, -2.925]"
F9,AVDD1P8_USB,AVDD1P8_USB,AVDD1P8_USB,3,power,canonical rail endpoint; PMU shared RTC/LDO filtered domain,25.975,13.925,5,,0.27,U1,U1:F9,"[-0.975, -2.925]"
F10,VSS,GND,GND,390,ground,named ground ball,25.325,13.925,5,,0.27,U1,U1:F10,"[-0.325, -2.925]"
F11,AVSS,GND,GND,390,ground,named ground ball,24.675,13.925,5,,0.27,U1,U1:F11,"[0.325, -2.925]"
F12,VDD0P8_CORE,VDD0P8_CORE,VDD0P8_CORE,37,power,canonical rail endpoint; PMU shared RTC/LDO filtered domain,24.025,13.925,5,,0.27,U1,U1:F12,"[0.975, -2.925]"
F13,VDD1P8,VDD1P8,VDD1P8,57,power,canonical rail endpoint; PMU shared RTC/LDO filtered domain,23.375,13.925,5,,0.27,U1,U1:F13,"[1.625, -2.925]"
F14,AVDD1P8_LDO,AVDD1P8_PMU,AVDD1P8_PMU,6,power,canonical rail endpoint; PMU shared RTC/LDO filtered domain,22.725,13.925,5,,0.27,U1,U1:F14,"[2.275, -2.925]"
F15,AVDD1P8_RTC,AVDD1P8_PMU,AVDD1P8_PMU,6,power,canonical rail endpoint; PMU shared RTC/LDO filtered domain,22.075,13.925,5,,0.27,U1,U1:F15,"[2.925, -2.925]"
F16,VSS,GND,GND,390,ground,named ground ball,21.425,13.925,4,,0.27,U1,U1:F16,"[3.575, -2.925]"
F17,DDR_CAB4,DDR_CAB4,DDR_CAB4,2,signal,01studio exact DDR join,20.775,13.925,3,"{""net"": ""DDR_CAB4"", ""soc_ball"": ""F17"", ""soc_actual_function"": ""DDR_CAB4"", ""dram_ball"": ""R11"", ""dram_actual_function"": ""CA4_B"", ""sink_group"": ""B_ADDRESS_COMMAND"", ""soc_package_trace_um"": ""2757.73"", ""guide_alias_hazard"": """", ""board_delay_ps"": ""UNROUTED"", ""dram_package_delay_ps"": ""UNAVAILABLE"", ""status"": ""SOURCE_JOINED_CONSTRAINT_INPUT_NOT_TIMING_PASS""}",0.27,U1,U1:F17,"[4.225, -2.925]"
F18,DDR_NC,,unconnected-(U1E-DDR_NC-PadF18),1,unused,OFFICIAL_PINOUT_LP4_MODE_UNUSED,20.125,13.925,2,,0.27,U1,U1:F18,"[4.875, -2.925]"
F19,DDR_CAB5,DDR_CAB5,DDR_CAB5,2,signal,01studio exact DDR join,19.475,13.925,1,"{""net"": ""DDR_CAB5"", ""soc_ball"": ""F19"", ""soc_actual_function"": ""DDR_CAB5"", ""dram_ball"": ""P11"", ""dram_actual_function"": ""CA5_B"", ""sink_group"": ""B_ADDRESS_COMMAND"", ""soc_package_trace_um"": ""4558.27"", ""guide_alias_hazard"": """", ""board_delay_ps"": ""UNROUTED"", ""dram_package_delay_ps"": ""UNAVAILABLE"", ""status"": ""SOURCE_JOINED_CONSTRAINT_INPUT_NOT_TIMING_PASS""}",0.27,U1,U1:F19,"[5.525, -2.925]"
F20,DDR_CLKBN,DDR_CLKB_N,DDR_CLKB_N,2,signal,01studio exact DDR join,18.825,13.925,0,"{""net"": ""DDR_CLKB_N"", ""soc_ball"": ""F20"", ""soc_actual_function"": ""DDR_CLKBN"", ""dram_ball"": ""P9"", ""dram_actual_function"": ""CK_c_B"", ""sink_group"": ""B_ADDRESS_COMMAND"", ""soc_package_trace_um"": ""5418.33"", ""guide_alias_hazard"": """", ""board_delay_ps"": ""UNROUTED"", ""dram_package_delay_ps"": ""UNAVAILABLE"", ""status"": ""SOURCE_JOINED_CONSTRAINT_INPUT_NOT_TIMING_PASS""}",0.27,U1,U1:F20,"[6.175, -2.925]"
G1,HP_OUTL,HP_OUTL,HP_OUTL,2,signal,module-name correspondence CANDIDATE,31.175,13.275,0,,0.27,U1,U1:G1,"[-6.175, -2.275]"
G2,HP_OUTR,HP_OUTR,HP_OUTR,2,signal,module-name correspondence CANDIDATE,30.525,13.275,1,,0.27,U1,U1:G2,"[-5.525, -2.275]"
G3,ADC_3,ADC3,ADC3,2,signal,module-name correspondence CANDIDATE,29.875,13.275,2,,0.27,U1,U1:G3,"[-4.875, -2.275]"
G4,GPIO48/UART4_TXD/IIC0_SCL/SPI2AXI_DIN,BANK3_GPIO48,BANK3_GPIO48,2,signal,module-name correspondence CANDIDATE,29.225,13.275,3,,0.27,U1,U1:G4,"[-4.225, -2.275]"
G5,GPIO49/UART4_RXD/IIC0_SDA/SPI2AXI_DOUT,BANK3_GPIO49,BANK3_GPIO49,2,signal,module-name correspondence CANDIDATE,28.575,13.275,4,,0.27,U1,U1:G5,"[-3.575, -2.275]"
G6,VSS,GND,GND,390,ground,named ground ball,27.925,13.275,5,,0.27,U1,U1:G6,"[-2.925, -2.275]"
G7,AVSS,GND,GND,390,ground,named ground ball,27.275,13.275,6,,0.27,U1,U1:G7,"[-2.275, -2.275]"
G8,AVSS,GND,GND,390,ground,named ground ball,26.625,13.275,6,,0.27,U1,U1:G8,"[-1.625, -2.275]"
G9,VDD0P8_CORE,VDD0P8_CORE,VDD0P8_CORE,37,power,canonical rail endpoint; PMU shared RTC/LDO filtered domain,25.975,13.275,6,,0.27,U1,U1:G9,"[-0.975, -2.275]"
G10,VDD0P8_CORE,VDD0P8_CORE,VDD0P8_CORE,37,power,canonical rail endpoint; PMU shared RTC/LDO filtered domain,25.325,13.275,6,,0.27,U1,U1:G10,"[-0.325, -2.275]"
G11,AVDD0P8_PLL,AVDD0P8_PLL,AVDD0P8_PLL,3,power,canonical rail endpoint; PMU shared RTC/LDO filtered domain,24.675,13.275,6,,0.27,U1,U1:G11,"[0.325, -2.275]"
G12,VDD0P8_CPU,VDD0P8_CPU,VDD0P8_CPU,12,power,canonical rail endpoint; PMU shared RTC/LDO filtered domain,24.025,13.275,6,,0.27,U1,U1:G12,"[0.975, -2.275]"
G13,VSS,GND,GND,390,ground,named ground ball,23.375,13.275,6,,0.27,U1,U1:G13,"[1.625, -2.275]"
G14,VSS,GND,GND,390,ground,named ground ball,22.725,13.275,6,,0.27,U1,U1:G14,"[2.275, -2.275]"
G15,VSS,GND,GND,390,ground,named ground ball,22.075,13.275,5,,0.27,U1,U1:G15,"[2.925, -2.275]"
G16,VSS,GND,GND,390,ground,named ground ball,21.425,13.275,4,,0.27,U1,U1:G16,"[3.575, -2.275]"
G17,DDR_NC,,unconnected-(U1E-DDR_NC-PadG17),1,unused,OFFICIAL_PINOUT_LP4_MODE_UNUSED,20.775,13.275,3,,0.27,U1,U1:G17,"[4.225, -2.275]"
G18,DDR_CAB2,DDR_CAB2,DDR_CAB2,2,signal,01studio exact DDR join,20.125,13.275,2,"{""net"": ""DDR_CAB2"", ""soc_ball"": ""G18"", ""soc_actual_function"": ""DDR_CAB2"", ""dram_ball"": ""R9"", ""dram_actual_function"": ""CA2_B"", ""sink_group"": ""B_ADDRESS_COMMAND"", ""soc_package_trace_um"": ""3807.29"", ""guide_alias_hazard"": """", ""board_delay_ps"": ""UNROUTED"", ""dram_package_delay_ps"": ""UNAVAILABLE"", ""status"": ""SOURCE_JOINED_CONSTRAINT_INPUT_NOT_TIMING_PASS""}",0.27,U1,U1:G18,"[4.875, -2.275]"
G19,DDR_CAB1,DDR_CAB1,DDR_CAB1,2,signal,01studio exact DDR join,19.475,13.275,1,"{""net"": ""DDR_CAB1"", ""soc_ball"": ""G19"", ""soc_actual_function"": ""DDR_CAB1"", ""dram_ball"": ""P2"", ""dram_actual_function"": ""CA1_B"", ""sink_group"": ""B_ADDRESS_COMMAND"", ""soc_package_trace_um"": ""4067.91"", ""guide_alias_hazard"": """", ""board_delay_ps"": ""UNROUTED"", ""dram_package_delay_ps"": ""UNAVAILABLE"", ""status"": ""SOURCE_JOINED_CONSTRAINT_INPUT_NOT_TIMING_PASS""}",0.27,U1,U1:G19,"[5.525, -2.275]"
G20,DDR_CLKBP,DDR_CLKB_P,DDR_CLKB_P,2,signal,01studio exact DDR join,18.825,13.275,0,"{""net"": ""DDR_CLKB_P"", ""soc_ball"": ""G20"", ""soc_actual_function"": ""DDR_CLKBP"", ""dram_ball"": ""P8"", ""dram_actual_function"": ""CK_t_B"", ""sink_group"": ""B_ADDRESS_COMMAND"", ""soc_package_trace_um"": ""5403.63"", ""guide_alias_hazard"": """", ""board_delay_ps"": ""UNROUTED"", ""dram_package_delay_ps"": ""UNAVAILABLE"", ""status"": ""SOURCE_JOINED_CONSTRAINT_INPUT_NOT_TIMING_PASS""}",0.27,U1,U1:G20,"[6.175, -2.275]"
H1,GPIO42/UART1_RTS/PWM0/QSPI1_D2,BANK3_GPIO42,BANK3_GPIO42,2,signal,module-name correspondence CANDIDATE,31.175,12.625,0,,0.27,U1,U1:H1,"[-6.175, -1.625]"
H2,GPIO44/UART2_TXD/IIC3_SCL/SPI2AXI_CLK,BANK3_GPIO44,BANK3_GPIO44,2,signal,module-name correspondence CANDIDATE,30.525,12.625,1,,0.27,U1,U1:H2,"[-5.525, -1.625]"
H3,GPIO45/UART2_RXD/IIC3_SDA/SPI2AXI_CS,BANK3_GPIO45,BANK3_GPIO45,2,signal,module-name correspondence CANDIDATE,29.875,12.625,2,,0.27,U1,U1:H3,"[-4.875, -1.625]"
H4,GPIO46/UART2_RTS/PWM2/IIC4_SCL,BANK3_GPIO46,BANK3_GPIO46,2,signal,module-name correspondence CANDIDATE,29.225,12.625,3,,0.27,U1,U1:H4,"[-4.225, -1.625]"
H5,GPIO47/UART2_CTS/PWM3/IIC4_SDA,BANK3_GPIO47,BANK3_GPIO47,2,signal,module-name correspondence CANDIDATE,28.575,12.625,4,,0.27,U1,U1:H5,"[-3.575, -1.625]"
H6,VDDIO_BANK3,BANK3_VDDIO,BANK3_VDDIO,3,power,module-name correspondence CANDIDATE,27.925,12.625,5,,0.27,U1,U1:H6,"[-2.925, -1.625]"
H7,VSS,GND,GND,390,ground,named ground ball,27.275,12.625,6,,0.27,U1,U1:H7,"[-2.275, -1.625]"
H8,VDD0P8_KPU,VDD0P8_KPU,VDD0P8_KPU,19,power,canonical rail endpoint; PMU shared RTC/LDO filtered domain,26.625,12.625,7,,0.27,U1,U1:H8,"[-1.625, -1.625]"
H9,VDD0P8_KPU,VDD0P8_KPU,VDD0P8_KPU,19,power,canonical rail endpoint; PMU shared RTC/LDO filtered domain,25.975,12.625,7,,0.27,U1,U1:H9,"[-0.975, -1.625]"
H10,VDD0P8_KPU,VDD0P8_KPU,VDD0P8_KPU,19,power,canonical rail endpoint; PMU shared RTC/LDO filtered domain,25.325,12.625,7,,0.27,U1,U1:H10,"[-0.325, -1.625]"
H11,VSS,GND,GND,390,ground,named ground ball,24.675,12.625,7,,0.27,U1,U1:H11,"[0.325, -1.625]"
H12,VDD0P8_CPU,VDD0P8_CPU,VDD0P8_CPU,12,power,canonical rail endpoint; PMU shared RTC/LDO filtered domain,24.025,12.625,7,,0.27,U1,U1:H12,"[0.975, -1.625]"
H13,VSS,GND,GND,390,ground,named ground ball,23.375,12.625,7,,0.27,U1,U1:H13,"[1.625, -1.625]"
H14,VDD1P1_DDR_IO,VDD1P1_DDR_IO,VDD1P1_DDR_IO,86,power,canonical rail endpoint; PMU shared RTC/LDO filtered domain,22.725,12.625,6,,0.27,U1,U1:H14,"[2.275, -1.625]"
H15,VSS,GND,GND,390,ground,named ground ball,22.075,12.625,5,,0.27,U1,U1:H15,"[2.925, -1.625]"
H16,VSS,GND,GND,390,ground,named ground ball,21.425,12.625,4,,0.27,U1,U1:H16,"[3.575, -1.625]"
H17,DDR_CAB3,DDR_CAB3,DDR_CAB3,2,signal,01studio exact DDR join,20.775,12.625,3,"{""net"": ""DDR_CAB3"", ""soc_ball"": ""H17"", ""soc_actual_function"": ""DDR_CAB3"", ""dram_ball"": ""R10"", ""dram_actual_function"": ""CA3_B"", ""sink_group"": ""B_ADDRESS_COMMAND"", ""soc_package_trace_um"": ""3113.45"", ""guide_alias_hazard"": """", ""board_delay_ps"": ""UNROUTED"", ""dram_package_delay_ps"": ""UNAVAILABLE"", ""status"": ""SOURCE_JOINED_CONSTRAINT_INPUT_NOT_TIMING_PASS""}",0.27,U1,U1:H17,"[4.225, -1.625]"
H18,DDR_NC,,unconnected-(U1E-DDR_NC-PadH18),1,unused,OFFICIAL_PINOUT_LP4_MODE_UNUSED,20.125,12.625,2,,0.27,U1,U1:H18,"[4.875, -1.625]"
H19,DDR_NC,,unconnected-(U1E-DDR_NC-PadH19),1,unused,OFFICIAL_PINOUT_LP4_MODE_UNUSED,19.475,12.625,1,,0.27,U1,U1:H19,"[5.525, -1.625]"
H20,VSS,GND,GND,390,ground,named ground ball,18.825,12.625,0,,0.27,U1,U1:H20,"[6.175, -1.625]"
J1,GPIO41/UART1_RXD/IIC1_SDA/QSPI1_D1,BANK3_GPIO41,BANK3_GPIO41,2,signal,module-name correspondence CANDIDATE,31.175,11.975,0,,0.27,U1,U1:J1,"[-6.175, -0.975]"
J2,GPIO40/UART1_TXD/IIC1_SCL/QSPI1_D0,BANK3_GPIO40,BANK3_GPIO40,2,signal,module-name correspondence CANDIDATE,30.525,11.975,1,,0.27,U1,U1:J2,"[-5.525, -0.975]"
J3,GPIO39/UART0_RXD/QSPI1_CLK/VSYNC0,BANK3_GPIO39,BANK3_GPIO39,2,signal,module-name correspondence CANDIDATE,29.875,11.975,2,,0.27,U1,U1:J3,"[-4.875, -0.975]"
J4,GPIO38/UART0_TXD/QSPI1_CS0/HSYNC0,BANK3_GPIO38,BANK3_GPIO38,2,signal,module-name correspondence CANDIDATE,29.225,11.975,3,,0.27,U1,U1:J4,"[-4.225, -0.975]"
J5,GPIO14/OSPI_CS/QSPI0_CS0,BANK1_GPIO14,BANK1_GPIO14,2,signal,module-name correspondence CANDIDATE,28.575,11.975,4,,0.27,U1,U1:J5,"[-3.575, -0.975]"
J6,GPIO43/UART1_CTS/PWM1/QSPI1_D3,BANK3_GPIO43,BANK3_GPIO43,2,signal,module-name correspondence CANDIDATE,27.925,11.975,5,,0.27,U1,U1:J6,"[-2.925, -0.975]"
J7,VSS,GND,GND,390,ground,named ground ball,27.275,11.975,6,,0.27,U1,U1:J7,"[-2.275, -0.975]"
J8,VDD0P8_KPU,VDD0P8_KPU,VDD0P8_KPU,19,power,canonical rail endpoint; PMU shared RTC/LDO filtered domain,26.625,11.975,7,,0.27,U1,U1:J8,"[-1.625, -0.975]"
J9,VDD0P8_KPU,VDD0P8_KPU,VDD0P8_KPU,19,power,canonical rail endpoint; PMU shared RTC/LDO filtered domain,25.975,11.975,8,,0.27,U1,U1:J9,"[-0.975, -0.975]"
J10,VDD0P8_KPU,VDD0P8_KPU,VDD0P8_KPU,19,power,canonical rail endpoint; PMU shared RTC/LDO filtered domain,25.325,11.975,8,,0.27,U1,U1:J10,"[-0.325, -0.975]"
J11,VSS,GND,GND,390,ground,named ground ball,24.675,11.975,8,,0.27,U1,U1:J11,"[0.325, -0.975]"
J12,VDD0P8_CPU,VDD0P8_CPU,VDD0P8_CPU,12,power,canonical rail endpoint; PMU shared RTC/LDO filtered domain,24.025,11.975,8,,0.27,U1,U1:J12,"[0.975, -0.975]"
J13,VSS,GND,GND,390,ground,named ground ball,23.375,11.975,7,,0.27,U1,U1:J13,"[1.625, -0.975]"
J14,VDD1P1_DDR_IO,VDD1P1_DDR_IO,VDD1P1_DDR_IO,86,power,canonical rail endpoint; PMU shared RTC/LDO filtered domain,22.725,11.975,6,,0.27,U1,U1:J14,"[2.275, -0.975]"
J15,VSS,GND,GND,390,ground,named ground ball,22.075,11.975,5,,0.27,U1,U1:J15,"[2.925, -0.975]"
J16,DDR_RESET,DDR_RESET,DDR_RESET,2,signal,01studio exact DDR join,21.425,11.975,4,"{""net"": ""DDR_RESET"", ""soc_ball"": ""J16"", ""soc_actual_function"": ""DDR_RESET"", ""dram_ball"": ""T11"", ""dram_actual_function"": ""RESET_n"", ""sink_group"": ""RESET_ASYNCHRONOUS"", ""soc_package_trace_um"": """", ""guide_alias_hazard"": ""RESET not in high-speed package-length table"", ""board_delay_ps"": ""UNROUTED"", ""dram_package_delay_ps"": ""UNAVAILABLE"", ""status"": ""SOURCE_JOINED_CONSTRAINT_INPUT_NOT_TIMING_PASS""}",0.27,U1,U1:J16,"[3.575, -0.975]"
J17,DDR_CKEB1,,unconnected-(U1E-DDR_CKEB1-PadJ17),1,unused,REFERENCE_SINGLE_RANK_UNUSED_OUTPUT,20.775,11.975,3,,0.27,U1,U1:J17,"[4.225, -0.975]"
J18,DDR_CKEB0,DDR_CKEB0,DDR_CKEB0,2,signal,01studio exact DDR join,20.125,11.975,2,"{""net"": ""DDR_CKEB0"", ""soc_ball"": ""J18"", ""soc_actual_function"": ""DDR_CKEB0"", ""dram_ball"": ""P4"", ""dram_actual_function"": ""CKE0_B"", ""sink_group"": ""B_ADDRESS_COMMAND"", ""soc_package_trace_um"": ""2599.43"", ""guide_alias_hazard"": """", ""board_delay_ps"": ""UNROUTED"", ""dram_package_delay_ps"": ""UNAVAILABLE"", ""status"": ""SOURCE_JOINED_CONSTRAINT_INPUT_NOT_TIMING_PASS""}",0.27,U1,U1:J18,"[4.875, -0.975]"
J19,DDR_CSB1,,unconnected-(U1F-DDR_CSB1-PadJ19),1,unused,REFERENCE_SINGLE_RANK_UNUSED_OUTPUT,19.475,11.975,1,,0.27,U1,U1:J19,"[5.525, -0.975]"
J20,DDR_CSB0,DDR_CSB0,DDR_CSB0,2,signal,01studio exact DDR join,18.825,11.975,0,"{""net"": ""DDR_CSB0"", ""soc_ball"": ""J20"", ""soc_actual_function"": ""DDR_CSB0"", ""dram_ball"": ""R4"", ""dram_actual_function"": ""CS0_B"", ""sink_group"": ""B_ADDRESS_COMMAND"", ""soc_package_trace_um"": ""4941.35"", ""guide_alias_hazard"": """", ""board_delay_ps"": ""UNROUTED"", ""dram_package_delay_ps"": ""UNAVAILABLE"", ""status"": ""SOURCE_JOINED_CONSTRAINT_INPUT_NOT_TIMING_PASS""}",0.27,U1,U1:J20,"[6.175, -0.975]"
K1,GPIO15/OSPI_CLK/QSPI0_CLK,BANK1_GPIO15,BANK1_GPIO15,2,signal,module-name correspondence CANDIDATE,31.175,11.325,0,,0.27,U1,U1:K1,"[-6.175, -0.325]"
K2,GPIO16/OSPI_D0/QSPI1_CS4/QSPI0_D0,BANK1_GPIO16,BANK1_GPIO16,2,signal,module-name correspondence CANDIDATE,30.525,11.325,1,,0.27,U1,U1:K2,"[-5.525, -0.325]"
K3,VSS,GND,GND,390,ground,named ground ball,29.875,11.325,2,,0.27,U1,U1:K3,"[-4.875, -0.325]"
K4,GPIO17/OSPI_D1/QSPI1_CS3/QSPI0_D1,BANK1_GPIO17,BANK1_GPIO17,2,signal,module-name correspondence CANDIDATE,29.225,11.325,3,,0.27,U1,U1:K4,"[-4.225, -0.325]"
K5,GPIO18/OSPI_D2/QSPI1_CS2/QSPI0_D2,BANK1_GPIO18,BANK1_GPIO18,2,signal,module-name correspondence CANDIDATE,28.575,11.325,4,,0.27,U1,U1:K5,"[-3.575, -0.325]"
K6,VSS,GND,GND,390,ground,named ground ball,27.925,11.325,5,,0.27,U1,U1:K6,"[-2.925, -0.325]"
K7,VDDIO_BANK1,BANK1_VDDIO,BANK1_VDDIO,3,power,module-name correspondence CANDIDATE,27.275,11.325,6,,0.27,U1,U1:K7,"[-2.275, -0.325]"
K8,VSS,GND,GND,390,ground,named ground ball,26.625,11.325,7,,0.27,U1,U1:K8,"[-1.625, -0.325]"
K9,VDD0P8_CORE,VDD0P8_CORE,VDD0P8_CORE,37,power,canonical rail endpoint; PMU shared RTC/LDO filtered domain,25.975,11.325,8,,0.27,U1,U1:K9,"[-0.975, -0.325]"
K10,VSS,GND,GND,390,ground,named ground ball,25.325,11.325,9,,0.27,U1,U1:K10,"[-0.325, -0.325]"
K11,VDD0P8_CORE,VDD0P8_CORE,VDD0P8_CORE,37,power,canonical rail endpoint; PMU shared RTC/LDO filtered domain,24.675,11.325,9,,0.27,U1,U1:K11,"[0.325, -0.325]"
K12,VSS,GND,GND,390,ground,named ground ball,24.025,11.325,8,,0.27,U1,U1:K12,"[0.975, -0.325]"
K13,VDD0P8_DDR_CORE,VDD0P8_DDR_CORE,VDD0P8_DDR_CORE,11,power,canonical rail endpoint; PMU shared RTC/LDO filtered domain,23.375,11.325,7,,0.27,U1,U1:K13,"[1.625, -0.325]"
K14,VSS,GND,GND,390,ground,named ground ball,22.725,11.325,6,,0.27,U1,U1:K14,"[2.275, -0.325]"
K15,VAA_DDR,VAA_DDR,VAA_DDR,3,power,canonical rail endpoint; PMU shared RTC/LDO filtered domain,22.075,11.325,5,,0.27,U1,U1:K15,"[2.925, -0.325]"
K16,VSS,GND,GND,390,ground,named ground ball,21.425,11.325,4,,0.27,U1,U1:K16,"[3.575, -0.325]"
K17,DDR_VREF,DDR_VREF,DDR_VREF,5,signal,parent verified 01studio bias source,20.775,11.325,3,,0.27,U1,U1:K17,"[4.225, -0.325]"
K18,VSS,GND,GND,390,ground,named ground ball,20.125,11.325,2,,0.27,U1,U1:K18,"[4.875, -0.325]"
K19,DDR_ZN,DDR_ZN,DDR_ZN,2,signal,parent verified 01studio bias source,19.475,11.325,1,,0.27,U1,U1:K19,"[5.525, -0.325]"
K20,DDR_NC,,unconnected-(U1F-DDR_NC-PadK20),1,unused,OFFICIAL_PINOUT_LP4_MODE_UNUSED,18.825,11.325,0,,0.27,U1,U1:K20,"[6.175, -0.325]"
L1,GPIO19/OSPI_D3/QSPI1_CS1/QSPI0_D3,BANK1_GPIO19,BANK1_GPIO19,2,signal,module-name correspondence CANDIDATE,31.175,10.675,0,,0.27,U1,U1:L1,"[-6.175, 0.325]"
L2,GPIO20/OSPI_D4/QSPI1_CS0/PULSE_CNTR0,BANK1_GPIO20,BANK1_GPIO20,2,signal,module-name correspondence CANDIDATE,30.525,10.675,1,,0.27,U1,U1:L2,"[-5.525, 0.325]"
L3,GPIO21/OSPI_D5/QSPI1_CLK/PULSE_CNTR1,BANK1_GPIO21,BANK1_GPIO21,2,signal,module-name correspondence CANDIDATE,29.875,10.675,2,,0.27,U1,U1:L3,"[-4.875, 0.325]"
L4,GPIO22/OSPI_D6/QSPI1_D0/PULSE_CNTR2,BANK1_GPIO22,BANK1_GPIO22,2,signal,module-name correspondence CANDIDATE,29.225,10.675,3,,0.27,U1,U1:L4,"[-4.225, 0.325]"
L5,GPIO23/OSPI_D7/QSPI1_D1/PULSE_CNTR3,BANK1_GPIO23,BANK1_GPIO23,2,signal,module-name correspondence CANDIDATE,28.575,10.675,4,,0.27,U1,U1:L5,"[-3.575, 0.325]"
L6,GPIO24/OSPI_DQS/QSPI1_D2/PULSE_CNTR4,BANK1_GPIO24,BANK1_GPIO24,2,signal,module-name correspondence CANDIDATE,27.925,10.675,5,,0.27,U1,U1:L6,"[-2.925, 0.325]"
L7,VSS,GND,GND,390,ground,named ground ball,27.275,10.675,6,,0.27,U1,U1:L7,"[-2.275, 0.325]"
L8,VSS,GND,GND,390,ground,named ground ball,26.625,10.675,7,,0.27,U1,U1:L8,"[-1.625, 0.325]"
L9,VDD0P8_CORE,VDD0P8_CORE,VDD0P8_CORE,37,power,canonical rail endpoint; PMU shared RTC/LDO filtered domain,25.975,10.675,8,,0.27,U1,U1:L9,"[-0.975, 0.325]"
L10,VSS,GND,GND,390,ground,named ground ball,25.325,10.675,9,,0.27,U1,U1:L10,"[-0.325, 0.325]"
L11,VDD0P8_CORE,VDD0P8_CORE,VDD0P8_CORE,37,power,canonical rail endpoint; PMU shared RTC/LDO filtered domain,24.675,10.675,9,,0.27,U1,U1:L11,"[0.325, 0.325]"
L12,VSS,GND,GND,390,ground,named ground ball,24.025,10.675,8,,0.27,U1,U1:L12,"[0.975, 0.325]"
L13,VDD0P8_DDR_CORE,VDD0P8_DDR_CORE,VDD0P8_DDR_CORE,11,power,canonical rail endpoint; PMU shared RTC/LDO filtered domain,23.375,10.675,7,,0.27,U1,U1:L13,"[1.625, 0.325]"
L14,VDD1P1_DDR_IO,VDD1P1_DDR_IO,VDD1P1_DDR_IO,86,power,canonical rail endpoint; PMU shared RTC/LDO filtered domain,22.725,10.675,6,,0.27,U1,U1:L14,"[2.275, 0.325]"
L15,VSS,GND,GND,390,ground,named ground ball,22.075,10.675,5,,0.27,U1,U1:L15,"[2.925, 0.325]"
L16,DDR_CAA1,DDR_CAA1,DDR_CAA1,2,signal,01studio exact DDR join,21.425,10.675,4,"{""net"": ""DDR_CAA1"", ""soc_ball"": ""L16"", ""soc_actual_function"": ""DDR_CAA1"", ""dram_ball"": ""J2"", ""dram_actual_function"": ""CA1_A"", ""sink_group"": ""A_ADDRESS_COMMAND"", ""soc_package_trace_um"": ""2171.4"", ""guide_alias_hazard"": """", ""board_delay_ps"": ""UNROUTED"", ""dram_package_delay_ps"": ""UNAVAILABLE"", ""status"": ""SOURCE_JOINED_CONSTRAINT_INPUT_NOT_TIMING_PASS""}",0.27,U1,U1:L16,"[3.575, 0.325]"
L17,DDR_NC,,unconnected-(U1F-DDR_NC-PadL17),1,unused,OFFICIAL_PINOUT_LP4_MODE_UNUSED,20.775,10.675,3,,0.27,U1,U1:L17,"[4.225, 0.325]"
L18,DDR_NC,,unconnected-(U1F-DDR_NC-PadL18),1,unused,OFFICIAL_PINOUT_LP4_MODE_UNUSED,20.125,10.675,2,,0.27,U1,U1:L18,"[4.875, 0.325]"
L19,VSS,GND,GND,390,ground,named ground ball,19.475,10.675,1,,0.27,U1,U1:L19,"[5.525, 0.325]"
L20,DDR_NC,,unconnected-(U1F-DDR_NC-PadL20),1,unused,OFFICIAL_PINOUT_LP4_MODE_UNUSED,18.825,10.675,0,,0.27,U1,U1:L20,"[6.175, 0.325]"
M1,GPIO25/PWM5/QSPI1_D3/PULSE_CNTR5,BANK1_GPIO25,BANK1_GPIO25,2,signal,module-name correspondence CANDIDATE,31.175,10.025,0,,0.27,U1,U1:M1,"[-6.175, 0.975]"
M2,GPIO54/QSPI0_CS0/MMC1_CMD/PWM0,BANK4_GPIO54,BANK4_GPIO54,2,signal,module-name correspondence CANDIDATE,30.525,10.025,1,,0.27,U1,U1:M2,"[-5.525, 0.975]"
M3,GPIO52/UART3_RTS/PWM4/IIC3_SCL,BANK4_GPIO52,BANK4_GPIO52,2,signal,module-name correspondence CANDIDATE,29.875,10.025,2,,0.27,U1,U1:M3,"[-4.875, 0.975]"
M4,GPIO51/UART3_RXD/IIC2_SDA/QSPI0_CS3,BANK4_GPIO51,BANK4_GPIO51,2,signal,module-name correspondence CANDIDATE,29.225,10.025,3,,0.27,U1,U1:M4,"[-4.225, 0.975]"
M5,GPIO50/UART3_TXD/IIC2_SCL/QSPI0_CS4,BANK4_GPIO50,BANK4_GPIO50,2,signal,module-name correspondence CANDIDATE,28.575,10.025,4,,0.27,U1,U1:M5,"[-3.575, 0.975]"
M6,VSS,GND,GND,390,ground,named ground ball,27.925,10.025,5,,0.27,U1,U1:M6,"[-2.925, 0.975]"
M7,VDDIO_BANK4,BANK4_VDDIO,BANK4_VDDIO,3,power,module-name correspondence CANDIDATE,27.275,10.025,6,,0.27,U1,U1:M7,"[-2.275, 0.975]"
M8,VSS,GND,GND,390,ground,named ground ball,26.625,10.025,7,,0.27,U1,U1:M8,"[-1.625, 0.975]"
M9,VDD0P8_CORE,VDD0P8_CORE,VDD0P8_CORE,37,power,canonical rail endpoint; PMU shared RTC/LDO filtered domain,25.975,10.025,8,,0.27,U1,U1:M9,"[-0.975, 0.975]"
M10,VSS,GND,GND,390,ground,named ground ball,25.325,10.025,8,,0.27,U1,U1:M10,"[-0.325, 0.975]"
M11,VDD0P8_CORE,VDD0P8_CORE,VDD0P8_CORE,37,power,canonical rail endpoint; PMU shared RTC/LDO filtered domain,24.675,10.025,8,,0.27,U1,U1:M11,"[0.325, 0.975]"
M12,VSS,GND,GND,390,ground,named ground ball,24.025,10.025,8,,0.27,U1,U1:M12,"[0.975, 0.975]"
M13,VDD0P8_DDR_CORE,VDD0P8_DDR_CORE,VDD0P8_DDR_CORE,11,power,canonical rail endpoint; PMU shared RTC/LDO filtered domain,23.375,10.025,7,,0.27,U1,U1:M13,"[1.625, 0.975]"
M14,VDD1P1_DDR_IO,VDD1P1_DDR_IO,VDD1P1_DDR_IO,86,power,canonical rail endpoint; PMU shared RTC/LDO filtered domain,22.725,10.025,6,,0.27,U1,U1:M14,"[2.275, 0.975]"
M15,VSS,GND,GND,390,ground,named ground ball,22.075,10.025,5,,0.27,U1,U1:M15,"[2.925, 0.975]"
M16,VSS,GND,GND,390,ground,named ground ball,21.425,10.025,4,,0.27,U1,U1:M16,"[3.575, 0.975]"
M17,DDR_NC,,unconnected-(U1F-DDR_NC-PadM17),1,unused,OFFICIAL_PINOUT_LP4_MODE_UNUSED,20.775,10.025,3,,0.27,U1,U1:M17,"[4.225, 0.975]"
M18,DDR_CAA4,DDR_CAA4,DDR_CAA4,2,signal,01studio exact DDR join,20.125,10.025,2,"{""net"": ""DDR_CAA4"", ""soc_ball"": ""M18"", ""soc_actual_function"": ""DDR_CAA4"", ""dram_ball"": ""H11"", ""dram_actual_function"": ""CA4_A"", ""sink_group"": ""A_ADDRESS_COMMAND"", ""soc_package_trace_um"": ""4033.87"", ""guide_alias_hazard"": """", ""board_delay_ps"": ""UNROUTED"", ""dram_package_delay_ps"": ""UNAVAILABLE"", ""status"": ""SOURCE_JOINED_CONSTRAINT_INPUT_NOT_TIMING_PASS""}",0.27,U1,U1:M18,"[4.875, 0.975]"
M19,DDR_CAA0,DDR_CAA0,DDR_CAA0,2,signal,01studio exact DDR join,19.475,10.025,1,"{""net"": ""DDR_CAA0"", ""soc_ball"": ""M19"", ""soc_actual_function"": ""DDR_CAA0"", ""dram_ball"": ""H2"", ""dram_actual_function"": ""CA0_A"", ""sink_group"": ""A_ADDRESS_COMMAND"", ""soc_package_trace_um"": ""4599.65"", ""guide_alias_hazard"": """", ""board_delay_ps"": ""UNROUTED"", ""dram_package_delay_ps"": ""UNAVAILABLE"", ""status"": ""SOURCE_JOINED_CONSTRAINT_INPUT_NOT_TIMING_PASS""}",0.27,U1,U1:M19,"[5.525, 0.975]"
M20,DDR_NA,,unconnected-(U1F-DDR_NA-PadM20),1,unused,OFFICIAL_PINOUT_LP4_MODE_UNUSED,18.825,10.025,0,,0.27,U1,U1:M20,"[6.175, 0.975]"
N1,GPIO57/QSPI0_D1/MMC1_D1/PWM3,BANK4_GPIO57,BANK4_GPIO57,2,signal,module-name correspondence CANDIDATE,31.175,9.375,0,,0.27,U1,U1:N1,"[-6.175, 1.625]"
N2,GPIO55/QSPI0_CLK/MMC1_CLK/PWM1,BANK4_GPIO55,BANK4_GPIO55,2,signal,module-name correspondence CANDIDATE,30.525,9.375,1,,0.27,U1,U1:N2,"[-5.525, 1.625]"
N3,VSS,GND,GND,390,ground,named ground ball,29.875,9.375,2,,0.27,U1,U1:N3,"[-4.875, 1.625]"
N4,GPIO53/UART3_CTS/PWM5/IIC3_SDA,BANK4_GPIO53,BANK4_GPIO53,2,signal,module-name correspondence CANDIDATE,29.225,9.375,3,,0.27,U1,U1:N4,"[-4.225, 1.625]"
N5,VSS,GND,GND,390,ground,named ground ball,28.575,9.375,4,,0.27,U1,U1:N5,"[-3.575, 1.625]"
N6,AVDD0P8_MIPI,AVDD0P8_MIPI,AVDD0P8_MIPI,5,power,canonical rail endpoint; PMU shared RTC/LDO filtered domain,27.925,9.375,5,,0.27,U1,U1:N6,"[-2.925, 1.625]"
N7,AVDD1P8_MIPI,AVDD1P8_MIPI,AVDD1P8_MIPI,5,power,canonical rail endpoint; PMU shared RTC/LDO filtered domain,27.275,9.375,6,,0.27,U1,U1:N7,"[-2.275, 1.625]"
N8,VSS,GND,GND,390,ground,named ground ball,26.625,9.375,7,,0.27,U1,U1:N8,"[-1.625, 1.625]"
N9,VDD0P8_CORE,VDD0P8_CORE,VDD0P8_CORE,37,power,canonical rail endpoint; PMU shared RTC/LDO filtered domain,25.975,9.375,7,,0.27,U1,U1:N9,"[-0.975, 1.625]"
N10,VSS,GND,GND,390,ground,named ground ball,25.325,9.375,7,,0.27,U1,U1:N10,"[-0.325, 1.625]"
N11,VDD0P8_CORE,VDD0P8_CORE,VDD0P8_CORE,37,power,canonical rail endpoint; PMU shared RTC/LDO filtered domain,24.675,9.375,7,,0.27,U1,U1:N11,"[0.325, 1.625]"
N12,VSS,GND,GND,390,ground,named ground ball,24.025,9.375,7,,0.27,U1,U1:N12,"[0.975, 1.625]"
N13,VDD0P8_DDR_CORE,VDD0P8_DDR_CORE,VDD0P8_DDR_CORE,11,power,canonical rail endpoint; PMU shared RTC/LDO filtered domain,23.375,9.375,7,,0.27,U1,U1:N13,"[1.625, 1.625]"
N14,VDD1P1_DDR_IO,VDD1P1_DDR_IO,VDD1P1_DDR_IO,86,power,canonical rail endpoint; PMU shared RTC/LDO filtered domain,22.725,9.375,6,,0.27,U1,U1:N14,"[2.275, 1.625]"
N15,VSS,GND,GND,390,ground,named ground ball,22.075,9.375,5,,0.27,U1,U1:N15,"[2.925, 1.625]"
N16,VSS,GND,GND,390,ground,named ground ball,21.425,9.375,4,,0.27,U1,U1:N16,"[3.575, 1.625]"
N17,DDR_CKEA0,DDR_CKEA0,DDR_CKEA0,2,signal,01studio exact DDR join,20.775,9.375,3,"{""net"": ""DDR_CKEA0"", ""soc_ball"": ""N17"", ""soc_actual_function"": ""DDR_CKEA0"", ""dram_ball"": ""J4"", ""dram_actual_function"": ""CKE0_A"", ""sink_group"": ""A_ADDRESS_COMMAND"", ""soc_package_trace_um"": ""3725.8"", ""guide_alias_hazard"": """", ""board_delay_ps"": ""UNROUTED"", ""dram_package_delay_ps"": ""UNAVAILABLE"", ""status"": ""SOURCE_JOINED_CONSTRAINT_INPUT_NOT_TIMING_PASS""}",0.27,U1,U1:N17,"[4.225, 1.625]"
N18,DDR_NC,,unconnected-(U1F-DDR_NC-PadN18),1,unused,OFFICIAL_PINOUT_LP4_MODE_UNUSED,20.125,9.375,2,,0.27,U1,U1:N18,"[4.875, 1.625]"
N19,DDR_CAA2,DDR_CAA2,DDR_CAA2,2,signal,01studio exact DDR join,19.475,9.375,1,"{""net"": ""DDR_CAA2"", ""soc_ball"": ""N19"", ""soc_actual_function"": ""DDR_CAA2"", ""dram_ball"": ""H9"", ""dram_actual_function"": ""CA2_A"", ""sink_group"": ""A_ADDRESS_COMMAND"", ""soc_package_trace_um"": ""4415.08"", ""guide_alias_hazard"": """", ""board_delay_ps"": ""UNROUTED"", ""dram_package_delay_ps"": ""UNAVAILABLE"", ""status"": ""SOURCE_JOINED_CONSTRAINT_INPUT_NOT_TIMING_PASS""}",0.27,U1,U1:N19,"[5.525, 1.625]"
N20,DDR_CAA3,DDR_CAA3,DDR_CAA3,2,signal,01studio exact DDR join,18.825,9.375,0,"{""net"": ""DDR_CAA3"", ""soc_ball"": ""N20"", ""soc_actual_function"": ""DDR_CAA3"", ""dram_ball"": ""H10"", ""dram_actual_function"": ""CA3_A"", ""sink_group"": ""A_ADDRESS_COMMAND"", ""soc_package_trace_um"": ""4888.23"", ""guide_alias_hazard"": """", ""board_delay_ps"": ""UNROUTED"", ""dram_package_delay_ps"": ""UNAVAILABLE"", ""status"": ""SOURCE_JOINED_CONSTRAINT_INPUT_NOT_TIMING_PASS""}",0.27,U1,U1:N20,"[6.175, 1.625]"
P1,GPIO58/QSPI0_D2/MMC1_D2/PWM4,BANK4_GPIO58,BANK4_GPIO58,2,signal,module-name correspondence CANDIDATE,31.175,8.725,0,,0.27,U1,U1:P1,"[-6.175, 2.275]"
P2,GPIO59/QSPI0_D3/MMC1_D3/PWM5,BANK4_GPIO59,BANK4_GPIO59,2,signal,module-name correspondence CANDIDATE,30.525,8.725,1,,0.27,U1,U1:P2,"[-5.525, 2.275]"
P3,GPIO56/QSPI0_D0/MMC1_D0/PWM2,BANK4_GPIO56,BANK4_GPIO56,2,signal,module-name correspondence CANDIDATE,29.875,8.725,2,,0.27,U1,U1:P3,"[-4.875, 2.275]"
P4,GPIO61/PWM1/IIC0_SDA/QSPI0_CS1/VSYNC1,BANK4_GPIO61,BANK4_GPIO61,2,signal,module-name correspondence CANDIDATE,29.225,8.725,3,,0.27,U1,U1:P4,"[-4.225, 2.275]"
P5,GPIO60/PWM0/IIC0_SCL/QSPI0_CS2/HSYNC1,BANK4_GPIO60,BANK4_GPIO60,2,signal,module-name correspondence CANDIDATE,28.575,8.725,4,,0.27,U1,U1:P5,"[-3.575, 2.275]"
P6,VSS,GND,GND,390,ground,named ground ball,27.925,8.725,5,,0.27,U1,U1:P6,"[-2.925, 2.275]"
P7,VSS,GND,GND,390,ground,named ground ball,27.275,8.725,6,,0.27,U1,U1:P7,"[-2.275, 2.275]"
P8,VSS,GND,GND,390,ground,named ground ball,26.625,8.725,6,,0.27,U1,U1:P8,"[-1.625, 2.275]"
P9,VDD0P8_CORE,VDD0P8_CORE,VDD0P8_CORE,37,power,canonical rail endpoint; PMU shared RTC/LDO filtered domain,25.975,8.725,6,,0.27,U1,U1:P9,"[-0.975, 2.275]"
P10,VSS,GND,GND,390,ground,named ground ball,25.325,8.725,6,,0.27,U1,U1:P10,"[-0.325, 2.275]"
P11,VDD0P8_CORE,VDD0P8_CORE,VDD0P8_CORE,37,power,canonical rail endpoint; PMU shared RTC/LDO filtered domain,24.675,8.725,6,,0.27,U1,U1:P11,"[0.325, 2.275]"
P12,VSS,GND,GND,390,ground,named ground ball,24.025,8.725,6,,0.27,U1,U1:P12,"[0.975, 2.275]"
P13,VDD0P8_CORE,VDD0P8_CORE,VDD0P8_CORE,37,power,canonical rail endpoint; PMU shared RTC/LDO filtered domain,23.375,8.725,6,,0.27,U1,U1:P13,"[1.625, 2.275]"
P14,VSS,GND,GND,390,ground,named ground ball,22.725,8.725,6,,0.27,U1,U1:P14,"[2.275, 2.275]"
P15,VSS,GND,GND,390,ground,named ground ball,22.075,8.725,5,,0.27,U1,U1:P15,"[2.925, 2.275]"
P16,DDR_DQA14,DDR_DQA10,DDR_DQA10,2,signal,01studio exact DDR join,21.425,8.725,4,"{""net"": ""DDR_DQA10"", ""soc_ball"": ""P16"", ""soc_actual_function"": ""DDR_DQA14"", ""dram_ball"": ""E11"", ""dram_actual_function"": ""DQ10_A"", ""sink_group"": ""A_BYTE1"", ""soc_package_trace_um"": ""2036.92"", ""guide_alias_hazard"": """", ""board_delay_ps"": ""UNROUTED"", ""dram_package_delay_ps"": ""UNAVAILABLE"", ""status"": ""SOURCE_JOINED_CONSTRAINT_INPUT_NOT_TIMING_PASS""}",0.27,U1,U1:P16,"[3.575, 2.275]"
P17,DDR_DMIA1,DDR_DMIA1,DDR_DMIA1,2,signal,01studio exact DDR join,20.775,8.725,3,"{""net"": ""DDR_DMIA1"", ""soc_ball"": ""P17"", ""soc_actual_function"": ""DDR_DMIA1"", ""dram_ball"": ""C10"", ""dram_actual_function"": ""DMI1_A"", ""sink_group"": ""A_BYTE1"", ""soc_package_trace_um"": ""4129.14"", ""guide_alias_hazard"": """", ""board_delay_ps"": ""UNROUTED"", ""dram_package_delay_ps"": ""UNAVAILABLE"", ""status"": ""SOURCE_JOINED_CONSTRAINT_INPUT_NOT_TIMING_PASS""}",0.27,U1,U1:P17,"[4.225, 2.275]"
P18,DDR_CKEA1,,unconnected-(U1F-DDR_CKEA1-PadP18),1,unused,REFERENCE_SINGLE_RANK_UNUSED_OUTPUT,20.125,8.725,2,,0.27,U1,U1:P18,"[4.875, 2.275]"
P19,DDR_CAA5,DDR_CAA5,DDR_CAA5,2,signal,01studio exact DDR join,19.475,8.725,1,"{""net"": ""DDR_CAA5"", ""soc_ball"": ""P19"", ""soc_actual_function"": ""DDR_CAA5"", ""dram_ball"": ""J11"", ""dram_actual_function"": ""CA5_A"", ""sink_group"": ""A_ADDRESS_COMMAND"", ""soc_package_trace_um"": ""5809.3"", ""guide_alias_hazard"": """", ""board_delay_ps"": ""UNROUTED"", ""dram_package_delay_ps"": ""UNAVAILABLE"", ""status"": ""SOURCE_JOINED_CONSTRAINT_INPUT_NOT_TIMING_PASS""}",0.27,U1,U1:P19,"[5.525, 2.275]"
P20,VSS,GND,GND,390,ground,named ground ball,18.825,8.725,0,,0.27,U1,U1:P20,"[6.175, 2.275]"
R1,MIPI_RX2_CLK_P,CSI2_CLK_P,CSI2_CLK_P,2,signal,module-name correspondence CANDIDATE,31.175,8.075,0,,0.27,U1,U1:R1,"[-6.175, 2.925]"
R2,MIPI_RX2_CLK_N,CSI2_CLK_N,CSI2_CLK_N,2,signal,module-name correspondence CANDIDATE,30.525,8.075,1,,0.27,U1,U1:R2,"[-5.525, 2.925]"
R3,VSS,GND,GND,390,ground,named ground ball,29.875,8.075,2,,0.27,U1,U1:R3,"[-4.875, 2.925]"
R6,VSS,GND,GND,390,ground,named ground ball,27.925,8.075,5,,0.27,U1,U1:R6,"[-2.925, 2.925]"
R7,VSS,GND,GND,390,ground,named ground ball,27.275,8.075,5,,0.27,U1,U1:R7,"[-2.275, 2.925]"
R8,AVDD0P8_MIPI,AVDD0P8_MIPI,AVDD0P8_MIPI,5,power,canonical rail endpoint; PMU shared RTC/LDO filtered domain,26.625,8.075,5,,0.27,U1,U1:R8,"[-1.625, 2.925]"
R9,AVDD1P8_MIPI,AVDD1P8_MIPI,AVDD1P8_MIPI,5,power,canonical rail endpoint; PMU shared RTC/LDO filtered domain,25.975,8.075,5,,0.27,U1,U1:R9,"[-0.975, 2.925]"
R10,VSS,GND,GND,390,ground,named ground ball,25.325,8.075,5,,0.27,U1,U1:R10,"[-0.325, 2.925]"
R11,VDDIO_BANK2,BANK2_VDDIO,BANK2_VDDIO,3,power,module-name correspondence CANDIDATE,24.675,8.075,5,,0.27,U1,U1:R11,"[0.325, 2.925]"
R12,VSS,GND,GND,390,ground,named ground ball,24.025,8.075,5,,0.27,U1,U1:R12,"[0.975, 2.925]"
R13,VDDIO_BANK0,BANK0_VDDIO,BANK0_VDDIO,3,power,module-name correspondence CANDIDATE,23.375,8.075,5,,0.27,U1,U1:R13,"[1.625, 2.925]"
R14,VSS,GND,GND,390,ground,named ground ball,22.725,8.075,5,,0.27,U1,U1:R14,"[2.275, 2.925]"
R15,VDDIO_BANK5,BANK5_VDDIO,BANK5_VDDIO,3,power,module-name correspondence CANDIDATE,22.075,8.075,5,,0.27,U1,U1:R15,"[2.925, 2.925]"
R16,VSS,GND,GND,390,ground,named ground ball,21.425,8.075,4,,0.27,U1,U1:R16,"[3.575, 2.925]"
R17,DDR_DQA8,DDR_DQA11,DDR_DQA11,2,signal,01studio exact DDR join,20.775,8.075,3,"{""net"": ""DDR_DQA11"", ""soc_ball"": ""R17"", ""soc_actual_function"": ""DDR_DQA8"", ""dram_ball"": ""F11"", ""dram_actual_function"": ""DQ11_A"", ""sink_group"": ""A_BYTE1"", ""soc_package_trace_um"": ""4018.24"", ""guide_alias_hazard"": """", ""board_delay_ps"": ""UNROUTED"", ""dram_package_delay_ps"": ""UNAVAILABLE"", ""status"": ""SOURCE_JOINED_CONSTRAINT_INPUT_NOT_TIMING_PASS""}",0.27,U1,U1:R17,"[4.225, 2.925]"
R18,DDR_DQA10,DDR_DQA12,DDR_DQA12,2,signal,01studio exact DDR join,20.125,8.075,2,"{""net"": ""DDR_DQA12"", ""soc_ball"": ""R18"", ""soc_actual_function"": ""DDR_DQA10"", ""dram_ball"": ""F9"", ""dram_actual_function"": ""DQ12_A"", ""sink_group"": ""A_BYTE1"", ""soc_package_trace_um"": ""4540.62"", ""guide_alias_hazard"": """", ""board_delay_ps"": ""UNROUTED"", ""dram_package_delay_ps"": ""UNAVAILABLE"", ""status"": ""SOURCE_JOINED_CONSTRAINT_INPUT_NOT_TIMING_PASS""}",0.27,U1,U1:R18,"[4.875, 2.925]"
R19,DDR_CLKAP,DDR_CLKA_P,DDR_CLKA_P,2,signal,01studio exact DDR join,19.475,8.075,1,"{""net"": ""DDR_CLKA_P"", ""soc_ball"": ""R19"", ""soc_actual_function"": ""DDR_CLKAP"", ""dram_ball"": ""J8"", ""dram_actual_function"": ""CK_t_A"", ""sink_group"": ""A_ADDRESS_COMMAND"", ""soc_package_trace_um"": ""6252.24"", ""guide_alias_hazard"": """", ""board_delay_ps"": ""UNROUTED"", ""dram_package_delay_ps"": ""UNAVAILABLE"", ""status"": ""SOURCE_JOINED_CONSTRAINT_INPUT_NOT_TIMING_PASS""}",0.27,U1,U1:R19,"[5.525, 2.925]"
R20,DDR_CLKAN,DDR_CLKA_N,DDR_CLKA_N,2,signal,01studio exact DDR join,18.825,8.075,0,"{""net"": ""DDR_CLKA_N"", ""soc_ball"": ""R20"", ""soc_actual_function"": ""DDR_CLKAN"", ""dram_ball"": ""J9"", ""dram_actual_function"": ""CK_c_A"", ""sink_group"": ""A_ADDRESS_COMMAND"", ""soc_package_trace_um"": ""6050.13"", ""guide_alias_hazard"": """", ""board_delay_ps"": ""UNROUTED"", ""dram_package_delay_ps"": ""UNAVAILABLE"", ""status"": ""SOURCE_JOINED_CONSTRAINT_INPUT_NOT_TIMING_PASS""}",0.27,U1,U1:R20,"[6.175, 2.925]"
T1,MIPI_RX2_D4_N,CSI2_D4_N,CSI2_D4_N,2,signal,module-name correspondence CANDIDATE,31.175,7.425,0,,0.27,U1,U1:T1,"[-6.175, 3.575]"
T2,MIPI_RX2_D4_P,CSI2_D4_P,CSI2_D4_P,2,signal,module-name correspondence CANDIDATE,30.525,7.425,1,,0.27,U1,U1:T2,"[-5.525, 3.575]"
T3,VSS,GND,GND,390,ground,named ground ball,29.875,7.425,2,,0.27,U1,U1:T3,"[-4.875, 3.575]"
T7,VSS,GND,GND,390,ground,named ground ball,27.275,7.425,4,,0.27,U1,U1:T7,"[-2.275, 3.575]"
T8,VSS,GND,GND,390,ground,named ground ball,26.625,7.425,4,,0.27,U1,U1:T8,"[-1.625, 3.575]"
T9,VSS,GND,GND,390,ground,named ground ball,25.975,7.425,4,,0.27,U1,U1:T9,"[-0.975, 3.575]"
T10,GPIO36/IIC3_SCL/IIS_D_IN1/PDM_IN2/UART4_TXD,BANK2_GPIO36,BANK2_GPIO36,2,signal,module-name correspondence CANDIDATE,25.325,7.425,4,,0.27,U1,U1:T10,"[-0.325, 3.575]"
T11,GPIO33/IIC0_SDA/IIS_WS/UART3_RXD,BANK2_GPIO33,BANK2_GPIO33,2,signal,module-name correspondence CANDIDATE,24.675,7.425,4,,0.27,U1,U1:T11,"[0.325, 3.575]"
T12,GPIO13/M_CLK1,BANK0_GPIO13,BANK0_GPIO13,2,signal,module-name correspondence CANDIDATE,24.025,7.425,4,,0.27,U1,U1:T12,"[0.975, 3.575]"
T13,GPIO9/PWM4/UART1_TXD/IIC1_SCL,BANK0_GPIO9,BANK0_GPIO9,2,signal,module-name correspondence CANDIDATE,23.375,7.425,4,,0.27,U1,U1:T13,"[1.625, 3.575]"
T14,GPIO62/M_CLK2/UART3_DE,BANK5_IO62,BANK5_IO62,2,signal,module-name correspondence CANDIDATE,22.725,7.425,4,,0.27,U1,U1:T14,"[2.275, 3.575]"
T15,VSS,GND,GND,390,ground,named ground ball,22.075,7.425,4,,0.27,U1,U1:T15,"[2.925, 3.575]"
T16,DDR_DQA1,DDR_DQA3,DDR_DQA3,2,signal,01studio exact DDR join,21.425,7.425,4,"{""net"": ""DDR_DQA3"", ""soc_ball"": ""T16"", ""soc_actual_function"": ""DDR_DQA1"", ""dram_ball"": ""F2"", ""dram_actual_function"": ""DQ3_A"", ""sink_group"": ""A_BYTE0"", ""soc_package_trace_um"": ""3576.39"", ""guide_alias_hazard"": """", ""board_delay_ps"": ""UNROUTED"", ""dram_package_delay_ps"": ""UNAVAILABLE"", ""status"": ""SOURCE_JOINED_CONSTRAINT_INPUT_NOT_TIMING_PASS""}",0.27,U1,U1:T16,"[3.575, 3.575]"
T17,DDR_DQA15,DDR_DQA9,DDR_DQA9,2,signal,01studio exact DDR join,20.775,7.425,3,"{""net"": ""DDR_DQA9"", ""soc_ball"": ""T17"", ""soc_actual_function"": ""DDR_DQA15"", ""dram_ball"": ""C11"", ""dram_actual_function"": ""DQ9_A"", ""sink_group"": ""A_BYTE1"", ""soc_package_trace_um"": ""4492.07"", ""guide_alias_hazard"": """", ""board_delay_ps"": ""UNROUTED"", ""dram_package_delay_ps"": ""UNAVAILABLE"", ""status"": ""SOURCE_JOINED_CONSTRAINT_INPUT_NOT_TIMING_PASS""}",0.27,U1,U1:T17,"[4.225, 3.575]"
T18,DDR_DQA9,DDR_DQA13,DDR_DQA13,2,signal,01studio exact DDR join,20.125,7.425,2,"{""net"": ""DDR_DQA13"", ""soc_ball"": ""T18"", ""soc_actual_function"": ""DDR_DQA9"", ""dram_ball"": ""E9"", ""dram_actual_function"": ""DQ13_A"", ""sink_group"": ""A_BYTE1"", ""soc_package_trace_um"": ""5760.1"", ""guide_alias_hazard"": """", ""board_delay_ps"": ""UNROUTED"", ""dram_package_delay_ps"": ""UNAVAILABLE"", ""status"": ""SOURCE_JOINED_CONSTRAINT_INPUT_NOT_TIMING_PASS""}",0.27,U1,U1:T18,"[4.875, 3.575]"
T19,DDR_CSA1,,unconnected-(U1F-DDR_CSA1-PadT19),1,unused,REFERENCE_SINGLE_RANK_UNUSED_OUTPUT,19.475,7.425,1,,0.27,U1,U1:T19,"[5.525, 3.575]"
T20,DDR_CSA0,DDR_CSA0,DDR_CSA0,2,signal,01studio exact DDR join,18.825,7.425,0,"{""net"": ""DDR_CSA0"", ""soc_ball"": ""T20"", ""soc_actual_function"": ""DDR_CSA0"", ""dram_ball"": ""H4"", ""dram_actual_function"": ""CS0_A"", ""sink_group"": ""A_ADDRESS_COMMAND"", ""soc_package_trace_um"": ""5839.03"", ""guide_alias_hazard"": """", ""board_delay_ps"": ""UNROUTED"", ""dram_package_delay_ps"": ""UNAVAILABLE"", ""status"": ""SOURCE_JOINED_CONSTRAINT_INPUT_NOT_TIMING_PASS""}",0.27,U1,U1:T20,"[6.175, 3.575]"
U1,MIPI_RX2_D5_P,CSI2_D5_P,CSI2_D5_P,2,signal,module-name correspondence CANDIDATE,31.175,6.775,0,,0.27,U1,U1:U1,"[-6.175, 4.225]"
U2,MIPI_RX2_D5_N,CSI2_D5_N,CSI2_D5_N,2,signal,module-name correspondence CANDIDATE,30.525,6.775,1,,0.27,U1,U1:U2,"[-5.525, 4.225]"
U3,VSS,GND,GND,390,ground,named ground ball,29.875,6.775,2,,0.27,U1,U1:U3,"[-4.875, 4.225]"
U6,MIPI_ATB,,unconnected-(U1H-MIPI_ATB-PadU6),1,unused,GUIDE_EXPLICIT_MIPI_ATB_FLOAT,27.925,6.775,3,,0.27,U1,U1:U6,"[-2.925, 4.225]"
U7,MIPI_REXT,MIPI_REXT,MIPI_REXT,2,signal,parent verified 01studio bias source,27.275,6.775,3,,0.27,U1,U1:U7,"[-2.275, 4.225]"
U8,VSS,GND,GND,390,ground,named ground ball,26.625,6.775,3,,0.27,U1,U1:U8,"[-1.625, 4.225]"
U9,GPIO34/IIC1_SCL/IIS_D_IN0/PDM_IN3/UART3_RTS,BANK2_GPIO34,BANK2_GPIO34,2,signal,module-name correspondence CANDIDATE,25.975,6.775,3,,0.27,U1,U1:U9,"[-0.975, 4.225]"
U10,GPIO32/IIC0_SCL/IIS_CLK/UART3_TXD,BANK2_GPIO32,BANK2_GPIO32,2,signal,module-name correspondence CANDIDATE,25.325,6.775,3,,0.27,U1,U1:U10,"[-0.325, 4.225]"
U11,GPIO26/MMC1_CLK/PDM_CLK,BANK2_GPIO26,BANK2_GPIO26,2,signal,module-name correspondence CANDIDATE,24.675,6.775,3,,0.27,U1,U1:U11,"[0.325, 4.225]"
U12,GPIO8/PWM3/IIC4_SDA,BANK0_GPIO8,BANK0_GPIO8,2,signal,module-name correspondence CANDIDATE,24.025,6.775,3,,0.27,U1,U1:U12,"[0.975, 4.225]"
U13,GPIO10/3D_CTRL_IN/UART1_RXD/IIC1_SDA,BANK0_GPIO10,BANK0_GPIO10,2,signal,module-name correspondence CANDIDATE,23.375,6.775,3,,0.27,U1,U1:U13,"[1.625, 4.225]"
U14,GPIO5/JTAG_TMS/PULSE_CNTR3/UART2_TXD,BANK0_GPIO5,BANK0_GPIO5,2,signal,module-name correspondence CANDIDATE,22.725,6.775,3,,0.27,U1,U1:U14,"[2.275, 4.225]"
U15,GPIO63/M_CLK3/UART3_RE,BANK5_IO63,BANK5_IO63,2,signal,module-name correspondence CANDIDATE,22.075,6.775,3,,0.27,U1,U1:U15,"[2.925, 4.225]"
U16,DDR_DQA0,DDR_DQA4,DDR_DQA4,2,signal,01studio exact DDR join,21.425,6.775,3,"{""net"": ""DDR_DQA4"", ""soc_ball"": ""U16"", ""soc_actual_function"": ""DDR_DQA0"", ""dram_ball"": ""F4"", ""dram_actual_function"": ""DQ4_A"", ""sink_group"": ""A_BYTE0"", ""soc_package_trace_um"": ""3132.83"", ""guide_alias_hazard"": """", ""board_delay_ps"": ""UNROUTED"", ""dram_package_delay_ps"": ""UNAVAILABLE"", ""status"": ""SOURCE_JOINED_CONSTRAINT_INPUT_NOT_TIMING_PASS""}",0.27,U1,U1:U16,"[3.575, 4.225]"
U17,DDR_DQA7,DDR_DQA2,DDR_DQA2,2,signal,01studio exact DDR join,20.775,6.775,3,"{""net"": ""DDR_DQA2"", ""soc_ball"": ""U17"", ""soc_actual_function"": ""DDR_DQA7"", ""dram_ball"": ""E2"", ""dram_actual_function"": ""DQ2_A"", ""sink_group"": ""A_BYTE0"", ""soc_package_trace_um"": ""4829.45"", ""guide_alias_hazard"": """", ""board_delay_ps"": ""UNROUTED"", ""dram_package_delay_ps"": ""UNAVAILABLE"", ""status"": ""SOURCE_JOINED_CONSTRAINT_INPUT_NOT_TIMING_PASS""}",0.27,U1,U1:U17,"[4.225, 4.225]"
U18,DDR_DQA13,DDR_DQA14,DDR_DQA14,2,signal,01studio exact DDR join,20.125,6.775,2,"{""net"": ""DDR_DQA14"", ""soc_ball"": ""U18"", ""soc_actual_function"": ""DDR_DQA13"", ""dram_ball"": ""C9"", ""dram_actual_function"": ""DQ14_A"", ""sink_group"": ""A_BYTE1"", ""soc_package_trace_um"": ""4908.14"", ""guide_alias_hazard"": """", ""board_delay_ps"": ""UNROUTED"", ""dram_package_delay_ps"": ""UNAVAILABLE"", ""status"": ""SOURCE_JOINED_CONSTRAINT_INPUT_NOT_TIMING_PASS""}",0.27,U1,U1:U18,"[4.875, 4.225]"
U19,VSS,GND,GND,390,ground,named ground ball,19.475,6.775,1,,0.27,U1,U1:U19,"[5.525, 4.225]"
U20,DDR_DQA11,DDR_DQA15,DDR_DQA15,2,signal,01studio exact DDR join,18.825,6.775,0,"{""net"": ""DDR_DQA15"", ""soc_ball"": ""U20"", ""soc_actual_function"": ""DDR_DQA11"", ""dram_ball"": ""B9"", ""dram_actual_function"": ""DQ15_A"", ""sink_group"": ""A_BYTE1"", ""soc_package_trace_um"": ""5625.11"", ""guide_alias_hazard"": """", ""board_delay_ps"": ""UNROUTED"", ""dram_package_delay_ps"": ""UNAVAILABLE"", ""status"": ""SOURCE_JOINED_CONSTRAINT_INPUT_NOT_TIMING_PASS""}",0.27,U1,U1:U20,"[6.175, 4.225]"
V1,MIPI_RX0_D1_N,CSI0_D1_N,CSI0_D1_N,2,signal,module-name correspondence CANDIDATE,31.175,6.125,0,,0.27,U1,U1:V1,"[-6.175, 4.875]"
V2,MIPI_RX0_D1_P,CSI0_D1_P,CSI0_D1_P,2,signal,module-name correspondence CANDIDATE,30.525,6.125,1,,0.27,U1,U1:V2,"[-5.525, 4.875]"
V3,VSS,GND,GND,390,ground,named ground ball,29.875,6.125,2,,0.27,U1,U1:V3,"[-4.875, 4.875]"
V4,VSS,GND,GND,390,ground,named ground ball,29.225,6.125,2,,0.27,U1,U1:V4,"[-4.225, 4.875]"
V5,VSS,GND,GND,390,ground,named ground ball,28.575,6.125,2,,0.27,U1,U1:V5,"[-3.575, 4.875]"
V6,VSS,GND,GND,390,ground,named ground ball,27.925,6.125,2,,0.27,U1,U1:V6,"[-2.925, 4.875]"
V7,VSS,GND,GND,390,ground,named ground ball,27.275,6.125,2,,0.27,U1,U1:V7,"[-2.275, 4.875]"
V8,VSS,GND,GND,390,ground,named ground ball,26.625,6.125,2,,0.27,U1,U1:V8,"[-1.625, 4.875]"
V9,GPIO31/MMC1_D3/UART3_CTS/3D_CTRL_OUT2,BANK2_GPIO31,BANK2_GPIO31,2,signal,module-name correspondence CANDIDATE,25.975,6.125,2,,0.27,U1,U1:V9,"[-0.975, 4.875]"
V10,GPIO30/MMC1_D2/UART3_RTS/3D_CTRL_OUT1,BANK2_GPIO30,BANK2_GPIO30,2,signal,module-name correspondence CANDIDATE,25.325,6.125,2,,0.27,U1,U1:V10,"[-0.325, 4.875]"
V11,GPIO29/MMC1_D1/UART3_RXD/3D_CTRL_IN,BANK2_GPIO29,BANK2_GPIO29,2,signal,module-name correspondence CANDIDATE,24.675,6.125,2,,0.27,U1,U1:V11,"[0.325, 4.875]"
V12,GPIO28/MMC1_D0/UART3_TXD/PDM_IN1,BANK2_GPIO28,BANK2_GPIO28,2,signal,module-name correspondence CANDIDATE,24.025,6.125,2,,0.27,U1,U1:V12,"[0.975, 4.875]"
V13,GPIO12/3D_CTRL_OUT2/UART2_RXD/IIC2_SDA,BANK0_GPIO12,BANK0_GPIO12,2,signal,module-name correspondence CANDIDATE,23.375,6.125,2,,0.27,U1,U1:V13,"[1.625, 4.875]"
V14,GPIO6/JTAG_RST/PULSE_CNTR4/UART2_RXD,BANK0_GPIO6,BANK0_GPIO6,2,signal,module-name correspondence CANDIDATE,22.725,6.125,2,,0.27,U1,U1:V14,"[2.275, 4.875]"
V15,GPIO3/JTAG_TDI/PULSE_CNTR1/UART1_TXD,BANK0_GPIO3,BANK0_GPIO3,2,signal,module-name correspondence CANDIDATE,22.075,6.125,2,,0.27,U1,U1:V15,"[2.925, 4.875]"
V16,DDR_DQA2,DDR_DQA1,DDR_DQA1,2,signal,01studio exact DDR join,21.425,6.125,2,"{""net"": ""DDR_DQA1"", ""soc_ball"": ""V16"", ""soc_actual_function"": ""DDR_DQA2"", ""dram_ball"": ""C2"", ""dram_actual_function"": ""DQ1_A"", ""sink_group"": ""A_BYTE0"", ""soc_package_trace_um"": ""4311.64"", ""guide_alias_hazard"": """", ""board_delay_ps"": ""UNROUTED"", ""dram_package_delay_ps"": ""UNAVAILABLE"", ""status"": ""SOURCE_JOINED_CONSTRAINT_INPUT_NOT_TIMING_PASS""}",0.27,U1,U1:V16,"[3.575, 4.875]"
V17,DDR_DMIA0,DDR_DMIA0,DDR_DMIA0,2,signal,01studio exact DDR join,20.775,6.125,2,"{""net"": ""DDR_DMIA0"", ""soc_ball"": ""V17"", ""soc_actual_function"": ""DDR_DMIA0"", ""dram_ball"": ""C3"", ""dram_actual_function"": ""DMI0_A"", ""sink_group"": ""A_BYTE0"", ""soc_package_trace_um"": ""4110.44"", ""guide_alias_hazard"": """", ""board_delay_ps"": ""UNROUTED"", ""dram_package_delay_ps"": ""UNAVAILABLE"", ""status"": ""SOURCE_JOINED_CONSTRAINT_INPUT_NOT_TIMING_PASS""}",0.27,U1,U1:V17,"[4.225, 4.875]"
V18,DDR_DQA5,DDR_DQA5,DDR_DQA5,2,signal,01studio exact DDR join,20.125,6.125,2,"{""net"": ""DDR_DQA5"", ""soc_ball"": ""V18"", ""soc_actual_function"": ""DDR_DQA5"", ""dram_ball"": ""E4"", ""dram_actual_function"": ""DQ5_A"", ""sink_group"": ""A_BYTE0"", ""soc_package_trace_um"": ""5047.5"", ""guide_alias_hazard"": """", ""board_delay_ps"": ""UNROUTED"", ""dram_package_delay_ps"": ""UNAVAILABLE"", ""status"": ""SOURCE_JOINED_CONSTRAINT_INPUT_NOT_TIMING_PASS""}",0.27,U1,U1:V18,"[4.875, 4.875]"
V19,DDR_DQSA1N,DDR_DQSA1_N,DDR_DQSA1_N,2,signal,01studio exact DDR join,19.475,6.125,1,"{""net"": ""DDR_DQSA1_N"", ""soc_ball"": ""V19"", ""soc_actual_function"": ""DDR_DQSA1N"", ""dram_ball"": ""E10"", ""dram_actual_function"": ""DQS1_c_A"", ""sink_group"": ""A_BYTE1"", ""soc_package_trace_um"": ""6768.98"", ""guide_alias_hazard"": """", ""board_delay_ps"": ""UNROUTED"", ""dram_package_delay_ps"": ""UNAVAILABLE"", ""status"": ""SOURCE_JOINED_CONSTRAINT_INPUT_NOT_TIMING_PASS""}",0.27,U1,U1:V19,"[5.525, 4.875]"
V20,DDR_DQSA1P,DDR_DQSA1_P,DDR_DQSA1_P,2,signal,01studio exact DDR join,18.825,6.125,0,"{""net"": ""DDR_DQSA1_P"", ""soc_ball"": ""V20"", ""soc_actual_function"": ""DDR_DQSA1P"", ""dram_ball"": ""D10"", ""dram_actual_function"": ""DQS1_t_A"", ""sink_group"": ""A_BYTE1"", ""soc_package_trace_um"": ""7005.11"", ""guide_alias_hazard"": """", ""board_delay_ps"": ""UNROUTED"", ""dram_package_delay_ps"": ""UNAVAILABLE"", ""status"": ""SOURCE_JOINED_CONSTRAINT_INPUT_NOT_TIMING_PASS""}",0.27,U1,U1:V20,"[6.175, 4.875]"
W1,VSS,GND,GND,390,ground,named ground ball,31.175,5.475,0,,0.27,U1,U1:W1,"[-6.175, 5.525]"
W2,MIPI_RX0_CLK_P,CSI0_CLK_P,CSI0_CLK_P,2,signal,module-name correspondence CANDIDATE,30.525,5.475,1,,0.27,U1,U1:W2,"[-5.525, 5.525]"
W3,MIPI_RX0_D0_N,CSI0_D0_N,CSI0_D0_N,2,signal,module-name correspondence CANDIDATE,29.875,5.475,1,,0.27,U1,U1:W3,"[-4.875, 5.525]"
W4,MIPI_RX1_D2_P,CSI1_D2_P,CSI1_D2_P,2,signal,module-name correspondence CANDIDATE,29.225,5.475,1,,0.27,U1,U1:W4,"[-4.225, 5.525]"
W5,MIPI_RX1_CLK_N,CSI1_CLK_N,CSI1_CLK_N,2,signal,module-name correspondence CANDIDATE,28.575,5.475,1,,0.27,U1,U1:W5,"[-3.575, 5.525]"
W6,MIPI_RX1_D3_N,CSI1_D3_N,CSI1_D3_N,2,signal,module-name correspondence CANDIDATE,27.925,5.475,1,,0.27,U1,U1:W6,"[-2.925, 5.525]"
W7,MIPI_TX1_D3_N,DSI_D3_N,DSI_D3_N,2,signal,module-name correspondence CANDIDATE,27.275,5.475,1,,0.27,U1,U1:W7,"[-2.275, 5.525]"
W8,MIPI_TX1_D2_P,DSI_D2_P,DSI_D2_P,2,signal,module-name correspondence CANDIDATE,26.625,5.475,1,,0.27,U1,U1:W8,"[-1.625, 5.525]"
W9,MIPI_TX0_CLK_N,DSI_CLK_N,DSI_CLK_N,2,signal,module-name correspondence CANDIDATE,25.975,5.475,1,,0.27,U1,U1:W9,"[-0.975, 5.525]"
W10,MIPI_TX0_D0_P,DSI_D0_P,DSI_D0_P,2,signal,module-name correspondence CANDIDATE,25.325,5.475,1,,0.27,U1,U1:W10,"[-0.325, 5.525]"
W11,MIPI_TX0_D1_N,DSI_D1_N,DSI_D1_N,2,signal,module-name correspondence CANDIDATE,24.675,5.475,1,,0.27,U1,U1:W11,"[0.325, 5.525]"
W12,GPIO35/IIC1_SDA/IIS_D_OUT0/PDM_IN1/UART3_CTS,BANK2_GPIO35,BANK2_GPIO35,2,signal,module-name correspondence CANDIDATE,24.025,5.475,1,,0.27,U1,U1:W12,"[0.975, 5.525]"
W13,GPIO27/MMC1_CMD/PULSE_CNTR5/PDM_IN0,BANK2_GPIO27,BANK2_GPIO27,2,signal,module-name correspondence CANDIDATE,23.375,5.475,1,,0.27,U1,U1:W13,"[1.625, 5.525]"
W14,GPIO7/PWM2/IIC4_SCL,BANK0_GPIO7,BANK0_GPIO7,2,signal,module-name correspondence CANDIDATE,22.725,5.475,1,,0.27,U1,U1:W14,"[2.275, 5.525]"
W15,GPIO2/JTAG_TCK/PULSE_CNTR0,BANK0_GPIO2,BANK0_GPIO2,2,signal,module-name correspondence CANDIDATE,22.075,5.475,1,,0.27,U1,U1:W15,"[2.925, 5.525]"
W16,VSS,GND,GND,390,ground,named ground ball,21.425,5.475,1,,0.27,U1,U1:W16,"[3.575, 5.525]"
W17,DDR_DQSA0P,DDR_DQSA0_P,DDR_DQSA0_P,2,signal,01studio exact DDR join,20.775,5.475,1,"{""net"": ""DDR_DQSA0_P"", ""soc_ball"": ""W17"", ""soc_actual_function"": ""DDR_DQSA0P"", ""dram_ball"": ""D3"", ""dram_actual_function"": ""DQS0_t_A"", ""sink_group"": ""A_BYTE0"", ""soc_package_trace_um"": ""6342.48"", ""guide_alias_hazard"": """", ""board_delay_ps"": ""UNROUTED"", ""dram_package_delay_ps"": ""UNAVAILABLE"", ""status"": ""SOURCE_JOINED_CONSTRAINT_INPUT_NOT_TIMING_PASS""}",0.27,U1,U1:W17,"[4.225, 5.525]"
W18,DDR_DQA4,DDR_DQA6,DDR_DQA6,2,signal,01studio exact DDR join,20.125,5.475,1,"{""net"": ""DDR_DQA6"", ""soc_ball"": ""W18"", ""soc_actual_function"": ""DDR_DQA4"", ""dram_ball"": ""C4"", ""dram_actual_function"": ""DQ6_A"", ""sink_group"": ""A_BYTE0"", ""soc_package_trace_um"": ""5267.44"", ""guide_alias_hazard"": """", ""board_delay_ps"": ""UNROUTED"", ""dram_package_delay_ps"": ""UNAVAILABLE"", ""status"": ""SOURCE_JOINED_CONSTRAINT_INPUT_NOT_TIMING_PASS""}",0.27,U1,U1:W18,"[4.875, 5.525]"
W19,DDR_DQA12,DDR_DQA8,DDR_DQA8,2,signal,01studio exact DDR join,19.475,5.475,1,"{""net"": ""DDR_DQA8"", ""soc_ball"": ""W19"", ""soc_actual_function"": ""DDR_DQA12"", ""dram_ball"": ""B11"", ""dram_actual_function"": ""DQ8_A"", ""sink_group"": ""A_BYTE1"", ""soc_package_trace_um"": ""6897.92"", ""guide_alias_hazard"": """", ""board_delay_ps"": ""UNROUTED"", ""dram_package_delay_ps"": ""UNAVAILABLE"", ""status"": ""SOURCE_JOINED_CONSTRAINT_INPUT_NOT_TIMING_PASS""}",0.27,U1,U1:W19,"[5.525, 5.525]"
W20,VSS,GND,GND,390,ground,named ground ball,18.825,5.475,0,,0.27,U1,U1:W20,"[6.175, 5.525]"
Y1,NC,,unconnected-(U1J-NC-PadY1),1,unused,MANUFACTURER_NC_DNU_MUST_REMAIN_OPEN,31.175,4.825,0,,0.27,U1,U1:Y1,"[-6.175, 6.175]"
Y2,MIPI_RX0_CLK_N,CSI0_CLK_N,CSI0_CLK_N,2,signal,module-name correspondence CANDIDATE,30.525,4.825,0,,0.27,U1,U1:Y2,"[-5.525, 6.175]"
Y3,MIPI_RX0_D0_P,CSI0_D0_P,CSI0_D0_P,2,signal,module-name correspondence CANDIDATE,29.875,4.825,0,,0.27,U1,U1:Y3,"[-4.875, 6.175]"
Y4,MIPI_RX1_D2_N,CSI1_D2_N,CSI1_D2_N,2,signal,module-name correspondence CANDIDATE,29.225,4.825,0,,0.27,U1,U1:Y4,"[-4.225, 6.175]"
Y5,MIPI_RX1_CLK_P,CSI1_CLK_P,CSI1_CLK_P,2,signal,module-name correspondence CANDIDATE,28.575,4.825,0,,0.27,U1,U1:Y5,"[-3.575, 6.175]"
Y6,MIPI_RX1_D3_P,CSI1_D3_P,CSI1_D3_P,2,signal,module-name correspondence CANDIDATE,27.925,4.825,0,,0.27,U1,U1:Y6,"[-2.925, 6.175]"
Y7,MIPI_TX1_D3_P,DSI_D3_P,DSI_D3_P,2,signal,module-name correspondence CANDIDATE,27.275,4.825,0,,0.27,U1,U1:Y7,"[-2.275, 6.175]"
Y8,MIPI_TX1_D2_N,DSI_D2_N,DSI_D2_N,2,signal,module-name correspondence CANDIDATE,26.625,4.825,0,,0.27,U1,U1:Y8,"[-1.625, 6.175]"
Y9,MIPI_TX0_CLK_P,DSI_CLK_P,DSI_CLK_P,2,signal,module-name correspondence CANDIDATE,25.975,4.825,0,,0.27,U1,U1:Y9,"[-0.975, 6.175]"
Y10,MIPI_TX0_D0_N,DSI_D0_N,DSI_D0_N,2,signal,module-name correspondence CANDIDATE,25.325,4.825,0,,0.27,U1,U1:Y10,"[-0.325, 6.175]"
Y11,MIPI_TX0_D1_P,DSI_D1_P,DSI_D1_P,2,signal,module-name correspondence CANDIDATE,24.675,4.825,0,,0.27,U1,U1:Y11,"[0.325, 6.175]"
Y12,GPIO37/IIC3_SDA/IIS_D_OUT1/PDM_IN0/UART4_RXD,BANK2_GPIO37,BANK2_GPIO37,2,signal,module-name correspondence CANDIDATE,24.025,4.825,0,,0.27,U1,U1:Y12,"[0.975, 6.175]"
Y13,VSS,GND,GND,390,ground,named ground ball,23.375,4.825,0,,0.27,U1,U1:Y13,"[1.625, 6.175]"
Y14,GPIO11/3D_CTRL_OUT1/UART2_TXD/IIC2_SCL,BANK0_GPIO11,BANK0_GPIO11,2,signal,module-name correspondence CANDIDATE,22.725,4.825,0,,0.27,U1,U1:Y14,"[2.275, 6.175]"
Y15,GPIO4/JTAG_TDO/PULSE_CNTR2/UART1_RXD,BANK0_GPIO4,BANK0_GPIO4,2,signal,module-name correspondence CANDIDATE,22.075,4.825,0,,0.27,U1,U1:Y15,"[2.925, 6.175]"
Y16,DDR_DQA3,DDR_DQA0,DDR_DQA0,2,signal,01studio exact DDR join,21.425,4.825,0,"{""net"": ""DDR_DQA0"", ""soc_ball"": ""Y16"", ""soc_actual_function"": ""DDR_DQA3"", ""dram_ball"": ""B2"", ""dram_actual_function"": ""DQ0_A"", ""sink_group"": ""A_BYTE0"", ""soc_package_trace_um"": ""5846.86"", ""guide_alias_hazard"": """", ""board_delay_ps"": ""UNROUTED"", ""dram_package_delay_ps"": ""UNAVAILABLE"", ""status"": ""SOURCE_JOINED_CONSTRAINT_INPUT_NOT_TIMING_PASS""}",0.27,U1,U1:Y16,"[3.575, 6.175]"
Y17,DDR_DQSA0N,DDR_DQSA0_N,DDR_DQSA0_N,2,signal,01studio exact DDR join,20.775,4.825,0,"{""net"": ""DDR_DQSA0_N"", ""soc_ball"": ""Y17"", ""soc_actual_function"": ""DDR_DQSA0N"", ""dram_ball"": ""E3"", ""dram_actual_function"": ""DQS0_c_A"", ""sink_group"": ""A_BYTE0"", ""soc_package_trace_um"": ""6135.17"", ""guide_alias_hazard"": """", ""board_delay_ps"": ""UNROUTED"", ""dram_package_delay_ps"": ""UNAVAILABLE"", ""status"": ""SOURCE_JOINED_CONSTRAINT_INPUT_NOT_TIMING_PASS""}",0.27,U1,U1:Y17,"[4.225, 6.175]"
Y18,DDR_DQA6,DDR_DQA7,DDR_DQA7,2,signal,01studio exact DDR join,20.125,4.825,0,"{""net"": ""DDR_DQA7"", ""soc_ball"": ""Y18"", ""soc_actual_function"": ""DDR_DQA6"", ""dram_ball"": ""B4"", ""dram_actual_function"": ""DQ7_A"", ""sink_group"": ""A_BYTE0"", ""soc_package_trace_um"": ""6467.43"", ""guide_alias_hazard"": """", ""board_delay_ps"": ""UNROUTED"", ""dram_package_delay_ps"": ""UNAVAILABLE"", ""status"": ""SOURCE_JOINED_CONSTRAINT_INPUT_NOT_TIMING_PASS""}",0.27,U1,U1:Y18,"[4.875, 6.175]"
Y19,VSS,GND,GND,390,ground,named ground ball,19.475,4.825,0,,0.27,U1,U1:Y19,"[5.525, 6.175]"
Y20,NC,,unconnected-(U1J-NC-PadY20),1,unused,MANUFACTURER_NC_DNU_MUST_REMAIN_OPEN,18.825,4.825,0,,0.27,U1,U1:Y20,"[6.175, 6.175]"
A1,DNU,,unconnected-(U2A-DNU-PadA1),1,unused,,7.0,4.175,,,0.3,U2,U2:A1,"[-4.4, -6.825]"
A2,DNU,,unconnected-(U2A-DNU-PadA2),1,unused,,7.8,4.175,,,0.3,U2,U2:A2,"[-3.6, -6.825]"
A3,VSS,GND,GND,390,ground,,8.6,4.175,,,0.3,U2,U2:A3,"[-2.8, -6.825]"
A4,VDD2,VDD1P1_DDR_IO,VDD1P1_DDR_IO,86,power,,9.4,4.175,,,0.3,U2,U2:A4,"[-2.0, -6.825]"
A5,ZQ0,LPDDR4_ZQ,LPDDR4_ZQ,2,local_bias,,10.2,4.175,,,0.3,U2,U2:A5,"[-1.2, -6.825]"
A8,NC,,unconnected-(U2A-NC-PadA8),1,unused,,12.6,4.175,,,0.3,U2,U2:A8,"[1.2, -6.825]"
A9,VDD2,VDD1P1_DDR_IO,VDD1P1_DDR_IO,86,power,,13.4,4.175,,,0.3,U2,U2:A9,"[2.0, -6.825]"
A10,VSS,GND,GND,390,ground,,14.2,4.175,,,0.3,U2,U2:A10,"[2.8, -6.825]"
A11,DNU,,unconnected-(U2A-DNU-PadA11),1,unused,,15.0,4.175,,,0.3,U2,U2:A11,"[3.6, -6.825]"
A12,DNU,,unconnected-(U2A-DNU-PadA12),1,unused,,15.8,4.175,,,0.3,U2,U2:A12,"[4.4, -6.825]"
B1,DNU,,unconnected-(U2A-DNU-PadB1),1,unused,,7.0,4.825,,,0.3,U2,U2:B1,"[-4.4, -6.175]"
B2,DQ0_A,DDR_DQA0,DDR_DQA0,2,signal,,7.8,4.825,,"{""net"": ""DDR_DQA0"", ""soc_ball"": ""Y16"", ""soc_actual_function"": ""DDR_DQA3"", ""dram_ball"": ""B2"", ""dram_actual_function"": ""DQ0_A"", ""sink_group"": ""A_BYTE0"", ""soc_package_trace_um"": ""5846.86"", ""guide_alias_hazard"": """", ""board_delay_ps"": ""UNROUTED"", ""dram_package_delay_ps"": ""UNAVAILABLE"", ""status"": ""SOURCE_JOINED_CONSTRAINT_INPUT_NOT_TIMING_PASS""}",0.3,U2,U2:B2,"[-3.6, -6.175]"
B3,VDDQ,VDD1P1_DDR_IO,VDD1P1_DDR_IO,86,power,,8.6,4.825,,,0.3,U2,U2:B3,"[-2.8, -6.175]"
B4,DQ7_A,DDR_DQA7,DDR_DQA7,2,signal,,9.4,4.825,,"{""net"": ""DDR_DQA7"", ""soc_ball"": ""Y18"", ""soc_actual_function"": ""DDR_DQA6"", ""dram_ball"": ""B4"", ""dram_actual_function"": ""DQ7_A"", ""sink_group"": ""A_BYTE0"", ""soc_package_trace_um"": ""6467.43"", ""guide_alias_hazard"": """", ""board_delay_ps"": ""UNROUTED"", ""dram_package_delay_ps"": ""UNAVAILABLE"", ""status"": ""SOURCE_JOINED_CONSTRAINT_INPUT_NOT_TIMING_PASS""}",0.3,U2,U2:B4,"[-2.0, -6.175]"
B5,VDDQ,VDD1P1_DDR_IO,VDD1P1_DDR_IO,86,power,,10.2,4.825,,,0.3,U2,U2:B5,"[-1.2, -6.175]"
B8,VDDQ,VDD1P1_DDR_IO,VDD1P1_DDR_IO,86,power,,12.6,4.825,,,0.3,U2,U2:B8,"[1.2, -6.175]"
B9,DQ15_A,DDR_DQA15,DDR_DQA15,2,signal,,13.4,4.825,,"{""net"": ""DDR_DQA15"", ""soc_ball"": ""U20"", ""soc_actual_function"": ""DDR_DQA11"", ""dram_ball"": ""B9"", ""dram_actual_function"": ""DQ15_A"", ""sink_group"": ""A_BYTE1"", ""soc_package_trace_um"": ""5625.11"", ""guide_alias_hazard"": """", ""board_delay_ps"": ""UNROUTED"", ""dram_package_delay_ps"": ""UNAVAILABLE"", ""status"": ""SOURCE_JOINED_CONSTRAINT_INPUT_NOT_TIMING_PASS""}",0.3,U2,U2:B9,"[2.0, -6.175]"
B10,VDDQ,VDD1P1_DDR_IO,VDD1P1_DDR_IO,86,power,,14.2,4.825,,,0.3,U2,U2:B10,"[2.8, -6.175]"
B11,DQ8_A,DDR_DQA8,DDR_DQA8,2,signal,,15.0,4.825,,"{""net"": ""DDR_DQA8"", ""soc_ball"": ""W19"", ""soc_actual_function"": ""DDR_DQA12"", ""dram_ball"": ""B11"", ""dram_actual_function"": ""DQ8_A"", ""sink_group"": ""A_BYTE1"", ""soc_package_trace_um"": ""6897.92"", ""guide_alias_hazard"": """", ""board_delay_ps"": ""UNROUTED"", ""dram_package_delay_ps"": ""UNAVAILABLE"", ""status"": ""SOURCE_JOINED_CONSTRAINT_INPUT_NOT_TIMING_PASS""}",0.3,U2,U2:B11,"[3.6, -6.175]"
B12,DNU,,unconnected-(U2A-DNU-PadB12),1,unused,,15.8,4.825,,,0.3,U2,U2:B12,"[4.4, -6.175]"
C1,VSS,GND,GND,390,ground,,7.0,5.475,,,0.3,U2,U2:C1,"[-4.4, -5.525]"
C2,DQ1_A,DDR_DQA1,DDR_DQA1,2,signal,,7.8,5.475,,"{""net"": ""DDR_DQA1"", ""soc_ball"": ""V16"", ""soc_actual_function"": ""DDR_DQA2"", ""dram_ball"": ""C2"", ""dram_actual_function"": ""DQ1_A"", ""sink_group"": ""A_BYTE0"", ""soc_package_trace_um"": ""4311.64"", ""guide_alias_hazard"": """", ""board_delay_ps"": ""UNROUTED"", ""dram_package_delay_ps"": ""UNAVAILABLE"", ""status"": ""SOURCE_JOINED_CONSTRAINT_INPUT_NOT_TIMING_PASS""}",0.3,U2,U2:C2,"[-3.6, -5.525]"
C3,DMI0_A,DDR_DMIA0,DDR_DMIA0,2,signal,,8.6,5.475,,"{""net"": ""DDR_DMIA0"", ""soc_ball"": ""V17"", ""soc_actual_function"": ""DDR_DMIA0"", ""dram_ball"": ""C3"", ""dram_actual_function"": ""DMI0_A"", ""sink_group"": ""A_BYTE0"", ""soc_package_trace_um"": ""4110.44"", ""guide_alias_hazard"": """", ""board_delay_ps"": ""UNROUTED"", ""dram_package_delay_ps"": ""UNAVAILABLE"", ""status"": ""SOURCE_JOINED_CONSTRAINT_INPUT_NOT_TIMING_PASS""}",0.3,U2,U2:C3,"[-2.8, -5.525]"
C4,DQ6_A,DDR_DQA6,DDR_DQA6,2,signal,,9.4,5.475,,"{""net"": ""DDR_DQA6"", ""soc_ball"": ""W18"", ""soc_actual_function"": ""DDR_DQA4"", ""dram_ball"": ""C4"", ""dram_actual_function"": ""DQ6_A"", ""sink_group"": ""A_BYTE0"", ""soc_package_trace_um"": ""5267.44"", ""guide_alias_hazard"": """", ""board_delay_ps"": ""UNROUTED"", ""dram_package_delay_ps"": ""UNAVAILABLE"", ""status"": ""SOURCE_JOINED_CONSTRAINT_INPUT_NOT_TIMING_PASS""}",0.3,U2,U2:C4,"[-2.0, -5.525]"
C5,VSS,GND,GND,390,ground,,10.2,5.475,,,0.3,U2,U2:C5,"[-1.2, -5.525]"
C8,VSS,GND,GND,390,ground,,12.6,5.475,,,0.3,U2,U2:C8,"[1.2, -5.525]"
C9,DQ14_A,DDR_DQA14,DDR_DQA14,2,signal,,13.4,5.475,,"{""net"": ""DDR_DQA14"", ""soc_ball"": ""U18"", ""soc_actual_function"": ""DDR_DQA13"", ""dram_ball"": ""C9"", ""dram_actual_function"": ""DQ14_A"", ""sink_group"": ""A_BYTE1"", ""soc_package_trace_um"": ""4908.14"", ""guide_alias_hazard"": """", ""board_delay_ps"": ""UNROUTED"", ""dram_package_delay_ps"": ""UNAVAILABLE"", ""status"": ""SOURCE_JOINED_CONSTRAINT_INPUT_NOT_TIMING_PASS""}",0.3,U2,U2:C9,"[2.0, -5.525]"
C10,DMI1_A,DDR_DMIA1,DDR_DMIA1,2,signal,,14.2,5.475,,"{""net"": ""DDR_DMIA1"", ""soc_ball"": ""P17"", ""soc_actual_function"": ""DDR_DMIA1"", ""dram_ball"": ""C10"", ""dram_actual_function"": ""DMI1_A"", ""sink_group"": ""A_BYTE1"", ""soc_package_trace_um"": ""4129.14"", ""guide_alias_hazard"": """", ""board_delay_ps"": ""UNROUTED"", ""dram_package_delay_ps"": ""UNAVAILABLE"", ""status"": ""SOURCE_JOINED_CONSTRAINT_INPUT_NOT_TIMING_PASS""}",0.3,U2,U2:C10,"[2.8, -5.525]"
C11,DQ9_A,DDR_DQA9,DDR_DQA9,2,signal,,15.0,5.475,,"{""net"": ""DDR_DQA9"", ""soc_ball"": ""T17"", ""soc_actual_function"": ""DDR_DQA15"", ""dram_ball"": ""C11"", ""dram_actual_function"": ""DQ9_A"", ""sink_group"": ""A_BYTE1"", ""soc_package_trace_um"": ""4492.07"", ""guide_alias_hazard"": """", ""board_delay_ps"": ""UNROUTED"", ""dram_package_delay_ps"": ""UNAVAILABLE"", ""status"": ""SOURCE_JOINED_CONSTRAINT_INPUT_NOT_TIMING_PASS""}",0.3,U2,U2:C11,"[3.6, -5.525]"
C12,VSS,GND,GND,390,ground,,15.8,5.475,,,0.3,U2,U2:C12,"[4.4, -5.525]"
D1,VDDQ,VDD1P1_DDR_IO,VDD1P1_DDR_IO,86,power,,7.0,6.125,,,0.3,U2,U2:D1,"[-4.4, -4.875]"
D2,VSS,GND,GND,390,ground,,7.8,6.125,,,0.3,U2,U2:D2,"[-3.6, -4.875]"
D3,DQS0_t_A,DDR_DQSA0_P,DDR_DQSA0_P,2,signal,,8.6,6.125,,"{""net"": ""DDR_DQSA0_P"", ""soc_ball"": ""W17"", ""soc_actual_function"": ""DDR_DQSA0P"", ""dram_ball"": ""D3"", ""dram_actual_function"": ""DQS0_t_A"", ""sink_group"": ""A_BYTE0"", ""soc_package_trace_um"": ""6342.48"", ""guide_alias_hazard"": """", ""board_delay_ps"": ""UNROUTED"", ""dram_package_delay_ps"": ""UNAVAILABLE"", ""status"": ""SOURCE_JOINED_CONSTRAINT_INPUT_NOT_TIMING_PASS""}",0.3,U2,U2:D3,"[-2.8, -4.875]"
D4,VSS,GND,GND,390,ground,,9.4,6.125,,,0.3,U2,U2:D4,"[-2.0, -4.875]"
D5,VDDQ,VDD1P1_DDR_IO,VDD1P1_DDR_IO,86,power,,10.2,6.125,,,0.3,U2,U2:D5,"[-1.2, -4.875]"
D8,VDDQ,VDD1P1_DDR_IO,VDD1P1_DDR_IO,86,power,,12.6,6.125,,,0.3,U2,U2:D8,"[1.2, -4.875]"
D9,VSS,GND,GND,390,ground,,13.4,6.125,,,0.3,U2,U2:D9,"[2.0, -4.875]"
D10,DQS1_t_A,DDR_DQSA1_P,DDR_DQSA1_P,2,signal,,14.2,6.125,,"{""net"": ""DDR_DQSA1_P"", ""soc_ball"": ""V20"", ""soc_actual_function"": ""DDR_DQSA1P"", ""dram_ball"": ""D10"", ""dram_actual_function"": ""DQS1_t_A"", ""sink_group"": ""A_BYTE1"", ""soc_package_trace_um"": ""7005.11"", ""guide_alias_hazard"": """", ""board_delay_ps"": ""UNROUTED"", ""dram_package_delay_ps"": ""UNAVAILABLE"", ""status"": ""SOURCE_JOINED_CONSTRAINT_INPUT_NOT_TIMING_PASS""}",0.3,U2,U2:D10,"[2.8, -4.875]"
D11,VSS,GND,GND,390,ground,,15.0,6.125,,,0.3,U2,U2:D11,"[3.6, -4.875]"
D12,VDDQ,VDD1P1_DDR_IO,VDD1P1_DDR_IO,86,power,,15.8,6.125,,,0.3,U2,U2:D12,"[4.4, -4.875]"
E1,VSS,GND,GND,390,ground,,7.0,6.775,,,0.3,U2,U2:E1,"[-4.4, -4.225]"
E2,DQ2_A,DDR_DQA2,DDR_DQA2,2,signal,,7.8,6.775,,"{""net"": ""DDR_DQA2"", ""soc_ball"": ""U17"", ""soc_actual_function"": ""DDR_DQA7"", ""dram_ball"": ""E2"", ""dram_actual_function"": ""DQ2_A"", ""sink_group"": ""A_BYTE0"", ""soc_package_trace_um"": ""4829.45"", ""guide_alias_hazard"": """", ""board_delay_ps"": ""UNROUTED"", ""dram_package_delay_ps"": ""UNAVAILABLE"", ""status"": ""SOURCE_JOINED_CONSTRAINT_INPUT_NOT_TIMING_PASS""}",0.3,U2,U2:E2,"[-3.6, -4.225]"
E3,DQS0_c_A,DDR_DQSA0_N,DDR_DQSA0_N,2,signal,,8.6,6.775,,"{""net"": ""DDR_DQSA0_N"", ""soc_ball"": ""Y17"", ""soc_actual_function"": ""DDR_DQSA0N"", ""dram_ball"": ""E3"", ""dram_actual_function"": ""DQS0_c_A"", ""sink_group"": ""A_BYTE0"", ""soc_package_trace_um"": ""6135.17"", ""guide_alias_hazard"": """", ""board_delay_ps"": ""UNROUTED"", ""dram_package_delay_ps"": ""UNAVAILABLE"", ""status"": ""SOURCE_JOINED_CONSTRAINT_INPUT_NOT_TIMING_PASS""}",0.3,U2,U2:E3,"[-2.8, -4.225]"
E4,DQ5_A,DDR_DQA5,DDR_DQA5,2,signal,,9.4,6.775,,"{""net"": ""DDR_DQA5"", ""soc_ball"": ""V18"", ""soc_actual_function"": ""DDR_DQA5"", ""dram_ball"": ""E4"", ""dram_actual_function"": ""DQ5_A"", ""sink_group"": ""A_BYTE0"", ""soc_package_trace_um"": ""5047.5"", ""guide_alias_hazard"": """", ""board_delay_ps"": ""UNROUTED"", ""dram_package_delay_ps"": ""UNAVAILABLE"", ""status"": ""SOURCE_JOINED_CONSTRAINT_INPUT_NOT_TIMING_PASS""}",0.3,U2,U2:E4,"[-2.0, -4.225]"
E5,VSS,GND,GND,390,ground,,10.2,6.775,,,0.3,U2,U2:E5,"[-1.2, -4.225]"
E8,VSS,GND,GND,390,ground,,12.6,6.775,,,0.3,U2,U2:E8,"[1.2, -4.225]"
E9,DQ13_A,DDR_DQA13,DDR_DQA13,2,signal,,13.4,6.775,,"{""net"": ""DDR_DQA13"", ""soc_ball"": ""T18"", ""soc_actual_function"": ""DDR_DQA9"", ""dram_ball"": ""E9"", ""dram_actual_function"": ""DQ13_A"", ""sink_group"": ""A_BYTE1"", ""soc_package_trace_um"": ""5760.1"", ""guide_alias_hazard"": """", ""board_delay_ps"": ""UNROUTED"", ""dram_package_delay_ps"": ""UNAVAILABLE"", ""status"": ""SOURCE_JOINED_CONSTRAINT_INPUT_NOT_TIMING_PASS""}",0.3,U2,U2:E9,"[2.0, -4.225]"
E10,DQS1_c_A,DDR_DQSA1_N,DDR_DQSA1_N,2,signal,,14.2,6.775,,"{""net"": ""DDR_DQSA1_N"", ""soc_ball"": ""V19"", ""soc_actual_function"": ""DDR_DQSA1N"", ""dram_ball"": ""E10"", ""dram_actual_function"": ""DQS1_c_A"", ""sink_group"": ""A_BYTE1"", ""soc_package_trace_um"": ""6768.98"", ""guide_alias_hazard"": """", ""board_delay_ps"": ""UNROUTED"", ""dram_package_delay_ps"": ""UNAVAILABLE"", ""status"": ""SOURCE_JOINED_CONSTRAINT_INPUT_NOT_TIMING_PASS""}",0.3,U2,U2:E10,"[2.8, -4.225]"
E11,DQ10_A,DDR_DQA10,DDR_DQA10,2,signal,,15.0,6.775,,"{""net"": ""DDR_DQA10"", ""soc_ball"": ""P16"", ""soc_actual_function"": ""DDR_DQA14"", ""dram_ball"": ""E11"", ""dram_actual_function"": ""DQ10_A"", ""sink_group"": ""A_BYTE1"", ""soc_package_trace_um"": ""2036.92"", ""guide_alias_hazard"": """", ""board_delay_ps"": ""UNROUTED"", ""dram_package_delay_ps"": ""UNAVAILABLE"", ""status"": ""SOURCE_JOINED_CONSTRAINT_INPUT_NOT_TIMING_PASS""}",0.3,U2,U2:E11,"[3.6, -4.225]"
E12,VSS,GND,GND,390,ground,,15.8,6.775,,,0.3,U2,U2:E12,"[4.4, -4.225]"
F1,VDD1,VDD1P8,VDD1P8,57,power,,7.0,7.425,,,0.3,U2,U2:F1,"[-4.4, -3.575]"
F2,DQ3_A,DDR_DQA3,DDR_DQA3,2,signal,,7.8,7.425,,"{""net"": ""DDR_DQA3"", ""soc_ball"": ""T16"", ""soc_actual_function"": ""DDR_DQA1"", ""dram_ball"": ""F2"", ""dram_actual_function"": ""DQ3_A"", ""sink_group"": ""A_BYTE0"", ""soc_package_trace_um"": ""3576.39"", ""guide_alias_hazard"": """", ""board_delay_ps"": ""UNROUTED"", ""dram_package_delay_ps"": ""UNAVAILABLE"", ""status"": ""SOURCE_JOINED_CONSTRAINT_INPUT_NOT_TIMING_PASS""}",0.3,U2,U2:F2,"[-3.6, -3.575]"
F3,VDDQ,VDD1P1_DDR_IO,VDD1P1_DDR_IO,86,power,,8.6,7.425,,,0.3,U2,U2:F3,"[-2.8, -3.575]"
F4,DQ4_A,DDR_DQA4,DDR_DQA4,2,signal,,9.4,7.425,,"{""net"": ""DDR_DQA4"", ""soc_ball"": ""U16"", ""soc_actual_function"": ""DDR_DQA0"", ""dram_ball"": ""F4"", ""dram_actual_function"": ""DQ4_A"", ""sink_group"": ""A_BYTE0"", ""soc_package_trace_um"": ""3132.83"", ""guide_alias_hazard"": """", ""board_delay_ps"": ""UNROUTED"", ""dram_package_delay_ps"": ""UNAVAILABLE"", ""status"": ""SOURCE_JOINED_CONSTRAINT_INPUT_NOT_TIMING_PASS""}",0.3,U2,U2:F4,"[-2.0, -3.575]"
F5,VDD2,VDD1P1_DDR_IO,VDD1P1_DDR_IO,86,power,,10.2,7.425,,,0.3,U2,U2:F5,"[-1.2, -3.575]"
F8,VDD2,VDD1P1_DDR_IO,VDD1P1_DDR_IO,86,power,,12.6,7.425,,,0.3,U2,U2:F8,"[1.2, -3.575]"
F9,DQ12_A,DDR_DQA12,DDR_DQA12,2,signal,,13.4,7.425,,"{""net"": ""DDR_DQA12"", ""soc_ball"": ""R18"", ""soc_actual_function"": ""DDR_DQA10"", ""dram_ball"": ""F9"", ""dram_actual_function"": ""DQ12_A"", ""sink_group"": ""A_BYTE1"", ""soc_package_trace_um"": ""4540.62"", ""guide_alias_hazard"": """", ""board_delay_ps"": ""UNROUTED"", ""dram_package_delay_ps"": ""UNAVAILABLE"", ""status"": ""SOURCE_JOINED_CONSTRAINT_INPUT_NOT_TIMING_PASS""}",0.3,U2,U2:F9,"[2.0, -3.575]"
F10,VDDQ,VDD1P1_DDR_IO,VDD1P1_DDR_IO,86,power,,14.2,7.425,,,0.3,U2,U2:F10,"[2.8, -3.575]"
F11,DQ11_A,DDR_DQA11,DDR_DQA11,2,signal,,15.0,7.425,,"{""net"": ""DDR_DQA11"", ""soc_ball"": ""R17"", ""soc_actual_function"": ""DDR_DQA8"", ""dram_ball"": ""F11"", ""dram_actual_function"": ""DQ11_A"", ""sink_group"": ""A_BYTE1"", ""soc_package_trace_um"": ""4018.24"", ""guide_alias_hazard"": """", ""board_delay_ps"": ""UNROUTED"", ""dram_package_delay_ps"": ""UNAVAILABLE"", ""status"": ""SOURCE_JOINED_CONSTRAINT_INPUT_NOT_TIMING_PASS""}",0.3,U2,U2:F11,"[3.6, -3.575]"
F12,VDD1,VDD1P8,VDD1P8,57,power,,15.8,7.425,,,0.3,U2,U2:F12,"[4.4, -3.575]"
G1,VSS,GND,GND,390,ground,,7.0,8.075,,,0.3,U2,U2:G1,"[-4.4, -2.925]"
G2,ODT_CA_A,LPDDR4_ODT_A,LPDDR4_ODT_A,2,local_bias,,7.8,8.075,,,0.3,U2,U2:G2,"[-3.6, -2.925]"
G3,VSS,GND,GND,390,ground,,8.6,8.075,,,0.3,U2,U2:G3,"[-2.8, -2.925]"
G4,VDD1,VDD1P8,VDD1P8,57,power,,9.4,8.075,,,0.3,U2,U2:G4,"[-2.0, -2.925]"
G5,VSS,GND,GND,390,ground,,10.2,8.075,,,0.3,U2,U2:G5,"[-1.2, -2.925]"
G8,VSS,GND,GND,390,ground,,12.6,8.075,,,0.3,U2,U2:G8,"[1.2, -2.925]"
G9,VDD1,VDD1P8,VDD1P8,57,power,,13.4,8.075,,,0.3,U2,U2:G9,"[2.0, -2.925]"
G10,VSS,GND,GND,390,ground,,14.2,8.075,,,0.3,U2,U2:G10,"[2.8, -2.925]"
G11,NC,,unconnected-(U2B-NC-PadG11),1,unused,,15.0,8.075,,,0.3,U2,U2:G11,"[3.6, -2.925]"
G12,VSS,GND,GND,390,ground,,15.8,8.075,,,0.3,U2,U2:G12,"[4.4, -2.925]"
H1,VDD2,VDD1P1_DDR_IO,VDD1P1_DDR_IO,86,power,,7.0,8.725,,,0.3,U2,U2:H1,"[-4.4, -2.275]"
H2,CA0_A,DDR_CAA0,DDR_CAA0,2,signal,,7.8,8.725,,"{""net"": ""DDR_CAA0"", ""soc_ball"": ""M19"", ""soc_actual_function"": ""DDR_CAA0"", ""dram_ball"": ""H2"", ""dram_actual_function"": ""CA0_A"", ""sink_group"": ""A_ADDRESS_COMMAND"", ""soc_package_trace_um"": ""4599.65"", ""guide_alias_hazard"": """", ""board_delay_ps"": ""UNROUTED"", ""dram_package_delay_ps"": ""UNAVAILABLE"", ""status"": ""SOURCE_JOINED_CONSTRAINT_INPUT_NOT_TIMING_PASS""}",0.3,U2,U2:H2,"[-3.6, -2.275]"
H3,NC,,unconnected-(U2B-NC-PadH3),1,unused,,8.6,8.725,,,0.3,U2,U2:H3,"[-2.8, -2.275]"
H4,CS0_A,DDR_CSA0,DDR_CSA0,2,signal,,9.4,8.725,,"{""net"": ""DDR_CSA0"", ""soc_ball"": ""T20"", ""soc_actual_function"": ""DDR_CSA0"", ""dram_ball"": ""H4"", ""dram_actual_function"": ""CS0_A"", ""sink_group"": ""A_ADDRESS_COMMAND"", ""soc_package_trace_um"": ""5839.03"", ""guide_alias_hazard"": """", ""board_delay_ps"": ""UNROUTED"", ""dram_package_delay_ps"": ""UNAVAILABLE"", ""status"": ""SOURCE_JOINED_CONSTRAINT_INPUT_NOT_TIMING_PASS""}",0.3,U2,U2:H4,"[-2.0, -2.275]"
H5,VDD2,VDD1P1_DDR_IO,VDD1P1_DDR_IO,86,power,,10.2,8.725,,,0.3,U2,U2:H5,"[-1.2, -2.275]"
H8,VDD2,VDD1P1_DDR_IO,VDD1P1_DDR_IO,86,power,,12.6,8.725,,,0.3,U2,U2:H8,"[1.2, -2.275]"
H9,CA2_A,DDR_CAA2,DDR_CAA2,2,signal,,13.4,8.725,,"{""net"": ""DDR_CAA2"", ""soc_ball"": ""N19"", ""soc_actual_function"": ""DDR_CAA2"", ""dram_ball"": ""H9"", ""dram_actual_function"": ""CA2_A"", ""sink_group"": ""A_ADDRESS_COMMAND"", ""soc_package_trace_um"": ""4415.08"", ""guide_alias_hazard"": """", ""board_delay_ps"": ""UNROUTED"", ""dram_package_delay_ps"": ""UNAVAILABLE"", ""status"": ""SOURCE_JOINED_CONSTRAINT_INPUT_NOT_TIMING_PASS""}",0.3,U2,U2:H9,"[2.0, -2.275]"
H10,CA3_A,DDR_CAA3,DDR_CAA3,2,signal,,14.2,8.725,,"{""net"": ""DDR_CAA3"", ""soc_ball"": ""N20"", ""soc_actual_function"": ""DDR_CAA3"", ""dram_ball"": ""H10"", ""dram_actual_function"": ""CA3_A"", ""sink_group"": ""A_ADDRESS_COMMAND"", ""soc_package_trace_um"": ""4888.23"", ""guide_alias_hazard"": """", ""board_delay_ps"": ""UNROUTED"", ""dram_package_delay_ps"": ""UNAVAILABLE"", ""status"": ""SOURCE_JOINED_CONSTRAINT_INPUT_NOT_TIMING_PASS""}",0.3,U2,U2:H10,"[2.8, -2.275]"
H11,CA4_A,DDR_CAA4,DDR_CAA4,2,signal,,15.0,8.725,,"{""net"": ""DDR_CAA4"", ""soc_ball"": ""M18"", ""soc_actual_function"": ""DDR_CAA4"", ""dram_ball"": ""H11"", ""dram_actual_function"": ""CA4_A"", ""sink_group"": ""A_ADDRESS_COMMAND"", ""soc_package_trace_um"": ""4033.87"", ""guide_alias_hazard"": """", ""board_delay_ps"": ""UNROUTED"", ""dram_package_delay_ps"": ""UNAVAILABLE"", ""status"": ""SOURCE_JOINED_CONSTRAINT_INPUT_NOT_TIMING_PASS""}",0.3,U2,U2:H11,"[3.6, -2.275]"
H12,VDD2,VDD1P1_DDR_IO,VDD1P1_DDR_IO,86,power,,15.8,8.725,,,0.3,U2,U2:H12,"[4.4, -2.275]"
J1,VSS,GND,GND,390,ground,,7.0,9.375,,,0.3,U2,U2:J1,"[-4.4, -1.625]"
J2,CA1_A,DDR_CAA1,DDR_CAA1,2,signal,,7.8,9.375,,"{""net"": ""DDR_CAA1"", ""soc_ball"": ""L16"", ""soc_actual_function"": ""DDR_CAA1"", ""dram_ball"": ""J2"", ""dram_actual_function"": ""CA1_A"", ""sink_group"": ""A_ADDRESS_COMMAND"", ""soc_package_trace_um"": ""2171.4"", ""guide_alias_hazard"": """", ""board_delay_ps"": ""UNROUTED"", ""dram_package_delay_ps"": ""UNAVAILABLE"", ""status"": ""SOURCE_JOINED_CONSTRAINT_INPUT_NOT_TIMING_PASS""}",0.3,U2,U2:J2,"[-3.6, -1.625]"
J3,VSS,GND,GND,390,ground,,8.6,9.375,,,0.3,U2,U2:J3,"[-2.8, -1.625]"
J4,CKE0_A,DDR_CKEA0,DDR_CKEA0,2,signal,,9.4,9.375,,"{""net"": ""DDR_CKEA0"", ""soc_ball"": ""N17"", ""soc_actual_function"": ""DDR_CKEA0"", ""dram_ball"": ""J4"", ""dram_actual_function"": ""CKE0_A"", ""sink_group"": ""A_ADDRESS_COMMAND"", ""soc_package_trace_um"": ""3725.8"", ""guide_alias_hazard"": """", ""board_delay_ps"": ""UNROUTED"", ""dram_package_delay_ps"": ""UNAVAILABLE"", ""status"": ""SOURCE_JOINED_CONSTRAINT_INPUT_NOT_TIMING_PASS""}",0.3,U2,U2:J4,"[-2.0, -1.625]"
J5,NC,,unconnected-(U2C-NC-PadJ5),1,unused,,10.2,9.375,,,0.3,U2,U2:J5,"[-1.2, -1.625]"
J8,CK_t_A,DDR_CLKA_P,DDR_CLKA_P,2,signal,,12.6,9.375,,"{""net"": ""DDR_CLKA_P"", ""soc_ball"": ""R19"", ""soc_actual_function"": ""DDR_CLKAP"", ""dram_ball"": ""J8"", ""dram_actual_function"": ""CK_t_A"", ""sink_group"": ""A_ADDRESS_COMMAND"", ""soc_package_trace_um"": ""6252.24"", ""guide_alias_hazard"": """", ""board_delay_ps"": ""UNROUTED"", ""dram_package_delay_ps"": ""UNAVAILABLE"", ""status"": ""SOURCE_JOINED_CONSTRAINT_INPUT_NOT_TIMING_PASS""}",0.3,U2,U2:J8,"[1.2, -1.625]"
J9,CK_c_A,DDR_CLKA_N,DDR_CLKA_N,2,signal,,13.4,9.375,,"{""net"": ""DDR_CLKA_N"", ""soc_ball"": ""R20"", ""soc_actual_function"": ""DDR_CLKAN"", ""dram_ball"": ""J9"", ""dram_actual_function"": ""CK_c_A"", ""sink_group"": ""A_ADDRESS_COMMAND"", ""soc_package_trace_um"": ""6050.13"", ""guide_alias_hazard"": """", ""board_delay_ps"": ""UNROUTED"", ""dram_package_delay_ps"": ""UNAVAILABLE"", ""status"": ""SOURCE_JOINED_CONSTRAINT_INPUT_NOT_TIMING_PASS""}",0.3,U2,U2:J9,"[2.0, -1.625]"
J10,VSS,GND,GND,390,ground,,14.2,9.375,,,0.3,U2,U2:J10,"[2.8, -1.625]"
J11,CA5_A,DDR_CAA5,DDR_CAA5,2,signal,,15.0,9.375,,"{""net"": ""DDR_CAA5"", ""soc_ball"": ""P19"", ""soc_actual_function"": ""DDR_CAA5"", ""dram_ball"": ""J11"", ""dram_actual_function"": ""CA5_A"", ""sink_group"": ""A_ADDRESS_COMMAND"", ""soc_package_trace_um"": ""5809.3"", ""guide_alias_hazard"": """", ""board_delay_ps"": ""UNROUTED"", ""dram_package_delay_ps"": ""UNAVAILABLE"", ""status"": ""SOURCE_JOINED_CONSTRAINT_INPUT_NOT_TIMING_PASS""}",0.3,U2,U2:J11,"[3.6, -1.625]"
J12,VSS,GND,GND,390,ground,,15.8,9.375,,,0.3,U2,U2:J12,"[4.4, -1.625]"
K1,VDD2,VDD1P1_DDR_IO,VDD1P1_DDR_IO,86,power,,7.0,10.025,,,0.3,U2,U2:K1,"[-4.4, -0.975]"
K2,VSS,GND,GND,390,ground,,7.8,10.025,,,0.3,U2,U2:K2,"[-3.6, -0.975]"
K3,VDD2,VDD1P1_DDR_IO,VDD1P1_DDR_IO,86,power,,8.6,10.025,,,0.3,U2,U2:K3,"[-2.8, -0.975]"
K4,VSS,GND,GND,390,ground,,9.4,10.025,,,0.3,U2,U2:K4,"[-2.0, -0.975]"
K5,NC,,unconnected-(U2C-NC-PadK5),1,unused,,10.2,10.025,,,0.3,U2,U2:K5,"[-1.2, -0.975]"
K8,NC,,unconnected-(U2C-NC-PadK8),1,unused,,12.6,10.025,,,0.3,U2,U2:K8,"[1.2, -0.975]"
K9,VSS,GND,GND,390,ground,,13.4,10.025,,,0.3,U2,U2:K9,"[2.0, -0.975]"
K10,VDD2,VDD1P1_DDR_IO,VDD1P1_DDR_IO,86,power,,14.2,10.025,,,0.3,U2,U2:K10,"[2.8, -0.975]"
K11,VSS,GND,GND,390,ground,,15.0,10.025,,,0.3,U2,U2:K11,"[3.6, -0.975]"
K12,VDD2,VDD1P1_DDR_IO,VDD1P1_DDR_IO,86,power,,15.8,10.025,,,0.3,U2,U2:K12,"[4.4, -0.975]"
N1,VDD2,VDD1P1_DDR_IO,VDD1P1_DDR_IO,86,power,,7.0,11.975,,,0.3,U2,U2:N1,"[-4.4, 0.975]"
N2,VSS,GND,GND,390,ground,,7.8,11.975,,,0.3,U2,U2:N2,"[-3.6, 0.975]"
N3,VDD2,VDD1P1_DDR_IO,VDD1P1_DDR_IO,86,power,,8.6,11.975,,,0.3,U2,U2:N3,"[-2.8, 0.975]"
N4,VSS,GND,GND,390,ground,,9.4,11.975,,,0.3,U2,U2:N4,"[-2.0, 0.975]"
N5,NC,,unconnected-(U2C-NC-PadN5),1,unused,,10.2,11.975,,,0.3,U2,U2:N5,"[-1.2, 0.975]"
N8,NC,,unconnected-(U2C-NC-PadN8),1,unused,,12.6,11.975,,,0.3,U2,U2:N8,"[1.2, 0.975]"
N9,VSS,GND,GND,390,ground,,13.4,11.975,,,0.3,U2,U2:N9,"[2.0, 0.975]"
N10,VDD2,VDD1P1_DDR_IO,VDD1P1_DDR_IO,86,power,,14.2,11.975,,,0.3,U2,U2:N10,"[2.8, 0.975]"
N11,VSS,GND,GND,390,ground,,15.0,11.975,,,0.3,U2,U2:N11,"[3.6, 0.975]"
N12,VDD2,VDD1P1_DDR_IO,VDD1P1_DDR_IO,86,power,,15.8,11.975,,,0.3,U2,U2:N12,"[4.4, 0.975]"
P1,VSS,GND,GND,390,ground,,7.0,12.625,,,0.3,U2,U2:P1,"[-4.4, 1.625]"
P2,CA1_B,DDR_CAB1,DDR_CAB1,2,signal,,7.8,12.625,,"{""net"": ""DDR_CAB1"", ""soc_ball"": ""G19"", ""soc_actual_function"": ""DDR_CAB1"", ""dram_ball"": ""P2"", ""dram_actual_function"": ""CA1_B"", ""sink_group"": ""B_ADDRESS_COMMAND"", ""soc_package_trace_um"": ""4067.91"", ""guide_alias_hazard"": """", ""board_delay_ps"": ""UNROUTED"", ""dram_package_delay_ps"": ""UNAVAILABLE"", ""status"": ""SOURCE_JOINED_CONSTRAINT_INPUT_NOT_TIMING_PASS""}",0.3,U2,U2:P2,"[-3.6, 1.625]"
P3,VSS,GND,GND,390,ground,,8.6,12.625,,,0.3,U2,U2:P3,"[-2.8, 1.625]"
P4,CKE0_B,DDR_CKEB0,DDR_CKEB0,2,signal,,9.4,12.625,,"{""net"": ""DDR_CKEB0"", ""soc_ball"": ""J18"", ""soc_actual_function"": ""DDR_CKEB0"", ""dram_ball"": ""P4"", ""dram_actual_function"": ""CKE0_B"", ""sink_group"": ""B_ADDRESS_COMMAND"", ""soc_package_trace_um"": ""2599.43"", ""guide_alias_hazard"": """", ""board_delay_ps"": ""UNROUTED"", ""dram_package_delay_ps"": ""UNAVAILABLE"", ""status"": ""SOURCE_JOINED_CONSTRAINT_INPUT_NOT_TIMING_PASS""}",0.3,U2,U2:P4,"[-2.0, 1.625]"
P5,NC,,unconnected-(U2C-NC-PadP5),1,unused,,10.2,12.625,,,0.3,U2,U2:P5,"[-1.2, 1.625]"
P8,CK_t_B,DDR_CLKB_P,DDR_CLKB_P,2,signal,,12.6,12.625,,"{""net"": ""DDR_CLKB_P"", ""soc_ball"": ""G20"", ""soc_actual_function"": ""DDR_CLKBP"", ""dram_ball"": ""P8"", ""dram_actual_function"": ""CK_t_B"", ""sink_group"": ""B_ADDRESS_COMMAND"", ""soc_package_trace_um"": ""5403.63"", ""guide_alias_hazard"": """", ""board_delay_ps"": ""UNROUTED"", ""dram_package_delay_ps"": ""UNAVAILABLE"", ""status"": ""SOURCE_JOINED_CONSTRAINT_INPUT_NOT_TIMING_PASS""}",0.3,U2,U2:P8,"[1.2, 1.625]"
P9,CK_c_B,DDR_CLKB_N,DDR_CLKB_N,2,signal,,13.4,12.625,,"{""net"": ""DDR_CLKB_N"", ""soc_ball"": ""F20"", ""soc_actual_function"": ""DDR_CLKBN"", ""dram_ball"": ""P9"", ""dram_actual_function"": ""CK_c_B"", ""sink_group"": ""B_ADDRESS_COMMAND"", ""soc_package_trace_um"": ""5418.33"", ""guide_alias_hazard"": """", ""board_delay_ps"": ""UNROUTED"", ""dram_package_delay_ps"": ""UNAVAILABLE"", ""status"": ""SOURCE_JOINED_CONSTRAINT_INPUT_NOT_TIMING_PASS""}",0.3,U2,U2:P9,"[2.0, 1.625]"
P10,VSS,GND,GND,390,ground,,14.2,12.625,,,0.3,U2,U2:P10,"[2.8, 1.625]"
P11,CA5_B,DDR_CAB5,DDR_CAB5,2,signal,,15.0,12.625,,"{""net"": ""DDR_CAB5"", ""soc_ball"": ""F19"", ""soc_actual_function"": ""DDR_CAB5"", ""dram_ball"": ""P11"", ""dram_actual_function"": ""CA5_B"", ""sink_group"": ""B_ADDRESS_COMMAND"", ""soc_package_trace_um"": ""4558.27"", ""guide_alias_hazard"": """", ""board_delay_ps"": ""UNROUTED"", ""dram_package_delay_ps"": ""UNAVAILABLE"", ""status"": ""SOURCE_JOINED_CONSTRAINT_INPUT_NOT_TIMING_PASS""}",0.3,U2,U2:P11,"[3.6, 1.625]"
P12,VSS,GND,GND,390,ground,,15.8,12.625,,,0.3,U2,U2:P12,"[4.4, 1.625]"
R1,VDD2,VDD1P1_DDR_IO,VDD1P1_DDR_IO,86,power,,7.0,13.275,,,0.3,U2,U2:R1,"[-4.4, 2.275]"
R2,CA0_B,DDR_CAB0,DDR_CAB0,2,signal,,7.8,13.275,,"{""net"": ""DDR_CAB0"", ""soc_ball"": ""E20"", ""soc_actual_function"": ""DDR_CAB0"", ""dram_ball"": ""R2"", ""dram_actual_function"": ""CA0_B"", ""sink_group"": ""B_ADDRESS_COMMAND"", ""soc_package_trace_um"": ""5468.25"", ""guide_alias_hazard"": """", ""board_delay_ps"": ""UNROUTED"", ""dram_package_delay_ps"": ""UNAVAILABLE"", ""status"": ""SOURCE_JOINED_CONSTRAINT_INPUT_NOT_TIMING_PASS""}",0.3,U2,U2:R2,"[-3.6, 2.275]"
R3,NC,,unconnected-(U2D-NC-PadR3),1,unused,,8.6,13.275,,,0.3,U2,U2:R3,"[-2.8, 2.275]"
R4,CS0_B,DDR_CSB0,DDR_CSB0,2,signal,,9.4,13.275,,"{""net"": ""DDR_CSB0"", ""soc_ball"": ""J20"", ""soc_actual_function"": ""DDR_CSB0"", ""dram_ball"": ""R4"", ""dram_actual_function"": ""CS0_B"", ""sink_group"": ""B_ADDRESS_COMMAND"", ""soc_package_trace_um"": ""4941.35"", ""guide_alias_hazard"": """", ""board_delay_ps"": ""UNROUTED"", ""dram_package_delay_ps"": ""UNAVAILABLE"", ""status"": ""SOURCE_JOINED_CONSTRAINT_INPUT_NOT_TIMING_PASS""}",0.3,U2,U2:R4,"[-2.0, 2.275]"
R5,VDD2,VDD1P1_DDR_IO,VDD1P1_DDR_IO,86,power,,10.2,13.275,,,0.3,U2,U2:R5,"[-1.2, 2.275]"
R8,VDD2,VDD1P1_DDR_IO,VDD1P1_DDR_IO,86,power,,12.6,13.275,,,0.3,U2,U2:R8,"[1.2, 2.275]"
R9,CA2_B,DDR_CAB2,DDR_CAB2,2,signal,,13.4,13.275,,"{""net"": ""DDR_CAB2"", ""soc_ball"": ""G18"", ""soc_actual_function"": ""DDR_CAB2"", ""dram_ball"": ""R9"", ""dram_actual_function"": ""CA2_B"", ""sink_group"": ""B_ADDRESS_COMMAND"", ""soc_package_trace_um"": ""3807.29"", ""guide_alias_hazard"": """", ""board_delay_ps"": ""UNROUTED"", ""dram_package_delay_ps"": ""UNAVAILABLE"", ""status"": ""SOURCE_JOINED_CONSTRAINT_INPUT_NOT_TIMING_PASS""}",0.3,U2,U2:R9,"[2.0, 2.275]"
R10,CA3_B,DDR_CAB3,DDR_CAB3,2,signal,,14.2,13.275,,"{""net"": ""DDR_CAB3"", ""soc_ball"": ""H17"", ""soc_actual_function"": ""DDR_CAB3"", ""dram_ball"": ""R10"", ""dram_actual_function"": ""CA3_B"", ""sink_group"": ""B_ADDRESS_COMMAND"", ""soc_package_trace_um"": ""3113.45"", ""guide_alias_hazard"": """", ""board_delay_ps"": ""UNROUTED"", ""dram_package_delay_ps"": ""UNAVAILABLE"", ""status"": ""SOURCE_JOINED_CONSTRAINT_INPUT_NOT_TIMING_PASS""}",0.3,U2,U2:R10,"[2.8, 2.275]"
R11,CA4_B,DDR_CAB4,DDR_CAB4,2,signal,,15.0,13.275,,"{""net"": ""DDR_CAB4"", ""soc_ball"": ""F17"", ""soc_actual_function"": ""DDR_CAB4"", ""dram_ball"": ""R11"", ""dram_actual_function"": ""CA4_B"", ""sink_group"": ""B_ADDRESS_COMMAND"", ""soc_package_trace_um"": ""2757.73"", ""guide_alias_hazard"": """", ""board_delay_ps"": ""UNROUTED"", ""dram_package_delay_ps"": ""UNAVAILABLE"", ""status"": ""SOURCE_JOINED_CONSTRAINT_INPUT_NOT_TIMING_PASS""}",0.3,U2,U2:R11,"[3.6, 2.275]"
R12,VDD2,VDD1P1_DDR_IO,VDD1P1_DDR_IO,86,power,,15.8,13.275,,,0.3,U2,U2:R12,"[4.4, 2.275]"
T1,VSS,GND,GND,390,ground,,7.0,13.925,,,0.3,U2,U2:T1,"[-4.4, 2.925]"
T2,ODT_CA_B,LPDDR4_ODT_B,LPDDR4_ODT_B,2,local_bias,,7.8,13.925,,,0.3,U2,U2:T2,"[-3.6, 2.925]"
T3,VSS,GND,GND,390,ground,,8.6,13.925,,,0.3,U2,U2:T3,"[-2.8, 2.925]"
T4,VDD1,VDD1P8,VDD1P8,57,power,,9.4,13.925,,,0.3,U2,U2:T4,"[-2.0, 2.925]"
T5,VSS,GND,GND,390,ground,,10.2,13.925,,,0.3,U2,U2:T5,"[-1.2, 2.925]"
T8,VSS,GND,GND,390,ground,,12.6,13.925,,,0.3,U2,U2:T8,"[1.2, 2.925]"
T9,VDD1,VDD1P8,VDD1P8,57,power,,13.4,13.925,,,0.3,U2,U2:T9,"[2.0, 2.925]"
T10,VSS,GND,GND,390,ground,,14.2,13.925,,,0.3,U2,U2:T10,"[2.8, 2.925]"
T11,RESET_n,DDR_RESET,DDR_RESET,2,signal,,15.0,13.925,,"{""net"": ""DDR_RESET"", ""soc_ball"": ""J16"", ""soc_actual_function"": ""DDR_RESET"", ""dram_ball"": ""T11"", ""dram_actual_function"": ""RESET_n"", ""sink_group"": ""RESET_ASYNCHRONOUS"", ""soc_package_trace_um"": """", ""guide_alias_hazard"": ""RESET not in high-speed package-length table"", ""board_delay_ps"": ""UNROUTED"", ""dram_package_delay_ps"": ""UNAVAILABLE"", ""status"": ""SOURCE_JOINED_CONSTRAINT_INPUT_NOT_TIMING_PASS""}",0.3,U2,U2:T11,"[3.6, 2.925]"
T12,VSS,GND,GND,390,ground,,15.8,13.925,,,0.3,U2,U2:T12,"[4.4, 2.925]"
U1,VDD1,VDD1P8,VDD1P8,57,power,,7.0,14.575,,,0.3,U2,U2:U1,"[-4.4, 3.575]"
U2,DQ3_B,DDR_DQB3,DDR_DQB3,2,signal,,7.8,14.575,,"{""net"": ""DDR_DQB3"", ""soc_ball"": ""B14"", ""soc_actual_function"": ""DDR_DQB2"", ""dram_ball"": ""U2"", ""dram_actual_function"": ""DQ3_B"", ""sink_group"": ""B_BYTE0"", ""soc_package_trace_um"": ""4486.79"", ""guide_alias_hazard"": """", ""board_delay_ps"": ""UNROUTED"", ""dram_package_delay_ps"": ""UNAVAILABLE"", ""status"": ""SOURCE_JOINED_CONSTRAINT_INPUT_NOT_TIMING_PASS""}",0.3,U2,U2:U2,"[-3.6, 3.575]"
U3,VDDQ,VDD1P1_DDR_IO,VDD1P1_DDR_IO,86,power,,8.6,14.575,,,0.3,U2,U2:U3,"[-2.8, 3.575]"
U4,DQ4_B,DDR_DQB4,DDR_DQB4,2,signal,,9.4,14.575,,"{""net"": ""DDR_DQB4"", ""soc_ball"": ""D14"", ""soc_actual_function"": ""DDR_DQB1"", ""dram_ball"": ""U4"", ""dram_actual_function"": ""DQ4_B"", ""sink_group"": ""B_BYTE0"", ""soc_package_trace_um"": ""2708.03"", ""guide_alias_hazard"": """", ""board_delay_ps"": ""UNROUTED"", ""dram_package_delay_ps"": ""UNAVAILABLE"", ""status"": ""SOURCE_JOINED_CONSTRAINT_INPUT_NOT_TIMING_PASS""}",0.3,U2,U2:U4,"[-2.0, 3.575]"
U5,VDD2,VDD1P1_DDR_IO,VDD1P1_DDR_IO,86,power,,10.2,14.575,,,0.3,U2,U2:U5,"[-1.2, 3.575]"
U8,VDD2,VDD1P1_DDR_IO,VDD1P1_DDR_IO,86,power,,12.6,14.575,,,0.3,U2,U2:U8,"[1.2, 3.575]"
U9,DQ12_B,DDR_DQB12,DDR_DQB12,2,signal,,13.4,14.575,,"{""net"": ""DDR_DQB12"", ""soc_ball"": ""E18"", ""soc_actual_function"": ""DDR_DQB11"", ""dram_ball"": ""U9"", ""dram_actual_function"": ""DQ12_B"", ""sink_group"": ""B_BYTE1"", ""soc_package_trace_um"": ""3830.51"", ""guide_alias_hazard"": """", ""board_delay_ps"": ""UNROUTED"", ""dram_package_delay_ps"": ""UNAVAILABLE"", ""status"": ""SOURCE_JOINED_CONSTRAINT_INPUT_NOT_TIMING_PASS""}",0.3,U2,U2:U9,"[2.0, 3.575]"
U10,VDDQ,VDD1P1_DDR_IO,VDD1P1_DDR_IO,86,power,,14.2,14.575,,,0.3,U2,U2:U10,"[2.8, 3.575]"
U11,DQ11_B,DDR_DQB11,DDR_DQB11,2,signal,,15.0,14.575,,"{""net"": ""DDR_DQB11"", ""soc_ball"": ""E17"", ""soc_actual_function"": ""DDR_DQB10"", ""dram_ball"": ""U11"", ""dram_actual_function"": ""DQ11_B"", ""sink_group"": ""B_BYTE1"", ""soc_package_trace_um"": ""4273.06"", ""guide_alias_hazard"": """", ""board_delay_ps"": ""UNROUTED"", ""dram_package_delay_ps"": ""UNAVAILABLE"", ""status"": ""SOURCE_JOINED_CONSTRAINT_INPUT_NOT_TIMING_PASS""}",0.3,U2,U2:U11,"[3.6, 3.575]"
U12,VDD1,VDD1P8,VDD1P8,57,power,,15.8,14.575,,,0.3,U2,U2:U12,"[4.4, 3.575]"
V1,VSS,GND,GND,390,ground,,7.0,15.225,,,0.3,U2,U2:V1,"[-4.4, 4.225]"
V2,DQ2_B,DDR_DQB2,DDR_DQB2,2,signal,,7.8,15.225,,"{""net"": ""DDR_DQB2"", ""soc_ball"": ""C14"", ""soc_actual_function"": ""DDR_DQB0"", ""dram_ball"": ""V2"", ""dram_actual_function"": ""DQ2_B"", ""sink_group"": ""B_BYTE0"", ""soc_package_trace_um"": ""2966.98"", ""guide_alias_hazard"": """", ""board_delay_ps"": ""UNROUTED"", ""dram_package_delay_ps"": ""UNAVAILABLE"", ""status"": ""SOURCE_JOINED_CONSTRAINT_INPUT_NOT_TIMING_PASS""}",0.3,U2,U2:V2,"[-3.6, 4.225]"
V3,DQS0_c_B,DDR_DQSB0_N,DDR_DQSB0_N,2,signal,,8.6,15.225,,"{""net"": ""DDR_DQSB0_N"", ""soc_ball"": ""A15"", ""soc_actual_function"": ""DDR_DQSB0N"", ""dram_ball"": ""V3"", ""dram_actual_function"": ""DQS0_c_B"", ""sink_group"": ""B_BYTE0"", ""soc_package_trace_um"": ""4942.59"", ""guide_alias_hazard"": ""LP4 DQSB1P/N aliases repeated across DQS0 and DQS2; resolve from actual schematic/official pinout"", ""board_delay_ps"": ""UNROUTED"", ""dram_package_delay_ps"": ""UNAVAILABLE"", ""status"": ""SOURCE_JOINED_CONSTRAINT_INPUT_NOT_TIMING_PASS""}",0.3,U2,U2:V3,"[-2.8, 4.225]"
V4,DQ5_B,DDR_DQB5,DDR_DQB5,2,signal,,9.4,15.225,,"{""net"": ""DDR_DQB5"", ""soc_ball"": ""B16"", ""soc_actual_function"": ""DDR_DQB5"", ""dram_ball"": ""V4"", ""dram_actual_function"": ""DQ5_B"", ""sink_group"": ""B_BYTE0"", ""soc_package_trace_um"": ""4419.48"", ""guide_alias_hazard"": """", ""board_delay_ps"": ""UNROUTED"", ""dram_package_delay_ps"": ""UNAVAILABLE"", ""status"": ""SOURCE_JOINED_CONSTRAINT_INPUT_NOT_TIMING_PASS""}",0.3,U2,U2:V4,"[-2.0, 4.225]"
V5,VSS,GND,GND,390,ground,,10.2,15.225,,,0.3,U2,U2:V5,"[-1.2, 4.225]"
V8,VSS,GND,GND,390,ground,,12.6,15.225,,,0.3,U2,U2:V8,"[1.2, 4.225]"
V9,DQ13_B,DDR_DQB13,DDR_DQB13,2,signal,,13.4,15.225,,"{""net"": ""DDR_DQB13"", ""soc_ball"": ""D16"", ""soc_actual_function"": ""DDR_DQB14"", ""dram_ball"": ""V9"", ""dram_actual_function"": ""DQ13_B"", ""sink_group"": ""B_BYTE1"", ""soc_package_trace_um"": ""3663.33"", ""guide_alias_hazard"": """", ""board_delay_ps"": ""UNROUTED"", ""dram_package_delay_ps"": ""UNAVAILABLE"", ""status"": ""SOURCE_JOINED_CONSTRAINT_INPUT_NOT_TIMING_PASS""}",0.3,U2,U2:V9,"[2.0, 4.225]"
V10,DQS1_c_B,DDR_DQSB1_N,DDR_DQSB1_N,2,signal,,14.2,15.225,,"{""net"": ""DDR_DQSB1_N"", ""soc_ball"": ""A18"", ""soc_actual_function"": ""DDR_DQSB1N"", ""dram_ball"": ""V10"", ""dram_actual_function"": ""DQS1_c_B"", ""sink_group"": ""B_BYTE1"", ""soc_package_trace_um"": ""6628.66"", ""guide_alias_hazard"": ""LP4 DQSB1P/N aliases repeated across DQS0 and DQS2; resolve from actual schematic/official pinout"", ""board_delay_ps"": ""UNROUTED"", ""dram_package_delay_ps"": ""UNAVAILABLE"", ""status"": ""SOURCE_JOINED_CONSTRAINT_INPUT_NOT_TIMING_PASS""}",0.3,U2,U2:V10,"[2.8, 4.225]"
V11,DQ10_B,DDR_DQB10,DDR_DQB10,2,signal,,15.0,15.225,,"{""net"": ""DDR_DQB10"", ""soc_ball"": ""D17"", ""soc_actual_function"": ""DDR_DQB13"", ""dram_ball"": ""V11"", ""dram_actual_function"": ""DQ10_B"", ""sink_group"": ""B_BYTE1"", ""soc_package_trace_um"": ""4242.29"", ""guide_alias_hazard"": """", ""board_delay_ps"": ""UNROUTED"", ""dram_package_delay_ps"": ""UNAVAILABLE"", ""status"": ""SOURCE_JOINED_CONSTRAINT_INPUT_NOT_TIMING_PASS""}",0.3,U2,U2:V11,"[3.6, 4.225]"
V12,VSS,GND,GND,390,ground,,15.8,15.225,,,0.3,U2,U2:V12,"[4.4, 4.225]"
W1,VDDQ,VDD1P1_DDR_IO,VDD1P1_DDR_IO,86,power,,7.0,15.875,,,0.3,U2,U2:W1,"[-4.4, 4.875]"
W2,VSS,GND,GND,390,ground,,7.8,15.875,,,0.3,U2,U2:W2,"[-3.6, 4.875]"
W3,DQS0_t_B,DDR_DQSB0_P,DDR_DQSB0_P,2,signal,,8.6,15.875,,"{""net"": ""DDR_DQSB0_P"", ""soc_ball"": ""B15"", ""soc_actual_function"": ""DDR_DQSB0P"", ""dram_ball"": ""W3"", ""dram_actual_function"": ""DQS0_t_B"", ""sink_group"": ""B_BYTE0"", ""soc_package_trace_um"": ""4623.9"", ""guide_alias_hazard"": ""LP4 DQSB1P/N aliases repeated across DQS0 and DQS2; resolve from actual schematic/official pinout"", ""board_delay_ps"": ""UNROUTED"", ""dram_package_delay_ps"": ""UNAVAILABLE"", ""status"": ""SOURCE_JOINED_CONSTRAINT_INPUT_NOT_TIMING_PASS""}",0.3,U2,U2:W3,"[-2.8, 4.875]"
W4,VSS,GND,GND,390,ground,,9.4,15.875,,,0.3,U2,U2:W4,"[-2.0, 4.875]"
W5,VDDQ,VDD1P1_DDR_IO,VDD1P1_DDR_IO,86,power,,10.2,15.875,,,0.3,U2,U2:W5,"[-1.2, 4.875]"
W8,VDDQ,VDD1P1_DDR_IO,VDD1P1_DDR_IO,86,power,,12.6,15.875,,,0.3,U2,U2:W8,"[1.2, 4.875]"
W9,VSS,GND,GND,390,ground,,13.4,15.875,,,0.3,U2,U2:W9,"[2.0, 4.875]"
W10,DQS1_t_B,DDR_DQSB1_P,DDR_DQSB1_P,2,signal,,14.2,15.875,,"{""net"": ""DDR_DQSB1_P"", ""soc_ball"": ""B18"", ""soc_actual_function"": ""DDR_DQSB1P"", ""dram_ball"": ""W10"", ""dram_actual_function"": ""DQS1_t_B"", ""sink_group"": ""B_BYTE1"", ""soc_package_trace_um"": ""6516.79"", ""guide_alias_hazard"": ""LP4 DQSB1P/N aliases repeated across DQS0 and DQS2; resolve from actual schematic/official pinout"", ""board_delay_ps"": ""UNROUTED"", ""dram_package_delay_ps"": ""UNAVAILABLE"", ""status"": ""SOURCE_JOINED_CONSTRAINT_INPUT_NOT_TIMING_PASS""}",0.3,U2,U2:W10,"[2.8, 4.875]"
W11,VSS,GND,GND,390,ground,,15.0,15.875,,,0.3,U2,U2:W11,"[3.6, 4.875]"
W12,VDDQ,VDD1P1_DDR_IO,VDD1P1_DDR_IO,86,power,,15.8,15.875,,,0.3,U2,U2:W12,"[4.4, 4.875]"
Y1,VSS,GND,GND,390,ground,,7.0,16.525,,,0.3,U2,U2:Y1,"[-4.4, 5.525]"
Y2,DQ1_B,DDR_DQB1,DDR_DQB1,2,signal,,7.8,16.525,,"{""net"": ""DDR_DQB1"", ""soc_ball"": ""A17"", ""soc_actual_function"": ""DDR_DQB4"", ""dram_ball"": ""Y2"", ""dram_actual_function"": ""DQ1_B"", ""sink_group"": ""B_BYTE0"", ""soc_package_trace_um"": ""5037.71"", ""guide_alias_hazard"": """", ""board_delay_ps"": ""UNROUTED"", ""dram_package_delay_ps"": ""UNAVAILABLE"", ""status"": ""SOURCE_JOINED_CONSTRAINT_INPUT_NOT_TIMING_PASS""}",0.3,U2,U2:Y2,"[-3.6, 5.525]"
Y3,DMI0_B,DDR_DMIB0,DDR_DMIB0,2,signal,,8.6,16.525,,"{""net"": ""DDR_DMIB0"", ""soc_ball"": ""C15"", ""soc_actual_function"": ""DDR_DMIB0"", ""dram_ball"": ""Y3"", ""dram_actual_function"": ""DMI0_B"", ""sink_group"": ""B_BYTE0"", ""soc_package_trace_um"": ""4509.87"", ""guide_alias_hazard"": """", ""board_delay_ps"": ""UNROUTED"", ""dram_package_delay_ps"": ""UNAVAILABLE"", ""status"": ""SOURCE_JOINED_CONSTRAINT_INPUT_NOT_TIMING_PASS""}",0.3,U2,U2:Y3,"[-2.8, 5.525]"
Y4,DQ6_B,DDR_DQB6,DDR_DQB6,2,signal,,9.4,16.525,,"{""net"": ""DDR_DQB6"", ""soc_ball"": ""C16"", ""soc_actual_function"": ""DDR_DQB6"", ""dram_ball"": ""Y4"", ""dram_actual_function"": ""DQ6_B"", ""sink_group"": ""B_BYTE0"", ""soc_package_trace_um"": ""4381.95"", ""guide_alias_hazard"": """", ""board_delay_ps"": ""UNROUTED"", ""dram_package_delay_ps"": ""UNAVAILABLE"", ""status"": ""SOURCE_JOINED_CONSTRAINT_INPUT_NOT_TIMING_PASS""}",0.3,U2,U2:Y4,"[-2.0, 5.525]"
Y5,VSS,GND,GND,390,ground,,10.2,16.525,,,0.3,U2,U2:Y5,"[-1.2, 5.525]"
Y8,VSS,GND,GND,390,ground,,12.6,16.525,,,0.3,U2,U2:Y8,"[1.2, 5.525]"
Y9,DQ14_B,DDR_DQB14,DDR_DQB14,2,signal,,13.4,16.525,,"{""net"": ""DDR_DQB14"", ""soc_ball"": ""C19"", ""soc_actual_function"": ""DDR_DQB8"", ""dram_ball"": ""Y9"", ""dram_actual_function"": ""DQ14_B"", ""sink_group"": ""B_BYTE1"", ""soc_package_trace_um"": ""6640.84"", ""guide_alias_hazard"": """", ""board_delay_ps"": ""UNROUTED"", ""dram_package_delay_ps"": ""UNAVAILABLE"", ""status"": ""SOURCE_JOINED_CONSTRAINT_INPUT_NOT_TIMING_PASS""}",0.3,U2,U2:Y9,"[2.0, 5.525]"
Y10,DMI1_B,DDR_DMIB1,DDR_DMIB1,2,signal,,14.2,16.525,,"{""net"": ""DDR_DMIB1"", ""soc_ball"": ""D18"", ""soc_actual_function"": ""DDR_DMIB1"", ""dram_ball"": ""Y10"", ""dram_actual_function"": ""DMI1_B"", ""sink_group"": ""B_BYTE1"", ""soc_package_trace_um"": ""5275.38"", ""guide_alias_hazard"": """", ""board_delay_ps"": ""UNROUTED"", ""dram_package_delay_ps"": ""UNAVAILABLE"", ""status"": ""SOURCE_JOINED_CONSTRAINT_INPUT_NOT_TIMING_PASS""}",0.3,U2,U2:Y10,"[2.8, 5.525]"
Y11,DQ9_B,DDR_DQB9,DDR_DQB9,2,signal,,15.0,16.525,,"{""net"": ""DDR_DQB9"", ""soc_ball"": ""C17"", ""soc_actual_function"": ""DDR_DQB15"", ""dram_ball"": ""Y11"", ""dram_actual_function"": ""DQ9_B"", ""sink_group"": ""B_BYTE1"", ""soc_package_trace_um"": ""4038.16"", ""guide_alias_hazard"": """", ""board_delay_ps"": ""UNROUTED"", ""dram_package_delay_ps"": ""UNAVAILABLE"", ""status"": ""SOURCE_JOINED_CONSTRAINT_INPUT_NOT_TIMING_PASS""}",0.3,U2,U2:Y11,"[3.6, 5.525]"
Y12,VSS,GND,GND,390,ground,,15.8,16.525,,,0.3,U2,U2:Y12,"[4.4, 5.525]"
AA1,DNU,,unconnected-(U2E-DNU-PadAA1),1,unused,,7.0,17.175,,,0.3,U2,U2:AA1,"[-4.4, 6.175]"
AA2,DQ0_B,DDR_DQB0,DDR_DQB0,2,signal,,7.8,17.175,,"{""net"": ""DDR_DQB0"", ""soc_ball"": ""A14"", ""soc_actual_function"": ""DDR_DQB3"", ""dram_ball"": ""AA2"", ""dram_actual_function"": ""DQ0_B"", ""sink_group"": ""B_BYTE0"", ""soc_package_trace_um"": ""5608.52"", ""guide_alias_hazard"": """", ""board_delay_ps"": ""UNROUTED"", ""dram_package_delay_ps"": ""UNAVAILABLE"", ""status"": ""SOURCE_JOINED_CONSTRAINT_INPUT_NOT_TIMING_PASS""}",0.3,U2,U2:AA2,"[-3.6, 6.175]"
AA3,VDDQ,VDD1P1_DDR_IO,VDD1P1_DDR_IO,86,power,,8.6,17.175,,,0.3,U2,U2:AA3,"[-2.8, 6.175]"
AA4,DQ7_B,DDR_DQB7,DDR_DQB7,2,signal,,9.4,17.175,,"{""net"": ""DDR_DQB7"", ""soc_ball"": ""B17"", ""soc_actual_function"": ""DDR_DQB7"", ""dram_ball"": ""AA4"", ""dram_actual_function"": ""DQ7_B"", ""sink_group"": ""B_BYTE0"", ""soc_package_trace_um"": ""5515.88"", ""guide_alias_hazard"": """", ""board_delay_ps"": ""UNROUTED"", ""dram_package_delay_ps"": ""UNAVAILABLE"", ""status"": ""SOURCE_JOINED_CONSTRAINT_INPUT_NOT_TIMING_PASS""}",0.3,U2,U2:AA4,"[-2.0, 6.175]"
AA5,VDDQ,VDD1P1_DDR_IO,VDD1P1_DDR_IO,86,power,,10.2,17.175,,,0.3,U2,U2:AA5,"[-1.2, 6.175]"
AA8,VDDQ,VDD1P1_DDR_IO,VDD1P1_DDR_IO,86,power,,12.6,17.175,,,0.3,U2,U2:AA8,"[1.2, 6.175]"
AA9,DQ15_B,DDR_DQB15,DDR_DQB15,2,signal,,13.4,17.175,,"{""net"": ""DDR_DQB15"", ""soc_ball"": ""B19"", ""soc_actual_function"": ""DDR_DQB9"", ""dram_ball"": ""AA9"", ""dram_actual_function"": ""DQ15_B"", ""sink_group"": ""B_BYTE1"", ""soc_package_trace_um"": ""6879.01"", ""guide_alias_hazard"": """", ""board_delay_ps"": ""UNROUTED"", ""dram_package_delay_ps"": ""UNAVAILABLE"", ""status"": ""SOURCE_JOINED_CONSTRAINT_INPUT_NOT_TIMING_PASS""}",0.3,U2,U2:AA9,"[2.0, 6.175]"
AA10,VDDQ,VDD1P1_DDR_IO,VDD1P1_DDR_IO,86,power,,14.2,17.175,,,0.3,U2,U2:AA10,"[2.8, 6.175]"
AA11,DQ8_B,DDR_DQB8,DDR_DQB8,2,signal,,15.0,17.175,,"{""net"": ""DDR_DQB8"", ""soc_ball"": ""C18"", ""soc_actual_function"": ""DDR_DQB12"", ""dram_ball"": ""AA11"", ""dram_actual_function"": ""DQ8_B"", ""sink_group"": ""B_BYTE1"", ""soc_package_trace_um"": ""5598.19"", ""guide_alias_hazard"": """", ""board_delay_ps"": ""UNROUTED"", ""dram_package_delay_ps"": ""UNAVAILABLE"", ""status"": ""SOURCE_JOINED_CONSTRAINT_INPUT_NOT_TIMING_PASS""}",0.3,U2,U2:AA11,"[3.6, 6.175]"
AA12,DNU,,unconnected-(U2E-DNU-PadAA12),1,unused,,15.8,17.175,,,0.3,U2,U2:AA12,"[4.4, 6.175]"
AB1,DNU,,unconnected-(U2E-DNU-PadAB1),1,unused,,7.0,17.825,,,0.3,U2,U2:AB1,"[-4.4, 6.825]"
AB2,DNU,,unconnected-(U2E-DNU-PadAB2),1,unused,,7.8,17.825,,,0.3,U2,U2:AB2,"[-3.6, 6.825]"
AB3,VSS,GND,GND,390,ground,,8.6,17.825,,,0.3,U2,U2:AB3,"[-2.8, 6.825]"
AB4,VDD2,VDD1P1_DDR_IO,VDD1P1_DDR_IO,86,power,,9.4,17.825,,,0.3,U2,U2:AB4,"[-2.0, 6.825]"
AB5,VSS,GND,GND,390,ground,,10.2,17.825,,,0.3,U2,U2:AB5,"[-1.2, 6.825]"
AB8,VSS,GND,GND,390,ground,,12.6,17.825,,,0.3,U2,U2:AB8,"[1.2, 6.825]"
AB9,VDD2,VDD1P1_DDR_IO,VDD1P1_DDR_IO,86,power,,13.4,17.825,,,0.3,U2,U2:AB9,"[2.0, 6.825]"
AB10,VSS,GND,GND,390,ground,,14.2,17.825,,,0.3,U2,U2:AB10,"[2.8, 6.825]"
AB11,DNU,,unconnected-(U2E-DNU-PadAB11),1,unused,,15.0,17.825,,,0.3,U2,U2:AB11,"[3.6, 6.825]"
AB12,DNU,,unconnected-(U2E-DNU-PadAB12),1,unused,,15.8,17.825,,,0.3,U2,U2:AB12,"[4.4, 6.825]"
