net_a,net_b,group_a,group_b,layer,scope,closest_segment_a,closest_segment_b,minimum_centerline_mm,minimum_copper_edge_mm,pair_internal,figure054_factor,nominal_H_mm,figure054_edge_gap_target_mm,below_figure054_edge_gap,text3W_edge_interpretation_below,text3W_center_interpretation_below,within_pair_gap_qualified
DDR_CAA0,DDR_CAA1,A_ADDRESS_COMMAND,A_ADDRESS_COMMAND,L3,K230_local_fanout_only,track:U1:M19:L3:395:0,track:U1:L16:L3:428:0,1.1718041645,1.0702041645,False,3,0.13,0.39,False,False,False,
DDR_CAA0,DDR_CAA1,A_ADDRESS_COMMAND,A_ADDRESS_COMMAND,L3,all_inner_layer_traces,track:U1:M19:L3:395:0,track:U1:L16:L3:428:0,1.1718041645,1.0702041645,False,3,0.13,0.39,False,False,False,
DDR_CAA0,DDR_CAA2,A_ADDRESS_COMMAND,A_ADDRESS_COMMAND,L3,K230_local_fanout_only,track:U1:M19:L3:395:0,track:U1:N19:L3:396:3,0.325,0.2234,False,3,0.13,0.39,True,True,False,
DDR_CAA0,DDR_CAA2,A_ADDRESS_COMMAND,A_ADDRESS_COMMAND,L3,all_inner_layer_traces,track:U1:M19:L3:395:0,track:U1:N19:L3:396:3,0.325,0.2234,False,3,0.13,0.39,True,True,False,
DDR_CAA0,DDR_CAA3,A_ADDRESS_COMMAND,A_ADDRESS_COMMAND,L3,K230_local_fanout_only,track:U1:M19:L3:395:0,track:U1:N20:L3:383:0,0.65,0.5484,False,3,0.13,0.39,False,False,False,
DDR_CAA0,DDR_CAA3,A_ADDRESS_COMMAND,A_ADDRESS_COMMAND,L3,all_inner_layer_traces,track:U1:M19:L3:395:0,track:U1:N20:L3:383:0,0.65,0.5484,False,3,0.13,0.39,False,False,False,
DDR_CAA0,DDR_CAA4,A_ADDRESS_COMMAND,A_ADDRESS_COMMAND,L3,K230_local_fanout_only,track:U1:M19:L3:395:0,track:U1:M18:L3:409:4,0.325,0.2234,False,3,0.13,0.39,True,True,False,
DDR_CAA0,DDR_CAA4,A_ADDRESS_COMMAND,A_ADDRESS_COMMAND,L3,all_inner_layer_traces,track:U1:M19:L3:395:0,track:U1:M18:L3:409:4,0.325,0.2234,False,3,0.13,0.39,True,True,False,
DDR_CAA0,DDR_CAA5,A_ADDRESS_COMMAND,A_ADDRESS_COMMAND,L3,K230_local_fanout_only,track:U1:M19:L3:395:0,track:U1:P19:L3:397:3,0.975,0.8734,False,3,0.13,0.39,False,False,False,
DDR_CAA0,DDR_CAA5,A_ADDRESS_COMMAND,A_ADDRESS_COMMAND,L3,actual_interconnect_only,track:DDR_CAA0:L3:742:0,track:DDR_CAA5:L3:723:0,0.975,0.8734,False,3,0.13,0.39,False,False,False,
DDR_CAA0,DDR_CAA5,A_ADDRESS_COMMAND,A_ADDRESS_COMMAND,L3,all_inner_layer_traces,track:U1:M19:L3:395:0,track:U1:P19:L3:397:3,0.975,0.8734,False,3,0.13,0.39,False,False,False,
DDR_CAA0,DDR_CKEA0,A_ADDRESS_COMMAND,A_ADDRESS_COMMAND,L3,K230_local_fanout_only,track:U1:M19:L3:395:0,track:U1:N17:L3:422:6,0.6345827862,0.5329827862,False,3,0.13,0.39,False,False,False,
DDR_CAA0,DDR_CKEA0,A_ADDRESS_COMMAND,A_ADDRESS_COMMAND,L3,actual_interconnect_only,track:DDR_CAA0:L3:742:2,track:DDR_CKEA0:L3:739:3,0.2211475752,0.1195475752,False,3,0.13,0.39,True,True,True,
DDR_CAA0,DDR_CKEA0,A_ADDRESS_COMMAND,A_ADDRESS_COMMAND,L3,all_inner_layer_traces,track:DDR_CAA0:L3:742:2,track:DDR_CKEA0:L3:739:3,0.2211475752,0.1195475752,False,3,0.13,0.39,True,True,True,
DDR_CAA0,DDR_CLKA_N,A_ADDRESS_COMMAND,A_ADDRESS_COMMAND,L3,K230_local_fanout_only,track:U1:M19:L3:395:0,track:U1:R20:L3:376:0,1.95,1.8484,False,3,0.13,0.39,False,False,False,
DDR_CAA0,DDR_CLKA_N,A_ADDRESS_COMMAND,A_ADDRESS_COMMAND,L3,actual_interconnect_only,track:DDR_CAA0:L3:742:0,track:DDR_CLKA_N:L3:720:9,0.975,0.8734,False,3,0.13,0.39,False,False,False,
DDR_CAA0,DDR_CLKA_N,A_ADDRESS_COMMAND,A_ADDRESS_COMMAND,L3,all_inner_layer_traces,track:DDR_CAA0:L3:742:0,track:DDR_CLKA_N:L3:720:9,0.975,0.8734,False,3,0.13,0.39,False,False,False,
DDR_CAA0,DDR_CLKA_P,A_ADDRESS_COMMAND,A_ADDRESS_COMMAND,L3,K230_local_fanout_only,track:U1:M19:L3:395:0,track:U1:R19:L3:375:3,1.625,1.5234,False,3,0.13,0.39,False,False,False,
DDR_CAA0,DDR_CLKA_P,A_ADDRESS_COMMAND,A_ADDRESS_COMMAND,L3,actual_interconnect_only,track:DDR_CAA0:L3:742:0,track:DDR_CLKA_P:L3:719:1,1.3,1.1984,False,3,0.13,0.39,False,False,False,
DDR_CAA0,DDR_CLKA_P,A_ADDRESS_COMMAND,A_ADDRESS_COMMAND,L3,all_inner_layer_traces,track:DDR_CAA0:L3:742:0,track:DDR_CLKA_P:L3:719:1,1.3,1.1984,False,3,0.13,0.39,False,False,False,
DDR_CAA0,DDR_CSA0,A_ADDRESS_COMMAND,A_ADDRESS_COMMAND,L3,K230_local_fanout_only,track:U1:M19:L3:395:0,track:U1:T20:L3:384:0,2.6,2.4984,False,3,0.13,0.39,False,False,False,
DDR_CAA0,DDR_CSA0,A_ADDRESS_COMMAND,A_ADDRESS_COMMAND,L3,all_inner_layer_traces,track:U1:M19:L3:395:0,track:U1:T20:L3:384:0,2.6,2.4984,False,3,0.13,0.39,False,False,False,
DDR_CAA0,DDR_DMIA0,A_ADDRESS_COMMAND,A_BYTE0,L3,K230_local_fanout_only,track:U1:M19:L3:395:0,track:U1:V17:L3:414:4,3.575,3.4734,False,3,0.13,0.39,False,False,False,
DDR_CAA0,DDR_DMIA0,A_ADDRESS_COMMAND,A_BYTE0,L3,actual_interconnect_only,track:DDR_CAA0:L3:742:17,track:DDR_DMIA0:L3:740:2,0.2298097039,0.1282097039,False,3,0.13,0.39,True,True,True,
DDR_CAA0,DDR_DMIA0,A_ADDRESS_COMMAND,A_BYTE0,L3,all_inner_layer_traces,track:DDR_CAA0:L3:742:17,track:DDR_DMIA0:L3:740:2,0.2298097039,0.1282097039,False,3,0.13,0.39,True,True,True,
DDR_CAA0,DDR_DMIB1,A_ADDRESS_COMMAND,B_BYTE1,L3,K230_local_fanout_only,track:U1:M19:L3:395:0,track:U1:D18:L3:405:0,5.2,5.0984,False,3,0.13,0.39,False,False,False,
DDR_CAA0,DDR_DMIB1,A_ADDRESS_COMMAND,B_BYTE1,L3,all_inner_layer_traces,track:U1:M19:L3:395:0,track:U1:D18:L3:405:0,5.2,5.0984,False,3,0.13,0.39,False,False,False,
DDR_CAA0,DDR_DQA0,A_ADDRESS_COMMAND,A_BYTE0,L3,K230_local_fanout_only,track:U1:M19:L3:395:0,track:U1:Y16:L3:386:0,5.5536024345,5.4520024345,False,3,0.13,0.39,False,False,False,
DDR_CAA0,DDR_DQA0,A_ADDRESS_COMMAND,A_BYTE0,L3,actual_interconnect_only,track:DDR_CAA0:L3:742:20,track:DDR_DQA0:L3:743:31,2.275,2.1734,False,3,0.13,0.39,False,False,False,
DDR_CAA0,DDR_DQA0,A_ADDRESS_COMMAND,A_BYTE0,L3,all_inner_layer_traces,track:DDR_CAA0:L3:742:20,track:DDR_DQA0:L3:743:31,2.275,2.1734,False,3,0.13,0.39,False,False,False,
DDR_CAA0,DDR_DQA1,A_ADDRESS_COMMAND,A_BYTE0,L3,K230_local_fanout_only,track:U1:M19:L3:395:0,track:U1:V16:L3:413:0,4.3603325561,4.2587325561,False,3,0.13,0.39,False,False,False,
DDR_CAA0,DDR_DQA1,A_ADDRESS_COMMAND,A_BYTE0,L3,actual_interconnect_only,track:DDR_CAA0:L3:742:20,track:DDR_DQA1:L3:744:39,1.625,1.5234,False,3,0.13,0.39,False,False,False,
DDR_CAA0,DDR_DQA1,A_ADDRESS_COMMAND,A_BYTE0,L3,all_inner_layer_traces,track:DDR_CAA0:L3:742:20,track:DDR_DQA1:L3:744:39,1.625,1.5234,False,3,0.13,0.39,False,False,False,
DDR_CAA0,DDR_DQA2,A_ADDRESS_COMMAND,A_BYTE0,L3,K230_local_fanout_only,track:U1:M19:L3:395:0,track:U1:U17:L3:427:0,3.5003571246,3.3987571246,False,3,0.13,0.39,False,False,False,
DDR_CAA0,DDR_DQA2,A_ADDRESS_COMMAND,A_BYTE0,L3,actual_interconnect_only,track:DDR_CAA0:L3:742:20,track:DDR_DQA2:L3:745:47,0.325,0.2234,False,3,0.13,0.39,True,True,False,
DDR_CAA0,DDR_DQA2,A_ADDRESS_COMMAND,A_BYTE0,L3,all_inner_layer_traces,track:DDR_CAA0:L3:742:20,track:DDR_DQA2:L3:745:47,0.325,0.2234,False,3,0.13,0.39,True,True,False,
DDR_CAA0,DDR_DQA3,A_ADDRESS_COMMAND,A_BYTE0,L3,K230_local_fanout_only,track:U1:M19:L3:395:0,track:U1:T16:L3:430:4,2.275,2.1734,False,3,0.13,0.39,False,False,False,
DDR_CAA0,DDR_DQA3,A_ADDRESS_COMMAND,A_BYTE0,L3,actual_interconnect_only,track:DDR_CAA0:L3:742:26,track:DDR_DQA3:L3:741:38,0.24375,0.14215,False,3,0.13,0.39,True,True,True,
DDR_CAA0,DDR_DQA3,A_ADDRESS_COMMAND,A_BYTE0,L3,all_inner_layer_traces,track:DDR_CAA0:L3:742:26,track:DDR_DQA3:L3:741:38,0.24375,0.14215,False,3,0.13,0.39,True,True,True,
DDR_CAA0,DDR_DQA4,A_ADDRESS_COMMAND,A_BYTE0,L3,K230_local_fanout_only,track:U1:M19:L3:395:0,track:U1:U16:L3:426:4,2.925,2.8234,False,3,0.13,0.39,False,False,False,
DDR_CAA0,DDR_DQA4,A_ADDRESS_COMMAND,A_BYTE0,L3,actual_interconnect_only,track:DDR_CAA0:L3:742:11,track:DDR_DQA4:L3:735:0,0.4942244556,0.3926244556,False,3,0.13,0.39,False,False,False,
DDR_CAA0,DDR_DQA4,A_ADDRESS_COMMAND,A_BYTE0,L3,all_inner_layer_traces,track:DDR_CAA0:L3:742:11,track:DDR_DQA4:L3:735:0,0.4942244556,0.3926244556,False,3,0.13,0.39,False,False,False,
DDR_CAA0,DDR_DQA5,A_ADDRESS_COMMAND,A_BYTE0,L3,K230_local_fanout_only,track:U1:M19:L3:395:0,track:U1:V18:L3:415:0,3.9135182381,3.8119182381,False,3,0.13,0.39,False,False,False,
DDR_CAA0,DDR_DQA5,A_ADDRESS_COMMAND,A_BYTE0,L3,actual_interconnect_only,track:DDR_CAA0:L3:742:13,track:DDR_DQA5:L3:736:7,1.1256248265,1.0240248265,False,3,0.13,0.39,False,False,False,
DDR_CAA0,DDR_DQA5,A_ADDRESS_COMMAND,A_BYTE0,L3,all_inner_layer_traces,track:DDR_CAA0:L3:742:13,track:DDR_DQA5:L3:736:7,1.1256248265,1.0240248265,False,3,0.13,0.39,False,False,False,
DDR_CAA0,DDR_DQA6,A_ADDRESS_COMMAND,A_BYTE0,L3,K230_local_fanout_only,track:U1:M19:L3:395:0,track:U1:W18:L3:398:0,4.5961940777,4.4945940777,False,3,0.13,0.39,False,False,False,
DDR_CAA0,DDR_DQA6,A_ADDRESS_COMMAND,A_BYTE0,L3,all_inner_layer_traces,track:U1:M19:L3:395:0,track:U1:W18:L3:398:0,4.5961940777,4.4945940777,False,3,0.13,0.39,False,False,False,
DDR_CAA0,DDR_DQA7,A_ADDRESS_COMMAND,A_BYTE0,L3,K230_local_fanout_only,track:U1:M19:L3:395:0,track:U1:Y18:L3:387:0,5.2404675364,5.1388675364,False,3,0.13,0.39,False,False,False,
DDR_CAA0,DDR_DQA7,A_ADDRESS_COMMAND,A_BYTE0,L3,all_inner_layer_traces,track:U1:M19:L3:395:0,track:U1:Y18:L3:387:0,5.2404675364,5.1388675364,False,3,0.13,0.39,False,False,False,
DDR_CAA0,DDR_DQB10,A_ADDRESS_COMMAND,B_BYTE1,L3,K230_local_fanout_only,track:U1:M19:L3:395:0,track:U1:D17:L3:418:0,5.2906166937,5.1890166937,False,3,0.13,0.39,False,False,False,
DDR_CAA0,DDR_DQB10,A_ADDRESS_COMMAND,B_BYTE1,L3,actual_interconnect_only,track:DDR_CAA0:L3:742:0,track:DDR_DQB10:L3:726:5,4.55,4.4484,False,3,0.13,0.39,False,False,False,
DDR_CAA0,DDR_DQB10,A_ADDRESS_COMMAND,B_BYTE1,L3,all_inner_layer_traces,track:DDR_CAA0:L3:742:0,track:DDR_DQB10:L3:726:5,4.55,4.4484,False,3,0.13,0.39,False,False,False,
DDR_CAA0,DDR_DQB11,A_ADDRESS_COMMAND,B_BYTE1,L3,K230_local_fanout_only,track:U1:M19:L3:395:0,track:U1:E17:L3:419:4,4.225,4.1234,False,3,0.13,0.39,False,False,False,
DDR_CAA0,DDR_DQB11,A_ADDRESS_COMMAND,B_BYTE1,L3,actual_interconnect_only,track:DDR_CAA0:L3:742:0,track:DDR_DQB11:L3:724:1,3.9,3.7984,False,3,0.13,0.39,False,False,False,
DDR_CAA0,DDR_DQB11,A_ADDRESS_COMMAND,B_BYTE1,L3,all_inner_layer_traces,track:DDR_CAA0:L3:742:0,track:DDR_DQB11:L3:724:1,3.9,3.7984,False,3,0.13,0.39,False,False,False,
DDR_CAA0,DDR_DQB12,A_ADDRESS_COMMAND,B_BYTE1,L3,K230_local_fanout_only,track:U1:M19:L3:395:0,track:U1:E18:L3:406:0,4.5615923755,4.4599923755,False,3,0.13,0.39,False,False,False,
DDR_CAA0,DDR_DQB12,A_ADDRESS_COMMAND,B_BYTE1,L3,actual_interconnect_only,track:DDR_CAA0:L3:742:0,track:DDR_DQB12:L3:730:6,3.575,3.4734,False,3,0.13,0.39,False,False,False,
DDR_CAA0,DDR_DQB12,A_ADDRESS_COMMAND,B_BYTE1,L3,all_inner_layer_traces,track:U1:M19:L3:395:0,track:DDR_DQB12:L3:730:6,3.575,3.4734,False,3,0.13,0.39,False,False,False,
DDR_CAA0,DDR_DQB13,A_ADDRESS_COMMAND,B_BYTE1,L3,K230_local_fanout_only,track:U1:M19:L3:395:0,track:U1:D16:L3:417:0,5.5536024345,5.4520024345,False,3,0.13,0.39,False,False,False,
DDR_CAA0,DDR_DQB13,A_ADDRESS_COMMAND,B_BYTE1,L3,actual_interconnect_only,track:DDR_CAA0:L3:742:0,track:DDR_DQB13:L3:738:23,4.55,4.4484,False,3,0.13,0.39,False,False,False,
DDR_CAA0,DDR_DQB13,A_ADDRESS_COMMAND,B_BYTE1,L3,all_inner_layer_traces,track:DDR_CAA0:L3:742:0,track:DDR_DQB13:L3:738:23,4.55,4.4484,False,3,0.13,0.39,False,False,False,
DDR_CAA0,DDR_DQB14,A_ADDRESS_COMMAND,B_BYTE1,L3,K230_local_fanout_only,track:U1:M19:L3:395:0,track:U1:C19:L3:392:0,5.85,5.7484,False,3,0.13,0.39,False,False,False,
DDR_CAA0,DDR_DQB14,A_ADDRESS_COMMAND,B_BYTE1,L3,all_inner_layer_traces,track:U1:M19:L3:395:0,track:U1:C19:L3:392:0,5.85,5.7484,False,3,0.13,0.39,False,False,False,
DDR_CAA0,DDR_DQB15,A_ADDRESS_COMMAND,B_BYTE1,L3,K230_local_fanout_only,track:U1:M19:L3:395:0,track:U1:B19:L3:391:0,6.5,6.3984,False,3,0.13,0.39,False,False,False,
DDR_CAA0,DDR_DQB15,A_ADDRESS_COMMAND,B_BYTE1,L3,all_inner_layer_traces,track:U1:M19:L3:395:0,track:U1:B19:L3:391:0,6.5,6.3984,False,3,0.13,0.39,False,False,False,
DDR_CAA0,DDR_DQB8,A_ADDRESS_COMMAND,B_BYTE1,L3,K230_local_fanout_only,track:U1:M19:L3:395:0,track:U1:C18:L3:404:0,5.8590208226,5.7574208226,False,3,0.13,0.39,False,False,False,
DDR_CAA0,DDR_DQB8,A_ADDRESS_COMMAND,B_BYTE1,L3,actual_interconnect_only,track:DDR_CAA0:L3:742:0,track:DDR_DQB8:L3:725:0,6.175,6.0734,False,3,0.13,0.39,False,False,False,
DDR_CAA0,DDR_DQB8,A_ADDRESS_COMMAND,B_BYTE1,L3,all_inner_layer_traces,track:U1:M19:L3:395:0,track:U1:C18:L3:404:0,5.8590208226,5.7574208226,False,3,0.13,0.39,False,False,False,
DDR_CAA0,DDR_DQB9,A_ADDRESS_COMMAND,B_BYTE1,L3,K230_local_fanout_only,track:U1:M19:L3:395:0,track:U1:C17:L3:403:0,5.9927038972,5.8911038972,False,3,0.13,0.39,False,False,False,
DDR_CAA0,DDR_DQB9,A_ADDRESS_COMMAND,B_BYTE1,L3,all_inner_layer_traces,track:U1:M19:L3:395:0,track:U1:C17:L3:403:0,5.9927038972,5.8911038972,False,3,0.13,0.39,False,False,False,
DDR_CAA0,DDR_DQSA0_N,A_ADDRESS_COMMAND,A_BYTE0,L3,K230_local_fanout_only,track:U1:M19:L3:395:0,track:U1:Y17:L3:368:0,5.3600373133,5.2584373133,False,3,0.13,0.39,False,False,False,
DDR_CAA0,DDR_DQSA0_N,A_ADDRESS_COMMAND,A_BYTE0,L3,actual_interconnect_only,track:DDR_CAA0:L3:742:17,track:DDR_DQSA0_N:L3:711:41,0.6393966883,0.5377966883,False,3,0.13,0.39,False,False,False,
DDR_CAA0,DDR_DQSA0_N,A_ADDRESS_COMMAND,A_BYTE0,L3,all_inner_layer_traces,track:DDR_CAA0:L3:742:17,track:DDR_DQSA0_N:L3:711:41,0.6393966883,0.5377966883,False,3,0.13,0.39,False,False,False,
DDR_CAA0,DDR_DQSA0_P,A_ADDRESS_COMMAND,A_BYTE0,L3,K230_local_fanout_only,track:U1:M19:L3:395:0,track:U1:W17:L3:367:0,4.732071428,4.630471428,False,3,0.13,0.39,False,False,False,
DDR_CAA0,DDR_DQSA0_P,A_ADDRESS_COMMAND,A_BYTE0,L3,actual_interconnect_only,track:DDR_CAA0:L3:742:19,track:DDR_DQSA0_P:L3:712:35,1.1319231423,1.0303231423,False,3,0.13,0.39,False,False,False,
DDR_CAA0,DDR_DQSA0_P,A_ADDRESS_COMMAND,A_BYTE0,L3,all_inner_layer_traces,track:DDR_CAA0:L3:742:19,track:DDR_DQSA0_P:L3:712:35,1.1319231423,1.0303231423,False,3,0.13,0.39,False,False,False,
DDR_CAA0,DDR_DQSB1_N,A_ADDRESS_COMMAND,B_BYTE1,L3,K230_local_fanout_only,track:U1:M19:L3:395:0,track:U1:A18:L3:374:0,7.1794846612,7.0778846612,False,3,0.13,0.39,False,False,False,
DDR_CAA0,DDR_DQSB1_N,A_ADDRESS_COMMAND,B_BYTE1,L3,actual_interconnect_only,track:DDR_CAA0:L3:742:0,track:DDR_DQSB1_N:L3:717:9,4.55,4.4484,False,3,0.13,0.39,False,False,False,
DDR_CAA0,DDR_DQSB1_N,A_ADDRESS_COMMAND,B_BYTE1,L3,all_inner_layer_traces,track:DDR_CAA0:L3:742:0,track:DDR_DQSB1_N:L3:717:9,4.55,4.4484,False,3,0.13,0.39,False,False,False,
DDR_CAA0,DDR_DQSB1_P,A_ADDRESS_COMMAND,B_BYTE1,L3,K230_local_fanout_only,track:U1:M19:L3:395:0,track:U1:B18:L3:373:0,6.5324191537,6.4308191537,False,3,0.13,0.39,False,False,False,
DDR_CAA0,DDR_DQSB1_P,A_ADDRESS_COMMAND,B_BYTE1,L3,actual_interconnect_only,track:DDR_CAA0:L3:742:0,track:DDR_DQSB1_P:L3:718:15,5.2,5.0984,False,3,0.13,0.39,False,False,False,
DDR_CAA0,DDR_DQSB1_P,A_ADDRESS_COMMAND,B_BYTE1,L3,all_inner_layer_traces,track:DDR_CAA0:L3:742:0,track:DDR_DQSB1_P:L3:718:15,5.2,5.0984,False,3,0.13,0.39,False,False,False,
DDR_CAA1,DDR_CAA2,A_ADDRESS_COMMAND,A_ADDRESS_COMMAND,L3,K230_local_fanout_only,track:U1:L16:L3:428:0,track:U1:N19:L3:396:0,1.625,1.5234,False,3,0.13,0.39,False,False,False,
DDR_CAA1,DDR_CAA2,A_ADDRESS_COMMAND,A_ADDRESS_COMMAND,L3,all_inner_layer_traces,track:U1:L16:L3:428:0,track:U1:N19:L3:396:0,1.625,1.5234,False,3,0.13,0.39,False,False,False,
DDR_CAA1,DDR_CAA3,A_ADDRESS_COMMAND,A_ADDRESS_COMMAND,L3,K230_local_fanout_only,track:U1:L16:L3:428:0,track:U1:N20:L3:383:0,2.0810153772,1.9794153772,False,3,0.13,0.39,False,False,False,
DDR_CAA1,DDR_CAA3,A_ADDRESS_COMMAND,A_ADDRESS_COMMAND,L3,all_inner_layer_traces,track:U1:L16:L3:428:0,track:U1:N20:L3:383:0,2.0810153772,1.9794153772,False,3,0.13,0.39,False,False,False,
DDR_CAA1,DDR_CAA4,A_ADDRESS_COMMAND,A_ADDRESS_COMMAND,L3,K230_local_fanout_only,track:U1:L16:L3:428:0,track:U1:M18:L3:409:0,0.7267220927,0.6251220927,False,3,0.13,0.39,False,False,False,
DDR_CAA1,DDR_CAA4,A_ADDRESS_COMMAND,A_ADDRESS_COMMAND,L3,all_inner_layer_traces,track:U1:L16:L3:428:0,track:U1:M18:L3:409:0,0.7267220927,0.6251220927,False,3,0.13,0.39,False,False,False,
DDR_CAA1,DDR_CAA5,A_ADDRESS_COMMAND,A_ADDRESS_COMMAND,L3,K230_local_fanout_only,track:U1:L16:L3:428:0,track:U1:P19:L3:397:3,2.1327157716,2.0311157716,False,3,0.13,0.39,False,False,False,
DDR_CAA1,DDR_CAA5,A_ADDRESS_COMMAND,A_ADDRESS_COMMAND,L3,all_inner_layer_traces,track:U1:L16:L3:428:0,track:U1:P19:L3:397:3,2.1327157716,2.0311157716,False,3,0.13,0.39,False,False,False,
DDR_CAA1,DDR_CKEA0,A_ADDRESS_COMMAND,A_ADDRESS_COMMAND,L3,K230_local_fanout_only,track:U1:L16:L3:428:0,track:U1:N17:L3:422:3,0.3350023321,0.2334023321,False,3,0.13,0.39,True,True,False,
DDR_CAA1,DDR_CKEA0,A_ADDRESS_COMMAND,A_ADDRESS_COMMAND,L3,all_inner_layer_traces,track:U1:L16:L3:428:0,track:U1:N17:L3:422:3,0.3350023321,0.2334023321,False,3,0.13,0.39,True,True,False,
DDR_CAA1,DDR_CLKA_N,A_ADDRESS_COMMAND,A_ADDRESS_COMMAND,L3,K230_local_fanout_only,track:U1:L16:L3:428:0,track:U1:R20:L3:376:0,3.0660438679,2.9644438679,False,3,0.13,0.39,False,False,False,
DDR_CAA1,DDR_CLKA_N,A_ADDRESS_COMMAND,A_ADDRESS_COMMAND,L3,all_inner_layer_traces,track:U1:L16:L3:428:0,track:U1:R20:L3:376:0,3.0660438679,2.9644438679,False,3,0.13,0.39,False,False,False,
DDR_CAA1,DDR_CLKA_P,A_ADDRESS_COMMAND,A_ADDRESS_COMMAND,L3,K230_local_fanout_only,track:U1:L16:L3:428:0,track:U1:R19:L3:375:3,2.6614801451,2.5598801451,False,3,0.13,0.39,False,False,False,
DDR_CAA1,DDR_CLKA_P,A_ADDRESS_COMMAND,A_ADDRESS_COMMAND,L3,all_inner_layer_traces,track:U1:L16:L3:428:0,track:U1:R19:L3:375:3,2.6614801451,2.5598801451,False,3,0.13,0.39,False,False,False,
DDR_CAA1,DDR_CSA0,A_ADDRESS_COMMAND,A_ADDRESS_COMMAND,L3,K230_local_fanout_only,track:U1:L16:L3:428:0,track:U1:T20:L3:384:0,3.6336104634,3.5320104634,False,3,0.13,0.39,False,False,False,
DDR_CAA1,DDR_CSA0,A_ADDRESS_COMMAND,A_ADDRESS_COMMAND,L3,all_inner_layer_traces,track:U1:L16:L3:428:0,track:U1:T20:L3:384:0,3.6336104634,3.5320104634,False,3,0.13,0.39,False,False,False,
DDR_CAA1,DDR_DMIA0,A_ADDRESS_COMMAND,A_BYTE0,L3,K230_local_fanout_only,track:U1:L16:L3:428:0,track:U1:V17:L3:414:3,4.2257811778,4.1241811778,False,3,0.13,0.39,False,False,False,
DDR_CAA1,DDR_DMIA0,A_ADDRESS_COMMAND,A_BYTE0,L3,all_inner_layer_traces,track:U1:L16:L3:428:0,track:U1:V17:L3:414:3,4.2257811778,4.1241811778,False,3,0.13,0.39,False,False,False,
DDR_CAA1,DDR_DMIB1,A_ADDRESS_COMMAND,B_BYTE1,L3,K230_local_fanout_only,track:U1:L16:L3:428:4,track:U1:D18:L3:405:0,3.575,3.4734,False,3,0.13,0.39,False,False,False,
DDR_CAA1,DDR_DMIB1,A_ADDRESS_COMMAND,B_BYTE1,L3,all_inner_layer_traces,track:U1:L16:L3:428:4,track:U1:D18:L3:405:0,3.575,3.4734,False,3,0.13,0.39,False,False,False,
DDR_CAA1,DDR_DQA0,A_ADDRESS_COMMAND,A_BYTE0,L3,K230_local_fanout_only,track:U1:L16:L3:428:0,track:U1:Y16:L3:386:0,5.85,5.7484,False,3,0.13,0.39,False,False,False,
DDR_CAA1,DDR_DQA0,A_ADDRESS_COMMAND,A_BYTE0,L3,all_inner_layer_traces,track:U1:L16:L3:428:0,track:U1:Y16:L3:386:0,5.85,5.7484,False,3,0.13,0.39,False,False,False,
DDR_CAA1,DDR_DQA1,A_ADDRESS_COMMAND,A_BYTE0,L3,K230_local_fanout_only,track:U1:L16:L3:428:0,track:U1:V16:L3:413:0,4.55,4.4484,False,3,0.13,0.39,False,False,False,
DDR_CAA1,DDR_DQA1,A_ADDRESS_COMMAND,A_BYTE0,L3,all_inner_layer_traces,track:U1:L16:L3:428:0,track:U1:V16:L3:413:0,4.55,4.4484,False,3,0.13,0.39,False,False,False,
DDR_CAA1,DDR_DQA2,A_ADDRESS_COMMAND,A_BYTE0,L3,K230_local_fanout_only,track:U1:L16:L3:428:0,track:U1:U17:L3:427:0,3.9,3.7984,False,3,0.13,0.39,False,False,False,
DDR_CAA1,DDR_DQA2,A_ADDRESS_COMMAND,A_BYTE0,L3,all_inner_layer_traces,track:U1:L16:L3:428:0,track:U1:U17:L3:427:0,3.9,3.7984,False,3,0.13,0.39,False,False,False,
DDR_CAA1,DDR_DQA3,A_ADDRESS_COMMAND,A_BYTE0,L3,K230_local_fanout_only,track:U1:L16:L3:428:0,track:U1:T16:L3:430:3,2.925,2.8234,False,3,0.13,0.39,False,False,False,
DDR_CAA1,DDR_DQA3,A_ADDRESS_COMMAND,A_BYTE0,L3,all_inner_layer_traces,track:U1:L16:L3:428:0,track:DDR_DQA3:L3:741:1,0.325,0.2234,False,3,0.13,0.39,True,True,False,
DDR_CAA1,DDR_DQA4,A_ADDRESS_COMMAND,A_BYTE0,L3,K230_local_fanout_only,track:U1:L16:L3:428:0,track:U1:U16:L3:426:3,3.575,3.4734,False,3,0.13,0.39,False,False,False,
DDR_CAA1,DDR_DQA4,A_ADDRESS_COMMAND,A_BYTE0,L3,all_inner_layer_traces,track:U1:L16:L3:428:0,track:U1:U16:L3:426:3,3.575,3.4734,False,3,0.13,0.39,False,False,False,
DDR_CAA1,DDR_DQA5,A_ADDRESS_COMMAND,A_BYTE0,L3,K230_local_fanout_only,track:U1:L16:L3:428:0,track:U1:V18:L3:415:0,4.5615923755,4.4599923755,False,3,0.13,0.39,False,False,False,
DDR_CAA1,DDR_DQA5,A_ADDRESS_COMMAND,A_BYTE0,L3,all_inner_layer_traces,track:U1:L16:L3:428:0,track:U1:V18:L3:415:0,4.5615923755,4.4599923755,False,3,0.13,0.39,False,False,False,
DDR_CAA1,DDR_DQA6,A_ADDRESS_COMMAND,A_BYTE0,L3,K230_local_fanout_only,track:U1:L16:L3:428:0,track:U1:W18:L3:398:0,5.2101463511,5.1085463511,False,3,0.13,0.39,False,False,False,
DDR_CAA1,DDR_DQA6,A_ADDRESS_COMMAND,A_BYTE0,L3,all_inner_layer_traces,track:U1:L16:L3:428:0,track:U1:W18:L3:398:0,5.2101463511,5.1085463511,False,3,0.13,0.39,False,False,False,
DDR_CAA1,DDR_DQA7,A_ADDRESS_COMMAND,A_BYTE0,L3,K230_local_fanout_only,track:U1:L16:L3:428:0,track:U1:Y18:L3:387:0,5.8590208226,5.7574208226,False,3,0.13,0.39,False,False,False,
DDR_CAA1,DDR_DQA7,A_ADDRESS_COMMAND,A_BYTE0,L3,all_inner_layer_traces,track:U1:L16:L3:428:0,track:U1:Y18:L3:387:0,5.8590208226,5.7574208226,False,3,0.13,0.39,False,False,False,
DDR_CAA1,DDR_DQB10,A_ADDRESS_COMMAND,B_BYTE1,L3,K230_local_fanout_only,track:U1:L16:L3:428:3,track:U1:D17:L3:418:0,3.5759231763,3.4743231763,False,3,0.13,0.39,False,False,False,
DDR_CAA1,DDR_DQB10,A_ADDRESS_COMMAND,B_BYTE1,L3,all_inner_layer_traces,track:U1:L16:L3:428:3,track:U1:D17:L3:418:0,3.5759231763,3.4743231763,False,3,0.13,0.39,False,False,False,
DDR_CAA1,DDR_DQB11,A_ADDRESS_COMMAND,B_BYTE1,L3,K230_local_fanout_only,track:U1:L16:L3:428:3,track:U1:E17:L3:419:3,2.6,2.4984,False,3,0.13,0.39,False,False,False,
DDR_CAA1,DDR_DQB11,A_ADDRESS_COMMAND,B_BYTE1,L3,all_inner_layer_traces,track:U1:L16:L3:428:3,track:U1:E17:L3:419:3,2.6,2.4984,False,3,0.13,0.39,False,False,False,
DDR_CAA1,DDR_DQB12,A_ADDRESS_COMMAND,B_BYTE1,L3,K230_local_fanout_only,track:U1:L16:L3:428:4,track:U1:E18:L3:406:0,2.925,2.8234,False,3,0.13,0.39,False,False,False,
DDR_CAA1,DDR_DQB12,A_ADDRESS_COMMAND,B_BYTE1,L3,all_inner_layer_traces,track:U1:L16:L3:428:3,track:DDR_DQB12:L3:730:6,1.95,1.8484,False,3,0.13,0.39,False,False,False,
DDR_CAA1,DDR_DQB13,A_ADDRESS_COMMAND,B_BYTE1,L3,K230_local_fanout_only,track:U1:L16:L3:428:3,track:U1:D16:L3:417:0,3.7277726678,3.6261726678,False,3,0.13,0.39,False,False,False,
DDR_CAA1,DDR_DQB13,A_ADDRESS_COMMAND,B_BYTE1,L3,all_inner_layer_traces,track:U1:L16:L3:428:3,track:U1:D16:L3:417:0,3.7277726678,3.6261726678,False,3,0.13,0.39,False,False,False,
DDR_CAA1,DDR_DQB14,A_ADDRESS_COMMAND,B_BYTE1,L3,K230_local_fanout_only,track:U1:L16:L3:428:4,track:U1:C19:L3:392:0,4.225,4.1234,False,3,0.13,0.39,False,False,False,
DDR_CAA1,DDR_DQB14,A_ADDRESS_COMMAND,B_BYTE1,L3,all_inner_layer_traces,track:U1:L16:L3:428:4,track:U1:C19:L3:392:0,4.225,4.1234,False,3,0.13,0.39,False,False,False,
DDR_CAA1,DDR_DQB15,A_ADDRESS_COMMAND,B_BYTE1,L3,K230_local_fanout_only,track:U1:L16:L3:428:4,track:U1:B19:L3:391:0,4.875,4.7734,False,3,0.13,0.39,False,False,False,
DDR_CAA1,DDR_DQB15,A_ADDRESS_COMMAND,B_BYTE1,L3,all_inner_layer_traces,track:U1:L16:L3:428:4,track:U1:B19:L3:391:0,4.875,4.7734,False,3,0.13,0.39,False,False,False,
DDR_CAA1,DDR_DQB8,A_ADDRESS_COMMAND,B_BYTE1,L3,K230_local_fanout_only,track:U1:L16:L3:428:4,track:U1:C18:L3:404:0,4.225,4.1234,False,3,0.13,0.39,False,False,False,
DDR_CAA1,DDR_DQB8,A_ADDRESS_COMMAND,B_BYTE1,L3,all_inner_layer_traces,track:U1:L16:L3:428:4,track:U1:C18:L3:404:0,4.225,4.1234,False,3,0.13,0.39,False,False,False,
DDR_CAA1,DDR_DQB9,A_ADDRESS_COMMAND,B_BYTE1,L3,K230_local_fanout_only,track:U1:L16:L3:428:3,track:U1:C17:L3:403:0,4.2444863131,4.1428863131,False,3,0.13,0.39,False,False,False,
DDR_CAA1,DDR_DQB9,A_ADDRESS_COMMAND,B_BYTE1,L3,all_inner_layer_traces,track:U1:L16:L3:428:3,track:U1:C17:L3:403:0,4.2444863131,4.1428863131,False,3,0.13,0.39,False,False,False,
DDR_CAA1,DDR_DQSA0_N,A_ADDRESS_COMMAND,A_BYTE0,L3,K230_local_fanout_only,track:U1:L16:L3:428:0,track:U1:Y17:L3:368:0,5.85,5.7484,False,3,0.13,0.39,False,False,False,
DDR_CAA1,DDR_DQSA0_N,A_ADDRESS_COMMAND,A_BYTE0,L3,all_inner_layer_traces,track:U1:L16:L3:428:0,track:U1:Y17:L3:368:0,5.85,5.7484,False,3,0.13,0.39,False,False,False,
DDR_CAA1,DDR_DQSA0_P,A_ADDRESS_COMMAND,A_BYTE0,L3,K230_local_fanout_only,track:U1:L16:L3:428:0,track:U1:W17:L3:367:0,5.2,5.0984,False,3,0.13,0.39,False,False,False,
DDR_CAA1,DDR_DQSA0_P,A_ADDRESS_COMMAND,A_BYTE0,L3,all_inner_layer_traces,track:U1:L16:L3:428:0,track:U1:W17:L3:367:0,5.2,5.0984,False,3,0.13,0.39,False,False,False,
DDR_CAA1,DDR_DQSB1_N,A_ADDRESS_COMMAND,B_BYTE1,L3,K230_local_fanout_only,track:U1:L16:L3:428:4,track:U1:A18:L3:374:0,5.525,5.4234,False,3,0.13,0.39,False,False,False,
DDR_CAA1,DDR_DQSB1_N,A_ADDRESS_COMMAND,B_BYTE1,L3,all_inner_layer_traces,track:U1:L16:L3:428:4,track:DDR_DQSB1_N:L3:717:9,4.3123777157,4.2107777157,False,3,0.13,0.39,False,False,False,
DDR_CAA1,DDR_DQSB1_P,A_ADDRESS_COMMAND,B_BYTE1,L3,K230_local_fanout_only,track:U1:L16:L3:428:4,track:U1:B18:L3:373:0,4.875,4.7734,False,3,0.13,0.39,False,False,False,
DDR_CAA1,DDR_DQSB1_P,A_ADDRESS_COMMAND,B_BYTE1,L3,all_inner_layer_traces,track:U1:L16:L3:428:4,track:DDR_DQSB1_P:L3:718:16,4.8314723429,4.7298723429,False,3,0.13,0.39,False,False,False,
DDR_CAA2,DDR_CAA3,A_ADDRESS_COMMAND,A_ADDRESS_COMMAND,L3,K230_local_fanout_only,track:U1:N19:L3:396:0,track:U1:N20:L3:383:0,0.325,0.2234,False,3,0.13,0.39,True,True,False,
DDR_CAA2,DDR_CAA3,A_ADDRESS_COMMAND,A_ADDRESS_COMMAND,L3,all_inner_layer_traces,track:U1:N19:L3:396:0,track:U1:N20:L3:383:0,0.325,0.2234,False,3,0.13,0.39,True,True,False,
DDR_CAA2,DDR_CAA4,A_ADDRESS_COMMAND,A_ADDRESS_COMMAND,L3,K230_local_fanout_only,track:U1:N19:L3:396:3,track:U1:M18:L3:409:4,0.65,0.5484,False,3,0.13,0.39,False,False,False,
DDR_CAA2,DDR_CAA4,A_ADDRESS_COMMAND,A_ADDRESS_COMMAND,L3,all_inner_layer_traces,track:U1:N19:L3:396:3,track:U1:M18:L3:409:4,0.65,0.5484,False,3,0.13,0.39,False,False,False,
DDR_CAA2,DDR_CAA5,A_ADDRESS_COMMAND,A_ADDRESS_COMMAND,L3,K230_local_fanout_only,track:U1:N19:L3:396:0,track:U1:P19:L3:397:3,0.3350023321,0.2334023321,False,3,0.13,0.39,True,True,False,
DDR_CAA2,DDR_CAA5,A_ADDRESS_COMMAND,A_ADDRESS_COMMAND,L3,all_inner_layer_traces,track:U1:N19:L3:396:0,track:U1:P19:L3:397:3,0.3350023321,0.2334023321,False,3,0.13,0.39,True,True,False,
DDR_CAA2,DDR_CKEA0,A_ADDRESS_COMMAND,A_ADDRESS_COMMAND,L3,K230_local_fanout_only,track:U1:N19:L3:396:0,track:U1:N17:L3:422:0,0.975,0.8734,False,3,0.13,0.39,False,False,False,
DDR_CAA2,DDR_CKEA0,A_ADDRESS_COMMAND,A_ADDRESS_COMMAND,L3,all_inner_layer_traces,track:U1:N19:L3:396:0,track:U1:N17:L3:422:0,0.975,0.8734,False,3,0.13,0.39,False,False,False,
DDR_CAA2,DDR_CLKA_N,A_ADDRESS_COMMAND,A_ADDRESS_COMMAND,L3,K230_local_fanout_only,track:U1:N19:L3:396:0,track:U1:R20:L3:376:0,1.3400093283,1.2384093283,False,3,0.13,0.39,False,False,False,
DDR_CAA2,DDR_CLKA_N,A_ADDRESS_COMMAND,A_ADDRESS_COMMAND,L3,all_inner_layer_traces,track:U1:N19:L3:396:0,track:U1:R20:L3:376:0,1.3400093283,1.2384093283,False,3,0.13,0.39,False,False,False,
DDR_CAA2,DDR_CLKA_P,A_ADDRESS_COMMAND,A_ADDRESS_COMMAND,L3,K230_local_fanout_only,track:U1:N19:L3:396:0,track:U1:R19:L3:375:3,0.9783795595,0.8767795595,False,3,0.13,0.39,False,False,False,
DDR_CAA2,DDR_CLKA_P,A_ADDRESS_COMMAND,A_ADDRESS_COMMAND,L3,all_inner_layer_traces,track:U1:N19:L3:396:0,track:U1:R19:L3:375:3,0.9783795595,0.8767795595,False,3,0.13,0.39,False,False,False,
DDR_CAA2,DDR_CSA0,A_ADDRESS_COMMAND,A_ADDRESS_COMMAND,L3,K230_local_fanout_only,track:U1:N19:L3:396:0,track:U1:T20:L3:384:0,1.9768978223,1.8752978223,False,3,0.13,0.39,False,False,False,
DDR_CAA2,DDR_CSA0,A_ADDRESS_COMMAND,A_ADDRESS_COMMAND,L3,all_inner_layer_traces,track:U1:N19:L3:396:0,track:U1:T20:L3:384:0,1.9768978223,1.8752978223,False,3,0.13,0.39,False,False,False,
DDR_CAA2,DDR_DMIA0,A_ADDRESS_COMMAND,A_BYTE0,L3,K230_local_fanout_only,track:U1:N19:L3:396:0,track:U1:V17:L3:414:4,2.925,2.8234,False,3,0.13,0.39,False,False,False,
DDR_CAA2,DDR_DMIA0,A_ADDRESS_COMMAND,A_BYTE0,L3,all_inner_layer_traces,track:U1:N19:L3:396:0,track:U1:V17:L3:414:4,2.925,2.8234,False,3,0.13,0.39,False,False,False,
DDR_CAA2,DDR_DMIB1,A_ADDRESS_COMMAND,B_BYTE1,L3,K230_local_fanout_only,track:U1:N19:L3:396:3,track:U1:D18:L3:405:0,5.525,5.4234,False,3,0.13,0.39,False,False,False,
DDR_CAA2,DDR_DMIB1,A_ADDRESS_COMMAND,B_BYTE1,L3,all_inner_layer_traces,track:U1:N19:L3:396:3,track:U1:D18:L3:405:0,5.525,5.4234,False,3,0.13,0.39,False,False,False,
DDR_CAA2,DDR_DQA0,A_ADDRESS_COMMAND,A_BYTE0,L3,K230_local_fanout_only,track:U1:N19:L3:396:0,track:U1:Y16:L3:386:0,4.9502525188,4.8486525188,False,3,0.13,0.39,False,False,False,
DDR_CAA2,DDR_DQA0,A_ADDRESS_COMMAND,A_BYTE0,L3,all_inner_layer_traces,track:U1:N19:L3:396:0,track:U1:Y16:L3:386:0,4.9502525188,4.8486525188,False,3,0.13,0.39,False,False,False,
DDR_CAA2,DDR_DQA1,A_ADDRESS_COMMAND,A_BYTE0,L3,K230_local_fanout_only,track:U1:N19:L3:396:0,track:U1:V16:L3:413:0,3.7901187316,3.6885187316,False,3,0.13,0.39,False,False,False,
DDR_CAA2,DDR_DQA1,A_ADDRESS_COMMAND,A_BYTE0,L3,all_inner_layer_traces,track:U1:N19:L3:396:0,track:U1:V16:L3:413:0,3.7901187316,3.6885187316,False,3,0.13,0.39,False,False,False,
DDR_CAA2,DDR_DQA2,A_ADDRESS_COMMAND,A_BYTE0,L3,K230_local_fanout_only,track:U1:N19:L3:396:0,track:U1:U17:L3:427:0,2.9068883707,2.8052883707,False,3,0.13,0.39,False,False,False,
DDR_CAA2,DDR_DQA2,A_ADDRESS_COMMAND,A_BYTE0,L3,all_inner_layer_traces,track:U1:N19:L3:396:0,track:U1:U17:L3:427:0,2.9068883707,2.8052883707,False,3,0.13,0.39,False,False,False,
DDR_CAA2,DDR_DQA3,A_ADDRESS_COMMAND,A_BYTE0,L3,K230_local_fanout_only,track:U1:N19:L3:396:0,track:U1:T16:L3:430:4,1.625,1.5234,False,3,0.13,0.39,False,False,False,
DDR_CAA2,DDR_DQA3,A_ADDRESS_COMMAND,A_BYTE0,L3,all_inner_layer_traces,track:U1:N19:L3:396:0,track:U1:T16:L3:430:4,1.625,1.5234,False,3,0.13,0.39,False,False,False,
DDR_CAA2,DDR_DQA4,A_ADDRESS_COMMAND,A_BYTE0,L3,K230_local_fanout_only,track:U1:N19:L3:396:0,track:U1:U16:L3:426:4,2.275,2.1734,False,3,0.13,0.39,False,False,False,
DDR_CAA2,DDR_DQA4,A_ADDRESS_COMMAND,A_BYTE0,L3,all_inner_layer_traces,track:U1:N19:L3:396:0,track:U1:U16:L3:426:4,2.275,2.1734,False,3,0.13,0.39,False,False,False,
DDR_CAA2,DDR_DQA5,A_ADDRESS_COMMAND,A_BYTE0,L3,K230_local_fanout_only,track:U1:N19:L3:396:0,track:U1:V18:L3:415:0,3.2662095769,3.1646095769,False,3,0.13,0.39,False,False,False,
DDR_CAA2,DDR_DQA5,A_ADDRESS_COMMAND,A_BYTE0,L3,all_inner_layer_traces,track:U1:N19:L3:396:0,track:U1:V18:L3:415:0,3.2662095769,3.1646095769,False,3,0.13,0.39,False,False,False,
DDR_CAA2,DDR_DQA6,A_ADDRESS_COMMAND,A_BYTE0,L3,K230_local_fanout_only,track:U1:N19:L3:396:0,track:U1:W18:L3:398:0,3.9537956447,3.8521956447,False,3,0.13,0.39,False,False,False,
DDR_CAA2,DDR_DQA6,A_ADDRESS_COMMAND,A_BYTE0,L3,all_inner_layer_traces,track:U1:N19:L3:396:0,track:U1:W18:L3:398:0,3.9537956447,3.8521956447,False,3,0.13,0.39,False,False,False,
DDR_CAA2,DDR_DQA7,A_ADDRESS_COMMAND,A_BYTE0,L3,K230_local_fanout_only,track:U1:N19:L3:396:0,track:U1:Y18:L3:387:0,4.5961940777,4.4945940777,False,3,0.13,0.39,False,False,False,
DDR_CAA2,DDR_DQA7,A_ADDRESS_COMMAND,A_BYTE0,L3,all_inner_layer_traces,track:U1:N19:L3:396:0,track:U1:Y18:L3:387:0,4.5961940777,4.4945940777,False,3,0.13,0.39,False,False,False,
DDR_CAA2,DDR_DQB10,A_ADDRESS_COMMAND,B_BYTE1,L3,K230_local_fanout_only,track:U1:N19:L3:396:3,track:U1:D17:L3:418:0,5.6950396454,5.5934396454,False,3,0.13,0.39,False,False,False,
DDR_CAA2,DDR_DQB10,A_ADDRESS_COMMAND,B_BYTE1,L3,all_inner_layer_traces,track:U1:N19:L3:396:4,track:DDR_DQB10:L3:726:5,5.4560173204,5.3544173204,False,3,0.13,0.39,False,False,False,
DDR_CAA2,DDR_DQB11,A_ADDRESS_COMMAND,B_BYTE1,L3,K230_local_fanout_only,track:U1:N19:L3:396:3,track:U1:E17:L3:419:4,4.55,4.4484,False,3,0.13,0.39,False,False,False,
DDR_CAA2,DDR_DQB11,A_ADDRESS_COMMAND,B_BYTE1,L3,all_inner_layer_traces,track:U1:N19:L3:396:3,track:U1:E17:L3:419:4,4.55,4.4484,False,3,0.13,0.39,False,False,False,
DDR_CAA2,DDR_DQB12,A_ADDRESS_COMMAND,B_BYTE1,L3,K230_local_fanout_only,track:U1:N19:L3:396:3,track:U1:E18:L3:406:0,4.9295386764,4.8279386764,False,3,0.13,0.39,False,False,False,
DDR_CAA2,DDR_DQB12,A_ADDRESS_COMMAND,B_BYTE1,L3,all_inner_layer_traces,track:U1:N19:L3:396:3,track:DDR_DQB12:L3:730:6,3.9,3.7984,False,3,0.13,0.39,False,False,False,
DDR_CAA2,DDR_DQB13,A_ADDRESS_COMMAND,B_BYTE1,L3,K230_local_fanout_only,track:U1:N19:L3:396:3,track:U1:D16:L3:417:0,6.0064581129,5.9048581129,False,3,0.13,0.39,False,False,False,
DDR_CAA2,DDR_DQB13,A_ADDRESS_COMMAND,B_BYTE1,L3,all_inner_layer_traces,track:U1:N19:L3:396:3,track:U1:D16:L3:417:0,6.0064581129,5.9048581129,False,3,0.13,0.39,False,False,False,
DDR_CAA2,DDR_DQB14,A_ADDRESS_COMMAND,B_BYTE1,L3,K230_local_fanout_only,track:U1:N19:L3:396:3,track:U1:C19:L3:392:0,6.175,6.0734,False,3,0.13,0.39,False,False,False,
DDR_CAA2,DDR_DQB14,A_ADDRESS_COMMAND,B_BYTE1,L3,all_inner_layer_traces,track:U1:N19:L3:396:3,track:U1:C19:L3:392:0,6.175,6.0734,False,3,0.13,0.39,False,False,False,
DDR_CAA2,DDR_DQB15,A_ADDRESS_COMMAND,B_BYTE1,L3,K230_local_fanout_only,track:U1:N19:L3:396:3,track:U1:B19:L3:391:0,6.8370800831,6.7354800831,False,3,0.13,0.39,False,False,False,
DDR_CAA2,DDR_DQB15,A_ADDRESS_COMMAND,B_BYTE1,L3,all_inner_layer_traces,track:U1:N19:L3:396:3,track:U1:B19:L3:391:0,6.8370800831,6.7354800831,False,3,0.13,0.39,False,False,False,
DDR_CAA2,DDR_DQB8,A_ADDRESS_COMMAND,B_BYTE1,L3,K230_local_fanout_only,track:U1:N19:L3:396:3,track:U1:C18:L3:404:0,6.2181469557,6.1165469557,False,3,0.13,0.39,False,False,False,
DDR_CAA2,DDR_DQB8,A_ADDRESS_COMMAND,B_BYTE1,L3,all_inner_layer_traces,track:U1:N19:L3:396:3,track:U1:C18:L3:404:0,6.2181469557,6.1165469557,False,3,0.13,0.39,False,False,False,
DDR_CAA2,DDR_DQB9,A_ADDRESS_COMMAND,B_BYTE1,L3,K230_local_fanout_only,track:U1:N19:L3:396:3,track:U1:C17:L3:403:0,6.4063963398,6.3047963398,False,3,0.13,0.39,False,False,False,
DDR_CAA2,DDR_DQB9,A_ADDRESS_COMMAND,B_BYTE1,L3,all_inner_layer_traces,track:U1:N19:L3:396:3,track:U1:C17:L3:403:0,6.4063963398,6.3047963398,False,3,0.13,0.39,False,False,False,
DDR_CAA2,DDR_DQSA0_N,A_ADDRESS_COMMAND,A_BYTE0,L3,K230_local_fanout_only,track:U1:N19:L3:396:0,track:U1:Y17:L3:368:0,4.732071428,4.630471428,False,3,0.13,0.39,False,False,False,
DDR_CAA2,DDR_DQSA0_N,A_ADDRESS_COMMAND,A_BYTE0,L3,all_inner_layer_traces,track:U1:N19:L3:396:0,track:U1:Y17:L3:368:0,4.732071428,4.630471428,False,3,0.13,0.39,False,False,False,
DDR_CAA2,DDR_DQSA0_P,A_ADDRESS_COMMAND,A_BYTE0,L3,K230_local_fanout_only,track:U1:N19:L3:396:0,track:U1:W17:L3:367:0,4.1109609582,4.0093609582,False,3,0.13,0.39,False,False,False,
DDR_CAA2,DDR_DQSA0_P,A_ADDRESS_COMMAND,A_BYTE0,L3,all_inner_layer_traces,track:U1:N19:L3:396:0,track:U1:W17:L3:367:0,4.1109609582,4.0093609582,False,3,0.13,0.39,False,False,False,
DDR_CAA2,DDR_DQSB1_N,A_ADDRESS_COMMAND,B_BYTE1,L3,K230_local_fanout_only,track:U1:N19:L3:396:3,track:U1:A18:L3:374:0,7.5492575173,7.4476575173,False,3,0.13,0.39,False,False,False,
DDR_CAA2,DDR_DQSB1_N,A_ADDRESS_COMMAND,B_BYTE1,L3,all_inner_layer_traces,track:U1:N19:L3:396:4,track:DDR_DQSB1_N:L3:717:9,5.8143444654,5.7127444654,False,3,0.13,0.39,False,False,False,
DDR_CAA2,DDR_DQSB1_P,A_ADDRESS_COMMAND,B_BYTE1,L3,K230_local_fanout_only,track:U1:N19:L3:396:3,track:U1:B18:L3:373:0,6.90625,6.80465,False,3,0.13,0.39,False,False,False,
DDR_CAA2,DDR_DQSB1_P,A_ADDRESS_COMMAND,B_BYTE1,L3,all_inner_layer_traces,track:U1:N19:L3:396:4,track:DDR_DQSB1_P:L3:718:16,6.4100019501,6.3084019501,False,3,0.13,0.39,False,False,False,
DDR_CAA3,DDR_CAA4,A_ADDRESS_COMMAND,A_ADDRESS_COMMAND,L3,K230_local_fanout_only,track:U1:N20:L3:383:0,track:U1:M18:L3:409:4,0.975,0.8734,False,3,0.13,0.39,False,False,False,
DDR_CAA3,DDR_CAA4,A_ADDRESS_COMMAND,A_ADDRESS_COMMAND,L3,all_inner_layer_traces,track:U1:N20:L3:383:0,track:U1:M18:L3:409:4,0.975,0.8734,False,3,0.13,0.39,False,False,False,
DDR_CAA3,DDR_CAA5,A_ADDRESS_COMMAND,A_ADDRESS_COMMAND,L3,K230_local_fanout_only,track:U1:N20:L3:383:0,track:U1:P19:L3:397:4,0.325,0.2234,False,3,0.13,0.39,True,True,False,
DDR_CAA3,DDR_CAA5,A_ADDRESS_COMMAND,A_ADDRESS_COMMAND,L3,all_inner_layer_traces,track:U1:N20:L3:383:0,track:U1:P19:L3:397:4,0.325,0.2234,False,3,0.13,0.39,True,True,False,
DDR_CAA3,DDR_CKEA0,A_ADDRESS_COMMAND,A_ADDRESS_COMMAND,L3,K230_local_fanout_only,track:U1:N20:L3:383:0,track:U1:N17:L3:422:6,1.5522790704,1.4506790704,False,3,0.13,0.39,False,False,False,
DDR_CAA3,DDR_CKEA0,A_ADDRESS_COMMAND,A_ADDRESS_COMMAND,L3,all_inner_layer_traces,track:U1:N20:L3:383:0,track:U1:N17:L3:422:6,1.5522790704,1.4506790704,False,3,0.13,0.39,False,False,False,
DDR_CAA3,DDR_CLKA_N,A_ADDRESS_COMMAND,A_ADDRESS_COMMAND,L3,K230_local_fanout_only,track:U1:N20:L3:383:0,track:U1:R20:L3:376:0,1.3,1.1984,False,3,0.13,0.39,False,False,False,
DDR_CAA3,DDR_CLKA_N,A_ADDRESS_COMMAND,A_ADDRESS_COMMAND,L3,all_inner_layer_traces,track:U1:N20:L3:383:0,track:U1:R20:L3:376:0,1.3,1.1984,False,3,0.13,0.39,False,False,False,
DDR_CAA3,DDR_CLKA_P,A_ADDRESS_COMMAND,A_ADDRESS_COMMAND,L3,K230_local_fanout_only,track:U1:N20:L3:383:0,track:U1:R19:L3:375:4,0.975,0.8734,False,3,0.13,0.39,False,False,False,
DDR_CAA3,DDR_CLKA_P,A_ADDRESS_COMMAND,A_ADDRESS_COMMAND,L3,all_inner_layer_traces,track:U1:N20:L3:383:0,track:U1:R19:L3:375:4,0.975,0.8734,False,3,0.13,0.39,False,False,False,
DDR_CAA3,DDR_CSA0,A_ADDRESS_COMMAND,A_ADDRESS_COMMAND,L3,K230_local_fanout_only,track:U1:N20:L3:383:0,track:U1:T20:L3:384:0,1.95,1.8484,False,3,0.13,0.39,False,False,False,
DDR_CAA3,DDR_CSA0,A_ADDRESS_COMMAND,A_ADDRESS_COMMAND,L3,all_inner_layer_traces,track:U1:N20:L3:383:0,track:U1:T20:L3:384:0,1.95,1.8484,False,3,0.13,0.39,False,False,False,
DDR_CAA3,DDR_DMIA0,A_ADDRESS_COMMAND,A_BYTE0,L3,K230_local_fanout_only,track:U1:N20:L3:383:0,track:U1:V17:L3:414:4,2.925,2.8234,False,3,0.13,0.39,False,False,False,
DDR_CAA3,DDR_DMIA0,A_ADDRESS_COMMAND,A_BYTE0,L3,all_inner_layer_traces,track:U1:N20:L3:383:0,track:U1:V17:L3:414:4,2.925,2.8234,False,3,0.13,0.39,False,False,False,
DDR_CAA3,DDR_DMIB1,A_ADDRESS_COMMAND,B_BYTE1,L3,K230_local_fanout_only,track:U1:N20:L3:383:0,track:U1:D18:L3:405:0,5.85,5.7484,False,3,0.13,0.39,False,False,False,
DDR_CAA3,DDR_DMIB1,A_ADDRESS_COMMAND,B_BYTE1,L3,all_inner_layer_traces,track:U1:N20:L3:383:0,track:U1:D18:L3:405:0,5.85,5.7484,False,3,0.13,0.39,False,False,False,
DDR_CAA3,DDR_DQA0,A_ADDRESS_COMMAND,A_BYTE0,L3,K230_local_fanout_only,track:U1:N20:L3:383:0,track:U1:Y16:L3:386:0,5.2404675364,5.1388675364,False,3,0.13,0.39,False,False,False,
DDR_CAA3,DDR_DQA0,A_ADDRESS_COMMAND,A_BYTE0,L3,all_inner_layer_traces,track:U1:N20:L3:383:0,track:U1:Y16:L3:386:0,5.2404675364,5.1388675364,False,3,0.13,0.39,False,False,False,
DDR_CAA3,DDR_DQA1,A_ADDRESS_COMMAND,A_BYTE0,L3,K230_local_fanout_only,track:U1:N20:L3:383:0,track:U1:V16:L3:413:0,4.1620307543,4.0604307543,False,3,0.13,0.39,False,False,False,
DDR_CAA3,DDR_DQA1,A_ADDRESS_COMMAND,A_BYTE0,L3,all_inner_layer_traces,track:U1:N20:L3:383:0,track:U1:V16:L3:413:0,4.1620307543,4.0604307543,False,3,0.13,0.39,False,False,False,
DDR_CAA3,DDR_DQA2,A_ADDRESS_COMMAND,A_BYTE0,L3,K230_local_fanout_only,track:U1:N20:L3:383:0,track:U1:U17:L3:427:0,3.25,3.1484,False,3,0.13,0.39,False,False,False,
DDR_CAA3,DDR_DQA2,A_ADDRESS_COMMAND,A_BYTE0,L3,all_inner_layer_traces,track:U1:N20:L3:383:0,track:U1:U17:L3:427:0,3.25,3.1484,False,3,0.13,0.39,False,False,False,
DDR_CAA3,DDR_DQA3,A_ADDRESS_COMMAND,A_BYTE0,L3,K230_local_fanout_only,track:U1:N20:L3:383:0,track:U1:T16:L3:430:4,1.625,1.5234,False,3,0.13,0.39,False,False,False,
DDR_CAA3,DDR_DQA3,A_ADDRESS_COMMAND,A_BYTE0,L3,all_inner_layer_traces,track:U1:N20:L3:383:0,track:U1:T16:L3:430:4,1.625,1.5234,False,3,0.13,0.39,False,False,False,
DDR_CAA3,DDR_DQA4,A_ADDRESS_COMMAND,A_BYTE0,L3,K230_local_fanout_only,track:U1:N20:L3:383:0,track:U1:U16:L3:426:4,2.275,2.1734,False,3,0.13,0.39,False,False,False,
DDR_CAA3,DDR_DQA4,A_ADDRESS_COMMAND,A_BYTE0,L3,all_inner_layer_traces,track:U1:N20:L3:383:0,track:U1:U16:L3:426:4,2.275,2.1734,False,3,0.13,0.39,False,False,False,
DDR_CAA3,DDR_DQA5,A_ADDRESS_COMMAND,A_BYTE0,L3,K230_local_fanout_only,track:U1:N20:L3:383:0,track:U1:V18:L3:415:0,3.3930996154,3.2914996154,False,3,0.13,0.39,False,False,False,
DDR_CAA3,DDR_DQA5,A_ADDRESS_COMMAND,A_BYTE0,L3,all_inner_layer_traces,track:U1:N20:L3:383:0,track:U1:V18:L3:415:0,3.3930996154,3.2914996154,False,3,0.13,0.39,False,False,False,
DDR_CAA3,DDR_DQA6,A_ADDRESS_COMMAND,A_BYTE0,L3,K230_local_fanout_only,track:U1:N20:L3:383:0,track:U1:W18:L3:398:0,4.1109609582,4.0093609582,False,3,0.13,0.39,False,False,False,
DDR_CAA3,DDR_DQA6,A_ADDRESS_COMMAND,A_BYTE0,L3,all_inner_layer_traces,track:U1:N20:L3:383:0,track:U1:W18:L3:398:0,4.1109609582,4.0093609582,False,3,0.13,0.39,False,False,False,
DDR_CAA3,DDR_DQA7,A_ADDRESS_COMMAND,A_BYTE0,L3,K230_local_fanout_only,track:U1:N20:L3:383:0,track:U1:Y18:L3:387:0,4.732071428,4.630471428,False,3,0.13,0.39,False,False,False,
DDR_CAA3,DDR_DQA7,A_ADDRESS_COMMAND,A_BYTE0,L3,all_inner_layer_traces,track:U1:N20:L3:383:0,track:U1:Y18:L3:387:0,4.732071428,4.630471428,False,3,0.13,0.39,False,False,False,
DDR_CAA3,DDR_DQB10,A_ADDRESS_COMMAND,B_BYTE1,L3,K230_local_fanout_only,track:U1:N20:L3:383:0,track:U1:D17:L3:418:0,6.07150105,5.96990105,False,3,0.13,0.39,False,False,False,
DDR_CAA3,DDR_DQB10,A_ADDRESS_COMMAND,B_BYTE1,L3,all_inner_layer_traces,track:U1:N20:L3:383:0,track:DDR_DQB10:L3:726:5,5.7482606065,5.6466606065,False,3,0.13,0.39,False,False,False,
DDR_CAA3,DDR_DQB11,A_ADDRESS_COMMAND,B_BYTE1,L3,K230_local_fanout_only,track:U1:N20:L3:383:0,track:U1:E17:L3:419:4,4.875,4.7734,False,3,0.13,0.39,False,False,False,
DDR_CAA3,DDR_DQB11,A_ADDRESS_COMMAND,B_BYTE1,L3,all_inner_layer_traces,track:U1:N20:L3:383:0,track:U1:E17:L3:419:4,4.875,4.7734,False,3,0.13,0.39,False,False,False,
DDR_CAA3,DDR_DQB12,A_ADDRESS_COMMAND,B_BYTE1,L3,K230_local_fanout_only,track:U1:N20:L3:383:0,track:U1:E18:L3:406:0,5.2906166937,5.1890166937,False,3,0.13,0.39,False,False,False,
DDR_CAA3,DDR_DQB12,A_ADDRESS_COMMAND,B_BYTE1,L3,all_inner_layer_traces,track:U1:N20:L3:383:0,track:DDR_DQB12:L3:730:6,4.225,4.1234,False,3,0.13,0.39,False,False,False,
DDR_CAA3,DDR_DQB13,A_ADDRESS_COMMAND,B_BYTE1,L3,K230_local_fanout_only,track:U1:N20:L3:383:0,track:U1:D16:L3:417:0,6.4017575712,6.3001575712,False,3,0.13,0.39,False,False,False,
DDR_CAA3,DDR_DQB13,A_ADDRESS_COMMAND,B_BYTE1,L3,all_inner_layer_traces,track:U1:N20:L3:383:0,track:U1:D16:L3:417:0,6.4017575712,6.3001575712,False,3,0.13,0.39,False,False,False,
DDR_CAA3,DDR_DQB14,A_ADDRESS_COMMAND,B_BYTE1,L3,K230_local_fanout_only,track:U1:N20:L3:383:0,track:U1:C19:L3:392:0,6.5,6.3984,False,3,0.13,0.39,False,False,False,
DDR_CAA3,DDR_DQB14,A_ADDRESS_COMMAND,B_BYTE1,L3,all_inner_layer_traces,track:U1:N20:L3:383:0,track:U1:C19:L3:392:0,6.5,6.3984,False,3,0.13,0.39,False,False,False,
DDR_CAA3,DDR_DQB15,A_ADDRESS_COMMAND,B_BYTE1,L3,K230_local_fanout_only,track:U1:N20:L3:383:0,track:U1:B19:L3:391:0,7.1794846612,7.0778846612,False,3,0.13,0.39,False,False,False,
DDR_CAA3,DDR_DQB15,A_ADDRESS_COMMAND,B_BYTE1,L3,all_inner_layer_traces,track:U1:N20:L3:383:0,track:U1:B19:L3:391:0,7.1794846612,7.0778846612,False,3,0.13,0.39,False,False,False,
DDR_CAA3,DDR_DQB8,A_ADDRESS_COMMAND,B_BYTE1,L3,K230_local_fanout_only,track:U1:N20:L3:383:0,track:U1:C18:L3:404:0,6.5727182353,6.4711182353,False,3,0.13,0.39,False,False,False,
DDR_CAA3,DDR_DQB8,A_ADDRESS_COMMAND,B_BYTE1,L3,all_inner_layer_traces,track:U1:N20:L3:383:0,track:U1:C18:L3:404:0,6.5727182353,6.4711182353,False,3,0.13,0.39,False,False,False,
DDR_CAA3,DDR_DQB9,A_ADDRESS_COMMAND,B_BYTE1,L3,K230_local_fanout_only,track:U1:N20:L3:383:0,track:U1:C17:L3:403:0,6.7861992308,6.6845992308,False,3,0.13,0.39,False,False,False,
DDR_CAA3,DDR_DQB9,A_ADDRESS_COMMAND,B_BYTE1,L3,all_inner_layer_traces,track:U1:N20:L3:383:0,track:U1:C17:L3:403:0,6.7861992308,6.6845992308,False,3,0.13,0.39,False,False,False,
DDR_CAA3,DDR_DQSA0_N,A_ADDRESS_COMMAND,A_BYTE0,L3,K230_local_fanout_only,track:U1:N20:L3:383:0,track:U1:Y17:L3:368:0,4.9502525188,4.8486525188,False,3,0.13,0.39,False,False,False,
DDR_CAA3,DDR_DQSA0_N,A_ADDRESS_COMMAND,A_BYTE0,L3,all_inner_layer_traces,track:U1:N20:L3:383:0,track:U1:Y17:L3:368:0,4.9502525188,4.8486525188,False,3,0.13,0.39,False,False,False,
DDR_CAA3,DDR_DQSA0_P,A_ADDRESS_COMMAND,A_BYTE0,L3,K230_local_fanout_only,track:U1:N20:L3:383:0,track:U1:W17:L3:367:0,4.3603325561,4.2587325561,False,3,0.13,0.39,False,False,False,
DDR_CAA3,DDR_DQSA0_P,A_ADDRESS_COMMAND,A_BYTE0,L3,all_inner_layer_traces,track:U1:N20:L3:383:0,track:U1:W17:L3:367:0,4.3603325561,4.2587325561,False,3,0.13,0.39,False,False,False,
DDR_CAA3,DDR_DQSB1_N,A_ADDRESS_COMMAND,B_BYTE1,L3,K230_local_fanout_only,track:U1:N20:L3:383:0,track:U1:A18:L3:374:0,7.9075912894,7.8059912894,False,3,0.13,0.39,False,False,False,
DDR_CAA3,DDR_DQSB1_N,A_ADDRESS_COMMAND,B_BYTE1,L3,all_inner_layer_traces,track:U1:N20:L3:383:0,track:DDR_DQSB1_N:L3:717:9,6.0894151248,5.9878151248,False,3,0.13,0.39,False,False,False,
DDR_CAA3,DDR_DQSB1_P,A_ADDRESS_COMMAND,B_BYTE1,L3,K230_local_fanout_only,track:U1:N20:L3:383:0,track:U1:B18:L3:373:0,7.2672209269,7.1656209269,False,3,0.13,0.39,False,False,False,
DDR_CAA3,DDR_DQSB1_P,A_ADDRESS_COMMAND,B_BYTE1,L3,all_inner_layer_traces,track:U1:N20:L3:383:0,track:DDR_DQSB1_P:L3:718:16,6.6921595916,6.5905595916,False,3,0.13,0.39,False,False,False,
DDR_CAA4,DDR_CAA5,A_ADDRESS_COMMAND,A_ADDRESS_COMMAND,L3,K230_local_fanout_only,track:U1:M18:L3:409:0,track:U1:P19:L3:397:3,1.21875,1.11715,False,3,0.13,0.39,False,False,False,
DDR_CAA4,DDR_CAA5,A_ADDRESS_COMMAND,A_ADDRESS_COMMAND,L3,all_inner_layer_traces,track:U1:M18:L3:409:0,track:U1:P19:L3:397:3,1.21875,1.11715,False,3,0.13,0.39,False,False,False,
DDR_CAA4,DDR_CKEA0,A_ADDRESS_COMMAND,A_ADDRESS_COMMAND,L3,K230_local_fanout_only,track:U1:M18:L3:409:1,track:U1:N17:L3:422:6,0.2298097039,0.1282097039,False,3,0.13,0.39,True,True,True,
DDR_CAA4,DDR_CKEA0,A_ADDRESS_COMMAND,A_ADDRESS_COMMAND,L3,all_inner_layer_traces,track:U1:M18:L3:409:1,track:U1:N17:L3:422:6,0.2298097039,0.1282097039,False,3,0.13,0.39,True,True,True,
DDR_CAA4,DDR_CLKA_N,A_ADDRESS_COMMAND,A_ADDRESS_COMMAND,L3,K230_local_fanout_only,track:U1:M18:L3:409:0,track:U1:R20:L3:376:0,2.1801662781,2.0785662781,False,3,0.13,0.39,False,False,False,
DDR_CAA4,DDR_CLKA_N,A_ADDRESS_COMMAND,A_ADDRESS_COMMAND,L3,all_inner_layer_traces,track:U1:M18:L3:409:0,track:U1:R20:L3:376:0,2.1801662781,2.0785662781,False,3,0.13,0.39,False,False,False,
DDR_CAA4,DDR_CLKA_P,A_ADDRESS_COMMAND,A_ADDRESS_COMMAND,L3,K230_local_fanout_only,track:U1:M18:L3:409:0,track:U1:R19:L3:375:3,1.7819516162,1.6803516162,False,3,0.13,0.39,False,False,False,
DDR_CAA4,DDR_CLKA_P,A_ADDRESS_COMMAND,A_ADDRESS_COMMAND,L3,all_inner_layer_traces,track:U1:M18:L3:409:0,track:U1:R19:L3:375:3,1.7819516162,1.6803516162,False,3,0.13,0.39,False,False,False,
DDR_CAA4,DDR_CSA0,A_ADDRESS_COMMAND,A_ADDRESS_COMMAND,L3,K230_local_fanout_only,track:U1:M18:L3:409:0,track:U1:T20:L3:384:0,2.7768012172,2.6752012172,False,3,0.13,0.39,False,False,False,
DDR_CAA4,DDR_CSA0,A_ADDRESS_COMMAND,A_ADDRESS_COMMAND,L3,all_inner_layer_traces,track:U1:M18:L3:409:0,track:U1:T20:L3:384:0,2.7768012172,2.6752012172,False,3,0.13,0.39,False,False,False,
DDR_CAA4,DDR_DMIA0,A_ADDRESS_COMMAND,A_BYTE0,L3,K230_local_fanout_only,track:U1:M18:L3:409:0,track:U1:V17:L3:414:4,3.575,3.4734,False,3,0.13,0.39,False,False,False,
DDR_CAA4,DDR_DMIA0,A_ADDRESS_COMMAND,A_BYTE0,L3,all_inner_layer_traces,track:U1:M18:L3:409:0,track:U1:V17:L3:414:4,3.575,3.4734,False,3,0.13,0.39,False,False,False,
DDR_CAA4,DDR_DMIB1,A_ADDRESS_COMMAND,B_BYTE1,L3,K230_local_fanout_only,track:U1:M18:L3:409:3,track:U1:D18:L3:405:0,4.875,4.7734,False,3,0.13,0.39,False,False,False,
DDR_CAA4,DDR_DMIB1,A_ADDRESS_COMMAND,B_BYTE1,L3,all_inner_layer_traces,track:U1:M18:L3:409:3,track:U1:D18:L3:405:0,4.875,4.7734,False,3,0.13,0.39,False,False,False,
DDR_CAA4,DDR_DQA0,A_ADDRESS_COMMAND,A_BYTE0,L3,K230_local_fanout_only,track:U1:M18:L3:409:0,track:U1:Y16:L3:386:0,5.3600373133,5.2584373133,False,3,0.13,0.39,False,False,False,
DDR_CAA4,DDR_DQA0,A_ADDRESS_COMMAND,A_BYTE0,L3,all_inner_layer_traces,track:U1:M18:L3:409:0,track:U1:Y16:L3:386:0,5.3600373133,5.2584373133,False,3,0.13,0.39,False,False,False,
DDR_CAA4,DDR_DQA1,A_ADDRESS_COMMAND,A_BYTE0,L3,K230_local_fanout_only,track:U1:M18:L3:409:0,track:U1:V16:L3:413:0,4.1109609582,4.0093609582,False,3,0.13,0.39,False,False,False,
DDR_CAA4,DDR_DQA1,A_ADDRESS_COMMAND,A_BYTE0,L3,all_inner_layer_traces,track:U1:M18:L3:409:0,track:U1:V16:L3:413:0,4.1109609582,4.0093609582,False,3,0.13,0.39,False,False,False,
DDR_CAA4,DDR_DQA2,A_ADDRESS_COMMAND,A_BYTE0,L3,K230_local_fanout_only,track:U1:M18:L3:409:0,track:U1:U17:L3:427:0,3.3143626838,3.2127626838,False,3,0.13,0.39,False,False,False,
DDR_CAA4,DDR_DQA2,A_ADDRESS_COMMAND,A_BYTE0,L3,all_inner_layer_traces,track:U1:M18:L3:409:0,track:U1:U17:L3:427:0,3.3143626838,3.2127626838,False,3,0.13,0.39,False,False,False,
DDR_CAA4,DDR_DQA3,A_ADDRESS_COMMAND,A_BYTE0,L3,K230_local_fanout_only,track:U1:M18:L3:409:0,track:U1:T16:L3:430:4,2.275,2.1734,False,3,0.13,0.39,False,False,False,
DDR_CAA4,DDR_DQA3,A_ADDRESS_COMMAND,A_BYTE0,L3,all_inner_layer_traces,track:U1:M18:L3:409:0,track:DDR_DQA3:L3:741:1,0.975,0.8734,False,3,0.13,0.39,False,False,False,
DDR_CAA4,DDR_DQA4,A_ADDRESS_COMMAND,A_BYTE0,L3,K230_local_fanout_only,track:U1:M18:L3:409:0,track:U1:U16:L3:426:4,2.925,2.8234,False,3,0.13,0.39,False,False,False,
DDR_CAA4,DDR_DQA4,A_ADDRESS_COMMAND,A_BYTE0,L3,all_inner_layer_traces,track:U1:M18:L3:409:0,track:U1:U16:L3:426:4,2.925,2.8234,False,3,0.13,0.39,False,False,False,
DDR_CAA4,DDR_DQA5,A_ADDRESS_COMMAND,A_BYTE0,L3,K230_local_fanout_only,track:U1:M18:L3:409:0,track:U1:V18:L3:415:0,3.9,3.7984,False,3,0.13,0.39,False,False,False,
DDR_CAA4,DDR_DQA5,A_ADDRESS_COMMAND,A_BYTE0,L3,all_inner_layer_traces,track:U1:M18:L3:409:0,track:U1:V18:L3:415:0,3.9,3.7984,False,3,0.13,0.39,False,False,False,
DDR_CAA4,DDR_DQA6,A_ADDRESS_COMMAND,A_BYTE0,L3,K230_local_fanout_only,track:U1:M18:L3:409:0,track:U1:W18:L3:398:0,4.55,4.4484,False,3,0.13,0.39,False,False,False,
DDR_CAA4,DDR_DQA6,A_ADDRESS_COMMAND,A_BYTE0,L3,all_inner_layer_traces,track:U1:M18:L3:409:0,track:U1:W18:L3:398:0,4.55,4.4484,False,3,0.13,0.39,False,False,False,
DDR_CAA4,DDR_DQA7,A_ADDRESS_COMMAND,A_BYTE0,L3,K230_local_fanout_only,track:U1:M18:L3:409:0,track:U1:Y18:L3:387:0,5.2,5.0984,False,3,0.13,0.39,False,False,False,
DDR_CAA4,DDR_DQA7,A_ADDRESS_COMMAND,A_BYTE0,L3,all_inner_layer_traces,track:U1:M18:L3:409:0,track:U1:Y18:L3:387:0,5.2,5.0984,False,3,0.13,0.39,False,False,False,
DDR_CAA4,DDR_DQB10,A_ADDRESS_COMMAND,B_BYTE1,L3,K230_local_fanout_only,track:U1:M18:L3:409:3,track:U1:D17:L3:418:0,4.9295386764,4.8279386764,False,3,0.13,0.39,False,False,False,
DDR_CAA4,DDR_DQB10,A_ADDRESS_COMMAND,B_BYTE1,L3,all_inner_layer_traces,track:U1:M18:L3:409:4,track:DDR_DQB10:L3:726:5,4.8839661137,4.7823661137,False,3,0.13,0.39,False,False,False,
DDR_CAA4,DDR_DQB11,A_ADDRESS_COMMAND,B_BYTE1,L3,K230_local_fanout_only,track:U1:M18:L3:409:3,track:U1:E17:L3:419:4,3.9,3.7984,False,3,0.13,0.39,False,False,False,
DDR_CAA4,DDR_DQB11,A_ADDRESS_COMMAND,B_BYTE1,L3,all_inner_layer_traces,track:U1:M18:L3:409:3,track:U1:E17:L3:419:4,3.9,3.7984,False,3,0.13,0.39,False,False,False,
DDR_CAA4,DDR_DQB12,A_ADDRESS_COMMAND,B_BYTE1,L3,K230_local_fanout_only,track:U1:M18:L3:409:3,track:U1:E18:L3:406:0,4.2257811778,4.1241811778,False,3,0.13,0.39,False,False,False,
DDR_CAA4,DDR_DQB12,A_ADDRESS_COMMAND,B_BYTE1,L3,all_inner_layer_traces,track:U1:M18:L3:409:3,track:DDR_DQB12:L3:730:6,3.25,3.1484,False,3,0.13,0.39,False,False,False,
DDR_CAA4,DDR_DQB13,A_ADDRESS_COMMAND,B_BYTE1,L3,K230_local_fanout_only,track:U1:M18:L3:409:3,track:U1:D16:L3:417:0,5.1649698995,5.0633698995,False,3,0.13,0.39,False,False,False,
DDR_CAA4,DDR_DQB13,A_ADDRESS_COMMAND,B_BYTE1,L3,all_inner_layer_traces,track:U1:M18:L3:409:3,track:U1:D16:L3:417:0,5.1649698995,5.0633698995,False,3,0.13,0.39,False,False,False,
DDR_CAA4,DDR_DQB14,A_ADDRESS_COMMAND,B_BYTE1,L3,K230_local_fanout_only,track:U1:M18:L3:409:4,track:U1:C19:L3:392:0,5.525,5.4234,False,3,0.13,0.39,False,False,False,
DDR_CAA4,DDR_DQB14,A_ADDRESS_COMMAND,B_BYTE1,L3,all_inner_layer_traces,track:U1:M18:L3:409:4,track:U1:C19:L3:392:0,5.525,5.4234,False,3,0.13,0.39,False,False,False,
DDR_CAA4,DDR_DQB15,A_ADDRESS_COMMAND,B_BYTE1,L3,K230_local_fanout_only,track:U1:M18:L3:409:4,track:U1:B19:L3:391:0,6.175,6.0734,False,3,0.13,0.39,False,False,False,
DDR_CAA4,DDR_DQB15,A_ADDRESS_COMMAND,B_BYTE1,L3,all_inner_layer_traces,track:U1:M18:L3:409:4,track:U1:B19:L3:391:0,6.175,6.0734,False,3,0.13,0.39,False,False,False,
DDR_CAA4,DDR_DQB8,A_ADDRESS_COMMAND,B_BYTE1,L3,K230_local_fanout_only,track:U1:M18:L3:409:3,track:U1:C18:L3:404:0,5.5255973942,5.4239973942,False,3,0.13,0.39,False,False,False,
DDR_CAA4,DDR_DQB8,A_ADDRESS_COMMAND,B_BYTE1,L3,all_inner_layer_traces,track:U1:M18:L3:409:3,track:U1:C18:L3:404:0,5.5255973942,5.4239973942,False,3,0.13,0.39,False,False,False,
DDR_CAA4,DDR_DQB9,A_ADDRESS_COMMAND,B_BYTE1,L3,K230_local_fanout_only,track:U1:M18:L3:409:3,track:U1:C17:L3:403:0,5.6250590275,5.5234590275,False,3,0.13,0.39,False,False,False,
DDR_CAA4,DDR_DQB9,A_ADDRESS_COMMAND,B_BYTE1,L3,all_inner_layer_traces,track:U1:M18:L3:409:3,track:U1:C17:L3:403:0,5.6250590275,5.5234590275,False,3,0.13,0.39,False,False,False,
DDR_CAA4,DDR_DQSA0_N,A_ADDRESS_COMMAND,A_BYTE0,L3,K230_local_fanout_only,track:U1:M18:L3:409:0,track:U1:Y17:L3:368:0,5.2404675364,5.1388675364,False,3,0.13,0.39,False,False,False,
DDR_CAA4,DDR_DQSA0_N,A_ADDRESS_COMMAND,A_BYTE0,L3,all_inner_layer_traces,track:U1:M18:L3:409:0,track:U1:Y17:L3:368:0,5.2404675364,5.1388675364,False,3,0.13,0.39,False,False,False,
DDR_CAA4,DDR_DQSA0_P,A_ADDRESS_COMMAND,A_BYTE0,L3,K230_local_fanout_only,track:U1:M18:L3:409:0,track:U1:W17:L3:367:0,4.5961940777,4.4945940777,False,3,0.13,0.39,False,False,False,
DDR_CAA4,DDR_DQSA0_P,A_ADDRESS_COMMAND,A_BYTE0,L3,all_inner_layer_traces,track:U1:M18:L3:409:0,track:U1:W17:L3:367:0,4.5961940777,4.4945940777,False,3,0.13,0.39,False,False,False,
DDR_CAA4,DDR_DQSB1_N,A_ADDRESS_COMMAND,B_BYTE1,L3,K230_local_fanout_only,track:U1:M18:L3:409:3,track:U1:A18:L3:374:0,6.8370800831,6.7354800831,False,3,0.13,0.39,False,False,False,
DDR_CAA4,DDR_DQSB1_N,A_ADDRESS_COMMAND,B_BYTE1,L3,all_inner_layer_traces,track:U1:M18:L3:409:4,track:DDR_DQSB1_N:L3:717:9,5.28125,5.17965,False,3,0.13,0.39,False,False,False,
DDR_CAA4,DDR_DQSB1_P,A_ADDRESS_COMMAND,B_BYTE1,L3,K230_local_fanout_only,track:U1:M18:L3:409:3,track:U1:B18:L3:373:0,6.1883490579,6.0867490579,False,3,0.13,0.39,False,False,False,
DDR_CAA4,DDR_DQSB1_P,A_ADDRESS_COMMAND,B_BYTE1,L3,all_inner_layer_traces,track:U1:M18:L3:409:4,track:DDR_DQSB1_P:L3:718:16,5.8590208226,5.7574208226,False,3,0.13,0.39,False,False,False,
DDR_CAA5,DDR_CKEA0,A_ADDRESS_COMMAND,A_ADDRESS_COMMAND,L3,K230_local_fanout_only,track:U1:P19:L3:397:0,track:U1:N17:L3:422:0,1.1718041645,1.0702041645,False,3,0.13,0.39,False,False,False,
DDR_CAA5,DDR_CKEA0,A_ADDRESS_COMMAND,A_ADDRESS_COMMAND,L3,actual_interconnect_only,track:DDR_CAA5:L3:723:0,track:DDR_CKEA0:L3:739:0,1.95,1.8484,False,3,0.13,0.39,False,False,False,
DDR_CAA5,DDR_CKEA0,A_ADDRESS_COMMAND,A_ADDRESS_COMMAND,L3,all_inner_layer_traces,track:U1:P19:L3:397:0,track:U1:N17:L3:422:0,1.1718041645,1.0702041645,False,3,0.13,0.39,False,False,False,
DDR_CAA5,DDR_CLKA_N,A_ADDRESS_COMMAND,A_ADDRESS_COMMAND,L3,K230_local_fanout_only,track:U1:P19:L3:397:0,track:U1:R20:L3:376:0,0.7267220927,0.6251220927,False,3,0.13,0.39,False,False,False,
DDR_CAA5,DDR_CLKA_N,A_ADDRESS_COMMAND,A_ADDRESS_COMMAND,L3,actual_interconnect_only,track:DDR_CAA5:L3:723:0,track:DDR_CLKA_N:L3:720:0,0.975,0.8734,False,3,0.13,0.39,False,False,False,
DDR_CAA5,DDR_CLKA_N,A_ADDRESS_COMMAND,A_ADDRESS_COMMAND,L3,all_inner_layer_traces,track:U1:P19:L3:397:0,track:U1:R20:L3:376:0,0.7267220927,0.6251220927,False,3,0.13,0.39,False,False,False,
DDR_CAA5,DDR_CLKA_P,A_ADDRESS_COMMAND,A_ADDRESS_COMMAND,L3,K230_local_fanout_only,track:U1:P19:L3:397:0,track:U1:R19:L3:375:3,0.3350023321,0.2334023321,False,3,0.13,0.39,True,True,False,
DDR_CAA5,DDR_CLKA_P,A_ADDRESS_COMMAND,A_ADDRESS_COMMAND,L3,actual_interconnect_only,track:DDR_CAA5:L3:723:1,track:DDR_CLKA_P:L3:719:0,0.325,0.2234,False,3,0.13,0.39,True,True,False,
DDR_CAA5,DDR_CLKA_P,A_ADDRESS_COMMAND,A_ADDRESS_COMMAND,L3,all_inner_layer_traces,track:DDR_CAA5:L3:723:1,track:DDR_CLKA_P:L3:719:0,0.325,0.2234,False,3,0.13,0.39,True,True,False,
DDR_CAA5,DDR_CSA0,A_ADDRESS_COMMAND,A_ADDRESS_COMMAND,L3,K230_local_fanout_only,track:U1:P19:L3:397:0,track:U1:T20:L3:384:0,1.3400093283,1.2384093283,False,3,0.13,0.39,False,False,False,
DDR_CAA5,DDR_CSA0,A_ADDRESS_COMMAND,A_ADDRESS_COMMAND,L3,all_inner_layer_traces,track:U1:P19:L3:397:0,track:U1:T20:L3:384:0,1.3400093283,1.2384093283,False,3,0.13,0.39,False,False,False,
DDR_CAA5,DDR_DMIA0,A_ADDRESS_COMMAND,A_BYTE0,L3,K230_local_fanout_only,track:U1:P19:L3:397:0,track:U1:V17:L3:414:4,2.275,2.1734,False,3,0.13,0.39,False,False,False,
DDR_CAA5,DDR_DMIA0,A_ADDRESS_COMMAND,A_BYTE0,L3,actual_interconnect_only,track:DDR_CAA5:L3:723:1,track:DDR_DMIA0:L3:740:0,2.275,2.1734,False,3,0.13,0.39,False,False,False,
DDR_CAA5,DDR_DMIA0,A_ADDRESS_COMMAND,A_BYTE0,L3,all_inner_layer_traces,track:U1:P19:L3:397:0,track:U1:V17:L3:414:4,2.275,2.1734,False,3,0.13,0.39,False,False,False,
DDR_CAA5,DDR_DMIB1,A_ADDRESS_COMMAND,B_BYTE1,L3,K230_local_fanout_only,track:U1:P19:L3:397:3,track:U1:D18:L3:405:0,6.175,6.0734,False,3,0.13,0.39,False,False,False,
DDR_CAA5,DDR_DMIB1,A_ADDRESS_COMMAND,B_BYTE1,L3,all_inner_layer_traces,track:U1:P19:L3:397:3,track:U1:D18:L3:405:0,6.175,6.0734,False,3,0.13,0.39,False,False,False,
DDR_CAA5,DDR_DQA0,A_ADDRESS_COMMAND,A_BYTE0,L3,K230_local_fanout_only,track:U1:P19:L3:397:0,track:U1:Y16:L3:386:0,4.3603325561,4.2587325561,False,3,0.13,0.39,False,False,False,
DDR_CAA5,DDR_DQA0,A_ADDRESS_COMMAND,A_BYTE0,L3,actual_interconnect_only,track:DDR_CAA5:L3:723:1,track:DDR_DQA0:L3:743:12,5.93125,5.82965,False,3,0.13,0.39,False,False,False,
DDR_CAA5,DDR_DQA0,A_ADDRESS_COMMAND,A_BYTE0,L3,all_inner_layer_traces,track:U1:P19:L3:397:0,track:U1:Y16:L3:386:0,4.3603325561,4.2587325561,False,3,0.13,0.39,False,False,False,
DDR_CAA5,DDR_DQA1,A_ADDRESS_COMMAND,A_BYTE0,L3,K230_local_fanout_only,track:U1:P19:L3:397:0,track:U1:V16:L3:413:0,3.25,3.1484,False,3,0.13,0.39,False,False,False,
DDR_CAA5,DDR_DQA1,A_ADDRESS_COMMAND,A_BYTE0,L3,actual_interconnect_only,track:DDR_CAA5:L3:723:1,track:DDR_DQA1:L3:744:16,6.175,6.0734,False,3,0.13,0.39,False,False,False,
DDR_CAA5,DDR_DQA1,A_ADDRESS_COMMAND,A_BYTE0,L3,all_inner_layer_traces,track:U1:P19:L3:397:0,track:U1:V16:L3:413:0,3.25,3.1484,False,3,0.13,0.39,False,False,False,
DDR_CAA5,DDR_DQA2,A_ADDRESS_COMMAND,A_BYTE0,L3,K230_local_fanout_only,track:U1:P19:L3:397:0,track:U1:U17:L3:427:0,2.3436083291,2.2420083291,False,3,0.13,0.39,False,False,False,
DDR_CAA5,DDR_DQA2,A_ADDRESS_COMMAND,A_BYTE0,L3,actual_interconnect_only,track:DDR_CAA5:L3:723:1,track:DDR_DQA2:L3:745:20,6.41875,6.31715,False,3,0.13,0.39,False,False,False,
DDR_CAA5,DDR_DQA2,A_ADDRESS_COMMAND,A_BYTE0,L3,all_inner_layer_traces,track:U1:P19:L3:397:0,track:U1:U17:L3:427:0,2.3436083291,2.2420083291,False,3,0.13,0.39,False,False,False,
DDR_CAA5,DDR_DQA3,A_ADDRESS_COMMAND,A_BYTE0,L3,K230_local_fanout_only,track:U1:P19:L3:397:0,track:U1:T16:L3:430:4,0.975,0.8734,False,3,0.13,0.39,False,False,False,
DDR_CAA5,DDR_DQA3,A_ADDRESS_COMMAND,A_BYTE0,L3,actual_interconnect_only,track:DDR_CAA5:L3:723:0,track:DDR_DQA3:L3:741:0,1.3,1.1984,False,3,0.13,0.39,False,False,False,
DDR_CAA5,DDR_DQA3,A_ADDRESS_COMMAND,A_BYTE0,L3,all_inner_layer_traces,track:U1:P19:L3:397:0,track:U1:T16:L3:430:4,0.975,0.8734,False,3,0.13,0.39,False,False,False,
DDR_CAA5,DDR_DQA4,A_ADDRESS_COMMAND,A_BYTE0,L3,K230_local_fanout_only,track:U1:P19:L3:397:0,track:U1:U16:L3:426:4,1.625,1.5234,False,3,0.13,0.39,False,False,False,
DDR_CAA5,DDR_DQA4,A_ADDRESS_COMMAND,A_BYTE0,L3,actual_interconnect_only,track:DDR_CAA5:L3:723:1,track:DDR_DQA4:L3:735:0,1.625,1.5234,False,3,0.13,0.39,False,False,False,
DDR_CAA5,DDR_DQA4,A_ADDRESS_COMMAND,A_BYTE0,L3,all_inner_layer_traces,track:U1:P19:L3:397:0,track:U1:U16:L3:426:4,1.625,1.5234,False,3,0.13,0.39,False,False,False,
DDR_CAA5,DDR_DQA5,A_ADDRESS_COMMAND,A_BYTE0,L3,K230_local_fanout_only,track:U1:P19:L3:397:0,track:U1:V18:L3:415:0,2.6202337682,2.5186337682,False,3,0.13,0.39,False,False,False,
DDR_CAA5,DDR_DQA5,A_ADDRESS_COMMAND,A_BYTE0,L3,actual_interconnect_only,track:DDR_CAA5:L3:723:1,track:DDR_DQA5:L3:736:0,2.925,2.8234,False,3,0.13,0.39,False,False,False,
DDR_CAA5,DDR_DQA5,A_ADDRESS_COMMAND,A_BYTE0,L3,all_inner_layer_traces,track:U1:P19:L3:397:0,track:U1:V18:L3:415:0,2.6202337682,2.5186337682,False,3,0.13,0.39,False,False,False,
DDR_CAA5,DDR_DQA6,A_ADDRESS_COMMAND,A_BYTE0,L3,K230_local_fanout_only,track:U1:P19:L3:397:0,track:U1:W18:L3:398:0,3.3143626838,3.2127626838,False,3,0.13,0.39,False,False,False,
DDR_CAA5,DDR_DQA6,A_ADDRESS_COMMAND,A_BYTE0,L3,all_inner_layer_traces,track:U1:P19:L3:397:0,track:U1:W18:L3:398:0,3.3143626838,3.2127626838,False,3,0.13,0.39,False,False,False,
DDR_CAA5,DDR_DQA7,A_ADDRESS_COMMAND,A_BYTE0,L3,K230_local_fanout_only,track:U1:P19:L3:397:0,track:U1:Y18:L3:387:0,3.9537956447,3.8521956447,False,3,0.13,0.39,False,False,False,
DDR_CAA5,DDR_DQA7,A_ADDRESS_COMMAND,A_BYTE0,L3,all_inner_layer_traces,track:U1:P19:L3:397:0,track:U1:Y18:L3:387:0,3.9537956447,3.8521956447,False,3,0.13,0.39,False,False,False,
DDR_CAA5,DDR_DQB10,A_ADDRESS_COMMAND,B_BYTE1,L3,K230_local_fanout_only,track:U1:P19:L3:397:3,track:U1:D17:L3:418:0,6.3275964285,6.2259964285,False,3,0.13,0.39,False,False,False,
DDR_CAA5,DDR_DQB10,A_ADDRESS_COMMAND,B_BYTE1,L3,actual_interconnect_only,track:DDR_CAA5:L3:723:0,track:DDR_DQB10:L3:726:5,5.525,5.4234,False,3,0.13,0.39,False,False,False,
DDR_CAA5,DDR_DQB10,A_ADDRESS_COMMAND,B_BYTE1,L3,all_inner_layer_traces,track:DDR_CAA5:L3:723:0,track:DDR_DQB10:L3:726:5,5.525,5.4234,False,3,0.13,0.39,False,False,False,
DDR_CAA5,DDR_DQB11,A_ADDRESS_COMMAND,B_BYTE1,L3,K230_local_fanout_only,track:U1:P19:L3:397:3,track:U1:E17:L3:419:4,5.2,5.0984,False,3,0.13,0.39,False,False,False,
DDR_CAA5,DDR_DQB11,A_ADDRESS_COMMAND,B_BYTE1,L3,actual_interconnect_only,track:DDR_CAA5:L3:723:0,track:DDR_DQB11:L3:724:1,4.875,4.7734,False,3,0.13,0.39,False,False,False,
DDR_CAA5,DDR_DQB11,A_ADDRESS_COMMAND,B_BYTE1,L3,all_inner_layer_traces,track:DDR_CAA5:L3:723:0,track:DDR_DQB11:L3:724:1,4.875,4.7734,False,3,0.13,0.39,False,False,False,
DDR_CAA5,DDR_DQB12,A_ADDRESS_COMMAND,B_BYTE1,L3,K230_local_fanout_only,track:U1:P19:L3:397:3,track:U1:E18:L3:406:0,5.5731814579,5.4715814579,False,3,0.13,0.39,False,False,False,
DDR_CAA5,DDR_DQB12,A_ADDRESS_COMMAND,B_BYTE1,L3,actual_interconnect_only,track:DDR_CAA5:L3:723:0,track:DDR_DQB12:L3:730:6,4.55,4.4484,False,3,0.13,0.39,False,False,False,
DDR_CAA5,DDR_DQB12,A_ADDRESS_COMMAND,B_BYTE1,L3,all_inner_layer_traces,track:U1:P19:L3:397:3,track:DDR_DQB12:L3:730:6,4.55,4.4484,False,3,0.13,0.39,False,False,False,
DDR_CAA5,DDR_DQB13,A_ADDRESS_COMMAND,B_BYTE1,L3,K230_local_fanout_only,track:U1:P19:L3:397:3,track:U1:D16:L3:417:0,6.6092767428,6.5076767428,False,3,0.13,0.39,False,False,False,
DDR_CAA5,DDR_DQB13,A_ADDRESS_COMMAND,B_BYTE1,L3,actual_interconnect_only,track:DDR_CAA5:L3:723:0,track:DDR_DQB13:L3:738:23,5.7520105181,5.6504105181,False,3,0.13,0.39,False,False,False,
DDR_CAA5,DDR_DQB13,A_ADDRESS_COMMAND,B_BYTE1,L3,all_inner_layer_traces,track:DDR_CAA5:L3:723:0,track:DDR_DQB13:L3:738:23,5.7520105181,5.6504105181,False,3,0.13,0.39,False,False,False,
DDR_CAA5,DDR_DQB14,A_ADDRESS_COMMAND,B_BYTE1,L3,K230_local_fanout_only,track:U1:P19:L3:397:3,track:U1:C19:L3:392:0,6.825,6.7234,False,3,0.13,0.39,False,False,False,
DDR_CAA5,DDR_DQB14,A_ADDRESS_COMMAND,B_BYTE1,L3,all_inner_layer_traces,track:U1:P19:L3:397:3,track:U1:C19:L3:392:0,6.825,6.7234,False,3,0.13,0.39,False,False,False,
DDR_CAA5,DDR_DQB15,A_ADDRESS_COMMAND,B_BYTE1,L3,K230_local_fanout_only,track:U1:P19:L3:397:3,track:U1:B19:L3:391:0,7.4860312625,7.3844312625,False,3,0.13,0.39,False,False,False,
DDR_CAA5,DDR_DQB15,A_ADDRESS_COMMAND,B_BYTE1,L3,all_inner_layer_traces,track:U1:P19:L3:397:3,track:U1:B19:L3:391:0,7.4860312625,7.3844312625,False,3,0.13,0.39,False,False,False,
DDR_CAA5,DDR_DQB8,A_ADDRESS_COMMAND,B_BYTE1,L3,K230_local_fanout_only,track:U1:P19:L3:397:3,track:U1:C18:L3:404:0,6.8640623222,6.7624623222,False,3,0.13,0.39,False,False,False,
DDR_CAA5,DDR_DQB8,A_ADDRESS_COMMAND,B_BYTE1,L3,actual_interconnect_only,track:DDR_CAA5:L3:723:0,track:DDR_DQB8:L3:725:0,7.15,7.0484,False,3,0.13,0.39,False,False,False,
DDR_CAA5,DDR_DQB8,A_ADDRESS_COMMAND,B_BYTE1,L3,all_inner_layer_traces,track:U1:P19:L3:397:3,track:U1:C18:L3:404:0,6.8640623222,6.7624623222,False,3,0.13,0.39,False,False,False,
DDR_CAA5,DDR_DQB9,A_ADDRESS_COMMAND,B_BYTE1,L3,K230_local_fanout_only,track:U1:P19:L3:397:3,track:U1:C17:L3:403:0,7.0350489737,6.9334489737,False,3,0.13,0.39,False,False,False,
DDR_CAA5,DDR_DQB9,A_ADDRESS_COMMAND,B_BYTE1,L3,all_inner_layer_traces,track:U1:P19:L3:397:3,track:U1:C17:L3:403:0,7.0350489737,6.9334489737,False,3,0.13,0.39,False,False,False,
DDR_CAA5,DDR_DQSA0_N,A_ADDRESS_COMMAND,A_BYTE0,L3,K230_local_fanout_only,track:U1:P19:L3:397:0,track:U1:Y17:L3:368:0,4.1109609582,4.0093609582,False,3,0.13,0.39,False,False,False,
DDR_CAA5,DDR_DQSA0_N,A_ADDRESS_COMMAND,A_BYTE0,L3,actual_interconnect_only,track:DDR_CAA5:L3:723:1,track:DDR_DQSA0_N:L3:711:9,4.898086361,4.796486361,False,3,0.13,0.39,False,False,False,
DDR_CAA5,DDR_DQSA0_N,A_ADDRESS_COMMAND,A_BYTE0,L3,all_inner_layer_traces,track:U1:P19:L3:397:0,track:U1:Y17:L3:368:0,4.1109609582,4.0093609582,False,3,0.13,0.39,False,False,False,
DDR_CAA5,DDR_DQSA0_P,A_ADDRESS_COMMAND,A_BYTE0,L3,K230_local_fanout_only,track:U1:P19:L3:397:0,track:U1:W17:L3:367:0,3.5003571246,3.3987571246,False,3,0.13,0.39,False,False,False,
DDR_CAA5,DDR_DQSA0_P,A_ADDRESS_COMMAND,A_BYTE0,L3,actual_interconnect_only,track:DDR_CAA5:L3:723:1,track:DDR_DQSA0_P:L3:712:8,5.6875,5.5859,False,3,0.13,0.39,False,False,False,
DDR_CAA5,DDR_DQSA0_P,A_ADDRESS_COMMAND,A_BYTE0,L3,all_inner_layer_traces,track:U1:P19:L3:397:0,track:U1:W17:L3:367:0,3.5003571246,3.3987571246,False,3,0.13,0.39,False,False,False,
DDR_CAA5,DDR_DQSB1_N,A_ADDRESS_COMMAND,B_BYTE1,L3,K230_local_fanout_only,track:U1:P19:L3:397:3,track:U1:A18:L3:374:0,8.1933686029,8.0917686029,False,3,0.13,0.39,False,False,False,
DDR_CAA5,DDR_DQSB1_N,A_ADDRESS_COMMAND,B_BYTE1,L3,actual_interconnect_only,track:DDR_CAA5:L3:723:0,track:DDR_DQSB1_N:L3:717:9,5.5715551296,5.4699551296,False,3,0.13,0.39,False,False,False,
DDR_CAA5,DDR_DQSB1_N,A_ADDRESS_COMMAND,B_BYTE1,L3,all_inner_layer_traces,track:DDR_CAA5:L3:723:0,track:DDR_DQSB1_N:L3:717:9,5.5715551296,5.4699551296,False,3,0.13,0.39,False,False,False,
DDR_CAA5,DDR_DQSB1_P,A_ADDRESS_COMMAND,B_BYTE1,L3,K230_local_fanout_only,track:U1:P19:L3:397:3,track:U1:B18:L3:373:0,7.5492575173,7.4476575173,False,3,0.13,0.39,False,False,False,
DDR_CAA5,DDR_DQSB1_P,A_ADDRESS_COMMAND,B_BYTE1,L3,actual_interconnect_only,track:DDR_CAA5:L3:723:0,track:DDR_DQSB1_P:L3:718:16,6.2266062185,6.1250062185,False,3,0.13,0.39,False,False,False,
DDR_CAA5,DDR_DQSB1_P,A_ADDRESS_COMMAND,B_BYTE1,L3,all_inner_layer_traces,track:DDR_CAA5:L3:723:0,track:DDR_DQSB1_P:L3:718:16,6.2266062185,6.1250062185,False,3,0.13,0.39,False,False,False,
DDR_CAB0,DDR_CAB1,B_ADDRESS_COMMAND,B_ADDRESS_COMMAND,L8,K230_local_fanout_only,track:U1:E20:L8:381:0,track:U1:G19:L8:394:4,0.975,0.8734,False,3,0.1195,0.3585,False,False,False,
DDR_CAB0,DDR_CAB1,B_ADDRESS_COMMAND,B_ADDRESS_COMMAND,L8,all_inner_layer_traces,track:U1:E20:L8:381:0,track:U1:G19:L8:394:4,0.975,0.8734,False,3,0.1195,0.3585,False,False,False,
DDR_CAB0,DDR_CAB2,B_ADDRESS_COMMAND,B_ADDRESS_COMMAND,L8,K230_local_fanout_only,track:U1:E20:L8:381:0,track:U1:G18:L8:407:4,1.625,1.5234,False,3,0.1195,0.3585,False,False,False,
DDR_CAB0,DDR_CAB2,B_ADDRESS_COMMAND,B_ADDRESS_COMMAND,L8,all_inner_layer_traces,track:U1:E20:L8:381:0,track:U1:G18:L8:407:4,1.625,1.5234,False,3,0.1195,0.3585,False,False,False,
DDR_CAB0,DDR_CAB3,B_ADDRESS_COMMAND,B_ADDRESS_COMMAND,L8,K230_local_fanout_only,track:U1:E20:L8:381:0,track:U1:H17:L8:421:0,2.5383311447,2.4367311447,False,3,0.1195,0.3585,False,False,False,
DDR_CAB0,DDR_CAB3,B_ADDRESS_COMMAND,B_ADDRESS_COMMAND,L8,all_inner_layer_traces,track:U1:E20:L8:381:0,track:U1:H17:L8:421:0,2.5383311447,2.4367311447,False,3,0.1195,0.3585,False,False,False,
DDR_CAB0,DDR_CAB4,B_ADDRESS_COMMAND,B_ADDRESS_COMMAND,L8,K230_local_fanout_only,track:U1:E20:L8:381:0,track:U1:F17:L8:420:4,0.325,0.2234,False,3,0.1195,0.3585,True,True,False,
DDR_CAB0,DDR_CAB4,B_ADDRESS_COMMAND,B_ADDRESS_COMMAND,L8,all_inner_layer_traces,track:U1:E20:L8:381:0,track:U1:F17:L8:420:4,0.325,0.2234,False,3,0.1195,0.3585,True,True,False,
DDR_CAB0,DDR_CAB5,B_ADDRESS_COMMAND,B_ADDRESS_COMMAND,L8,K230_local_fanout_only,track:U1:E20:L8:381:0,track:U1:F19:L8:393:4,0.325,0.2234,False,3,0.1195,0.3585,True,True,False,
DDR_CAB0,DDR_CAB5,B_ADDRESS_COMMAND,B_ADDRESS_COMMAND,L8,all_inner_layer_traces,track:U1:E20:L8:381:0,track:U1:F19:L8:393:4,0.325,0.2234,False,3,0.1195,0.3585,True,True,False,
DDR_CAB0,DDR_CKEB0,B_ADDRESS_COMMAND,B_ADDRESS_COMMAND,L8,K230_local_fanout_only,track:U1:E20:L8:381:0,track:U1:J18:L8:408:4,2.275,2.1734,False,3,0.1195,0.3585,False,False,False,
DDR_CAB0,DDR_CKEB0,B_ADDRESS_COMMAND,B_ADDRESS_COMMAND,L8,all_inner_layer_traces,track:U1:E20:L8:381:0,track:U1:J18:L8:408:4,2.275,2.1734,False,3,0.1195,0.3585,False,False,False,
DDR_CAB0,DDR_CLKB_N,B_ADDRESS_COMMAND,B_ADDRESS_COMMAND,L8,K230_local_fanout_only,track:U1:E20:L8:381:0,track:U1:F20:L8:378:0,0.65,0.5484,False,3,0.1195,0.3585,False,False,False,
DDR_CAB0,DDR_CLKB_N,B_ADDRESS_COMMAND,B_ADDRESS_COMMAND,L8,all_inner_layer_traces,track:U1:E20:L8:381:0,track:U1:F20:L8:378:0,0.65,0.5484,False,3,0.1195,0.3585,False,False,False,
DDR_CAB0,DDR_CLKB_P,B_ADDRESS_COMMAND,B_ADDRESS_COMMAND,L8,K230_local_fanout_only,track:U1:E20:L8:381:0,track:U1:G20:L8:377:0,1.3,1.1984,False,3,0.1195,0.3585,False,False,False,
DDR_CAB0,DDR_CLKB_P,B_ADDRESS_COMMAND,B_ADDRESS_COMMAND,L8,all_inner_layer_traces,track:U1:E20:L8:381:0,track:U1:G20:L8:377:0,1.3,1.1984,False,3,0.1195,0.3585,False,False,False,
DDR_CAB0,DDR_CSB0,B_ADDRESS_COMMAND,B_ADDRESS_COMMAND,L8,K230_local_fanout_only,track:U1:E20:L8:381:0,track:U1:J20:L8:382:0,2.6,2.4984,False,3,0.1195,0.3585,False,False,False,
DDR_CAB0,DDR_CSB0,B_ADDRESS_COMMAND,B_ADDRESS_COMMAND,L8,all_inner_layer_traces,track:U1:E20:L8:381:0,track:U1:J20:L8:382:0,2.6,2.4984,False,3,0.1195,0.3585,False,False,False,
DDR_CAB0,DDR_DMIA1,B_ADDRESS_COMMAND,A_BYTE1,L8,K230_local_fanout_only,track:U1:E20:L8:381:0,track:U1:P17:L8:423:4,5.525,5.4234,False,3,0.1195,0.3585,False,False,False,
DDR_CAB0,DDR_DMIA1,B_ADDRESS_COMMAND,A_BYTE1,L8,all_inner_layer_traces,track:U1:E20:L8:381:0,track:U1:P17:L8:423:4,5.525,5.4234,False,3,0.1195,0.3585,False,False,False,
DDR_CAB0,DDR_DMIB0,B_ADDRESS_COMMAND,B_BYTE0,L8,K230_local_fanout_only,track:U1:E20:L8:381:0,track:U1:C15:L8:401:1,2.35625,2.25465,False,3,0.1195,0.3585,False,False,False,
DDR_CAB0,DDR_DMIB0,B_ADDRESS_COMMAND,B_BYTE0,L8,all_inner_layer_traces,track:U1:E20:L8:381:0,track:U1:C15:L8:401:1,2.35625,2.25465,False,3,0.1195,0.3585,False,False,False,
DDR_CAB0,DDR_DQA10,B_ADDRESS_COMMAND,A_BYTE1,L8,K230_local_fanout_only,track:U1:E20:L8:381:0,track:U1:P16:L8:429:14,4.875,4.7734,False,3,0.1195,0.3585,False,False,False,
DDR_CAB0,DDR_DQA10,B_ADDRESS_COMMAND,A_BYTE1,L8,all_inner_layer_traces,track:U1:E20:L8:381:0,track:U1:P16:L8:429:14,4.875,4.7734,False,3,0.1195,0.3585,False,False,False,
DDR_CAB0,DDR_DQA11,B_ADDRESS_COMMAND,A_BYTE1,L8,K230_local_fanout_only,track:U1:E20:L8:381:0,track:U1:R17:L8:424:0,6.7861992308,6.6845992308,False,3,0.1195,0.3585,False,False,False,
DDR_CAB0,DDR_DQA11,B_ADDRESS_COMMAND,A_BYTE1,L8,all_inner_layer_traces,track:U1:E20:L8:381:0,track:U1:R17:L8:424:0,6.7861992308,6.6845992308,False,3,0.1195,0.3585,False,False,False,
DDR_CAB0,DDR_DQA12,B_ADDRESS_COMMAND,A_BYTE1,L8,K230_local_fanout_only,track:U1:E20:L8:381:0,track:U1:R18:L8:410:4,6.175,6.0734,False,3,0.1195,0.3585,False,False,False,
DDR_CAB0,DDR_DQA12,B_ADDRESS_COMMAND,A_BYTE1,L8,all_inner_layer_traces,track:U1:E20:L8:381:0,track:U1:R18:L8:410:4,6.175,6.0734,False,3,0.1195,0.3585,False,False,False,
DDR_CAB0,DDR_DQA13,B_ADDRESS_COMMAND,A_BYTE1,L8,K230_local_fanout_only,track:U1:E20:L8:381:0,track:U1:T18:L8:411:4,6.825,6.7234,False,3,0.1195,0.3585,False,False,False,
DDR_CAB0,DDR_DQA13,B_ADDRESS_COMMAND,A_BYTE1,L8,all_inner_layer_traces,track:U1:E20:L8:381:0,track:U1:T18:L8:411:4,6.825,6.7234,False,3,0.1195,0.3585,False,False,False,
DDR_CAB0,DDR_DQA14,B_ADDRESS_COMMAND,A_BYTE1,L8,K230_local_fanout_only,track:U1:E20:L8:381:0,track:U1:U18:L8:412:4,7.475,7.3734,False,3,0.1195,0.3585,False,False,False,
DDR_CAB0,DDR_DQA14,B_ADDRESS_COMMAND,A_BYTE1,L8,all_inner_layer_traces,track:U1:E20:L8:381:0,track:U1:U18:L8:412:4,7.475,7.3734,False,3,0.1195,0.3585,False,False,False,
DDR_CAB0,DDR_DQA15,B_ADDRESS_COMMAND,A_BYTE1,L8,K230_local_fanout_only,track:U1:E20:L8:381:0,track:U1:U20:L8:385:0,7.8,7.6984,False,3,0.1195,0.3585,False,False,False,
DDR_CAB0,DDR_DQA15,B_ADDRESS_COMMAND,A_BYTE1,L8,all_inner_layer_traces,track:U1:E20:L8:381:0,track:U1:U20:L8:385:0,7.8,7.6984,False,3,0.1195,0.3585,False,False,False,
DDR_CAB0,DDR_DQA8,B_ADDRESS_COMMAND,A_BYTE1,L8,K230_local_fanout_only,track:U1:E20:L8:381:0,track:U1:W19:L8:399:4,8.775,8.6734,False,3,0.1195,0.3585,False,False,False,
DDR_CAB0,DDR_DQA8,B_ADDRESS_COMMAND,A_BYTE1,L8,all_inner_layer_traces,track:U1:E20:L8:381:0,track:U1:W19:L8:399:4,8.775,8.6734,False,3,0.1195,0.3585,False,False,False,
DDR_CAB0,DDR_DQA9,B_ADDRESS_COMMAND,A_BYTE1,L8,K230_local_fanout_only,track:U1:E20:L8:381:0,track:U1:T17:L8:425:0,7.3323342122,7.2307342122,False,3,0.1195,0.3585,False,False,False,
DDR_CAB0,DDR_DQA9,B_ADDRESS_COMMAND,A_BYTE1,L8,all_inner_layer_traces,track:U1:E20:L8:381:0,track:U1:T17:L8:425:0,7.3323342122,7.2307342122,False,3,0.1195,0.3585,False,False,False,
DDR_CAB0,DDR_DQB0,B_ADDRESS_COMMAND,B_BYTE0,L8,K230_local_fanout_only,track:U1:E20:L8:381:0,track:U1:A14:L8:379:0,4.6872166581,4.5856166581,False,3,0.1195,0.3585,False,False,False,
DDR_CAB0,DDR_DQB0,B_ADDRESS_COMMAND,B_BYTE0,L8,all_inner_layer_traces,track:U1:E20:L8:381:0,track:DDR_DQB0:L8:746:12,3.98125,3.87965,False,3,0.1195,0.3585,False,False,False,
DDR_CAB0,DDR_DQB1,B_ADDRESS_COMMAND,B_BYTE0,L8,K230_local_fanout_only,track:U1:E20:L8:381:0,track:U1:A17:L8:380:0,3.25,3.1484,False,3,0.1195,0.3585,False,False,False,
DDR_CAB0,DDR_DQB1,B_ADDRESS_COMMAND,B_BYTE0,L8,all_inner_layer_traces,track:U1:E20:L8:381:0,track:U1:A17:L8:380:0,3.25,3.1484,False,3,0.1195,0.3585,False,False,False,
DDR_CAB0,DDR_DQB2,B_ADDRESS_COMMAND,B_BYTE0,L8,K230_local_fanout_only,track:U1:E20:L8:381:0,track:U1:C14:L8:400:0,4.1109609582,4.0093609582,False,3,0.1195,0.3585,False,False,False,
DDR_CAB0,DDR_DQB2,B_ADDRESS_COMMAND,B_BYTE0,L8,all_inner_layer_traces,track:U1:E20:L8:381:0,track:U1:C14:L8:400:0,4.1109609582,4.0093609582,False,3,0.1195,0.3585,False,False,False,
DDR_CAB0,DDR_DQB3,B_ADDRESS_COMMAND,B_BYTE0,L8,K230_local_fanout_only,track:U1:E20:L8:381:0,track:U1:B14:L8:388:0,4.3603325561,4.2587325561,False,3,0.1195,0.3585,False,False,False,
DDR_CAB0,DDR_DQB3,B_ADDRESS_COMMAND,B_BYTE0,L8,all_inner_layer_traces,track:U1:E20:L8:381:0,track:DDR_DQB3:L8:748:13,2.9530770499,2.8514770499,False,3,0.1195,0.3585,False,False,False,
DDR_CAB0,DDR_DQB4,B_ADDRESS_COMMAND,B_BYTE0,L8,K230_local_fanout_only,track:U1:E20:L8:381:0,track:U1:D14:L8:416:0,3.9537956447,3.8521956447,False,3,0.1195,0.3585,False,False,False,
DDR_CAB0,DDR_DQB4,B_ADDRESS_COMMAND,B_BYTE0,L8,all_inner_layer_traces,track:U1:E20:L8:381:0,track:U1:D14:L8:416:0,3.9537956447,3.8521956447,False,3,0.1195,0.3585,False,False,False,
DDR_CAB0,DDR_DQB5,B_ADDRESS_COMMAND,B_BYTE0,L8,K230_local_fanout_only,track:U1:E20:L8:381:0,track:U1:B16:L8:389:0,3.25,3.1484,False,3,0.1195,0.3585,False,False,False,
DDR_CAB0,DDR_DQB5,B_ADDRESS_COMMAND,B_BYTE0,L8,all_inner_layer_traces,track:U1:E20:L8:381:0,track:U1:B16:L8:389:0,3.25,3.1484,False,3,0.1195,0.3585,False,False,False,
DDR_CAB0,DDR_DQB6,B_ADDRESS_COMMAND,B_BYTE0,L8,K230_local_fanout_only,track:U1:E20:L8:381:0,track:U1:C16:L8:402:4,0.975,0.8734,False,3,0.1195,0.3585,False,False,False,
DDR_CAB0,DDR_DQB6,B_ADDRESS_COMMAND,B_BYTE0,L8,all_inner_layer_traces,track:U1:E20:L8:381:0,track:U1:C16:L8:402:4,0.975,0.8734,False,3,0.1195,0.3585,False,False,False,
DDR_CAB0,DDR_DQB7,B_ADDRESS_COMMAND,B_BYTE0,L8,K230_local_fanout_only,track:U1:E20:L8:381:0,track:U1:B17:L8:390:0,2.7577164466,2.6561164466,False,3,0.1195,0.3585,False,False,False,
DDR_CAB0,DDR_DQB7,B_ADDRESS_COMMAND,B_BYTE0,L8,all_inner_layer_traces,track:U1:E20:L8:381:0,track:U1:B17:L8:390:0,2.7577164466,2.6561164466,False,3,0.1195,0.3585,False,False,False,
DDR_CAB0,DDR_DQSA1_N,B_ADDRESS_COMMAND,A_BYTE1,L8,K230_local_fanout_only,track:U1:E20:L8:381:0,track:U1:V19:L8:370:4,8.125,8.0234,False,3,0.1195,0.3585,False,False,False,
DDR_CAB0,DDR_DQSA1_N,B_ADDRESS_COMMAND,A_BYTE1,L8,all_inner_layer_traces,track:U1:E20:L8:381:0,track:U1:V19:L8:370:4,8.125,8.0234,False,3,0.1195,0.3585,False,False,False,
DDR_CAB0,DDR_DQSA1_P,B_ADDRESS_COMMAND,A_BYTE1,L8,K230_local_fanout_only,track:U1:E20:L8:381:0,track:U1:V20:L8:369:0,8.45,8.3484,False,3,0.1195,0.3585,False,False,False,
DDR_CAB0,DDR_DQSA1_P,B_ADDRESS_COMMAND,A_BYTE1,L8,all_inner_layer_traces,track:U1:E20:L8:381:0,track:U1:V20:L8:369:0,8.45,8.3484,False,3,0.1195,0.3585,False,False,False,
DDR_CAB0,DDR_DQSB0_N,B_ADDRESS_COMMAND,B_BYTE0,L8,K230_local_fanout_only,track:U1:E20:L8:381:0,track:U1:A15:L8:372:0,4.1620307543,4.0604307543,False,3,0.1195,0.3585,False,False,False,
DDR_CAB0,DDR_DQSB0_N,B_ADDRESS_COMMAND,B_BYTE0,L8,all_inner_layer_traces,track:U1:E20:L8:381:0,track:DDR_DQSB0_N:L8:715:4,3.49375,3.39215,False,3,0.1195,0.3585,False,False,False,
DDR_CAB0,DDR_DQSB0_P,B_ADDRESS_COMMAND,B_BYTE0,L8,K230_local_fanout_only,track:U1:E20:L8:381:0,track:U1:B15:L8:371:0,3.7901187316,3.6885187316,False,3,0.1195,0.3585,False,False,False,
DDR_CAB0,DDR_DQSB0_P,B_ADDRESS_COMMAND,B_BYTE0,L8,all_inner_layer_traces,track:U1:E20:L8:381:0,track:DDR_DQSB0_P:L8:716:8,3.7375,3.6359,False,3,0.1195,0.3585,False,False,False,
DDR_CAB1,DDR_CAB2,B_ADDRESS_COMMAND,B_ADDRESS_COMMAND,L8,K230_local_fanout_only,track:U1:G19:L8:394:0,track:U1:G18:L8:407:4,0.325,0.2234,False,3,0.1195,0.3585,True,True,False,
DDR_CAB1,DDR_CAB2,B_ADDRESS_COMMAND,B_ADDRESS_COMMAND,L8,all_inner_layer_traces,track:U1:G19:L8:394:0,track:U1:G18:L8:407:4,0.325,0.2234,False,3,0.1195,0.3585,True,True,False,
DDR_CAB1,DDR_CAB3,B_ADDRESS_COMMAND,B_ADDRESS_COMMAND,L8,K230_local_fanout_only,track:U1:G19:L8:394:0,track:U1:H17:L8:421:0,1.1718041645,1.0702041645,False,3,0.1195,0.3585,False,False,False,
DDR_CAB1,DDR_CAB3,B_ADDRESS_COMMAND,B_ADDRESS_COMMAND,L8,all_inner_layer_traces,track:U1:G19:L8:394:0,track:U1:H17:L8:421:0,1.1718041645,1.0702041645,False,3,0.1195,0.3585,False,False,False,
DDR_CAB1,DDR_CAB4,B_ADDRESS_COMMAND,B_ADDRESS_COMMAND,L8,K230_local_fanout_only,track:U1:G19:L8:394:0,track:U1:F17:L8:420:0,0.7267220927,0.6251220927,False,3,0.1195,0.3585,False,False,False,
DDR_CAB1,DDR_CAB4,B_ADDRESS_COMMAND,B_ADDRESS_COMMAND,L8,all_inner_layer_traces,track:U1:G19:L8:394:0,track:U1:F17:L8:420:0,0.7267220927,0.6251220927,False,3,0.1195,0.3585,False,False,False,
DDR_CAB1,DDR_CAB5,B_ADDRESS_COMMAND,B_ADDRESS_COMMAND,L8,K230_local_fanout_only,track:U1:G19:L8:394:3,track:U1:F19:L8:393:0,0.3350023321,0.2334023321,False,3,0.1195,0.3585,True,True,False,
DDR_CAB1,DDR_CAB5,B_ADDRESS_COMMAND,B_ADDRESS_COMMAND,L8,all_inner_layer_traces,track:U1:G19:L8:394:1,track:DDR_CAB5:L8:728:7,0.2298097039,0.1282097039,False,3,0.1195,0.3585,True,True,True,
DDR_CAB1,DDR_CKEB0,B_ADDRESS_COMMAND,B_ADDRESS_COMMAND,L8,K230_local_fanout_only,track:U1:G19:L8:394:0,track:U1:J18:L8:408:3,0.9783795595,0.8767795595,False,3,0.1195,0.3585,False,False,False,
DDR_CAB1,DDR_CKEB0,B_ADDRESS_COMMAND,B_ADDRESS_COMMAND,L8,all_inner_layer_traces,track:U1:G19:L8:394:0,track:U1:J18:L8:408:3,0.9783795595,0.8767795595,False,3,0.1195,0.3585,False,False,False,
DDR_CAB1,DDR_CLKB_N,B_ADDRESS_COMMAND,B_ADDRESS_COMMAND,L8,K230_local_fanout_only,track:U1:G19:L8:394:4,track:U1:F20:L8:378:0,0.325,0.2234,False,3,0.1195,0.3585,True,True,False,
DDR_CAB1,DDR_CLKB_N,B_ADDRESS_COMMAND,B_ADDRESS_COMMAND,L8,all_inner_layer_traces,track:U1:G19:L8:394:4,track:U1:F20:L8:378:0,0.325,0.2234,False,3,0.1195,0.3585,True,True,False,
DDR_CAB1,DDR_CLKB_P,B_ADDRESS_COMMAND,B_ADDRESS_COMMAND,L8,K230_local_fanout_only,track:U1:G19:L8:394:0,track:U1:G20:L8:377:0,0.325,0.2234,False,3,0.1195,0.3585,True,True,False,
DDR_CAB1,DDR_CLKB_P,B_ADDRESS_COMMAND,B_ADDRESS_COMMAND,L8,all_inner_layer_traces,track:U1:G19:L8:394:0,track:U1:G20:L8:377:0,0.325,0.2234,False,3,0.1195,0.3585,True,True,False,
DDR_CAB1,DDR_CSB0,B_ADDRESS_COMMAND,B_ADDRESS_COMMAND,L8,K230_local_fanout_only,track:U1:G19:L8:394:0,track:U1:J20:L8:382:0,1.3400093283,1.2384093283,False,3,0.1195,0.3585,False,False,False,
DDR_CAB1,DDR_CSB0,B_ADDRESS_COMMAND,B_ADDRESS_COMMAND,L8,all_inner_layer_traces,track:U1:G19:L8:394:0,track:U1:J20:L8:382:0,1.3400093283,1.2384093283,False,3,0.1195,0.3585,False,False,False,
DDR_CAB1,DDR_DMIA1,B_ADDRESS_COMMAND,A_BYTE1,L8,K230_local_fanout_only,track:U1:G19:L8:394:0,track:U1:P17:L8:423:4,4.225,4.1234,False,3,0.1195,0.3585,False,False,False,
DDR_CAB1,DDR_DMIA1,B_ADDRESS_COMMAND,A_BYTE1,L8,all_inner_layer_traces,track:U1:G19:L8:394:0,track:U1:P17:L8:423:4,4.225,4.1234,False,3,0.1195,0.3585,False,False,False,
DDR_CAB1,DDR_DMIB0,B_ADDRESS_COMMAND,B_BYTE0,L8,K230_local_fanout_only,track:U1:G19:L8:394:3,track:U1:C15:L8:401:1,2.9831034595,2.8815034595,False,3,0.1195,0.3585,False,False,False,
DDR_CAB1,DDR_DMIB0,B_ADDRESS_COMMAND,B_BYTE0,L8,all_inner_layer_traces,track:U1:G19:L8:394:3,track:U1:C15:L8:401:1,2.9831034595,2.8815034595,False,3,0.1195,0.3585,False,False,False,
DDR_CAB1,DDR_DQA10,B_ADDRESS_COMMAND,A_BYTE1,L8,K230_local_fanout_only,track:U1:G19:L8:394:0,track:U1:P16:L8:429:14,3.575,3.4734,False,3,0.1195,0.3585,False,False,False,
DDR_CAB1,DDR_DQA10,B_ADDRESS_COMMAND,A_BYTE1,L8,all_inner_layer_traces,track:U1:G19:L8:394:0,track:U1:P16:L8:429:14,3.575,3.4734,False,3,0.1195,0.3585,False,False,False,
DDR_CAB1,DDR_DQA11,B_ADDRESS_COMMAND,A_BYTE1,L8,K230_local_fanout_only,track:U1:G19:L8:394:0,track:U1:R17:L8:424:0,5.3600373133,5.2584373133,False,3,0.1195,0.3585,False,False,False,
DDR_CAB1,DDR_DQA11,B_ADDRESS_COMMAND,A_BYTE1,L8,all_inner_layer_traces,track:U1:G19:L8:394:0,track:U1:R17:L8:424:0,5.3600373133,5.2584373133,False,3,0.1195,0.3585,False,False,False,
DDR_CAB1,DDR_DQA12,B_ADDRESS_COMMAND,A_BYTE1,L8,K230_local_fanout_only,track:U1:G19:L8:394:0,track:U1:R18:L8:410:4,4.875,4.7734,False,3,0.1195,0.3585,False,False,False,
DDR_CAB1,DDR_DQA12,B_ADDRESS_COMMAND,A_BYTE1,L8,all_inner_layer_traces,track:U1:G19:L8:394:0,track:U1:R18:L8:410:4,4.875,4.7734,False,3,0.1195,0.3585,False,False,False,
DDR_CAB1,DDR_DQA13,B_ADDRESS_COMMAND,A_BYTE1,L8,K230_local_fanout_only,track:U1:G19:L8:394:0,track:U1:T18:L8:411:3,5.5255973942,5.4239973942,False,3,0.1195,0.3585,False,False,False,
DDR_CAB1,DDR_DQA13,B_ADDRESS_COMMAND,A_BYTE1,L8,all_inner_layer_traces,track:U1:G19:L8:394:0,track:U1:T18:L8:411:3,5.5255973942,5.4239973942,False,3,0.1195,0.3585,False,False,False,
DDR_CAB1,DDR_DQA14,B_ADDRESS_COMMAND,A_BYTE1,L8,K230_local_fanout_only,track:U1:G19:L8:394:0,track:U1:U18:L8:412:4,6.175,6.0734,False,3,0.1195,0.3585,False,False,False,
DDR_CAB1,DDR_DQA14,B_ADDRESS_COMMAND,A_BYTE1,L8,all_inner_layer_traces,track:U1:G19:L8:394:0,track:U1:U18:L8:412:4,6.175,6.0734,False,3,0.1195,0.3585,False,False,False,
DDR_CAB1,DDR_DQA15,B_ADDRESS_COMMAND,A_BYTE1,L8,K230_local_fanout_only,track:U1:G19:L8:394:0,track:U1:U20:L8:385:0,6.5081199282,6.4065199282,False,3,0.1195,0.3585,False,False,False,
DDR_CAB1,DDR_DQA15,B_ADDRESS_COMMAND,A_BYTE1,L8,all_inner_layer_traces,track:U1:G19:L8:394:0,track:U1:U20:L8:385:0,6.5081199282,6.4065199282,False,3,0.1195,0.3585,False,False,False,
DDR_CAB1,DDR_DQA8,B_ADDRESS_COMMAND,A_BYTE1,L8,K230_local_fanout_only,track:U1:G19:L8:394:0,track:U1:W19:L8:399:3,7.475441563,7.373841563,False,3,0.1195,0.3585,False,False,False,
DDR_CAB1,DDR_DQA8,B_ADDRESS_COMMAND,A_BYTE1,L8,all_inner_layer_traces,track:U1:G19:L8:394:0,track:U1:W19:L8:399:3,7.475441563,7.373841563,False,3,0.1195,0.3585,False,False,False,
DDR_CAB1,DDR_DQA9,B_ADDRESS_COMMAND,A_BYTE1,L8,K230_local_fanout_only,track:U1:G19:L8:394:0,track:U1:T17:L8:425:0,5.930693467,5.829093467,False,3,0.1195,0.3585,False,False,False,
DDR_CAB1,DDR_DQA9,B_ADDRESS_COMMAND,A_BYTE1,L8,all_inner_layer_traces,track:U1:G19:L8:394:0,track:U1:T17:L8:425:0,5.930693467,5.829093467,False,3,0.1195,0.3585,False,False,False,
DDR_CAB1,DDR_DQB0,B_ADDRESS_COMMAND,B_BYTE0,L8,K230_local_fanout_only,track:U1:G19:L8:394:0,track:U1:A14:L8:379:0,5.0766622893,4.9750622893,False,3,0.1195,0.3585,False,False,False,
DDR_CAB1,DDR_DQB0,B_ADDRESS_COMMAND,B_BYTE0,L8,all_inner_layer_traces,track:U1:G19:L8:394:3,track:DDR_DQB0:L8:746:12,4.95625,4.85465,False,3,0.1195,0.3585,False,False,False,
DDR_CAB1,DDR_DQB1,B_ADDRESS_COMMAND,B_BYTE0,L8,K230_local_fanout_only,track:U1:G19:L8:394:3,track:U1:A17:L8:380:0,3.9613020666,3.8597020666,False,3,0.1195,0.3585,False,False,False,
DDR_CAB1,DDR_DQB1,B_ADDRESS_COMMAND,B_BYTE0,L8,all_inner_layer_traces,track:U1:G19:L8:394:3,track:U1:A17:L8:380:0,3.9613020666,3.8597020666,False,3,0.1195,0.3585,False,False,False,
DDR_CAB1,DDR_DQB2,B_ADDRESS_COMMAND,B_BYTE0,L8,K230_local_fanout_only,track:U1:G19:L8:394:0,track:U1:C14:L8:400:0,4.1620307543,4.0604307543,False,3,0.1195,0.3585,False,False,False,
DDR_CAB1,DDR_DQB2,B_ADDRESS_COMMAND,B_BYTE0,L8,all_inner_layer_traces,track:U1:G19:L8:394:0,track:U1:C14:L8:400:0,4.1620307543,4.0604307543,False,3,0.1195,0.3585,False,False,False,
DDR_CAB1,DDR_DQB3,B_ADDRESS_COMMAND,B_BYTE0,L8,K230_local_fanout_only,track:U1:G19:L8:394:0,track:U1:B14:L8:388:0,4.5961940777,4.4945940777,False,3,0.1195,0.3585,False,False,False,
DDR_CAB1,DDR_DQB3,B_ADDRESS_COMMAND,B_BYTE0,L8,all_inner_layer_traces,track:U1:G19:L8:394:0,track:DDR_DQB3:L8:748:14,2.275,2.1734,False,3,0.1195,0.3585,False,False,False,
DDR_CAB1,DDR_DQB4,B_ADDRESS_COMMAND,B_BYTE0,L8,K230_local_fanout_only,track:U1:G19:L8:394:0,track:U1:D14:L8:416:0,3.7901187316,3.6885187316,False,3,0.1195,0.3585,False,False,False,
DDR_CAB1,DDR_DQB4,B_ADDRESS_COMMAND,B_BYTE0,L8,all_inner_layer_traces,track:U1:G19:L8:394:0,track:U1:D14:L8:416:0,3.7901187316,3.6885187316,False,3,0.1195,0.3585,False,False,False,
DDR_CAB1,DDR_DQB5,B_ADDRESS_COMMAND,B_BYTE0,L8,K230_local_fanout_only,track:U1:G19:L8:394:3,track:U1:B16:L8:389:0,3.7560004077,3.6544004077,False,3,0.1195,0.3585,False,False,False,
DDR_CAB1,DDR_DQB5,B_ADDRESS_COMMAND,B_BYTE0,L8,all_inner_layer_traces,track:U1:G19:L8:394:3,track:U1:B16:L8:389:0,3.7560004077,3.6544004077,False,3,0.1195,0.3585,False,False,False,
DDR_CAB1,DDR_DQB6,B_ADDRESS_COMMAND,B_BYTE0,L8,K230_local_fanout_only,track:U1:G19:L8:394:3,track:U1:C16:L8:402:4,1.95,1.8484,False,3,0.1195,0.3585,False,False,False,
DDR_CAB1,DDR_DQB6,B_ADDRESS_COMMAND,B_BYTE0,L8,all_inner_layer_traces,track:U1:G19:L8:394:3,track:U1:C16:L8:402:4,1.95,1.8484,False,3,0.1195,0.3585,False,False,False,
DDR_CAB1,DDR_DQB7,B_ADDRESS_COMMAND,B_BYTE0,L8,K230_local_fanout_only,track:U1:G19:L8:394:3,track:U1:B17:L8:390:0,3.3862832224,3.2846832224,False,3,0.1195,0.3585,False,False,False,
DDR_CAB1,DDR_DQB7,B_ADDRESS_COMMAND,B_BYTE0,L8,all_inner_layer_traces,track:U1:G19:L8:394:3,track:U1:B17:L8:390:0,3.3862832224,3.2846832224,False,3,0.1195,0.3585,False,False,False,
DDR_CAB1,DDR_DQSA1_N,B_ADDRESS_COMMAND,A_BYTE1,L8,K230_local_fanout_only,track:U1:G19:L8:394:0,track:U1:V19:L8:370:3,6.8254836138,6.7238836138,False,3,0.1195,0.3585,False,False,False,
DDR_CAB1,DDR_DQSA1_N,B_ADDRESS_COMMAND,A_BYTE1,L8,all_inner_layer_traces,track:U1:G19:L8:394:0,track:U1:V19:L8:370:3,6.8254836138,6.7238836138,False,3,0.1195,0.3585,False,False,False,
DDR_CAB1,DDR_DQSA1_P,B_ADDRESS_COMMAND,A_BYTE1,L8,K230_local_fanout_only,track:U1:G19:L8:394:0,track:U1:V20:L8:369:0,7.1573825523,7.0557825523,False,3,0.1195,0.3585,False,False,False,
DDR_CAB1,DDR_DQSA1_P,B_ADDRESS_COMMAND,A_BYTE1,L8,all_inner_layer_traces,track:U1:G19:L8:394:0,track:U1:V20:L8:369:0,7.1573825523,7.0557825523,False,3,0.1195,0.3585,False,False,False,
DDR_CAB1,DDR_DQSB0_N,B_ADDRESS_COMMAND,B_BYTE0,L8,K230_local_fanout_only,track:U1:G19:L8:394:3,track:U1:A15:L8:372:0,4.6709917643,4.5693917643,False,3,0.1195,0.3585,False,False,False,
DDR_CAB1,DDR_DQSB0_N,B_ADDRESS_COMMAND,B_BYTE0,L8,all_inner_layer_traces,track:U1:G19:L8:394:3,track:DDR_DQSB0_N:L8:715:4,4.46875,4.36715,False,3,0.1195,0.3585,False,False,False,
DDR_CAB1,DDR_DQSB0_P,B_ADDRESS_COMMAND,B_BYTE0,L8,K230_local_fanout_only,track:U1:G19:L8:394:0,track:U1:B15:L8:371:0,4.1620307543,4.0604307543,False,3,0.1195,0.3585,False,False,False,
DDR_CAB1,DDR_DQSB0_P,B_ADDRESS_COMMAND,B_BYTE0,L8,all_inner_layer_traces,track:U1:G19:L8:394:0,track:U1:B15:L8:371:0,4.1620307543,4.0604307543,False,3,0.1195,0.3585,False,False,False,
DDR_CAB2,DDR_CAB3,B_ADDRESS_COMMAND,B_ADDRESS_COMMAND,L8,K230_local_fanout_only,track:U1:G18:L8:407:0,track:U1:H17:L8:421:0,0.7267220927,0.6251220927,False,3,0.1195,0.3585,False,False,False,
DDR_CAB2,DDR_CAB3,B_ADDRESS_COMMAND,B_ADDRESS_COMMAND,L8,all_inner_layer_traces,track:U1:G18:L8:407:0,track:U1:H17:L8:421:0,0.7267220927,0.6251220927,False,3,0.1195,0.3585,False,False,False,
DDR_CAB2,DDR_CAB4,B_ADDRESS_COMMAND,B_ADDRESS_COMMAND,L8,K230_local_fanout_only,track:U1:G18:L8:407:0,track:U1:F17:L8:420:0,0.65,0.5484,False,3,0.1195,0.3585,False,False,False,
DDR_CAB2,DDR_CAB4,B_ADDRESS_COMMAND,B_ADDRESS_COMMAND,L8,all_inner_layer_traces,track:U1:G18:L8:407:0,track:U1:F17:L8:420:0,0.65,0.5484,False,3,0.1195,0.3585,False,False,False,
DDR_CAB2,DDR_CAB5,B_ADDRESS_COMMAND,B_ADDRESS_COMMAND,L8,K230_local_fanout_only,track:U1:G18:L8:407:0,track:U1:F19:L8:393:0,0.7267220927,0.6251220927,False,3,0.1195,0.3585,False,False,False,
DDR_CAB2,DDR_CAB5,B_ADDRESS_COMMAND,B_ADDRESS_COMMAND,L8,all_inner_layer_traces,track:U1:G18:L8:407:0,track:DDR_CAB5:L8:728:13,0.325,0.2234,False,3,0.1195,0.3585,True,True,False,
DDR_CAB2,DDR_CKEB0,B_ADDRESS_COMMAND,B_ADDRESS_COMMAND,L8,K230_local_fanout_only,track:U1:G18:L8:407:4,track:U1:J18:L8:408:3,0.65,0.5484,False,3,0.1195,0.3585,False,False,False,
DDR_CAB2,DDR_CKEB0,B_ADDRESS_COMMAND,B_ADDRESS_COMMAND,L8,all_inner_layer_traces,track:U1:G18:L8:407:4,track:U1:J18:L8:408:3,0.65,0.5484,False,3,0.1195,0.3585,False,False,False,
DDR_CAB2,DDR_CLKB_N,B_ADDRESS_COMMAND,B_ADDRESS_COMMAND,L8,K230_local_fanout_only,track:U1:G18:L8:407:4,track:U1:F20:L8:378:0,0.975,0.8734,False,3,0.1195,0.3585,False,False,False,
DDR_CAB2,DDR_CLKB_N,B_ADDRESS_COMMAND,B_ADDRESS_COMMAND,L8,all_inner_layer_traces,track:U1:G18:L8:407:4,track:U1:F20:L8:378:0,0.975,0.8734,False,3,0.1195,0.3585,False,False,False,
DDR_CAB2,DDR_CLKB_P,B_ADDRESS_COMMAND,B_ADDRESS_COMMAND,L8,K230_local_fanout_only,track:U1:G18:L8:407:4,track:U1:G20:L8:377:0,0.325,0.2234,False,3,0.1195,0.3585,True,True,False,
DDR_CAB2,DDR_CLKB_P,B_ADDRESS_COMMAND,B_ADDRESS_COMMAND,L8,all_inner_layer_traces,track:U1:G18:L8:407:4,track:U1:G20:L8:377:0,0.325,0.2234,False,3,0.1195,0.3585,True,True,False,
DDR_CAB2,DDR_CSB0,B_ADDRESS_COMMAND,B_ADDRESS_COMMAND,L8,K230_local_fanout_only,track:U1:G18:L8:407:4,track:U1:J20:L8:382:0,0.975,0.8734,False,3,0.1195,0.3585,False,False,False,
DDR_CAB2,DDR_CSB0,B_ADDRESS_COMMAND,B_ADDRESS_COMMAND,L8,all_inner_layer_traces,track:U1:G18:L8:407:4,track:U1:J20:L8:382:0,0.975,0.8734,False,3,0.1195,0.3585,False,False,False,
DDR_CAB2,DDR_DMIA1,B_ADDRESS_COMMAND,A_BYTE1,L8,K230_local_fanout_only,track:U1:G18:L8:407:3,track:U1:P17:L8:423:3,3.9,3.7984,False,3,0.1195,0.3585,False,False,False,
DDR_CAB2,DDR_DMIA1,B_ADDRESS_COMMAND,A_BYTE1,L8,all_inner_layer_traces,track:U1:G18:L8:407:3,track:U1:P17:L8:423:3,3.9,3.7984,False,3,0.1195,0.3585,False,False,False,
DDR_CAB2,DDR_DMIB0,B_ADDRESS_COMMAND,B_BYTE0,L8,K230_local_fanout_only,track:U1:G18:L8:407:0,track:U1:C15:L8:401:1,2.9530770499,2.8514770499,False,3,0.1195,0.3585,False,False,False,
DDR_CAB2,DDR_DMIB0,B_ADDRESS_COMMAND,B_BYTE0,L8,all_inner_layer_traces,track:U1:G18:L8:407:0,track:U1:C15:L8:401:1,2.9530770499,2.8514770499,False,3,0.1195,0.3585,False,False,False,
DDR_CAB2,DDR_DQA10,B_ADDRESS_COMMAND,A_BYTE1,L8,K230_local_fanout_only,track:U1:G18:L8:407:3,track:U1:P16:L8:429:13,3.25,3.1484,False,3,0.1195,0.3585,False,False,False,
DDR_CAB2,DDR_DQA10,B_ADDRESS_COMMAND,A_BYTE1,L8,all_inner_layer_traces,track:U1:G18:L8:407:3,track:U1:P16:L8:429:13,3.25,3.1484,False,3,0.1195,0.3585,False,False,False,
DDR_CAB2,DDR_DQA11,B_ADDRESS_COMMAND,A_BYTE1,L8,K230_local_fanout_only,track:U1:G18:L8:407:3,track:U1:R17:L8:424:0,4.9881147804,4.8865147804,False,3,0.1195,0.3585,False,False,False,
DDR_CAB2,DDR_DQA11,B_ADDRESS_COMMAND,A_BYTE1,L8,all_inner_layer_traces,track:U1:G18:L8:407:3,track:U1:R17:L8:424:0,4.9881147804,4.8865147804,False,3,0.1195,0.3585,False,False,False,
DDR_CAB2,DDR_DQA12,B_ADDRESS_COMMAND,A_BYTE1,L8,K230_local_fanout_only,track:U1:G18:L8:407:3,track:U1:R18:L8:410:3,4.55,4.4484,False,3,0.1195,0.3585,False,False,False,
DDR_CAB2,DDR_DQA12,B_ADDRESS_COMMAND,A_BYTE1,L8,all_inner_layer_traces,track:U1:G18:L8:407:3,track:U1:R18:L8:410:3,4.55,4.4484,False,3,0.1195,0.3585,False,False,False,
DDR_CAB2,DDR_DQA13,B_ADDRESS_COMMAND,A_BYTE1,L8,K230_local_fanout_only,track:U1:G18:L8:407:4,track:U1:T18:L8:411:3,5.2,5.0984,False,3,0.1195,0.3585,False,False,False,
DDR_CAB2,DDR_DQA13,B_ADDRESS_COMMAND,A_BYTE1,L8,all_inner_layer_traces,track:U1:G18:L8:407:4,track:U1:T18:L8:411:3,5.2,5.0984,False,3,0.1195,0.3585,False,False,False,
DDR_CAB2,DDR_DQA14,B_ADDRESS_COMMAND,A_BYTE1,L8,K230_local_fanout_only,track:U1:G18:L8:407:3,track:U1:U18:L8:412:3,5.85,5.7484,False,3,0.1195,0.3585,False,False,False,
DDR_CAB2,DDR_DQA14,B_ADDRESS_COMMAND,A_BYTE1,L8,all_inner_layer_traces,track:U1:G18:L8:407:3,track:U1:U18:L8:412:3,5.85,5.7484,False,3,0.1195,0.3585,False,False,False,
DDR_CAB2,DDR_DQA15,B_ADDRESS_COMMAND,A_BYTE1,L8,K230_local_fanout_only,track:U1:G18:L8:407:4,track:U1:U20:L8:385:0,6.175,6.0734,False,3,0.1195,0.3585,False,False,False,
DDR_CAB2,DDR_DQA15,B_ADDRESS_COMMAND,A_BYTE1,L8,all_inner_layer_traces,track:U1:G18:L8:407:4,track:U1:U20:L8:385:0,6.175,6.0734,False,3,0.1195,0.3585,False,False,False,
DDR_CAB2,DDR_DQA8,B_ADDRESS_COMMAND,A_BYTE1,L8,K230_local_fanout_only,track:U1:G18:L8:407:4,track:U1:W19:L8:399:3,7.15,7.0484,False,3,0.1195,0.3585,False,False,False,
DDR_CAB2,DDR_DQA8,B_ADDRESS_COMMAND,A_BYTE1,L8,all_inner_layer_traces,track:U1:G18:L8:407:4,track:U1:W19:L8:399:3,7.15,7.0484,False,3,0.1195,0.3585,False,False,False,
DDR_CAB2,DDR_DQA9,B_ADDRESS_COMMAND,A_BYTE1,L8,K230_local_fanout_only,track:U1:G18:L8:407:3,track:U1:T17:L8:425:0,5.5731814579,5.4715814579,False,3,0.1195,0.3585,False,False,False,
DDR_CAB2,DDR_DQA9,B_ADDRESS_COMMAND,A_BYTE1,L8,all_inner_layer_traces,track:U1:G18:L8:407:3,track:U1:T17:L8:425:0,5.5731814579,5.4715814579,False,3,0.1195,0.3585,False,False,False,
DDR_CAB2,DDR_DQB0,B_ADDRESS_COMMAND,B_BYTE0,L8,K230_local_fanout_only,track:U1:G18:L8:407:0,track:U1:A14:L8:379:0,4.6872166581,4.5856166581,False,3,0.1195,0.3585,False,False,False,
DDR_CAB2,DDR_DQB0,B_ADDRESS_COMMAND,B_BYTE0,L8,all_inner_layer_traces,track:U1:G18:L8:407:0,track:U1:A14:L8:379:0,4.6872166581,4.5856166581,False,3,0.1195,0.3585,False,False,False,
DDR_CAB2,DDR_DQB1,B_ADDRESS_COMMAND,B_BYTE0,L8,K230_local_fanout_only,track:U1:G18:L8:407:0,track:U1:A17:L8:380:0,3.9537956447,3.8521956447,False,3,0.1195,0.3585,False,False,False,
DDR_CAB2,DDR_DQB1,B_ADDRESS_COMMAND,B_BYTE0,L8,all_inner_layer_traces,track:U1:G18:L8:407:0,track:U1:A17:L8:380:0,3.9537956447,3.8521956447,False,3,0.1195,0.3585,False,False,False,
DDR_CAB2,DDR_DQB2,B_ADDRESS_COMMAND,B_BYTE0,L8,K230_local_fanout_only,track:U1:G18:L8:407:0,track:U1:C14:L8:400:0,3.6769552622,3.5753552622,False,3,0.1195,0.3585,False,False,False,
DDR_CAB2,DDR_DQB2,B_ADDRESS_COMMAND,B_BYTE0,L8,all_inner_layer_traces,track:U1:G18:L8:407:0,track:U1:C14:L8:400:0,3.6769552622,3.5753552622,False,3,0.1195,0.3585,False,False,False,
DDR_CAB2,DDR_DQB3,B_ADDRESS_COMMAND,B_BYTE0,L8,K230_local_fanout_only,track:U1:G18:L8:407:0,track:U1:B14:L8:388:0,4.1620307543,4.0604307543,False,3,0.1195,0.3585,False,False,False,
DDR_CAB2,DDR_DQB3,B_ADDRESS_COMMAND,B_BYTE0,L8,all_inner_layer_traces,track:U1:G18:L8:407:0,track:DDR_DQB3:L8:748:14,1.625,1.5234,False,3,0.1195,0.3585,False,False,False,
DDR_CAB2,DDR_DQB4,B_ADDRESS_COMMAND,B_BYTE0,L8,K230_local_fanout_only,track:U1:G18:L8:407:0,track:U1:D14:L8:416:0,3.25,3.1484,False,3,0.1195,0.3585,False,False,False,
DDR_CAB2,DDR_DQB4,B_ADDRESS_COMMAND,B_BYTE0,L8,all_inner_layer_traces,track:U1:G18:L8:407:0,track:U1:D14:L8:416:0,3.25,3.1484,False,3,0.1195,0.3585,False,False,False,
DDR_CAB2,DDR_DQB5,B_ADDRESS_COMMAND,B_BYTE0,L8,K230_local_fanout_only,track:U1:G18:L8:407:0,track:U1:B16:L8:389:0,3.5003571246,3.3987571246,False,3,0.1195,0.3585,False,False,False,
DDR_CAB2,DDR_DQB5,B_ADDRESS_COMMAND,B_BYTE0,L8,all_inner_layer_traces,track:U1:G18:L8:407:0,track:U1:B16:L8:389:0,3.5003571246,3.3987571246,False,3,0.1195,0.3585,False,False,False,
DDR_CAB2,DDR_DQB6,B_ADDRESS_COMMAND,B_BYTE0,L8,K230_local_fanout_only,track:U1:G18:L8:407:0,track:U1:C16:L8:402:4,2.275,2.1734,False,3,0.1195,0.3585,False,False,False,
DDR_CAB2,DDR_DQB6,B_ADDRESS_COMMAND,B_BYTE0,L8,all_inner_layer_traces,track:U1:G18:L8:407:0,track:U1:C16:L8:402:4,2.275,2.1734,False,3,0.1195,0.3585,False,False,False,
DDR_CAB2,DDR_DQB7,B_ADDRESS_COMMAND,B_BYTE0,L8,K230_local_fanout_only,track:U1:G18:L8:407:0,track:U1:B17:L8:390:0,3.3143626838,3.2127626838,False,3,0.1195,0.3585,False,False,False,
DDR_CAB2,DDR_DQB7,B_ADDRESS_COMMAND,B_BYTE0,L8,all_inner_layer_traces,track:U1:G18:L8:407:0,track:U1:B17:L8:390:0,3.3143626838,3.2127626838,False,3,0.1195,0.3585,False,False,False,
DDR_CAB2,DDR_DQSA1_N,B_ADDRESS_COMMAND,A_BYTE1,L8,K230_local_fanout_only,track:U1:G18:L8:407:4,track:U1:V19:L8:370:3,6.5,6.3984,False,3,0.1195,0.3585,False,False,False,
DDR_CAB2,DDR_DQSA1_N,B_ADDRESS_COMMAND,A_BYTE1,L8,all_inner_layer_traces,track:U1:G18:L8:407:4,track:U1:V19:L8:370:3,6.5,6.3984,False,3,0.1195,0.3585,False,False,False,
DDR_CAB2,DDR_DQSA1_P,B_ADDRESS_COMMAND,A_BYTE1,L8,K230_local_fanout_only,track:U1:G18:L8:407:4,track:U1:V20:L8:369:0,6.825,6.7234,False,3,0.1195,0.3585,False,False,False,
DDR_CAB2,DDR_DQSA1_P,B_ADDRESS_COMMAND,A_BYTE1,L8,all_inner_layer_traces,track:U1:G18:L8:407:4,track:U1:V20:L8:369:0,6.825,6.7234,False,3,0.1195,0.3585,False,False,False,
DDR_CAB2,DDR_DQSB0_N,B_ADDRESS_COMMAND,B_BYTE0,L8,K230_local_fanout_only,track:U1:G18:L8:407:0,track:U1:A15:L8:372:0,4.3603325561,4.2587325561,False,3,0.1195,0.3585,False,False,False,
DDR_CAB2,DDR_DQSB0_N,B_ADDRESS_COMMAND,B_BYTE0,L8,all_inner_layer_traces,track:U1:G18:L8:407:0,track:U1:A15:L8:372:0,4.3603325561,4.2587325561,False,3,0.1195,0.3585,False,False,False,
DDR_CAB2,DDR_DQSB0_P,B_ADDRESS_COMMAND,B_BYTE0,L8,K230_local_fanout_only,track:U1:G18:L8:407:0,track:U1:B15:L8:371:0,3.7901187316,3.6885187316,False,3,0.1195,0.3585,False,False,False,
DDR_CAB2,DDR_DQSB0_P,B_ADDRESS_COMMAND,B_BYTE0,L8,all_inner_layer_traces,track:U1:G18:L8:407:0,track:U1:B15:L8:371:0,3.7901187316,3.6885187316,False,3,0.1195,0.3585,False,False,False,
DDR_CAB3,DDR_CAB4,B_ADDRESS_COMMAND,B_ADDRESS_COMMAND,L8,K230_local_fanout_only,track:U1:H17:L8:421:0,track:U1:F17:L8:420:0,1.3,1.1984,False,3,0.1195,0.3585,False,False,False,
DDR_CAB3,DDR_CAB4,B_ADDRESS_COMMAND,B_ADDRESS_COMMAND,L8,all_inner_layer_traces,track:U1:H17:L8:421:0,track:U1:F17:L8:420:0,1.3,1.1984,False,3,0.1195,0.3585,False,False,False,
DDR_CAB3,DDR_CAB5,B_ADDRESS_COMMAND,B_ADDRESS_COMMAND,L8,K230_local_fanout_only,track:U1:H17:L8:421:0,track:U1:F19:L8:393:0,1.625,1.5234,False,3,0.1195,0.3585,False,False,False,
DDR_CAB3,DDR_CAB5,B_ADDRESS_COMMAND,B_ADDRESS_COMMAND,L8,all_inner_layer_traces,track:U1:H17:L8:421:0,track:DDR_CAB5:L8:728:17,0.325,0.2234,False,3,0.1195,0.3585,True,True,False,
DDR_CAB3,DDR_CKEB0,B_ADDRESS_COMMAND,B_ADDRESS_COMMAND,L8,K230_local_fanout_only,track:U1:H17:L8:421:1,track:U1:J18:L8:408:0,0.325,0.2234,False,3,0.1195,0.3585,True,True,False,
DDR_CAB3,DDR_CKEB0,B_ADDRESS_COMMAND,B_ADDRESS_COMMAND,L8,all_inner_layer_traces,track:U1:H17:L8:421:1,track:U1:J18:L8:408:0,0.325,0.2234,False,3,0.1195,0.3585,True,True,False,
DDR_CAB3,DDR_CLKB_N,B_ADDRESS_COMMAND,B_ADDRESS_COMMAND,L8,K230_local_fanout_only,track:U1:H17:L8:421:0,track:U1:F20:L8:378:0,2.0810153772,1.9794153772,False,3,0.1195,0.3585,False,False,False,
DDR_CAB3,DDR_CLKB_N,B_ADDRESS_COMMAND,B_ADDRESS_COMMAND,L8,all_inner_layer_traces,track:U1:H17:L8:421:0,track:U1:F20:L8:378:0,2.0810153772,1.9794153772,False,3,0.1195,0.3585,False,False,False,
DDR_CAB3,DDR_CLKB_P,B_ADDRESS_COMMAND,B_ADDRESS_COMMAND,L8,K230_local_fanout_only,track:U1:H17:L8:421:4,track:U1:G20:L8:377:0,1.625,1.5234,False,3,0.1195,0.3585,False,False,False,
DDR_CAB3,DDR_CLKB_P,B_ADDRESS_COMMAND,B_ADDRESS_COMMAND,L8,all_inner_layer_traces,track:U1:H17:L8:421:4,track:U1:G20:L8:377:0,1.625,1.5234,False,3,0.1195,0.3585,False,False,False,
DDR_CAB3,DDR_CSB0,B_ADDRESS_COMMAND,B_ADDRESS_COMMAND,L8,K230_local_fanout_only,track:U1:H17:L8:421:4,track:U1:J20:L8:382:0,0.325,0.2234,False,3,0.1195,0.3585,True,True,False,
DDR_CAB3,DDR_CSB0,B_ADDRESS_COMMAND,B_ADDRESS_COMMAND,L8,all_inner_layer_traces,track:U1:H17:L8:421:4,track:U1:J20:L8:382:0,0.325,0.2234,False,3,0.1195,0.3585,True,True,False,
DDR_CAB3,DDR_DMIA1,B_ADDRESS_COMMAND,A_BYTE1,L8,K230_local_fanout_only,track:U1:H17:L8:421:4,track:U1:P17:L8:423:3,2.6,2.4984,False,3,0.1195,0.3585,False,False,False,
DDR_CAB3,DDR_DMIA1,B_ADDRESS_COMMAND,A_BYTE1,L8,all_inner_layer_traces,track:U1:H17:L8:421:4,track:U1:P17:L8:423:3,2.6,2.4984,False,3,0.1195,0.3585,False,False,False,
DDR_CAB3,DDR_DMIB0,B_ADDRESS_COMMAND,B_BYTE0,L8,K230_local_fanout_only,track:U1:H17:L8:421:0,track:U1:C15:L8:401:0,3.5003571246,3.3987571246,False,3,0.1195,0.3585,False,False,False,
DDR_CAB3,DDR_DMIB0,B_ADDRESS_COMMAND,B_BYTE0,L8,all_inner_layer_traces,track:U1:H17:L8:421:0,track:U1:C15:L8:401:0,3.5003571246,3.3987571246,False,3,0.1195,0.3585,False,False,False,
DDR_CAB3,DDR_DQA10,B_ADDRESS_COMMAND,A_BYTE1,L8,K230_local_fanout_only,track:U1:H17:L8:421:4,track:U1:P16:L8:429:13,1.95,1.8484,False,3,0.1195,0.3585,False,False,False,
DDR_CAB3,DDR_DQA10,B_ADDRESS_COMMAND,A_BYTE1,L8,all_inner_layer_traces,track:U1:H17:L8:421:4,track:U1:P16:L8:429:13,1.95,1.8484,False,3,0.1195,0.3585,False,False,False,
DDR_CAB3,DDR_DQA11,B_ADDRESS_COMMAND,A_BYTE1,L8,K230_local_fanout_only,track:U1:H17:L8:421:3,track:U1:R17:L8:424:0,3.5980083466,3.4964083466,False,3,0.1195,0.3585,False,False,False,
DDR_CAB3,DDR_DQA11,B_ADDRESS_COMMAND,A_BYTE1,L8,all_inner_layer_traces,track:U1:H17:L8:421:3,track:U1:R17:L8:424:0,3.5980083466,3.4964083466,False,3,0.1195,0.3585,False,False,False,
DDR_CAB3,DDR_DQA12,B_ADDRESS_COMMAND,A_BYTE1,L8,K230_local_fanout_only,track:U1:H17:L8:421:4,track:U1:R18:L8:410:3,3.25,3.1484,False,3,0.1195,0.3585,False,False,False,
DDR_CAB3,DDR_DQA12,B_ADDRESS_COMMAND,A_BYTE1,L8,all_inner_layer_traces,track:U1:H17:L8:421:4,track:U1:R18:L8:410:3,3.25,3.1484,False,3,0.1195,0.3585,False,False,False,
DDR_CAB3,DDR_DQA13,B_ADDRESS_COMMAND,A_BYTE1,L8,K230_local_fanout_only,track:U1:H17:L8:421:4,track:U1:T18:L8:411:3,3.9,3.7984,False,3,0.1195,0.3585,False,False,False,
DDR_CAB3,DDR_DQA13,B_ADDRESS_COMMAND,A_BYTE1,L8,all_inner_layer_traces,track:U1:H17:L8:421:4,track:U1:T18:L8:411:3,3.9,3.7984,False,3,0.1195,0.3585,False,False,False,
DDR_CAB3,DDR_DQA14,B_ADDRESS_COMMAND,A_BYTE1,L8,K230_local_fanout_only,track:U1:H17:L8:421:4,track:U1:U18:L8:412:3,4.55,4.4484,False,3,0.1195,0.3585,False,False,False,
DDR_CAB3,DDR_DQA14,B_ADDRESS_COMMAND,A_BYTE1,L8,all_inner_layer_traces,track:U1:H17:L8:421:4,track:U1:U18:L8:412:3,4.55,4.4484,False,3,0.1195,0.3585,False,False,False,
DDR_CAB3,DDR_DQA15,B_ADDRESS_COMMAND,A_BYTE1,L8,K230_local_fanout_only,track:U1:H17:L8:421:4,track:U1:U20:L8:385:0,4.875,4.7734,False,3,0.1195,0.3585,False,False,False,
DDR_CAB3,DDR_DQA15,B_ADDRESS_COMMAND,A_BYTE1,L8,all_inner_layer_traces,track:U1:H17:L8:421:4,track:U1:U20:L8:385:0,4.875,4.7734,False,3,0.1195,0.3585,False,False,False,
DDR_CAB3,DDR_DQA8,B_ADDRESS_COMMAND,A_BYTE1,L8,K230_local_fanout_only,track:U1:H17:L8:421:4,track:U1:W19:L8:399:3,5.85,5.7484,False,3,0.1195,0.3585,False,False,False,
DDR_CAB3,DDR_DQA8,B_ADDRESS_COMMAND,A_BYTE1,L8,all_inner_layer_traces,track:U1:H17:L8:421:4,track:U1:W19:L8:399:3,5.85,5.7484,False,3,0.1195,0.3585,False,False,False,
DDR_CAB3,DDR_DQA9,B_ADDRESS_COMMAND,A_BYTE1,L8,K230_local_fanout_only,track:U1:H17:L8:421:3,track:U1:T17:L8:425:0,4.2257811778,4.1241811778,False,3,0.1195,0.3585,False,False,False,
DDR_CAB3,DDR_DQA9,B_ADDRESS_COMMAND,A_BYTE1,L8,all_inner_layer_traces,track:U1:H17:L8:421:3,track:U1:T17:L8:425:0,4.2257811778,4.1241811778,False,3,0.1195,0.3585,False,False,False,
DDR_CAB3,DDR_DQB0,B_ADDRESS_COMMAND,B_BYTE0,L8,K230_local_fanout_only,track:U1:H17:L8:421:0,track:U1:A14:L8:379:0,4.9502525188,4.8486525188,False,3,0.1195,0.3585,False,False,False,
DDR_CAB3,DDR_DQB0,B_ADDRESS_COMMAND,B_BYTE0,L8,all_inner_layer_traces,track:U1:H17:L8:421:0,track:U1:A14:L8:379:0,4.9502525188,4.8486525188,False,3,0.1195,0.3585,False,False,False,
DDR_CAB3,DDR_DQB1,B_ADDRESS_COMMAND,B_BYTE0,L8,K230_local_fanout_only,track:U1:H17:L8:421:0,track:U1:A17:L8:380:0,4.55,4.4484,False,3,0.1195,0.3585,False,False,False,
DDR_CAB3,DDR_DQB1,B_ADDRESS_COMMAND,B_BYTE0,L8,all_inner_layer_traces,track:U1:H17:L8:421:0,track:U1:A17:L8:380:0,4.55,4.4484,False,3,0.1195,0.3585,False,False,False,
DDR_CAB3,DDR_DQB2,B_ADDRESS_COMMAND,B_BYTE0,L8,K230_local_fanout_only,track:U1:H17:L8:421:0,track:U1:C14:L8:400:0,3.7901187316,3.6885187316,False,3,0.1195,0.3585,False,False,False,
DDR_CAB3,DDR_DQB2,B_ADDRESS_COMMAND,B_BYTE0,L8,all_inner_layer_traces,track:U1:H17:L8:421:0,track:U1:C14:L8:400:0,3.7901187316,3.6885187316,False,3,0.1195,0.3585,False,False,False,
DDR_CAB3,DDR_DQB3,B_ADDRESS_COMMAND,B_BYTE0,L8,K230_local_fanout_only,track:U1:H17:L8:421:0,track:U1:B14:L8:388:0,4.3603325561,4.2587325561,False,3,0.1195,0.3585,False,False,False,
DDR_CAB3,DDR_DQB3,B_ADDRESS_COMMAND,B_BYTE0,L8,all_inner_layer_traces,track:U1:H17:L8:421:0,track:DDR_DQB3:L8:748:14,0.975,0.8734,False,3,0.1195,0.3585,False,False,False,
DDR_CAB3,DDR_DQB4,B_ADDRESS_COMMAND,B_BYTE0,L8,K230_local_fanout_only,track:U1:H17:L8:421:0,track:U1:D14:L8:416:0,3.25,3.1484,False,3,0.1195,0.3585,False,False,False,
DDR_CAB3,DDR_DQB4,B_ADDRESS_COMMAND,B_BYTE0,L8,all_inner_layer_traces,track:U1:H17:L8:421:0,track:U1:D14:L8:416:0,3.25,3.1484,False,3,0.1195,0.3585,False,False,False,
DDR_CAB3,DDR_DQB5,B_ADDRESS_COMMAND,B_BYTE0,L8,K230_local_fanout_only,track:U1:H17:L8:421:0,track:U1:B16:L8:389:0,3.9537956447,3.8521956447,False,3,0.1195,0.3585,False,False,False,
DDR_CAB3,DDR_DQB5,B_ADDRESS_COMMAND,B_BYTE0,L8,all_inner_layer_traces,track:U1:H17:L8:421:0,track:U1:B16:L8:389:0,3.9537956447,3.8521956447,False,3,0.1195,0.3585,False,False,False,
DDR_CAB3,DDR_DQB6,B_ADDRESS_COMMAND,B_BYTE0,L8,K230_local_fanout_only,track:U1:H17:L8:421:0,track:U1:C16:L8:402:4,2.925,2.8234,False,3,0.1195,0.3585,False,False,False,
DDR_CAB3,DDR_DQB6,B_ADDRESS_COMMAND,B_BYTE0,L8,all_inner_layer_traces,track:U1:H17:L8:421:0,track:U1:C16:L8:402:4,2.925,2.8234,False,3,0.1195,0.3585,False,False,False,
DDR_CAB3,DDR_DQB7,B_ADDRESS_COMMAND,B_BYTE0,L8,K230_local_fanout_only,track:U1:H17:L8:421:0,track:U1:B17:L8:390:0,3.9,3.7984,False,3,0.1195,0.3585,False,False,False,
DDR_CAB3,DDR_DQB7,B_ADDRESS_COMMAND,B_BYTE0,L8,all_inner_layer_traces,track:U1:H17:L8:421:0,track:U1:B17:L8:390:0,3.9,3.7984,False,3,0.1195,0.3585,False,False,False,
DDR_CAB3,DDR_DQSA1_N,B_ADDRESS_COMMAND,A_BYTE1,L8,K230_local_fanout_only,track:U1:H17:L8:421:4,track:U1:V19:L8:370:3,5.2,5.0984,False,3,0.1195,0.3585,False,False,False,
DDR_CAB3,DDR_DQSA1_N,B_ADDRESS_COMMAND,A_BYTE1,L8,all_inner_layer_traces,track:U1:H17:L8:421:4,track:U1:V19:L8:370:3,5.2,5.0984,False,3,0.1195,0.3585,False,False,False,
DDR_CAB3,DDR_DQSA1_P,B_ADDRESS_COMMAND,A_BYTE1,L8,K230_local_fanout_only,track:U1:H17:L8:421:4,track:U1:V20:L8:369:0,5.525,5.4234,False,3,0.1195,0.3585,False,False,False,
DDR_CAB3,DDR_DQSA1_P,B_ADDRESS_COMMAND,A_BYTE1,L8,all_inner_layer_traces,track:U1:H17:L8:421:4,track:U1:V20:L8:369:0,5.525,5.4234,False,3,0.1195,0.3585,False,False,False,
DDR_CAB3,DDR_DQSB0_N,B_ADDRESS_COMMAND,B_BYTE0,L8,K230_local_fanout_only,track:U1:H17:L8:421:0,track:U1:A15:L8:372:0,4.732071428,4.630471428,False,3,0.1195,0.3585,False,False,False,
DDR_CAB3,DDR_DQSB0_N,B_ADDRESS_COMMAND,B_BYTE0,L8,all_inner_layer_traces,track:U1:H17:L8:421:0,track:U1:A15:L8:372:0,4.732071428,4.630471428,False,3,0.1195,0.3585,False,False,False,
DDR_CAB3,DDR_DQSB0_P,B_ADDRESS_COMMAND,B_BYTE0,L8,K230_local_fanout_only,track:U1:H17:L8:421:0,track:U1:B15:L8:371:0,4.1109609582,4.0093609582,False,3,0.1195,0.3585,False,False,False,
DDR_CAB3,DDR_DQSB0_P,B_ADDRESS_COMMAND,B_BYTE0,L8,all_inner_layer_traces,track:U1:H17:L8:421:0,track:U1:B15:L8:371:0,4.1109609582,4.0093609582,False,3,0.1195,0.3585,False,False,False,
DDR_CAB4,DDR_CAB5,B_ADDRESS_COMMAND,B_ADDRESS_COMMAND,L8,K230_local_fanout_only,track:U1:F17:L8:420:0,track:U1:F19:L8:393:0,0.325,0.2234,False,3,0.1195,0.3585,True,True,False,
DDR_CAB4,DDR_CAB5,B_ADDRESS_COMMAND,B_ADDRESS_COMMAND,L8,actual_interconnect_only,track:DDR_CAB4:L8:729:26,track:DDR_CAB5:L8:728:23,0.325,0.2234,False,3,0.1195,0.3585,True,True,False,
DDR_CAB4,DDR_CAB5,B_ADDRESS_COMMAND,B_ADDRESS_COMMAND,L8,all_inner_layer_traces,track:U1:F17:L8:420:0,track:DDR_CAB5:L8:728:10,0.325,0.2234,False,3,0.1195,0.3585,True,True,False,
DDR_CAB4,DDR_CKEB0,B_ADDRESS_COMMAND,B_ADDRESS_COMMAND,L8,K230_local_fanout_only,track:U1:F17:L8:420:0,track:U1:J18:L8:408:3,1.7819516162,1.6803516162,False,3,0.1195,0.3585,False,False,False,
DDR_CAB4,DDR_CKEB0,B_ADDRESS_COMMAND,B_ADDRESS_COMMAND,L8,all_inner_layer_traces,track:U1:F17:L8:420:0,track:U1:J18:L8:408:3,1.7819516162,1.6803516162,False,3,0.1195,0.3585,False,False,False,
DDR_CAB4,DDR_CLKB_N,B_ADDRESS_COMMAND,B_ADDRESS_COMMAND,L8,K230_local_fanout_only,track:U1:F17:L8:420:4,track:U1:F20:L8:378:0,0.975,0.8734,False,3,0.1195,0.3585,False,False,False,
DDR_CAB4,DDR_CLKB_N,B_ADDRESS_COMMAND,B_ADDRESS_COMMAND,L8,actual_interconnect_only,track:DDR_CAB4:L8:729:9,track:DDR_CLKB_N:L8:722:2,0.2088846871,0.1072846871,False,3,0.1195,0.3585,True,True,True,
DDR_CAB4,DDR_CLKB_N,B_ADDRESS_COMMAND,B_ADDRESS_COMMAND,L8,all_inner_layer_traces,track:DDR_CAB4:L8:729:9,track:DDR_CLKB_N:L8:722:2,0.2088846871,0.1072846871,False,3,0.1195,0.3585,True,True,True,
DDR_CAB4,DDR_CLKB_P,B_ADDRESS_COMMAND,B_ADDRESS_COMMAND,L8,K230_local_fanout_only,track:U1:F17:L8:420:0,track:U1:G20:L8:377:0,1.1718041645,1.0702041645,False,3,0.1195,0.3585,False,False,False,
DDR_CAB4,DDR_CLKB_P,B_ADDRESS_COMMAND,B_ADDRESS_COMMAND,L8,actual_interconnect_only,track:DDR_CAB4:L8:729:27,track:DDR_CLKB_P:L8:721:2,0.325,0.2234,False,3,0.1195,0.3585,True,True,False,
DDR_CAB4,DDR_CLKB_P,B_ADDRESS_COMMAND,B_ADDRESS_COMMAND,L8,all_inner_layer_traces,track:DDR_CAB4:L8:729:27,track:DDR_CLKB_P:L8:721:2,0.325,0.2234,False,3,0.1195,0.3585,True,True,False,
DDR_CAB4,DDR_CSB0,B_ADDRESS_COMMAND,B_ADDRESS_COMMAND,L8,K230_local_fanout_only,track:U1:F17:L8:420:0,track:U1:J20:L8:382:0,2.1801662781,2.0785662781,False,3,0.1195,0.3585,False,False,False,
DDR_CAB4,DDR_CSB0,B_ADDRESS_COMMAND,B_ADDRESS_COMMAND,L8,all_inner_layer_traces,track:U1:F17:L8:420:0,track:U1:J20:L8:382:0,2.1801662781,2.0785662781,False,3,0.1195,0.3585,False,False,False,
DDR_CAB4,DDR_DMIA1,B_ADDRESS_COMMAND,A_BYTE1,L8,K230_local_fanout_only,track:U1:F17:L8:420:0,track:U1:P17:L8:423:3,4.8756770363,4.7740770363,False,3,0.1195,0.3585,False,False,False,
DDR_CAB4,DDR_DMIA1,B_ADDRESS_COMMAND,A_BYTE1,L8,all_inner_layer_traces,track:DDR_CAB4:L8:729:22,track:U1:P17:L8:423:4,3.4481029658,3.3465029658,False,3,0.1195,0.3585,False,False,False,
DDR_CAB4,DDR_DMIB0,B_ADDRESS_COMMAND,B_BYTE0,L8,K230_local_fanout_only,track:U1:F17:L8:420:3,track:U1:C15:L8:401:1,1.533021934,1.431421934,False,3,0.1195,0.3585,False,False,False,
DDR_CAB4,DDR_DMIB0,B_ADDRESS_COMMAND,B_BYTE0,L8,all_inner_layer_traces,track:U1:F17:L8:420:3,track:U1:C15:L8:401:1,1.533021934,1.431421934,False,3,0.1195,0.3585,False,False,False,
DDR_CAB4,DDR_DQA10,B_ADDRESS_COMMAND,A_BYTE1,L8,K230_local_fanout_only,track:U1:F17:L8:420:0,track:U1:P16:L8:429:13,4.2257811778,4.1241811778,False,3,0.1195,0.3585,False,False,False,
DDR_CAB4,DDR_DQA10,B_ADDRESS_COMMAND,A_BYTE1,L8,all_inner_layer_traces,track:DDR_CAB4:L8:729:22,track:U1:P16:L8:429:14,3.1268057283,3.0252057283,False,3,0.1195,0.3585,False,False,False,
DDR_CAB4,DDR_DQA11,B_ADDRESS_COMMAND,A_BYTE1,L8,K230_local_fanout_only,track:U1:F17:L8:420:0,track:U1:R17:L8:424:0,5.85,5.7484,False,3,0.1195,0.3585,False,False,False,
DDR_CAB4,DDR_DQA11,B_ADDRESS_COMMAND,A_BYTE1,L8,all_inner_layer_traces,track:U1:F17:L8:420:0,track:U1:R17:L8:424:0,5.85,5.7484,False,3,0.1195,0.3585,False,False,False,
DDR_CAB4,DDR_DQA12,B_ADDRESS_COMMAND,A_BYTE1,L8,K230_local_fanout_only,track:U1:F17:L8:420:0,track:U1:R18:L8:410:3,5.5255973942,5.4239973942,False,3,0.1195,0.3585,False,False,False,
DDR_CAB4,DDR_DQA12,B_ADDRESS_COMMAND,A_BYTE1,L8,actual_interconnect_only,track:DDR_CAB4:L8:729:21,track:DDR_DQA12:L8:732:0,2.6,2.4984,False,3,0.1195,0.3585,False,False,False,
DDR_CAB4,DDR_DQA12,B_ADDRESS_COMMAND,A_BYTE1,L8,all_inner_layer_traces,track:DDR_CAB4:L8:729:21,track:DDR_DQA12:L8:732:0,2.6,2.4984,False,3,0.1195,0.3585,False,False,False,
DDR_CAB4,DDR_DQA13,B_ADDRESS_COMMAND,A_BYTE1,L8,K230_local_fanout_only,track:U1:F17:L8:420:0,track:U1:T18:L8:411:3,6.2181469557,6.1165469557,False,3,0.1195,0.3585,False,False,False,
DDR_CAB4,DDR_DQA13,B_ADDRESS_COMMAND,A_BYTE1,L8,actual_interconnect_only,track:DDR_CAB4:L8:729:22,track:DDR_DQA13:L8:731:0,3.25,3.1484,False,3,0.1195,0.3585,False,False,False,
DDR_CAB4,DDR_DQA13,B_ADDRESS_COMMAND,A_BYTE1,L8,all_inner_layer_traces,track:DDR_CAB4:L8:729:22,track:DDR_DQA13:L8:731:0,3.25,3.1484,False,3,0.1195,0.3585,False,False,False,
DDR_CAB4,DDR_DQA14,B_ADDRESS_COMMAND,A_BYTE1,L8,K230_local_fanout_only,track:U1:F17:L8:420:0,track:U1:U18:L8:412:3,6.8254836138,6.7238836138,False,3,0.1195,0.3585,False,False,False,
DDR_CAB4,DDR_DQA14,B_ADDRESS_COMMAND,A_BYTE1,L8,actual_interconnect_only,track:DDR_CAB4:L8:729:22,track:DDR_DQA14:L8:733:0,4.8266876906,4.7250876906,False,3,0.1195,0.3585,False,False,False,
DDR_CAB4,DDR_DQA14,B_ADDRESS_COMMAND,A_BYTE1,L8,all_inner_layer_traces,track:DDR_CAB4:L8:729:22,track:U1:U18:L8:412:4,4.8266876906,4.7250876906,False,3,0.1195,0.3585,False,False,False,
DDR_CAB4,DDR_DQA15,B_ADDRESS_COMMAND,A_BYTE1,L8,K230_local_fanout_only,track:U1:F17:L8:420:0,track:U1:U20:L8:385:0,7.2161710761,7.1145710761,False,3,0.1195,0.3585,False,False,False,
DDR_CAB4,DDR_DQA15,B_ADDRESS_COMMAND,A_BYTE1,L8,all_inner_layer_traces,track:DDR_CAB4:L8:729:22,track:U1:U20:L8:385:0,5.0928910319,4.9912910319,False,3,0.1195,0.3585,False,False,False,
DDR_CAB4,DDR_DQA8,B_ADDRESS_COMMAND,A_BYTE1,L8,K230_local_fanout_only,track:U1:F17:L8:420:0,track:U1:W19:L8:399:3,8.1578398834,8.0562398834,False,3,0.1195,0.3585,False,False,False,
DDR_CAB4,DDR_DQA8,B_ADDRESS_COMMAND,A_BYTE1,L8,actual_interconnect_only,track:DDR_CAB4:L8:729:22,track:DDR_DQA8:L8:727:0,5.5826496005,5.4810496005,False,3,0.1195,0.3585,False,False,False,
DDR_CAB4,DDR_DQA8,B_ADDRESS_COMMAND,A_BYTE1,L8,all_inner_layer_traces,track:DDR_CAB4:L8:729:22,track:DDR_DQA8:L8:727:0,5.5826496005,5.4810496005,False,3,0.1195,0.3585,False,False,False,
DDR_CAB4,DDR_DQA9,B_ADDRESS_COMMAND,A_BYTE1,L8,K230_local_fanout_only,track:U1:F17:L8:420:0,track:U1:T17:L8:425:0,6.5,6.3984,False,3,0.1195,0.3585,False,False,False,
DDR_CAB4,DDR_DQA9,B_ADDRESS_COMMAND,A_BYTE1,L8,actual_interconnect_only,track:DDR_CAB4:L8:729:21,track:DDR_DQA9:L8:734:7,5.85,5.7484,False,3,0.1195,0.3585,False,False,False,
DDR_CAB4,DDR_DQA9,B_ADDRESS_COMMAND,A_BYTE1,L8,all_inner_layer_traces,track:DDR_CAB4:L8:729:21,track:DDR_DQA9:L8:734:7,5.85,5.7484,False,3,0.1195,0.3585,False,False,False,
DDR_CAB4,DDR_DQB0,B_ADDRESS_COMMAND,B_BYTE0,L8,K230_local_fanout_only,track:U1:F17:L8:420:1,track:U1:A14:L8:379:0,3.7560004077,3.6544004077,False,3,0.1195,0.3585,False,False,False,
DDR_CAB4,DDR_DQB0,B_ADDRESS_COMMAND,B_BYTE0,L8,actual_interconnect_only,track:DDR_CAB4:L8:729:0,track:DDR_DQB0:L8:746:12,3.65625,3.55465,False,3,0.1195,0.3585,False,False,False,
DDR_CAB4,DDR_DQB0,B_ADDRESS_COMMAND,B_BYTE0,L8,all_inner_layer_traces,track:U1:F17:L8:420:3,track:DDR_DQB0:L8:746:12,3.65625,3.55465,False,3,0.1195,0.3585,False,False,False,
DDR_CAB4,DDR_DQB1,B_ADDRESS_COMMAND,B_BYTE0,L8,K230_local_fanout_only,track:U1:F17:L8:420:3,track:U1:A17:L8:380:0,2.5082442191,2.4066442191,False,3,0.1195,0.3585,False,False,False,
DDR_CAB4,DDR_DQB1,B_ADDRESS_COMMAND,B_BYTE0,L8,all_inner_layer_traces,track:U1:F17:L8:420:3,track:U1:A17:L8:380:0,2.5082442191,2.4066442191,False,3,0.1195,0.3585,False,False,False,
DDR_CAB4,DDR_DQB2,B_ADDRESS_COMMAND,B_BYTE0,L8,K230_local_fanout_only,track:U1:F17:L8:420:0,track:U1:C14:L8:400:0,2.7577164466,2.6561164466,False,3,0.1195,0.3585,False,False,False,
DDR_CAB4,DDR_DQB2,B_ADDRESS_COMMAND,B_BYTE0,L8,all_inner_layer_traces,track:U1:F17:L8:420:0,track:U1:C14:L8:400:0,2.7577164466,2.6561164466,False,3,0.1195,0.3585,False,False,False,
DDR_CAB4,DDR_DQB3,B_ADDRESS_COMMAND,B_BYTE0,L8,K230_local_fanout_only,track:U1:F17:L8:420:0,track:U1:B14:L8:388:0,3.25,3.1484,False,3,0.1195,0.3585,False,False,False,
DDR_CAB4,DDR_DQB3,B_ADDRESS_COMMAND,B_BYTE0,L8,actual_interconnect_only,track:DDR_CAB4:L8:729:21,track:DDR_DQB3:L8:748:24,0.2298097039,0.1282097039,False,3,0.1195,0.3585,True,True,True,
DDR_CAB4,DDR_DQB3,B_ADDRESS_COMMAND,B_BYTE0,L8,all_inner_layer_traces,track:DDR_CAB4:L8:729:21,track:DDR_DQB3:L8:748:24,0.2298097039,0.1282097039,False,3,0.1195,0.3585,True,True,True,
DDR_CAB4,DDR_DQB4,B_ADDRESS_COMMAND,B_BYTE0,L8,K230_local_fanout_only,track:U1:F17:L8:420:0,track:U1:D14:L8:416:0,2.3436083291,2.2420083291,False,3,0.1195,0.3585,False,False,False,
DDR_CAB4,DDR_DQB4,B_ADDRESS_COMMAND,B_BYTE0,L8,actual_interconnect_only,track:DDR_CAB4:L8:729:12,track:DDR_DQB4:L8:747:38,2.6176235644,2.5160235644,False,3,0.1195,0.3585,False,False,False,
DDR_CAB4,DDR_DQB4,B_ADDRESS_COMMAND,B_BYTE0,L8,all_inner_layer_traces,track:U1:F17:L8:420:0,track:U1:D14:L8:416:0,2.3436083291,2.2420083291,False,3,0.1195,0.3585,False,False,False,
DDR_CAB4,DDR_DQB5,B_ADDRESS_COMMAND,B_BYTE0,L8,K230_local_fanout_only,track:U1:F17:L8:420:1,track:U1:B16:L8:389:0,2.35625,2.25465,False,3,0.1195,0.3585,False,False,False,
DDR_CAB4,DDR_DQB5,B_ADDRESS_COMMAND,B_BYTE0,L8,all_inner_layer_traces,track:U1:F17:L8:420:1,track:U1:B16:L8:389:0,2.35625,2.25465,False,3,0.1195,0.3585,False,False,False,
DDR_CAB4,DDR_DQB6,B_ADDRESS_COMMAND,B_BYTE0,L8,K230_local_fanout_only,track:U1:F17:L8:420:3,track:U1:C16:L8:402:4,0.65,0.5484,False,3,0.1195,0.3585,False,False,False,
DDR_CAB4,DDR_DQB6,B_ADDRESS_COMMAND,B_BYTE0,L8,actual_interconnect_only,track:DDR_CAB4:L8:729:0,track:DDR_DQB6:L8:737:0,0.65,0.5484,False,3,0.1195,0.3585,False,False,False,
DDR_CAB4,DDR_DQB6,B_ADDRESS_COMMAND,B_BYTE0,L8,all_inner_layer_traces,track:U1:F17:L8:420:3,track:U1:C16:L8:402:4,0.65,0.5484,False,3,0.1195,0.3585,False,False,False,
DDR_CAB4,DDR_DQB7,B_ADDRESS_COMMAND,B_BYTE0,L8,K230_local_fanout_only,track:U1:F17:L8:420:3,track:U1:B17:L8:390:0,1.9381148218,1.8365148218,False,3,0.1195,0.3585,False,False,False,
DDR_CAB4,DDR_DQB7,B_ADDRESS_COMMAND,B_BYTE0,L8,all_inner_layer_traces,track:U1:F17:L8:420:3,track:U1:B17:L8:390:0,1.9381148218,1.8365148218,False,3,0.1195,0.3585,False,False,False,
DDR_CAB4,DDR_DQSA1_N,B_ADDRESS_COMMAND,A_BYTE1,L8,K230_local_fanout_only,track:U1:F17:L8:420:0,track:U1:V19:L8:370:3,7.5106824965,7.4090824965,False,3,0.1195,0.3585,False,False,False,
DDR_CAB4,DDR_DQSA1_N,B_ADDRESS_COMMAND,A_BYTE1,L8,actual_interconnect_only,track:DDR_CAB4:L8:729:22,track:DDR_DQSA1_N:L8:714:0,4.55,4.4484,False,3,0.1195,0.3585,False,False,False,
DDR_CAB4,DDR_DQSA1_N,B_ADDRESS_COMMAND,A_BYTE1,L8,all_inner_layer_traces,track:DDR_CAB4:L8:729:22,track:DDR_DQSA1_N:L8:714:0,4.55,4.4484,False,3,0.1195,0.3585,False,False,False,
DDR_CAB4,DDR_DQSA1_P,B_ADDRESS_COMMAND,A_BYTE1,L8,K230_local_fanout_only,track:U1:F17:L8:420:0,track:U1:V20:L8:369:0,7.8607013046,7.7591013046,False,3,0.1195,0.3585,False,False,False,
DDR_CAB4,DDR_DQSA1_P,B_ADDRESS_COMMAND,A_BYTE1,L8,actual_interconnect_only,track:DDR_CAB4:L8:729:22,track:DDR_DQSA1_P:L8:713:0,5.1135886677,5.0119886677,False,3,0.1195,0.3585,False,False,False,
DDR_CAB4,DDR_DQSA1_P,B_ADDRESS_COMMAND,A_BYTE1,L8,all_inner_layer_traces,track:DDR_CAB4:L8:729:22,track:DDR_DQSA1_P:L8:713:0,5.1135886677,5.0119886677,False,3,0.1195,0.3585,False,False,False,
DDR_CAB4,DDR_DQSB0_N,B_ADDRESS_COMMAND,B_BYTE0,L8,K230_local_fanout_only,track:U1:F17:L8:420:1,track:U1:A15:L8:372:0,3.2752922102,3.1736922102,False,3,0.1195,0.3585,False,False,False,
DDR_CAB4,DDR_DQSB0_N,B_ADDRESS_COMMAND,B_BYTE0,L8,actual_interconnect_only,track:DDR_CAB4:L8:729:0,track:DDR_DQSB0_N:L8:715:4,3.16875,3.06715,False,3,0.1195,0.3585,False,False,False,
DDR_CAB4,DDR_DQSB0_N,B_ADDRESS_COMMAND,B_BYTE0,L8,all_inner_layer_traces,track:U1:F17:L8:420:3,track:DDR_DQSB0_N:L8:715:4,3.16875,3.06715,False,3,0.1195,0.3585,False,False,False,
DDR_CAB4,DDR_DQSB0_P,B_ADDRESS_COMMAND,B_BYTE0,L8,K230_local_fanout_only,track:U1:F17:L8:420:1,track:U1:B15:L8:371:0,2.84375,2.74215,False,3,0.1195,0.3585,False,False,False,
DDR_CAB4,DDR_DQSB0_P,B_ADDRESS_COMMAND,B_BYTE0,L8,actual_interconnect_only,track:DDR_CAB4:L8:729:0,track:DDR_DQSB0_P:L8:716:8,3.4125,3.3109,False,3,0.1195,0.3585,False,False,False,
DDR_CAB4,DDR_DQSB0_P,B_ADDRESS_COMMAND,B_BYTE0,L8,all_inner_layer_traces,track:U1:F17:L8:420:1,track:U1:B15:L8:371:0,2.84375,2.74215,False,3,0.1195,0.3585,False,False,False,
DDR_CAB5,DDR_CKEB0,B_ADDRESS_COMMAND,B_ADDRESS_COMMAND,L8,K230_local_fanout_only,track:U1:F19:L8:393:0,track:U1:J18:L8:408:3,1.6270299821,1.5254299821,False,3,0.1195,0.3585,False,False,False,
DDR_CAB5,DDR_CKEB0,B_ADDRESS_COMMAND,B_ADDRESS_COMMAND,L8,all_inner_layer_traces,track:DDR_CAB5:L8:728:17,track:U1:J18:L8:408:0,0.975,0.8734,False,3,0.1195,0.3585,False,False,False,
DDR_CAB5,DDR_CLKB_N,B_ADDRESS_COMMAND,B_ADDRESS_COMMAND,L8,K230_local_fanout_only,track:U1:F19:L8:393:0,track:U1:F20:L8:378:0,0.325,0.2234,False,3,0.1195,0.3585,True,True,False,
DDR_CAB5,DDR_CLKB_N,B_ADDRESS_COMMAND,B_ADDRESS_COMMAND,L8,actual_interconnect_only,track:DDR_CAB5:L8:728:0,track:DDR_CLKB_N:L8:722:0,0.325,0.2234,False,3,0.1195,0.3585,True,True,False,
DDR_CAB5,DDR_CLKB_N,B_ADDRESS_COMMAND,B_ADDRESS_COMMAND,L8,all_inner_layer_traces,track:U1:F19:L8:393:0,track:U1:F20:L8:378:0,0.325,0.2234,False,3,0.1195,0.3585,True,True,False,
DDR_CAB5,DDR_CLKB_P,B_ADDRESS_COMMAND,B_ADDRESS_COMMAND,L8,K230_local_fanout_only,track:U1:F19:L8:393:0,track:U1:G20:L8:377:0,0.7267220927,0.6251220927,False,3,0.1195,0.3585,False,False,False,
DDR_CAB5,DDR_CLKB_P,B_ADDRESS_COMMAND,B_ADDRESS_COMMAND,L8,actual_interconnect_only,track:DDR_CAB5:L8:728:0,track:DDR_CLKB_P:L8:721:0,0.975,0.8734,False,3,0.1195,0.3585,False,False,False,
DDR_CAB5,DDR_CLKB_P,B_ADDRESS_COMMAND,B_ADDRESS_COMMAND,L8,all_inner_layer_traces,track:DDR_CAB5:L8:728:5,track:U1:G20:L8:377:0,0.6345827862,0.5329827862,False,3,0.1195,0.3585,False,False,False,
DDR_CAB5,DDR_CSB0,B_ADDRESS_COMMAND,B_ADDRESS_COMMAND,L8,K230_local_fanout_only,track:U1:F19:L8:393:0,track:U1:J20:L8:382:0,1.9768978223,1.8752978223,False,3,0.1195,0.3585,False,False,False,
DDR_CAB5,DDR_CSB0,B_ADDRESS_COMMAND,B_ADDRESS_COMMAND,L8,all_inner_layer_traces,track:DDR_CAB5:L8:728:20,track:U1:J20:L8:382:0,0.975,0.8734,False,3,0.1195,0.3585,False,False,False,
DDR_CAB5,DDR_DMIA1,B_ADDRESS_COMMAND,A_BYTE1,L8,K230_local_fanout_only,track:U1:F19:L8:393:0,track:U1:P17:L8:423:4,4.875,4.7734,False,3,0.1195,0.3585,False,False,False,
DDR_CAB5,DDR_DMIA1,B_ADDRESS_COMMAND,A_BYTE1,L8,all_inner_layer_traces,track:DDR_CAB5:L8:728:20,track:U1:P17:L8:423:3,1.95,1.8484,False,3,0.1195,0.3585,False,False,False,
DDR_CAB5,DDR_DMIB0,B_ADDRESS_COMMAND,B_BYTE0,L8,K230_local_fanout_only,track:U1:F19:L8:393:3,track:U1:C15:L8:401:1,2.4375,2.3359,False,3,0.1195,0.3585,False,False,False,
DDR_CAB5,DDR_DMIB0,B_ADDRESS_COMMAND,B_BYTE0,L8,all_inner_layer_traces,track:U1:F19:L8:393:3,track:U1:C15:L8:401:1,2.4375,2.3359,False,3,0.1195,0.3585,False,False,False,
DDR_CAB5,DDR_DQA10,B_ADDRESS_COMMAND,A_BYTE1,L8,K230_local_fanout_only,track:U1:F19:L8:393:0,track:U1:P16:L8:429:14,4.225,4.1234,False,3,0.1195,0.3585,False,False,False,
DDR_CAB5,DDR_DQA10,B_ADDRESS_COMMAND,A_BYTE1,L8,all_inner_layer_traces,track:DDR_CAB5:L8:728:20,track:U1:P16:L8:429:13,1.3,1.1984,False,3,0.1195,0.3585,False,False,False,
DDR_CAB5,DDR_DQA11,B_ADDRESS_COMMAND,A_BYTE1,L8,K230_local_fanout_only,track:U1:F19:L8:393:0,track:U1:R17:L8:424:0,5.9927038972,5.8911038972,False,3,0.1195,0.3585,False,False,False,
DDR_CAB5,DDR_DQA11,B_ADDRESS_COMMAND,A_BYTE1,L8,all_inner_layer_traces,track:DDR_CAB5:L8:728:20,track:U1:R17:L8:424:0,2.925,2.8234,False,3,0.1195,0.3585,False,False,False,
DDR_CAB5,DDR_DQA12,B_ADDRESS_COMMAND,A_BYTE1,L8,K230_local_fanout_only,track:U1:F19:L8:393:0,track:U1:R18:L8:410:4,5.525,5.4234,False,3,0.1195,0.3585,False,False,False,
DDR_CAB5,DDR_DQA12,B_ADDRESS_COMMAND,A_BYTE1,L8,actual_interconnect_only,track:DDR_CAB5:L8:728:20,track:DDR_DQA12:L8:732:0,2.6,2.4984,False,3,0.1195,0.3585,False,False,False,
DDR_CAB5,DDR_DQA12,B_ADDRESS_COMMAND,A_BYTE1,L8,all_inner_layer_traces,track:DDR_CAB5:L8:728:20,track:U1:R18:L8:410:3,2.6,2.4984,False,3,0.1195,0.3585,False,False,False,
DDR_CAB5,DDR_DQA13,B_ADDRESS_COMMAND,A_BYTE1,L8,K230_local_fanout_only,track:U1:F19:L8:393:0,track:U1:T18:L8:411:3,6.1755345163,6.0739345163,False,3,0.1195,0.3585,False,False,False,
DDR_CAB5,DDR_DQA13,B_ADDRESS_COMMAND,A_BYTE1,L8,actual_interconnect_only,track:DDR_CAB5:L8:728:20,track:DDR_DQA13:L8:731:0,3.25,3.1484,False,3,0.1195,0.3585,False,False,False,
DDR_CAB5,DDR_DQA13,B_ADDRESS_COMMAND,A_BYTE1,L8,all_inner_layer_traces,track:DDR_CAB5:L8:728:20,track:U1:T18:L8:411:3,3.25,3.1484,False,3,0.1195,0.3585,False,False,False,
DDR_CAB5,DDR_DQA14,B_ADDRESS_COMMAND,A_BYTE1,L8,K230_local_fanout_only,track:U1:F19:L8:393:0,track:U1:U18:L8:412:4,6.825,6.7234,False,3,0.1195,0.3585,False,False,False,
DDR_CAB5,DDR_DQA14,B_ADDRESS_COMMAND,A_BYTE1,L8,actual_interconnect_only,track:DDR_CAB5:L8:728:20,track:DDR_DQA14:L8:733:0,3.9,3.7984,False,3,0.1195,0.3585,False,False,False,
DDR_CAB5,DDR_DQA14,B_ADDRESS_COMMAND,A_BYTE1,L8,all_inner_layer_traces,track:DDR_CAB5:L8:728:20,track:U1:U18:L8:412:3,3.9,3.7984,False,3,0.1195,0.3585,False,False,False,
DDR_CAB5,DDR_DQA15,B_ADDRESS_COMMAND,A_BYTE1,L8,K230_local_fanout_only,track:U1:F19:L8:393:0,track:U1:U20:L8:385:0,7.1573825523,7.0557825523,False,3,0.1195,0.3585,False,False,False,
DDR_CAB5,DDR_DQA15,B_ADDRESS_COMMAND,A_BYTE1,L8,all_inner_layer_traces,track:DDR_CAB5:L8:728:20,track:U1:U20:L8:385:0,4.225,4.1234,False,3,0.1195,0.3585,False,False,False,
DDR_CAB5,DDR_DQA8,B_ADDRESS_COMMAND,A_BYTE1,L8,K230_local_fanout_only,track:U1:F19:L8:393:0,track:U1:W19:L8:399:3,8.1254062398,8.0238062398,False,3,0.1195,0.3585,False,False,False,
DDR_CAB5,DDR_DQA8,B_ADDRESS_COMMAND,A_BYTE1,L8,actual_interconnect_only,track:DDR_CAB5:L8:728:20,track:DDR_DQA8:L8:727:0,5.2,5.0984,False,3,0.1195,0.3585,False,False,False,
DDR_CAB5,DDR_DQA8,B_ADDRESS_COMMAND,A_BYTE1,L8,all_inner_layer_traces,track:DDR_CAB5:L8:728:20,track:U1:W19:L8:399:3,5.2,5.0984,False,3,0.1195,0.3585,False,False,False,
DDR_CAB5,DDR_DQA9,B_ADDRESS_COMMAND,A_BYTE1,L8,K230_local_fanout_only,track:U1:F19:L8:393:0,track:U1:T17:L8:425:0,6.5727182353,6.4711182353,False,3,0.1195,0.3585,False,False,False,
DDR_CAB5,DDR_DQA9,B_ADDRESS_COMMAND,A_BYTE1,L8,actual_interconnect_only,track:DDR_CAB5:L8:728:20,track:DDR_DQA9:L8:734:8,5.8955259784,5.7939259784,False,3,0.1195,0.3585,False,False,False,
DDR_CAB5,DDR_DQA9,B_ADDRESS_COMMAND,A_BYTE1,L8,all_inner_layer_traces,track:DDR_CAB5:L8:728:20,track:U1:T17:L8:425:0,3.575,3.4734,False,3,0.1195,0.3585,False,False,False,
DDR_CAB5,DDR_DQB0,B_ADDRESS_COMMAND,B_BYTE0,L8,K230_local_fanout_only,track:U1:F19:L8:393:0,track:U1:A14:L8:379:0,4.5961940777,4.4945940777,False,3,0.1195,0.3585,False,False,False,
DDR_CAB5,DDR_DQB0,B_ADDRESS_COMMAND,B_BYTE0,L8,actual_interconnect_only,track:DDR_CAB5:L8:728:0,track:DDR_DQB0:L8:746:12,4.30625,4.20465,False,3,0.1195,0.3585,False,False,False,
DDR_CAB5,DDR_DQB0,B_ADDRESS_COMMAND,B_BYTE0,L8,all_inner_layer_traces,track:DDR_CAB5:L8:728:10,track:U1:A14:L8:379:0,4.281651441,4.180051441,False,3,0.1195,0.3585,False,False,False,
DDR_CAB5,DDR_DQB1,B_ADDRESS_COMMAND,B_BYTE0,L8,K230_local_fanout_only,track:U1:F19:L8:393:3,track:U1:A17:L8:380:0,3.3862832224,3.2846832224,False,3,0.1195,0.3585,False,False,False,
DDR_CAB5,DDR_DQB1,B_ADDRESS_COMMAND,B_BYTE0,L8,all_inner_layer_traces,track:U1:F19:L8:393:3,track:U1:A17:L8:380:0,3.3862832224,3.2846832224,False,3,0.1195,0.3585,False,False,False,
DDR_CAB5,DDR_DQB2,B_ADDRESS_COMMAND,B_BYTE0,L8,K230_local_fanout_only,track:U1:F19:L8:393:0,track:U1:C14:L8:400:0,3.7901187316,3.6885187316,False,3,0.1195,0.3585,False,False,False,
DDR_CAB5,DDR_DQB2,B_ADDRESS_COMMAND,B_BYTE0,L8,all_inner_layer_traces,track:DDR_CAB5:L8:728:10,track:U1:C14:L8:400:0,3.2752922102,3.1736922102,False,3,0.1195,0.3585,False,False,False,
DDR_CAB5,DDR_DQB3,B_ADDRESS_COMMAND,B_BYTE0,L8,K230_local_fanout_only,track:U1:F19:L8:393:0,track:U1:B14:L8:388:0,4.1620307543,4.0604307543,False,3,0.1195,0.3585,False,False,False,
DDR_CAB5,DDR_DQB3,B_ADDRESS_COMMAND,B_BYTE0,L8,actual_interconnect_only,track:DDR_CAB5:L8:728:19,track:DDR_DQB3:L8:748:17,0.65,0.5484,False,3,0.1195,0.3585,False,False,False,
DDR_CAB5,DDR_DQB3,B_ADDRESS_COMMAND,B_BYTE0,L8,all_inner_layer_traces,track:DDR_CAB5:L8:728:19,track:DDR_DQB3:L8:748:17,0.65,0.5484,False,3,0.1195,0.3585,False,False,False,
DDR_CAB5,DDR_DQB4,B_ADDRESS_COMMAND,B_BYTE0,L8,K230_local_fanout_only,track:U1:F19:L8:393:0,track:U1:D14:L8:416:0,3.5003571246,3.3987571246,False,3,0.1195,0.3585,False,False,False,
DDR_CAB5,DDR_DQB4,B_ADDRESS_COMMAND,B_BYTE0,L8,actual_interconnect_only,track:DDR_CAB5:L8:728:0,track:DDR_DQB4:L8:747:18,4.55,4.4484,False,3,0.1195,0.3585,False,False,False,
DDR_CAB5,DDR_DQB4,B_ADDRESS_COMMAND,B_BYTE0,L8,all_inner_layer_traces,track:DDR_CAB5:L8:728:14,track:U1:D14:L8:416:0,2.84375,2.74215,False,3,0.1195,0.3585,False,False,False,
DDR_CAB5,DDR_DQB5,B_ADDRESS_COMMAND,B_BYTE0,L8,K230_local_fanout_only,track:U1:F19:L8:393:0,track:U1:B16:L8:389:0,3.25,3.1484,False,3,0.1195,0.3585,False,False,False,
DDR_CAB5,DDR_DQB5,B_ADDRESS_COMMAND,B_BYTE0,L8,all_inner_layer_traces,track:DDR_CAB5:L8:728:10,track:U1:B16:L8:389:0,3.1098696215,3.0082696215,False,3,0.1195,0.3585,False,False,False,
DDR_CAB5,DDR_DQB6,B_ADDRESS_COMMAND,B_BYTE0,L8,K230_local_fanout_only,track:U1:F19:L8:393:3,track:U1:C16:L8:402:4,1.3,1.1984,False,3,0.1195,0.3585,False,False,False,
DDR_CAB5,DDR_DQB6,B_ADDRESS_COMMAND,B_BYTE0,L8,actual_interconnect_only,track:DDR_CAB5:L8:728:0,track:DDR_DQB6:L8:737:0,1.3,1.1984,False,3,0.1195,0.3585,False,False,False,
DDR_CAB5,DDR_DQB6,B_ADDRESS_COMMAND,B_BYTE0,L8,all_inner_layer_traces,track:U1:F19:L8:393:3,track:U1:C16:L8:402:4,1.3,1.1984,False,3,0.1195,0.3585,False,False,False,
DDR_CAB5,DDR_DQB7,B_ADDRESS_COMMAND,B_BYTE0,L8,K230_local_fanout_only,track:U1:F19:L8:393:3,track:U1:B17:L8:390:0,2.84375,2.74215,False,3,0.1195,0.3585,False,False,False,
DDR_CAB5,DDR_DQB7,B_ADDRESS_COMMAND,B_BYTE0,L8,all_inner_layer_traces,track:U1:F19:L8:393:3,track:U1:B17:L8:390:0,2.84375,2.74215,False,3,0.1195,0.3585,False,False,False,
DDR_CAB5,DDR_DQSA1_N,B_ADDRESS_COMMAND,A_BYTE1,L8,K230_local_fanout_only,track:U1:F19:L8:393:0,track:U1:V19:L8:370:3,7.475441563,7.373841563,False,3,0.1195,0.3585,False,False,False,
DDR_CAB5,DDR_DQSA1_N,B_ADDRESS_COMMAND,A_BYTE1,L8,actual_interconnect_only,track:DDR_CAB5:L8:728:20,track:DDR_DQSA1_N:L8:714:0,4.55,4.4484,False,3,0.1195,0.3585,False,False,False,
DDR_CAB5,DDR_DQSA1_N,B_ADDRESS_COMMAND,A_BYTE1,L8,all_inner_layer_traces,track:DDR_CAB5:L8:728:20,track:U1:V19:L8:370:3,4.55,4.4484,False,3,0.1195,0.3585,False,False,False,
DDR_CAB5,DDR_DQSA1_P,B_ADDRESS_COMMAND,A_BYTE1,L8,K230_local_fanout_only,track:U1:F19:L8:393:0,track:U1:V20:L8:369:0,7.8067678972,7.7051678972,False,3,0.1195,0.3585,False,False,False,
DDR_CAB5,DDR_DQSA1_P,B_ADDRESS_COMMAND,A_BYTE1,L8,actual_interconnect_only,track:DDR_CAB5:L8:728:20,track:DDR_DQSA1_P:L8:713:0,4.875,4.7734,False,3,0.1195,0.3585,False,False,False,
DDR_CAB5,DDR_DQSA1_P,B_ADDRESS_COMMAND,A_BYTE1,L8,all_inner_layer_traces,track:DDR_CAB5:L8:728:20,track:U1:V20:L8:369:0,4.875,4.7734,False,3,0.1195,0.3585,False,False,False,
DDR_CAB5,DDR_DQSB0_N,B_ADDRESS_COMMAND,B_BYTE0,L8,K230_local_fanout_only,track:U1:F19:L8:393:0,track:U1:A15:L8:372:0,4.1620307543,4.0604307543,False,3,0.1195,0.3585,False,False,False,
DDR_CAB5,DDR_DQSB0_N,B_ADDRESS_COMMAND,B_BYTE0,L8,actual_interconnect_only,track:DDR_CAB5:L8:728:0,track:DDR_DQSB0_N:L8:715:4,3.81875,3.71715,False,3,0.1195,0.3585,False,False,False,
DDR_CAB5,DDR_DQSB0_N,B_ADDRESS_COMMAND,B_BYTE0,L8,all_inner_layer_traces,track:U1:F19:L8:393:3,track:DDR_DQSB0_N:L8:715:4,3.81875,3.71715,False,3,0.1195,0.3585,False,False,False,
DDR_CAB5,DDR_DQSB0_P,B_ADDRESS_COMMAND,B_BYTE0,L8,K230_local_fanout_only,track:U1:F19:L8:393:0,track:U1:B15:L8:371:0,3.6769552622,3.5753552622,False,3,0.1195,0.3585,False,False,False,
DDR_CAB5,DDR_DQSB0_P,B_ADDRESS_COMMAND,B_BYTE0,L8,actual_interconnect_only,track:DDR_CAB5:L8:728:0,track:DDR_DQSB0_P:L8:716:8,4.0625,3.9609,False,3,0.1195,0.3585,False,False,False,
DDR_CAB5,DDR_DQSB0_P,B_ADDRESS_COMMAND,B_BYTE0,L8,all_inner_layer_traces,track:DDR_CAB5:L8:728:10,track:U1:B15:L8:371:0,3.3862832224,3.2846832224,False,3,0.1195,0.3585,False,False,False,
DDR_CKEA0,DDR_CLKA_N,A_ADDRESS_COMMAND,A_ADDRESS_COMMAND,L3,K230_local_fanout_only,track:U1:N17:L3:422:0,track:U1:R20:L3:376:0,2.0810153772,1.9794153772,False,3,0.13,0.39,False,False,False,
DDR_CKEA0,DDR_CLKA_N,A_ADDRESS_COMMAND,A_ADDRESS_COMMAND,L3,actual_interconnect_only,track:DDR_CKEA0:L3:739:0,track:DDR_CLKA_N:L3:720:9,1.95,1.8484,False,3,0.13,0.39,False,False,False,
DDR_CKEA0,DDR_CLKA_N,A_ADDRESS_COMMAND,A_ADDRESS_COMMAND,L3,all_inner_layer_traces,track:DDR_CKEA0:L3:739:0,track:DDR_CLKA_N:L3:720:9,1.95,1.8484,False,3,0.13,0.39,False,False,False,
DDR_CKEA0,DDR_CLKA_P,A_ADDRESS_COMMAND,A_ADDRESS_COMMAND,L3,K230_local_fanout_only,track:U1:N17:L3:422:0,track:U1:R19:L3:375:0,1.625,1.5234,False,3,0.13,0.39,False,False,False,
DDR_CKEA0,DDR_CLKA_P,A_ADDRESS_COMMAND,A_ADDRESS_COMMAND,L3,actual_interconnect_only,track:DDR_CKEA0:L3:739:0,track:DDR_CLKA_P:L3:719:1,2.275,2.1734,False,3,0.13,0.39,False,False,False,
DDR_CKEA0,DDR_CLKA_P,A_ADDRESS_COMMAND,A_ADDRESS_COMMAND,L3,all_inner_layer_traces,track:U1:N17:L3:422:0,track:U1:R19:L3:375:0,1.625,1.5234,False,3,0.13,0.39,False,False,False,
DDR_CKEA0,DDR_CSA0,A_ADDRESS_COMMAND,A_ADDRESS_COMMAND,L3,K230_local_fanout_only,track:U1:N17:L3:422:0,track:U1:T20:L3:384:0,2.5383311447,2.4367311447,False,3,0.13,0.39,False,False,False,
DDR_CKEA0,DDR_CSA0,A_ADDRESS_COMMAND,A_ADDRESS_COMMAND,L3,all_inner_layer_traces,track:U1:N17:L3:422:0,track:U1:T20:L3:384:0,2.5383311447,2.4367311447,False,3,0.13,0.39,False,False,False,
DDR_CKEA0,DDR_DMIA0,A_ADDRESS_COMMAND,A_BYTE0,L3,K230_local_fanout_only,track:U1:N17:L3:422:0,track:U1:V17:L3:414:3,2.9261282546,2.8245282546,False,3,0.13,0.39,False,False,False,
DDR_CKEA0,DDR_DMIA0,A_ADDRESS_COMMAND,A_BYTE0,L3,actual_interconnect_only,track:DDR_CKEA0:L3:739:5,track:DDR_DMIA0:L3:740:0,2.275,2.1734,False,3,0.13,0.39,False,False,False,
DDR_CKEA0,DDR_DMIA0,A_ADDRESS_COMMAND,A_BYTE0,L3,all_inner_layer_traces,track:DDR_CKEA0:L3:739:5,track:DDR_DMIA0:L3:740:0,2.275,2.1734,False,3,0.13,0.39,False,False,False,
DDR_CKEA0,DDR_DMIB1,A_ADDRESS_COMMAND,B_BYTE1,L3,K230_local_fanout_only,track:U1:N17:L3:422:13,track:U1:D18:L3:405:0,4.225,4.1234,False,3,0.13,0.39,False,False,False,
DDR_CKEA0,DDR_DMIB1,A_ADDRESS_COMMAND,B_BYTE1,L3,all_inner_layer_traces,track:U1:N17:L3:422:13,track:U1:D18:L3:405:0,4.225,4.1234,False,3,0.13,0.39,False,False,False,
DDR_CKEA0,DDR_DQA0,A_ADDRESS_COMMAND,A_BYTE0,L3,K230_local_fanout_only,track:U1:N17:L3:422:0,track:U1:Y16:L3:386:0,4.5961940777,4.4945940777,False,3,0.13,0.39,False,False,False,
DDR_CKEA0,DDR_DQA0,A_ADDRESS_COMMAND,A_BYTE0,L3,actual_interconnect_only,track:DDR_CKEA0:L3:739:5,track:DDR_DQA0:L3:743:31,4.8231213959,4.7215213959,False,3,0.13,0.39,False,False,False,
DDR_CKEA0,DDR_DQA0,A_ADDRESS_COMMAND,A_BYTE0,L3,all_inner_layer_traces,track:U1:N17:L3:422:0,track:U1:Y16:L3:386:0,4.5961940777,4.4945940777,False,3,0.13,0.39,False,False,False,
DDR_CKEA0,DDR_DQA1,A_ADDRESS_COMMAND,A_BYTE0,L3,K230_local_fanout_only,track:U1:N17:L3:422:0,track:U1:V16:L3:413:0,3.3143626838,3.2127626838,False,3,0.13,0.39,False,False,False,
DDR_CKEA0,DDR_DQA1,A_ADDRESS_COMMAND,A_BYTE0,L3,actual_interconnect_only,track:DDR_CKEA0:L3:739:5,track:DDR_DQA1:L3:744:40,4.2154477817,4.1138477817,False,3,0.13,0.39,False,False,False,
DDR_CKEA0,DDR_DQA1,A_ADDRESS_COMMAND,A_BYTE0,L3,all_inner_layer_traces,track:U1:N17:L3:422:0,track:U1:V16:L3:413:0,3.3143626838,3.2127626838,False,3,0.13,0.39,False,False,False,
DDR_CKEA0,DDR_DQA2,A_ADDRESS_COMMAND,A_BYTE0,L3,K230_local_fanout_only,track:U1:N17:L3:422:0,track:U1:U17:L3:427:0,2.6,2.4984,False,3,0.13,0.39,False,False,False,
DDR_CKEA0,DDR_DQA2,A_ADDRESS_COMMAND,A_BYTE0,L3,actual_interconnect_only,track:DDR_CKEA0:L3:739:5,track:DDR_DQA2:L3:745:48,3.0528675045,2.9512675045,False,3,0.13,0.39,False,False,False,
DDR_CKEA0,DDR_DQA2,A_ADDRESS_COMMAND,A_BYTE0,L3,all_inner_layer_traces,track:U1:N17:L3:422:0,track:U1:U17:L3:427:0,2.6,2.4984,False,3,0.13,0.39,False,False,False,
DDR_CKEA0,DDR_DQA3,A_ADDRESS_COMMAND,A_BYTE0,L3,K230_local_fanout_only,track:U1:N17:L3:422:0,track:U1:T16:L3:430:4,1.625,1.5234,False,3,0.13,0.39,False,False,False,
DDR_CKEA0,DDR_DQA3,A_ADDRESS_COMMAND,A_BYTE0,L3,actual_interconnect_only,track:DDR_CKEA0:L3:739:0,track:DDR_DQA3:L3:741:17,0.65,0.5484,False,3,0.13,0.39,False,False,False,
DDR_CKEA0,DDR_DQA3,A_ADDRESS_COMMAND,A_BYTE0,L3,all_inner_layer_traces,track:U1:N17:L3:422:0,track:DDR_DQA3:L3:741:1,0.325,0.2234,False,3,0.13,0.39,True,True,False,
DDR_CKEA0,DDR_DQA4,A_ADDRESS_COMMAND,A_BYTE0,L3,K230_local_fanout_only,track:U1:N17:L3:422:0,track:U1:U16:L3:426:4,2.275,2.1734,False,3,0.13,0.39,False,False,False,
DDR_CKEA0,DDR_DQA4,A_ADDRESS_COMMAND,A_BYTE0,L3,actual_interconnect_only,track:DDR_CKEA0:L3:739:5,track:DDR_DQA4:L3:735:0,1.6250120192,1.5234120192,False,3,0.13,0.39,False,False,False,
DDR_CKEA0,DDR_DQA4,A_ADDRESS_COMMAND,A_BYTE0,L3,all_inner_layer_traces,track:DDR_CKEA0:L3:739:5,track:DDR_DQA4:L3:735:0,1.6250120192,1.5234120192,False,3,0.13,0.39,False,False,False,
DDR_CKEA0,DDR_DQA5,A_ADDRESS_COMMAND,A_BYTE0,L3,K230_local_fanout_only,track:U1:N17:L3:422:0,track:U1:V18:L3:415:0,3.2662095769,3.1646095769,False,3,0.13,0.39,False,False,False,
DDR_CKEA0,DDR_DQA5,A_ADDRESS_COMMAND,A_BYTE0,L3,actual_interconnect_only,track:DDR_CKEA0:L3:739:5,track:DDR_DQA5:L3:736:7,2.6,2.4984,False,3,0.13,0.39,False,False,False,
DDR_CKEA0,DDR_DQA5,A_ADDRESS_COMMAND,A_BYTE0,L3,all_inner_layer_traces,track:DDR_CKEA0:L3:739:5,track:DDR_DQA5:L3:736:7,2.6,2.4984,False,3,0.13,0.39,False,False,False,
DDR_CKEA0,DDR_DQA6,A_ADDRESS_COMMAND,A_BYTE0,L3,K230_local_fanout_only,track:U1:N17:L3:422:0,track:U1:W18:L3:398:0,3.9135182381,3.8119182381,False,3,0.13,0.39,False,False,False,
DDR_CKEA0,DDR_DQA6,A_ADDRESS_COMMAND,A_BYTE0,L3,all_inner_layer_traces,track:U1:N17:L3:422:0,track:U1:W18:L3:398:0,3.9135182381,3.8119182381,False,3,0.13,0.39,False,False,False,
DDR_CKEA0,DDR_DQA7,A_ADDRESS_COMMAND,A_BYTE0,L3,K230_local_fanout_only,track:U1:N17:L3:422:0,track:U1:Y18:L3:387:0,4.5615923755,4.4599923755,False,3,0.13,0.39,False,False,False,
DDR_CKEA0,DDR_DQA7,A_ADDRESS_COMMAND,A_BYTE0,L3,all_inner_layer_traces,track:U1:N17:L3:422:0,track:U1:Y18:L3:387:0,4.5615923755,4.4599923755,False,3,0.13,0.39,False,False,False,
DDR_CKEA0,DDR_DQB10,A_ADDRESS_COMMAND,B_BYTE1,L3,K230_local_fanout_only,track:U1:N17:L3:422:13,track:U1:D17:L3:418:0,4.2878143106,4.1862143106,False,3,0.13,0.39,False,False,False,
DDR_CKEA0,DDR_DQB10,A_ADDRESS_COMMAND,B_BYTE1,L3,actual_interconnect_only,track:DDR_CKEA0:L3:739:0,track:DDR_DQB10:L3:726:5,3.575,3.4734,False,3,0.13,0.39,False,False,False,
DDR_CKEA0,DDR_DQB10,A_ADDRESS_COMMAND,B_BYTE1,L3,all_inner_layer_traces,track:DDR_CKEA0:L3:739:0,track:DDR_DQB10:L3:726:5,3.575,3.4734,False,3,0.13,0.39,False,False,False,
DDR_CKEA0,DDR_DQB11,A_ADDRESS_COMMAND,B_BYTE1,L3,K230_local_fanout_only,track:U1:N17:L3:422:13,track:U1:E17:L3:419:4,3.25,3.1484,False,3,0.13,0.39,False,False,False,
DDR_CKEA0,DDR_DQB11,A_ADDRESS_COMMAND,B_BYTE1,L3,actual_interconnect_only,track:DDR_CKEA0:L3:739:0,track:DDR_DQB11:L3:724:1,2.925,2.8234,False,3,0.13,0.39,False,False,False,
DDR_CKEA0,DDR_DQB11,A_ADDRESS_COMMAND,B_BYTE1,L3,all_inner_layer_traces,track:DDR_CKEA0:L3:739:0,track:DDR_DQB11:L3:724:1,2.925,2.8234,False,3,0.13,0.39,False,False,False,
DDR_CKEA0,DDR_DQB12,A_ADDRESS_COMMAND,B_BYTE1,L3,K230_local_fanout_only,track:U1:N17:L3:422:13,track:U1:E18:L3:406:0,3.5759231763,3.4743231763,False,3,0.13,0.39,False,False,False,
DDR_CKEA0,DDR_DQB12,A_ADDRESS_COMMAND,B_BYTE1,L3,actual_interconnect_only,track:DDR_CKEA0:L3:739:0,track:DDR_DQB12:L3:730:6,2.6,2.4984,False,3,0.13,0.39,False,False,False,
DDR_CKEA0,DDR_DQB12,A_ADDRESS_COMMAND,B_BYTE1,L3,all_inner_layer_traces,track:U1:N17:L3:422:13,track:DDR_DQB12:L3:730:6,2.6,2.4984,False,3,0.13,0.39,False,False,False,
DDR_CKEA0,DDR_DQB13,A_ADDRESS_COMMAND,B_BYTE1,L3,K230_local_fanout_only,track:U1:N17:L3:422:13,track:U1:D16:L3:417:0,4.5565243402,4.4549243402,False,3,0.13,0.39,False,False,False,
DDR_CKEA0,DDR_DQB13,A_ADDRESS_COMMAND,B_BYTE1,L3,actual_interconnect_only,track:DDR_CKEA0:L3:739:0,track:DDR_DQB13:L3:738:23,3.575,3.4734,False,3,0.13,0.39,False,False,False,
DDR_CKEA0,DDR_DQB13,A_ADDRESS_COMMAND,B_BYTE1,L3,all_inner_layer_traces,track:DDR_CKEA0:L3:739:0,track:DDR_DQB13:L3:738:23,3.575,3.4734,False,3,0.13,0.39,False,False,False,
DDR_CKEA0,DDR_DQB14,A_ADDRESS_COMMAND,B_BYTE1,L3,K230_local_fanout_only,track:U1:N17:L3:422:14,track:U1:C19:L3:392:0,4.875,4.7734,False,3,0.13,0.39,False,False,False,
DDR_CKEA0,DDR_DQB14,A_ADDRESS_COMMAND,B_BYTE1,L3,all_inner_layer_traces,track:U1:N17:L3:422:14,track:U1:C19:L3:392:0,4.875,4.7734,False,3,0.13,0.39,False,False,False,
DDR_CKEA0,DDR_DQB15,A_ADDRESS_COMMAND,B_BYTE1,L3,K230_local_fanout_only,track:U1:N17:L3:422:14,track:U1:B19:L3:391:0,5.525,5.4234,False,3,0.13,0.39,False,False,False,
DDR_CKEA0,DDR_DQB15,A_ADDRESS_COMMAND,B_BYTE1,L3,all_inner_layer_traces,track:U1:N17:L3:422:14,track:U1:B19:L3:391:0,5.525,5.4234,False,3,0.13,0.39,False,False,False,
DDR_CKEA0,DDR_DQB8,A_ADDRESS_COMMAND,B_BYTE1,L3,K230_local_fanout_only,track:U1:N17:L3:422:13,track:U1:C18:L3:404:0,4.8756770363,4.7740770363,False,3,0.13,0.39,False,False,False,
DDR_CKEA0,DDR_DQB8,A_ADDRESS_COMMAND,B_BYTE1,L3,actual_interconnect_only,track:DDR_CKEA0:L3:739:0,track:DDR_DQB8:L3:725:0,5.2,5.0984,False,3,0.13,0.39,False,False,False,
DDR_CKEA0,DDR_DQB8,A_ADDRESS_COMMAND,B_BYTE1,L3,all_inner_layer_traces,track:U1:N17:L3:422:13,track:U1:C18:L3:404:0,4.8756770363,4.7740770363,False,3,0.13,0.39,False,False,False,
DDR_CKEA0,DDR_DQB9,A_ADDRESS_COMMAND,B_BYTE1,L3,K230_local_fanout_only,track:U1:N17:L3:422:13,track:U1:C17:L3:403:0,4.9881147804,4.8865147804,False,3,0.13,0.39,False,False,False,
DDR_CKEA0,DDR_DQB9,A_ADDRESS_COMMAND,B_BYTE1,L3,all_inner_layer_traces,track:U1:N17:L3:422:13,track:U1:C17:L3:403:0,4.9881147804,4.8865147804,False,3,0.13,0.39,False,False,False,
DDR_CKEA0,DDR_DQSA0_N,A_ADDRESS_COMMAND,A_BYTE0,L3,K230_local_fanout_only,track:U1:N17:L3:422:0,track:U1:Y17:L3:368:0,4.55,4.4484,False,3,0.13,0.39,False,False,False,
DDR_CKEA0,DDR_DQSA0_N,A_ADDRESS_COMMAND,A_BYTE0,L3,actual_interconnect_only,track:DDR_CKEA0:L3:739:5,track:DDR_DQSA0_N:L3:711:41,2.7202941017,2.6186941017,False,3,0.13,0.39,False,False,False,
DDR_CKEA0,DDR_DQSA0_N,A_ADDRESS_COMMAND,A_BYTE0,L3,all_inner_layer_traces,track:DDR_CKEA0:L3:739:5,track:DDR_DQSA0_N:L3:711:41,2.7202941017,2.6186941017,False,3,0.13,0.39,False,False,False,
DDR_CKEA0,DDR_DQSA0_P,A_ADDRESS_COMMAND,A_BYTE0,L3,K230_local_fanout_only,track:U1:N17:L3:422:0,track:U1:W17:L3:367:0,3.9,3.7984,False,3,0.13,0.39,False,False,False,
DDR_CKEA0,DDR_DQSA0_P,A_ADDRESS_COMMAND,A_BYTE0,L3,actual_interconnect_only,track:DDR_CKEA0:L3:739:5,track:DDR_DQSA0_P:L3:712:35,3.3470135942,3.2454135942,False,3,0.13,0.39,False,False,False,
DDR_CKEA0,DDR_DQSA0_P,A_ADDRESS_COMMAND,A_BYTE0,L3,all_inner_layer_traces,track:DDR_CKEA0:L3:739:5,track:DDR_DQSA0_P:L3:712:35,3.3470135942,3.2454135942,False,3,0.13,0.39,False,False,False,
DDR_CKEA0,DDR_DQSB1_N,A_ADDRESS_COMMAND,B_BYTE1,L3,K230_local_fanout_only,track:U1:N17:L3:422:13,track:U1:A18:L3:374:0,6.1883490579,6.0867490579,False,3,0.13,0.39,False,False,False,
DDR_CKEA0,DDR_DQSB1_N,A_ADDRESS_COMMAND,B_BYTE1,L3,actual_interconnect_only,track:DDR_CKEA0:L3:739:0,track:DDR_DQSB1_N:L3:717:9,3.575,3.4734,False,3,0.13,0.39,False,False,False,
DDR_CKEA0,DDR_DQSB1_N,A_ADDRESS_COMMAND,B_BYTE1,L3,all_inner_layer_traces,track:DDR_CKEA0:L3:739:0,track:DDR_DQSB1_N:L3:717:9,3.575,3.4734,False,3,0.13,0.39,False,False,False,
DDR_CKEA0,DDR_DQSB1_P,A_ADDRESS_COMMAND,B_BYTE1,L3,K230_local_fanout_only,track:U1:N17:L3:422:13,track:U1:B18:L3:373:0,5.5399155285,5.4383155285,False,3,0.13,0.39,False,False,False,
DDR_CKEA0,DDR_DQSB1_P,A_ADDRESS_COMMAND,B_BYTE1,L3,actual_interconnect_only,track:DDR_CKEA0:L3:739:0,track:DDR_DQSB1_P:L3:718:15,4.225,4.1234,False,3,0.13,0.39,False,False,False,
DDR_CKEA0,DDR_DQSB1_P,A_ADDRESS_COMMAND,B_BYTE1,L3,all_inner_layer_traces,track:DDR_CKEA0:L3:739:0,track:DDR_DQSB1_P:L3:718:15,4.225,4.1234,False,3,0.13,0.39,False,False,False,
DDR_CKEB0,DDR_CLKB_N,B_ADDRESS_COMMAND,B_ADDRESS_COMMAND,L8,K230_local_fanout_only,track:U1:J18:L8:408:4,track:U1:F20:L8:378:0,1.625,1.5234,False,3,0.1195,0.3585,False,False,False,
DDR_CKEB0,DDR_CLKB_N,B_ADDRESS_COMMAND,B_ADDRESS_COMMAND,L8,all_inner_layer_traces,track:U1:J18:L8:408:4,track:U1:F20:L8:378:0,1.625,1.5234,False,3,0.1195,0.3585,False,False,False,
DDR_CKEB0,DDR_CLKB_P,B_ADDRESS_COMMAND,B_ADDRESS_COMMAND,L8,K230_local_fanout_only,track:U1:J18:L8:408:4,track:U1:G20:L8:377:0,0.975,0.8734,False,3,0.1195,0.3585,False,False,False,
DDR_CKEB0,DDR_CLKB_P,B_ADDRESS_COMMAND,B_ADDRESS_COMMAND,L8,all_inner_layer_traces,track:U1:J18:L8:408:4,track:U1:G20:L8:377:0,0.975,0.8734,False,3,0.1195,0.3585,False,False,False,
DDR_CKEB0,DDR_CSB0,B_ADDRESS_COMMAND,B_ADDRESS_COMMAND,L8,K230_local_fanout_only,track:U1:J18:L8:408:0,track:U1:J20:L8:382:0,0.325,0.2234,False,3,0.1195,0.3585,True,True,False,
DDR_CKEB0,DDR_CSB0,B_ADDRESS_COMMAND,B_ADDRESS_COMMAND,L8,all_inner_layer_traces,track:U1:J18:L8:408:0,track:U1:J20:L8:382:0,0.325,0.2234,False,3,0.1195,0.3585,True,True,False,
DDR_CKEB0,DDR_DMIA1,B_ADDRESS_COMMAND,A_BYTE1,L8,K230_local_fanout_only,track:U1:J18:L8:408:0,track:U1:P17:L8:423:3,2.925,2.8234,False,3,0.1195,0.3585,False,False,False,
DDR_CKEB0,DDR_DMIA1,B_ADDRESS_COMMAND,A_BYTE1,L8,all_inner_layer_traces,track:U1:J18:L8:408:0,track:U1:P17:L8:423:3,2.925,2.8234,False,3,0.1195,0.3585,False,False,False,
DDR_CKEB0,DDR_DMIB0,B_ADDRESS_COMMAND,B_BYTE0,L8,K230_local_fanout_only,track:U1:J18:L8:408:3,track:U1:C15:L8:401:1,4.1652018258,4.0636018258,False,3,0.1195,0.3585,False,False,False,
DDR_CKEB0,DDR_DMIB0,B_ADDRESS_COMMAND,B_BYTE0,L8,all_inner_layer_traces,track:U1:J18:L8:408:3,track:U1:C15:L8:401:1,4.1652018258,4.0636018258,False,3,0.1195,0.3585,False,False,False,
DDR_CKEB0,DDR_DQA10,B_ADDRESS_COMMAND,A_BYTE1,L8,K230_local_fanout_only,track:U1:J18:L8:408:0,track:U1:P16:L8:429:13,2.275,2.1734,False,3,0.1195,0.3585,False,False,False,
DDR_CKEB0,DDR_DQA10,B_ADDRESS_COMMAND,A_BYTE1,L8,all_inner_layer_traces,track:U1:J18:L8:408:0,track:U1:P16:L8:429:13,2.275,2.1734,False,3,0.1195,0.3585,False,False,False,
DDR_CKEB0,DDR_DQA11,B_ADDRESS_COMMAND,A_BYTE1,L8,K230_local_fanout_only,track:U1:J18:L8:408:0,track:U1:R17:L8:424:0,3.9537956447,3.8521956447,False,3,0.1195,0.3585,False,False,False,
DDR_CKEB0,DDR_DQA11,B_ADDRESS_COMMAND,A_BYTE1,L8,all_inner_layer_traces,track:U1:J18:L8:408:0,track:U1:R17:L8:424:0,3.9537956447,3.8521956447,False,3,0.1195,0.3585,False,False,False,
DDR_CKEB0,DDR_DQA12,B_ADDRESS_COMMAND,A_BYTE1,L8,K230_local_fanout_only,track:U1:J18:L8:408:0,track:U1:R18:L8:410:3,3.575,3.4734,False,3,0.1195,0.3585,False,False,False,
DDR_CKEB0,DDR_DQA12,B_ADDRESS_COMMAND,A_BYTE1,L8,all_inner_layer_traces,track:U1:J18:L8:408:0,track:U1:R18:L8:410:3,3.575,3.4734,False,3,0.1195,0.3585,False,False,False,
DDR_CKEB0,DDR_DQA13,B_ADDRESS_COMMAND,A_BYTE1,L8,K230_local_fanout_only,track:U1:J18:L8:408:0,track:U1:T18:L8:411:3,4.2257811778,4.1241811778,False,3,0.1195,0.3585,False,False,False,
DDR_CKEB0,DDR_DQA13,B_ADDRESS_COMMAND,A_BYTE1,L8,all_inner_layer_traces,track:U1:J18:L8:408:0,track:U1:T18:L8:411:3,4.2257811778,4.1241811778,False,3,0.1195,0.3585,False,False,False,
DDR_CKEB0,DDR_DQA14,B_ADDRESS_COMMAND,A_BYTE1,L8,K230_local_fanout_only,track:U1:J18:L8:408:0,track:U1:U18:L8:412:3,4.875,4.7734,False,3,0.1195,0.3585,False,False,False,
DDR_CKEB0,DDR_DQA14,B_ADDRESS_COMMAND,A_BYTE1,L8,all_inner_layer_traces,track:U1:J18:L8:408:0,track:U1:U18:L8:412:3,4.875,4.7734,False,3,0.1195,0.3585,False,False,False,
DDR_CKEB0,DDR_DQA15,B_ADDRESS_COMMAND,A_BYTE1,L8,K230_local_fanout_only,track:U1:J18:L8:408:0,track:U1:U20:L8:385:0,5.2101463511,5.1085463511,False,3,0.1195,0.3585,False,False,False,
DDR_CKEB0,DDR_DQA15,B_ADDRESS_COMMAND,A_BYTE1,L8,all_inner_layer_traces,track:U1:J18:L8:408:0,track:U1:U20:L8:385:0,5.2101463511,5.1085463511,False,3,0.1195,0.3585,False,False,False,
DDR_CKEB0,DDR_DQA8,B_ADDRESS_COMMAND,A_BYTE1,L8,K230_local_fanout_only,track:U1:J18:L8:408:0,track:U1:W19:L8:399:3,6.1755345163,6.0739345163,False,3,0.1195,0.3585,False,False,False,
DDR_CKEB0,DDR_DQA8,B_ADDRESS_COMMAND,A_BYTE1,L8,all_inner_layer_traces,track:U1:J18:L8:408:0,track:U1:W19:L8:399:3,6.1755345163,6.0739345163,False,3,0.1195,0.3585,False,False,False,
DDR_CKEB0,DDR_DQA9,B_ADDRESS_COMMAND,A_BYTE1,L8,K230_local_fanout_only,track:U1:J18:L8:408:0,track:U1:T17:L8:425:0,4.5615923755,4.4599923755,False,3,0.1195,0.3585,False,False,False,
DDR_CKEB0,DDR_DQA9,B_ADDRESS_COMMAND,A_BYTE1,L8,all_inner_layer_traces,track:U1:J18:L8:408:0,track:U1:T17:L8:425:0,4.5615923755,4.4599923755,False,3,0.1195,0.3585,False,False,False,
DDR_CKEB0,DDR_DQB0,B_ADDRESS_COMMAND,B_BYTE0,L8,K230_local_fanout_only,track:U1:J18:L8:408:0,track:U1:A14:L8:379:0,5.8137767415,5.7121767415,False,3,0.1195,0.3585,False,False,False,
DDR_CKEB0,DDR_DQB0,B_ADDRESS_COMMAND,B_BYTE0,L8,all_inner_layer_traces,track:U1:J18:L8:408:0,track:U1:A14:L8:379:0,5.8137767415,5.7121767415,False,3,0.1195,0.3585,False,False,False,
DDR_CKEB0,DDR_DQB1,B_ADDRESS_COMMAND,B_BYTE0,L8,K230_local_fanout_only,track:U1:J18:L8:408:3,track:U1:A17:L8:380:0,5.1649698995,5.0633698995,False,3,0.1195,0.3585,False,False,False,
DDR_CKEB0,DDR_DQB1,B_ADDRESS_COMMAND,B_BYTE0,L8,all_inner_layer_traces,track:U1:J18:L8:408:3,track:U1:A17:L8:380:0,5.1649698995,5.0633698995,False,3,0.1195,0.3585,False,False,False,
DDR_CKEB0,DDR_DQB2,B_ADDRESS_COMMAND,B_BYTE0,L8,K230_local_fanout_only,track:U1:J18:L8:408:0,track:U1:C14:L8:400:0,4.6872166581,4.5856166581,False,3,0.1195,0.3585,False,False,False,
DDR_CKEB0,DDR_DQB2,B_ADDRESS_COMMAND,B_BYTE0,L8,all_inner_layer_traces,track:U1:J18:L8:408:0,track:U1:C14:L8:400:0,4.6872166581,4.5856166581,False,3,0.1195,0.3585,False,False,False,
DDR_CKEB0,DDR_DQB3,B_ADDRESS_COMMAND,B_BYTE0,L8,K230_local_fanout_only,track:U1:J18:L8:408:0,track:U1:B14:L8:388:0,5.2404675364,5.1388675364,False,3,0.1195,0.3585,False,False,False,
DDR_CKEB0,DDR_DQB3,B_ADDRESS_COMMAND,B_BYTE0,L8,all_inner_layer_traces,track:U1:J18:L8:408:0,track:DDR_DQB3:L8:748:14,1.625,1.5234,False,3,0.1195,0.3585,False,False,False,
DDR_CKEB0,DDR_DQB4,B_ADDRESS_COMMAND,B_BYTE0,L8,K230_local_fanout_only,track:U1:J18:L8:408:0,track:U1:D14:L8:416:0,4.1620307543,4.0604307543,False,3,0.1195,0.3585,False,False,False,
DDR_CKEB0,DDR_DQB4,B_ADDRESS_COMMAND,B_BYTE0,L8,all_inner_layer_traces,track:U1:J18:L8:408:0,track:U1:D14:L8:416:0,4.1620307543,4.0604307543,False,3,0.1195,0.3585,False,False,False,
DDR_CKEB0,DDR_DQB5,B_ADDRESS_COMMAND,B_BYTE0,L8,K230_local_fanout_only,track:U1:J18:L8:408:0,track:U1:B16:L8:389:0,4.732071428,4.630471428,False,3,0.1195,0.3585,False,False,False,
DDR_CKEB0,DDR_DQB5,B_ADDRESS_COMMAND,B_BYTE0,L8,all_inner_layer_traces,track:U1:J18:L8:408:0,track:U1:B16:L8:389:0,4.732071428,4.630471428,False,3,0.1195,0.3585,False,False,False,
DDR_CKEB0,DDR_DQB6,B_ADDRESS_COMMAND,B_BYTE0,L8,K230_local_fanout_only,track:U1:J18:L8:408:3,track:U1:C16:L8:402:4,3.25,3.1484,False,3,0.1195,0.3585,False,False,False,
DDR_CKEB0,DDR_DQB6,B_ADDRESS_COMMAND,B_BYTE0,L8,all_inner_layer_traces,track:U1:J18:L8:408:3,track:U1:C16:L8:402:4,3.25,3.1484,False,3,0.1195,0.3585,False,False,False,
DDR_CKEB0,DDR_DQB7,B_ADDRESS_COMMAND,B_BYTE0,L8,K230_local_fanout_only,track:U1:J18:L8:408:3,track:U1:B17:L8:390:0,4.5565243402,4.4549243402,False,3,0.1195,0.3585,False,False,False,
DDR_CKEB0,DDR_DQB7,B_ADDRESS_COMMAND,B_BYTE0,L8,all_inner_layer_traces,track:U1:J18:L8:408:3,track:U1:B17:L8:390:0,4.5565243402,4.4549243402,False,3,0.1195,0.3585,False,False,False,
DDR_CKEB0,DDR_DQSA1_N,B_ADDRESS_COMMAND,A_BYTE1,L8,K230_local_fanout_only,track:U1:J18:L8:408:0,track:U1:V19:L8:370:3,5.5255973942,5.4239973942,False,3,0.1195,0.3585,False,False,False,
DDR_CKEB0,DDR_DQSA1_N,B_ADDRESS_COMMAND,A_BYTE1,L8,all_inner_layer_traces,track:U1:J18:L8:408:0,track:U1:V19:L8:370:3,5.5255973942,5.4239973942,False,3,0.1195,0.3585,False,False,False,
DDR_CKEB0,DDR_DQSA1_P,B_ADDRESS_COMMAND,A_BYTE1,L8,K230_local_fanout_only,track:U1:J18:L8:408:0,track:U1:V20:L8:369:0,5.8590208226,5.7574208226,False,3,0.1195,0.3585,False,False,False,
DDR_CKEB0,DDR_DQSA1_P,B_ADDRESS_COMMAND,A_BYTE1,L8,all_inner_layer_traces,track:U1:J18:L8:408:0,track:U1:V20:L8:369:0,5.8590208226,5.7574208226,False,3,0.1195,0.3585,False,False,False,
DDR_CKEB0,DDR_DQSB0_N,B_ADDRESS_COMMAND,B_BYTE0,L8,K230_local_fanout_only,track:U1:J18:L8:408:0,track:U1:A15:L8:372:0,5.5536024345,5.4520024345,False,3,0.1195,0.3585,False,False,False,
DDR_CKEB0,DDR_DQSB0_N,B_ADDRESS_COMMAND,B_BYTE0,L8,all_inner_layer_traces,track:U1:J18:L8:408:0,track:U1:A15:L8:372:0,5.5536024345,5.4520024345,False,3,0.1195,0.3585,False,False,False,
DDR_CKEB0,DDR_DQSB0_P,B_ADDRESS_COMMAND,B_BYTE0,L8,K230_local_fanout_only,track:U1:J18:L8:408:0,track:U1:B15:L8:371:0,4.9502525188,4.8486525188,False,3,0.1195,0.3585,False,False,False,
DDR_CKEB0,DDR_DQSB0_P,B_ADDRESS_COMMAND,B_BYTE0,L8,all_inner_layer_traces,track:U1:J18:L8:408:0,track:U1:B15:L8:371:0,4.9502525188,4.8486525188,False,3,0.1195,0.3585,False,False,False,
DDR_CLKA_N,DDR_CLKA_P,A_ADDRESS_COMMAND,A_ADDRESS_COMMAND,L3,K230_local_fanout_only,track:U1:R20:L3:376:0,track:U1:R19:L3:375:0,0.325,0.2234,True,,0.13,,,,,False
DDR_CLKA_N,DDR_CLKA_P,A_ADDRESS_COMMAND,A_ADDRESS_COMMAND,L3,actual_interconnect_only,track:DDR_CLKA_N:L3:720:0,track:DDR_CLKA_P:L3:719:0,0.325,0.2234,True,,0.13,,,,,False
DDR_CLKA_N,DDR_CLKA_P,A_ADDRESS_COMMAND,A_ADDRESS_COMMAND,L3,all_inner_layer_traces,track:U1:R20:L3:376:0,track:U1:R19:L3:375:0,0.325,0.2234,True,,0.13,,,,,False
DDR_CLKA_N,DDR_CSA0,A_ADDRESS_COMMAND,A_ADDRESS_COMMAND,L3,K230_local_fanout_only,track:U1:R20:L3:376:0,track:U1:T20:L3:384:0,0.65,0.5484,False,3,0.13,0.39,False,False,False,
DDR_CLKA_N,DDR_CSA0,A_ADDRESS_COMMAND,A_ADDRESS_COMMAND,L3,all_inner_layer_traces,track:U1:R20:L3:376:0,track:U1:T20:L3:384:0,0.65,0.5484,False,3,0.13,0.39,False,False,False,
DDR_CLKA_N,DDR_DMIA0,A_ADDRESS_COMMAND,A_BYTE0,L3,K230_local_fanout_only,track:U1:R20:L3:376:0,track:U1:V17:L3:414:4,1.625,1.5234,False,3,0.13,0.39,False,False,False,
DDR_CLKA_N,DDR_DMIA0,A_ADDRESS_COMMAND,A_BYTE0,L3,actual_interconnect_only,track:DDR_CLKA_N:L3:720:3,track:DDR_DMIA0:L3:740:0,1.3,1.1984,False,3,0.13,0.39,False,False,False,
DDR_CLKA_N,DDR_DMIA0,A_ADDRESS_COMMAND,A_BYTE0,L3,all_inner_layer_traces,track:DDR_CLKA_N:L3:720:3,track:DDR_DMIA0:L3:740:0,1.3,1.1984,False,3,0.13,0.39,False,False,False,
DDR_CLKA_N,DDR_DMIB1,A_ADDRESS_COMMAND,B_BYTE1,L3,K230_local_fanout_only,track:U1:R20:L3:376:0,track:U1:D18:L3:405:0,7.15,7.0484,False,3,0.13,0.39,False,False,False,
DDR_CLKA_N,DDR_DMIB1,A_ADDRESS_COMMAND,B_BYTE1,L3,all_inner_layer_traces,track:U1:R20:L3:376:0,track:U1:D18:L3:405:0,7.15,7.0484,False,3,0.13,0.39,False,False,False,
DDR_CLKA_N,DDR_DQA0,A_ADDRESS_COMMAND,A_BYTE0,L3,K230_local_fanout_only,track:U1:R20:L3:376:0,track:U1:Y16:L3:386:0,4.1620307543,4.0604307543,False,3,0.13,0.39,False,False,False,
DDR_CLKA_N,DDR_DQA0,A_ADDRESS_COMMAND,A_BYTE0,L3,actual_interconnect_only,track:DDR_CLKA_N:L3:720:3,track:DDR_DQA0:L3:743:12,4.95625,4.85465,False,3,0.13,0.39,False,False,False,
DDR_CLKA_N,DDR_DQA0,A_ADDRESS_COMMAND,A_BYTE0,L3,all_inner_layer_traces,track:U1:R20:L3:376:0,track:U1:Y16:L3:386:0,4.1620307543,4.0604307543,False,3,0.13,0.39,False,False,False,
DDR_CLKA_N,DDR_DQA1,A_ADDRESS_COMMAND,A_BYTE0,L3,K230_local_fanout_only,track:U1:R20:L3:376:0,track:U1:V16:L3:413:0,3.25,3.1484,False,3,0.13,0.39,False,False,False,
DDR_CLKA_N,DDR_DQA1,A_ADDRESS_COMMAND,A_BYTE0,L3,actual_interconnect_only,track:DDR_CLKA_N:L3:720:3,track:DDR_DQA1:L3:744:16,5.2,5.0984,False,3,0.13,0.39,False,False,False,
DDR_CLKA_N,DDR_DQA1,A_ADDRESS_COMMAND,A_BYTE0,L3,all_inner_layer_traces,track:U1:R20:L3:376:0,track:U1:V16:L3:413:0,3.25,3.1484,False,3,0.13,0.39,False,False,False,
DDR_CLKA_N,DDR_DQA2,A_ADDRESS_COMMAND,A_BYTE0,L3,K230_local_fanout_only,track:U1:R20:L3:376:0,track:U1:U17:L3:427:0,2.3436083291,2.2420083291,False,3,0.13,0.39,False,False,False,
DDR_CLKA_N,DDR_DQA2,A_ADDRESS_COMMAND,A_BYTE0,L3,actual_interconnect_only,track:DDR_CLKA_N:L3:720:6,track:DDR_DQA2:L3:745:48,4.7658985577,4.6642985577,False,3,0.13,0.39,False,False,False,
DDR_CLKA_N,DDR_DQA2,A_ADDRESS_COMMAND,A_BYTE0,L3,all_inner_layer_traces,track:U1:R20:L3:376:0,track:U1:U17:L3:427:0,2.3436083291,2.2420083291,False,3,0.13,0.39,False,False,False,
DDR_CLKA_N,DDR_DQA3,A_ADDRESS_COMMAND,A_BYTE0,L3,K230_local_fanout_only,track:U1:R20:L3:376:0,track:U1:T16:L3:430:4,0.325,0.2234,False,3,0.13,0.39,True,True,False,
DDR_CLKA_N,DDR_DQA3,A_ADDRESS_COMMAND,A_BYTE0,L3,actual_interconnect_only,track:DDR_CLKA_N:L3:720:0,track:DDR_DQA3:L3:741:0,0.325,0.2234,False,3,0.13,0.39,True,True,False,
DDR_CLKA_N,DDR_DQA3,A_ADDRESS_COMMAND,A_BYTE0,L3,all_inner_layer_traces,track:U1:R20:L3:376:0,track:U1:T16:L3:430:4,0.325,0.2234,False,3,0.13,0.39,True,True,False,
DDR_CLKA_N,DDR_DQA4,A_ADDRESS_COMMAND,A_BYTE0,L3,K230_local_fanout_only,track:U1:R20:L3:376:0,track:U1:U16:L3:426:4,0.975,0.8734,False,3,0.13,0.39,False,False,False,
DDR_CLKA_N,DDR_DQA4,A_ADDRESS_COMMAND,A_BYTE0,L3,actual_interconnect_only,track:DDR_CLKA_N:L3:720:3,track:DDR_DQA4:L3:735:0,0.65,0.5484,False,3,0.13,0.39,False,False,False,
DDR_CLKA_N,DDR_DQA4,A_ADDRESS_COMMAND,A_BYTE0,L3,all_inner_layer_traces,track:DDR_CLKA_N:L3:720:3,track:DDR_DQA4:L3:735:0,0.65,0.5484,False,3,0.13,0.39,False,False,False,
DDR_CLKA_N,DDR_DQA5,A_ADDRESS_COMMAND,A_BYTE0,L3,K230_local_fanout_only,track:U1:R20:L3:376:0,track:U1:V18:L3:415:0,2.1801662781,2.0785662781,False,3,0.13,0.39,False,False,False,
DDR_CLKA_N,DDR_DQA5,A_ADDRESS_COMMAND,A_BYTE0,L3,actual_interconnect_only,track:DDR_CLKA_N:L3:720:3,track:DDR_DQA5:L3:736:0,1.95,1.8484,False,3,0.13,0.39,False,False,False,
DDR_CLKA_N,DDR_DQA5,A_ADDRESS_COMMAND,A_BYTE0,L3,all_inner_layer_traces,track:DDR_CLKA_N:L3:720:3,track:DDR_DQA5:L3:736:0,1.95,1.8484,False,3,0.13,0.39,False,False,False,
DDR_CLKA_N,DDR_DQA6,A_ADDRESS_COMMAND,A_BYTE0,L3,K230_local_fanout_only,track:U1:R20:L3:376:0,track:U1:W18:L3:398:0,2.9068883707,2.8052883707,False,3,0.13,0.39,False,False,False,
DDR_CLKA_N,DDR_DQA6,A_ADDRESS_COMMAND,A_BYTE0,L3,all_inner_layer_traces,track:U1:R20:L3:376:0,track:U1:W18:L3:398:0,2.9068883707,2.8052883707,False,3,0.13,0.39,False,False,False,
DDR_CLKA_N,DDR_DQA7,A_ADDRESS_COMMAND,A_BYTE0,L3,K230_local_fanout_only,track:U1:R20:L3:376:0,track:U1:Y18:L3:387:0,3.5003571246,3.3987571246,False,3,0.13,0.39,False,False,False,
DDR_CLKA_N,DDR_DQA7,A_ADDRESS_COMMAND,A_BYTE0,L3,all_inner_layer_traces,track:U1:R20:L3:376:0,track:U1:Y18:L3:387:0,3.5003571246,3.3987571246,False,3,0.13,0.39,False,False,False,
DDR_CLKA_N,DDR_DQB10,A_ADDRESS_COMMAND,B_BYTE1,L3,K230_local_fanout_only,track:U1:R20:L3:376:0,track:U1:D17:L3:418:0,7.3323342122,7.2307342122,False,3,0.13,0.39,False,False,False,
DDR_CLKA_N,DDR_DQB10,A_ADDRESS_COMMAND,B_BYTE1,L3,actual_interconnect_only,track:DDR_CLKA_N:L3:720:10,track:DDR_DQB10:L3:726:5,5.7520105181,5.6504105181,False,3,0.13,0.39,False,False,False,
DDR_CLKA_N,DDR_DQB10,A_ADDRESS_COMMAND,B_BYTE1,L3,all_inner_layer_traces,track:DDR_CLKA_N:L3:720:10,track:DDR_DQB10:L3:726:5,5.7520105181,5.6504105181,False,3,0.13,0.39,False,False,False,
DDR_CLKA_N,DDR_DQB11,A_ADDRESS_COMMAND,B_BYTE1,L3,K230_local_fanout_only,track:U1:R20:L3:376:0,track:U1:E17:L3:419:4,6.175,6.0734,False,3,0.13,0.39,False,False,False,
DDR_CLKA_N,DDR_DQB11,A_ADDRESS_COMMAND,B_BYTE1,L3,actual_interconnect_only,track:DDR_CLKA_N:L3:720:10,track:DDR_DQB11:L3:724:1,5.1308503194,5.0292503194,False,3,0.13,0.39,False,False,False,
DDR_CLKA_N,DDR_DQB11,A_ADDRESS_COMMAND,B_BYTE1,L3,all_inner_layer_traces,track:DDR_CLKA_N:L3:720:10,track:DDR_DQB11:L3:724:1,5.1308503194,5.0292503194,False,3,0.13,0.39,False,False,False,
DDR_CLKA_N,DDR_DQB12,A_ADDRESS_COMMAND,B_BYTE1,L3,K230_local_fanout_only,track:U1:R20:L3:376:0,track:U1:E18:L3:406:0,6.5727182353,6.4711182353,False,3,0.13,0.39,False,False,False,
DDR_CLKA_N,DDR_DQB12,A_ADDRESS_COMMAND,B_BYTE1,L3,actual_interconnect_only,track:DDR_CLKA_N:L3:720:10,track:DDR_DQB12:L3:730:6,4.55,4.4484,False,3,0.13,0.39,False,False,False,
DDR_CLKA_N,DDR_DQB12,A_ADDRESS_COMMAND,B_BYTE1,L3,all_inner_layer_traces,track:DDR_CLKA_N:L3:720:10,track:DDR_DQB12:L3:730:6,4.55,4.4484,False,3,0.13,0.39,False,False,False,
DDR_CLKA_N,DDR_DQB13,A_ADDRESS_COMMAND,B_BYTE1,L3,K230_local_fanout_only,track:U1:R20:L3:376:0,track:U1:D16:L3:417:0,7.608054942,7.506454942,False,3,0.13,0.39,False,False,False,
DDR_CLKA_N,DDR_DQB13,A_ADDRESS_COMMAND,B_BYTE1,L3,actual_interconnect_only,track:DDR_CLKA_N:L3:720:10,track:DDR_DQB13:L3:738:23,5.525,5.4234,False,3,0.13,0.39,False,False,False,
DDR_CLKA_N,DDR_DQB13,A_ADDRESS_COMMAND,B_BYTE1,L3,all_inner_layer_traces,track:DDR_CLKA_N:L3:720:10,track:DDR_DQB13:L3:738:23,5.525,5.4234,False,3,0.13,0.39,False,False,False,
DDR_CLKA_N,DDR_DQB14,A_ADDRESS_COMMAND,B_BYTE1,L3,K230_local_fanout_only,track:U1:R20:L3:376:0,track:U1:C19:L3:392:0,7.8,7.6984,False,3,0.13,0.39,False,False,False,
DDR_CLKA_N,DDR_DQB14,A_ADDRESS_COMMAND,B_BYTE1,L3,all_inner_layer_traces,track:U1:R20:L3:376:0,track:U1:C19:L3:392:0,7.8,7.6984,False,3,0.13,0.39,False,False,False,
DDR_CLKA_N,DDR_DQB15,A_ADDRESS_COMMAND,B_BYTE1,L3,K230_local_fanout_only,track:U1:R20:L3:376:0,track:U1:B19:L3:391:0,8.4749631268,8.3733631268,False,3,0.13,0.39,False,False,False,
DDR_CLKA_N,DDR_DQB15,A_ADDRESS_COMMAND,B_BYTE1,L3,all_inner_layer_traces,track:U1:R20:L3:376:0,track:U1:B19:L3:391:0,8.4749631268,8.3733631268,False,3,0.13,0.39,False,False,False,
DDR_CLKA_N,DDR_DQB8,A_ADDRESS_COMMAND,B_BYTE1,L3,K230_local_fanout_only,track:U1:R20:L3:376:0,track:U1:C18:L3:404:0,7.8607013046,7.7591013046,False,3,0.13,0.39,False,False,False,
DDR_CLKA_N,DDR_DQB8,A_ADDRESS_COMMAND,B_BYTE1,L3,actual_interconnect_only,track:DDR_CLKA_N:L3:720:10,track:DDR_DQB8:L3:725:0,7.3268342413,7.2252342413,False,3,0.13,0.39,False,False,False,
DDR_CLKA_N,DDR_DQB8,A_ADDRESS_COMMAND,B_BYTE1,L3,all_inner_layer_traces,track:DDR_CLKA_N:L3:720:10,track:DDR_DQB8:L3:725:0,7.3268342413,7.2252342413,False,3,0.13,0.39,False,False,False,
DDR_CLKA_N,DDR_DQB9,A_ADDRESS_COMMAND,B_BYTE1,L3,K230_local_fanout_only,track:U1:R20:L3:376:0,track:U1:C17:L3:403:0,8.04005597,7.93845597,False,3,0.13,0.39,False,False,False,
DDR_CLKA_N,DDR_DQB9,A_ADDRESS_COMMAND,B_BYTE1,L3,all_inner_layer_traces,track:U1:R20:L3:376:0,track:U1:C17:L3:403:0,8.04005597,7.93845597,False,3,0.13,0.39,False,False,False,
DDR_CLKA_N,DDR_DQSA0_N,A_ADDRESS_COMMAND,A_BYTE0,L3,K230_local_fanout_only,track:U1:R20:L3:376:0,track:U1:Y17:L3:368:0,3.7901187316,3.6885187316,False,3,0.13,0.39,False,False,False,
DDR_CLKA_N,DDR_DQSA0_N,A_ADDRESS_COMMAND,A_BYTE0,L3,actual_interconnect_only,track:DDR_CLKA_N:L3:720:4,track:DDR_DQSA0_N:L3:711:27,3.2019098305,3.1003098305,False,3,0.13,0.39,False,False,False,
DDR_CLKA_N,DDR_DQSA0_N,A_ADDRESS_COMMAND,A_BYTE0,L3,all_inner_layer_traces,track:DDR_CLKA_N:L3:720:4,track:DDR_DQSA0_N:L3:711:27,3.2019098305,3.1003098305,False,3,0.13,0.39,False,False,False,
DDR_CLKA_N,DDR_DQSA0_P,A_ADDRESS_COMMAND,A_BYTE0,L3,K230_local_fanout_only,track:U1:R20:L3:376:0,track:U1:W17:L3:367:0,3.25,3.1484,False,3,0.13,0.39,False,False,False,
DDR_CLKA_N,DDR_DQSA0_P,A_ADDRESS_COMMAND,A_BYTE0,L3,actual_interconnect_only,track:DDR_CLKA_N:L3:720:4,track:DDR_DQSA0_P:L3:712:27,4.2132649528,4.1116649528,False,3,0.13,0.39,False,False,False,
DDR_CLKA_N,DDR_DQSA0_P,A_ADDRESS_COMMAND,A_BYTE0,L3,all_inner_layer_traces,track:U1:R20:L3:376:0,track:U1:W17:L3:367:0,3.25,3.1484,False,3,0.13,0.39,False,False,False,
DDR_CLKA_N,DDR_DQSB1_N,A_ADDRESS_COMMAND,B_BYTE1,L3,K230_local_fanout_only,track:U1:R20:L3:376:0,track:U1:A18:L3:374:0,9.1923881554,9.0907881554,False,3,0.13,0.39,False,False,False,
DDR_CLKA_N,DDR_DQSB1_N,A_ADDRESS_COMMAND,B_BYTE1,L3,actual_interconnect_only,track:DDR_CLKA_N:L3:720:10,track:DDR_DQSB1_N:L3:717:10,5.5826181134,5.4810181134,False,3,0.13,0.39,False,False,False,
DDR_CLKA_N,DDR_DQSB1_N,A_ADDRESS_COMMAND,B_BYTE1,L3,all_inner_layer_traces,track:DDR_CLKA_N:L3:720:10,track:DDR_DQSB1_N:L3:717:10,5.5826181134,5.4810181134,False,3,0.13,0.39,False,False,False,
DDR_CLKA_N,DDR_DQSB1_P,A_ADDRESS_COMMAND,B_BYTE1,L3,K230_local_fanout_only,track:U1:R20:L3:376:0,track:U1:B18:L3:373:0,8.5494151847,8.4478151847,False,3,0.13,0.39,False,False,False,
DDR_CLKA_N,DDR_DQSB1_P,A_ADDRESS_COMMAND,B_BYTE1,L3,actual_interconnect_only,track:DDR_CLKA_N:L3:720:10,track:DDR_DQSB1_P:L3:718:15,6.1932422849,6.0916422849,False,3,0.13,0.39,False,False,False,
DDR_CLKA_N,DDR_DQSB1_P,A_ADDRESS_COMMAND,B_BYTE1,L3,all_inner_layer_traces,track:DDR_CLKA_N:L3:720:10,track:DDR_DQSB1_P:L3:718:15,6.1932422849,6.0916422849,False,3,0.13,0.39,False,False,False,
DDR_CLKA_P,DDR_CSA0,A_ADDRESS_COMMAND,A_ADDRESS_COMMAND,L3,K230_local_fanout_only,track:U1:R19:L3:375:0,track:U1:T20:L3:384:0,0.7267220927,0.6251220927,False,3,0.13,0.39,False,False,False,
DDR_CLKA_P,DDR_CSA0,A_ADDRESS_COMMAND,A_ADDRESS_COMMAND,L3,all_inner_layer_traces,track:U1:R19:L3:375:0,track:U1:T20:L3:384:0,0.7267220927,0.6251220927,False,3,0.13,0.39,False,False,False,
DDR_CLKA_P,DDR_DMIA0,A_ADDRESS_COMMAND,A_BYTE0,L3,K230_local_fanout_only,track:U1:R19:L3:375:0,track:U1:V17:L3:414:4,1.625,1.5234,False,3,0.13,0.39,False,False,False,
DDR_CLKA_P,DDR_DMIA0,A_ADDRESS_COMMAND,A_BYTE0,L3,actual_interconnect_only,track:DDR_CLKA_P:L3:719:0,track:DDR_DMIA0:L3:740:0,1.95,1.8484,False,3,0.13,0.39,False,False,False,
DDR_CLKA_P,DDR_DMIA0,A_ADDRESS_COMMAND,A_BYTE0,L3,all_inner_layer_traces,track:U1:R19:L3:375:0,track:U1:V17:L3:414:4,1.625,1.5234,False,3,0.13,0.39,False,False,False,
DDR_CLKA_P,DDR_DMIB1,A_ADDRESS_COMMAND,B_BYTE1,L3,K230_local_fanout_only,track:U1:R19:L3:375:3,track:U1:D18:L3:405:0,6.825,6.7234,False,3,0.13,0.39,False,False,False,
DDR_CLKA_P,DDR_DMIB1,A_ADDRESS_COMMAND,B_BYTE1,L3,all_inner_layer_traces,track:U1:R19:L3:375:3,track:U1:D18:L3:405:0,6.825,6.7234,False,3,0.13,0.39,False,False,False,
DDR_CLKA_P,DDR_DQA0,A_ADDRESS_COMMAND,A_BYTE0,L3,K230_local_fanout_only,track:U1:R19:L3:375:0,track:U1:Y16:L3:386:0,3.7901187316,3.6885187316,False,3,0.13,0.39,False,False,False,
DDR_CLKA_P,DDR_DQA0,A_ADDRESS_COMMAND,A_BYTE0,L3,actual_interconnect_only,track:DDR_CLKA_P:L3:719:0,track:DDR_DQA0:L3:743:12,5.60625,5.50465,False,3,0.13,0.39,False,False,False,
DDR_CLKA_P,DDR_DQA0,A_ADDRESS_COMMAND,A_BYTE0,L3,all_inner_layer_traces,track:U1:R19:L3:375:0,track:U1:Y16:L3:386:0,3.7901187316,3.6885187316,False,3,0.13,0.39,False,False,False,
DDR_CLKA_P,DDR_DQA1,A_ADDRESS_COMMAND,A_BYTE0,L3,K230_local_fanout_only,track:U1:R19:L3:375:0,track:U1:V16:L3:413:0,2.7577164466,2.6561164466,False,3,0.13,0.39,False,False,False,
DDR_CLKA_P,DDR_DQA1,A_ADDRESS_COMMAND,A_BYTE0,L3,actual_interconnect_only,track:DDR_CLKA_P:L3:719:0,track:DDR_DQA1:L3:744:16,5.85,5.7484,False,3,0.13,0.39,False,False,False,
DDR_CLKA_P,DDR_DQA1,A_ADDRESS_COMMAND,A_BYTE0,L3,all_inner_layer_traces,track:U1:R19:L3:375:0,track:U1:V16:L3:413:0,2.7577164466,2.6561164466,False,3,0.13,0.39,False,False,False,
DDR_CLKA_P,DDR_DQA2,A_ADDRESS_COMMAND,A_BYTE0,L3,K230_local_fanout_only,track:U1:R19:L3:375:0,track:U1:U17:L3:427:0,1.8384776311,1.7368776311,False,3,0.13,0.39,False,False,False,
DDR_CLKA_P,DDR_DQA2,A_ADDRESS_COMMAND,A_BYTE0,L3,actual_interconnect_only,track:DDR_CLKA_P:L3:719:0,track:DDR_DQA2:L3:745:48,5.3118381941,5.2102381941,False,3,0.13,0.39,False,False,False,
DDR_CLKA_P,DDR_DQA2,A_ADDRESS_COMMAND,A_BYTE0,L3,all_inner_layer_traces,track:U1:R19:L3:375:0,track:U1:U17:L3:427:0,1.8384776311,1.7368776311,False,3,0.13,0.39,False,False,False,
DDR_CLKA_P,DDR_DQA3,A_ADDRESS_COMMAND,A_BYTE0,L3,K230_local_fanout_only,track:U1:R19:L3:375:0,track:U1:T16:L3:430:4,0.325,0.2234,False,3,0.13,0.39,True,True,False,
DDR_CLKA_P,DDR_DQA3,A_ADDRESS_COMMAND,A_BYTE0,L3,actual_interconnect_only,track:DDR_CLKA_P:L3:719:0,track:DDR_DQA3:L3:741:0,0.65,0.5484,False,3,0.13,0.39,False,False,False,
DDR_CLKA_P,DDR_DQA3,A_ADDRESS_COMMAND,A_BYTE0,L3,all_inner_layer_traces,track:U1:R19:L3:375:0,track:U1:T16:L3:430:4,0.325,0.2234,False,3,0.13,0.39,True,True,False,
DDR_CLKA_P,DDR_DQA4,A_ADDRESS_COMMAND,A_BYTE0,L3,K230_local_fanout_only,track:U1:R19:L3:375:0,track:U1:U16:L3:426:4,0.975,0.8734,False,3,0.13,0.39,False,False,False,
DDR_CLKA_P,DDR_DQA4,A_ADDRESS_COMMAND,A_BYTE0,L3,actual_interconnect_only,track:DDR_CLKA_P:L3:719:0,track:DDR_DQA4:L3:735:0,1.3,1.1984,False,3,0.13,0.39,False,False,False,
DDR_CLKA_P,DDR_DQA4,A_ADDRESS_COMMAND,A_BYTE0,L3,all_inner_layer_traces,track:U1:R19:L3:375:0,track:U1:U16:L3:426:4,0.975,0.8734,False,3,0.13,0.39,False,False,False,
DDR_CLKA_P,DDR_DQA5,A_ADDRESS_COMMAND,A_BYTE0,L3,K230_local_fanout_only,track:U1:R19:L3:375:0,track:U1:V18:L3:415:0,1.9768978223,1.8752978223,False,3,0.13,0.39,False,False,False,
DDR_CLKA_P,DDR_DQA5,A_ADDRESS_COMMAND,A_BYTE0,L3,actual_interconnect_only,track:DDR_CLKA_P:L3:719:0,track:DDR_DQA5:L3:736:0,2.6,2.4984,False,3,0.13,0.39,False,False,False,
DDR_CLKA_P,DDR_DQA5,A_ADDRESS_COMMAND,A_BYTE0,L3,all_inner_layer_traces,track:U1:R19:L3:375:0,track:U1:V18:L3:415:0,1.9768978223,1.8752978223,False,3,0.13,0.39,False,False,False,
DDR_CLKA_P,DDR_DQA6,A_ADDRESS_COMMAND,A_BYTE0,L3,K230_local_fanout_only,track:U1:R19:L3:375:0,track:U1:W18:L3:398:0,2.6800186567,2.5784186567,False,3,0.13,0.39,False,False,False,
DDR_CLKA_P,DDR_DQA6,A_ADDRESS_COMMAND,A_BYTE0,L3,all_inner_layer_traces,track:U1:R19:L3:375:0,track:U1:W18:L3:398:0,2.6800186567,2.5784186567,False,3,0.13,0.39,False,False,False,
DDR_CLKA_P,DDR_DQA7,A_ADDRESS_COMMAND,A_BYTE0,L3,K230_local_fanout_only,track:U1:R19:L3:375:0,track:U1:Y18:L3:387:0,3.3143626838,3.2127626838,False,3,0.13,0.39,False,False,False,
DDR_CLKA_P,DDR_DQA7,A_ADDRESS_COMMAND,A_BYTE0,L3,all_inner_layer_traces,track:U1:R19:L3:375:0,track:U1:Y18:L3:387:0,3.3143626838,3.2127626838,False,3,0.13,0.39,False,False,False,
DDR_CLKA_P,DDR_DQB10,A_ADDRESS_COMMAND,B_BYTE1,L3,K230_local_fanout_only,track:U1:R19:L3:375:3,track:U1:D17:L3:418:0,6.9633667548,6.8617667548,False,3,0.13,0.39,False,False,False,
DDR_CLKA_P,DDR_DQB10,A_ADDRESS_COMMAND,B_BYTE1,L3,actual_interconnect_only,track:DDR_CLKA_P:L3:719:0,track:DDR_DQB10:L3:726:5,6.175,6.0734,False,3,0.13,0.39,False,False,False,
DDR_CLKA_P,DDR_DQB10,A_ADDRESS_COMMAND,B_BYTE1,L3,all_inner_layer_traces,track:DDR_CLKA_P:L3:719:0,track:DDR_DQB10:L3:726:5,6.175,6.0734,False,3,0.13,0.39,False,False,False,
DDR_CLKA_P,DDR_DQB11,A_ADDRESS_COMMAND,B_BYTE1,L3,K230_local_fanout_only,track:U1:R19:L3:375:3,track:U1:E17:L3:419:4,5.85,5.7484,False,3,0.13,0.39,False,False,False,
DDR_CLKA_P,DDR_DQB11,A_ADDRESS_COMMAND,B_BYTE1,L3,actual_interconnect_only,track:DDR_CLKA_P:L3:719:0,track:DDR_DQB11:L3:724:1,5.525,5.4234,False,3,0.13,0.39,False,False,False,
DDR_CLKA_P,DDR_DQB11,A_ADDRESS_COMMAND,B_BYTE1,L3,all_inner_layer_traces,track:DDR_CLKA_P:L3:719:0,track:DDR_DQB11:L3:724:1,5.525,5.4234,False,3,0.13,0.39,False,False,False,
DDR_CLKA_P,DDR_DQB12,A_ADDRESS_COMMAND,B_BYTE1,L3,K230_local_fanout_only,track:U1:R19:L3:375:3,track:U1:E18:L3:406:0,6.2181469557,6.1165469557,False,3,0.13,0.39,False,False,False,
DDR_CLKA_P,DDR_DQB12,A_ADDRESS_COMMAND,B_BYTE1,L3,actual_interconnect_only,track:DDR_CLKA_P:L3:719:1,track:DDR_DQB12:L3:730:6,4.9402049553,4.8386049553,False,3,0.13,0.39,False,False,False,
DDR_CLKA_P,DDR_DQB12,A_ADDRESS_COMMAND,B_BYTE1,L3,all_inner_layer_traces,track:DDR_CLKA_P:L3:719:1,track:DDR_DQB12:L3:730:6,4.9402049553,4.8386049553,False,3,0.13,0.39,False,False,False,
DDR_CLKA_P,DDR_DQB13,A_ADDRESS_COMMAND,B_BYTE1,L3,K230_local_fanout_only,track:U1:R19:L3:375:3,track:U1:D16:L3:417:0,7.220286633,7.118686633,False,3,0.13,0.39,False,False,False,
DDR_CLKA_P,DDR_DQB13,A_ADDRESS_COMMAND,B_BYTE1,L3,actual_interconnect_only,track:DDR_CLKA_P:L3:719:1,track:DDR_DQB13:L3:738:23,5.9044474763,5.8028474763,False,3,0.13,0.39,False,False,False,
DDR_CLKA_P,DDR_DQB13,A_ADDRESS_COMMAND,B_BYTE1,L3,all_inner_layer_traces,track:DDR_CLKA_P:L3:719:1,track:DDR_DQB13:L3:738:23,5.9044474763,5.8028474763,False,3,0.13,0.39,False,False,False,
DDR_CLKA_P,DDR_DQB14,A_ADDRESS_COMMAND,B_BYTE1,L3,K230_local_fanout_only,track:U1:R19:L3:375:3,track:U1:C19:L3:392:0,7.475,7.3734,False,3,0.13,0.39,False,False,False,
DDR_CLKA_P,DDR_DQB14,A_ADDRESS_COMMAND,B_BYTE1,L3,all_inner_layer_traces,track:U1:R19:L3:375:3,track:U1:C19:L3:392:0,7.475,7.3734,False,3,0.13,0.39,False,False,False,
DDR_CLKA_P,DDR_DQB15,A_ADDRESS_COMMAND,B_BYTE1,L3,K230_local_fanout_only,track:U1:R19:L3:375:3,track:U1:B19:L3:391:0,8.1351499103,8.0335499103,False,3,0.13,0.39,False,False,False,
DDR_CLKA_P,DDR_DQB15,A_ADDRESS_COMMAND,B_BYTE1,L3,all_inner_layer_traces,track:U1:R19:L3:375:3,track:U1:B19:L3:391:0,8.1351499103,8.0335499103,False,3,0.13,0.39,False,False,False,
DDR_CLKA_P,DDR_DQB8,A_ADDRESS_COMMAND,B_BYTE1,L3,K230_local_fanout_only,track:U1:R19:L3:375:3,track:U1:C18:L3:404:0,7.5106824965,7.4090824965,False,3,0.13,0.39,False,False,False,
DDR_CLKA_P,DDR_DQB8,A_ADDRESS_COMMAND,B_BYTE1,L3,actual_interconnect_only,track:DDR_CLKA_P:L3:719:0,track:DDR_DQB8:L3:725:0,7.8,7.6984,False,3,0.13,0.39,False,False,False,
DDR_CLKA_P,DDR_DQB8,A_ADDRESS_COMMAND,B_BYTE1,L3,all_inner_layer_traces,track:U1:R19:L3:375:3,track:U1:C18:L3:404:0,7.5106824965,7.4090824965,False,3,0.13,0.39,False,False,False,
DDR_CLKA_P,DDR_DQB9,A_ADDRESS_COMMAND,B_BYTE1,L3,K230_local_fanout_only,track:U1:R19:L3:375:3,track:U1:C17:L3:403:0,7.6672624882,7.5656624882,False,3,0.13,0.39,False,False,False,
DDR_CLKA_P,DDR_DQB9,A_ADDRESS_COMMAND,B_BYTE1,L3,all_inner_layer_traces,track:U1:R19:L3:375:3,track:U1:C17:L3:403:0,7.6672624882,7.5656624882,False,3,0.13,0.39,False,False,False,
DDR_CLKA_P,DDR_DQSA0_N,A_ADDRESS_COMMAND,A_BYTE0,L3,K230_local_fanout_only,track:U1:R19:L3:375:0,track:U1:Y17:L3:368:0,3.5003571246,3.3987571246,False,3,0.13,0.39,False,False,False,
DDR_CLKA_P,DDR_DQSA0_N,A_ADDRESS_COMMAND,A_BYTE0,L3,actual_interconnect_only,track:DDR_CLKA_P:L3:719:0,track:DDR_DQSA0_N:L3:711:27,3.889910828,3.788310828,False,3,0.13,0.39,False,False,False,
DDR_CLKA_P,DDR_DQSA0_N,A_ADDRESS_COMMAND,A_BYTE0,L3,all_inner_layer_traces,track:U1:R19:L3:375:0,track:U1:Y17:L3:368:0,3.5003571246,3.3987571246,False,3,0.13,0.39,False,False,False,
DDR_CLKA_P,DDR_DQSA0_P,A_ADDRESS_COMMAND,A_BYTE0,L3,K230_local_fanout_only,track:U1:R19:L3:375:0,track:U1:W17:L3:367:0,2.9068883707,2.8052883707,False,3,0.13,0.39,False,False,False,
DDR_CLKA_P,DDR_DQSA0_P,A_ADDRESS_COMMAND,A_BYTE0,L3,actual_interconnect_only,track:DDR_CLKA_P:L3:719:0,track:DDR_DQSA0_P:L3:712:27,4.8900408996,4.7884408996,False,3,0.13,0.39,False,False,False,
DDR_CLKA_P,DDR_DQSA0_P,A_ADDRESS_COMMAND,A_BYTE0,L3,all_inner_layer_traces,track:U1:R19:L3:375:0,track:U1:W17:L3:367:0,2.9068883707,2.8052883707,False,3,0.13,0.39,False,False,False,
DDR_CLKA_P,DDR_DQSB1_N,A_ADDRESS_COMMAND,B_BYTE1,L3,K230_local_fanout_only,track:U1:R19:L3:375:3,track:U1:A18:L3:374:0,8.8383419861,8.7367419861,False,3,0.13,0.39,False,False,False,
DDR_CLKA_P,DDR_DQSB1_N,A_ADDRESS_COMMAND,B_BYTE1,L3,actual_interconnect_only,track:DDR_CLKA_P:L3:719:1,track:DDR_DQSB1_N:L3:717:10,6.0648577889,5.9632577889,False,3,0.13,0.39,False,False,False,
DDR_CLKA_P,DDR_DQSB1_N,A_ADDRESS_COMMAND,B_BYTE1,L3,all_inner_layer_traces,track:DDR_CLKA_P:L3:719:1,track:DDR_DQSB1_N:L3:717:10,6.0648577889,5.9632577889,False,3,0.13,0.39,False,False,False,
DDR_CLKA_P,DDR_DQSB1_P,A_ADDRESS_COMMAND,B_BYTE1,L3,K230_local_fanout_only,track:U1:R19:L3:375:3,track:U1:B18:L3:373:0,8.1933686029,8.0917686029,False,3,0.13,0.39,False,False,False,
DDR_CLKA_P,DDR_DQSB1_P,A_ADDRESS_COMMAND,B_BYTE1,L3,actual_interconnect_only,track:DDR_CLKA_P:L3:719:1,track:DDR_DQSB1_P:L3:718:15,6.6238678278,6.5222678278,False,3,0.13,0.39,False,False,False,
DDR_CLKA_P,DDR_DQSB1_P,A_ADDRESS_COMMAND,B_BYTE1,L3,all_inner_layer_traces,track:DDR_CLKA_P:L3:719:1,track:DDR_DQSB1_P:L3:718:15,6.6238678278,6.5222678278,False,3,0.13,0.39,False,False,False,
DDR_CLKB_N,DDR_CLKB_P,B_ADDRESS_COMMAND,B_ADDRESS_COMMAND,L8,K230_local_fanout_only,track:U1:F20:L8:378:0,track:U1:G20:L8:377:0,0.65,0.5484,True,,0.1195,,,,,False
DDR_CLKB_N,DDR_CLKB_P,B_ADDRESS_COMMAND,B_ADDRESS_COMMAND,L8,actual_interconnect_only,track:DDR_CLKB_N:L8:722:1,track:DDR_CLKB_P:L8:721:0,0.325,0.2234,True,,0.1195,,,,,False
DDR_CLKB_N,DDR_CLKB_P,B_ADDRESS_COMMAND,B_ADDRESS_COMMAND,L8,all_inner_layer_traces,track:DDR_CLKB_N:L8:722:1,track:DDR_CLKB_P:L8:721:0,0.325,0.2234,True,,0.1195,,,,,False
DDR_CLKB_N,DDR_CSB0,B_ADDRESS_COMMAND,B_ADDRESS_COMMAND,L8,K230_local_fanout_only,track:U1:F20:L8:378:0,track:U1:J20:L8:382:0,1.95,1.8484,False,3,0.1195,0.3585,False,False,False,
DDR_CLKB_N,DDR_CSB0,B_ADDRESS_COMMAND,B_ADDRESS_COMMAND,L8,all_inner_layer_traces,track:U1:F20:L8:378:0,track:U1:J20:L8:382:0,1.95,1.8484,False,3,0.1195,0.3585,False,False,False,
DDR_CLKB_N,DDR_DMIA1,B_ADDRESS_COMMAND,A_BYTE1,L8,K230_local_fanout_only,track:U1:F20:L8:378:0,track:U1:P17:L8:423:4,4.875,4.7734,False,3,0.1195,0.3585,False,False,False,
DDR_CLKB_N,DDR_DMIA1,B_ADDRESS_COMMAND,A_BYTE1,L8,all_inner_layer_traces,track:DDR_CLKB_N:L8:722:1,track:U1:P17:L8:423:4,4.732071428,4.630471428,False,3,0.1195,0.3585,False,False,False,
DDR_CLKB_N,DDR_DMIB0,B_ADDRESS_COMMAND,B_BYTE0,L8,K230_local_fanout_only,track:U1:F20:L8:378:0,track:U1:C15:L8:401:1,2.84375,2.74215,False,3,0.1195,0.3585,False,False,False,
DDR_CLKB_N,DDR_DMIB0,B_ADDRESS_COMMAND,B_BYTE0,L8,all_inner_layer_traces,track:U1:F20:L8:378:0,track:U1:C15:L8:401:1,2.84375,2.74215,False,3,0.1195,0.3585,False,False,False,
DDR_CLKB_N,DDR_DQA10,B_ADDRESS_COMMAND,A_BYTE1,L8,K230_local_fanout_only,track:U1:F20:L8:378:0,track:U1:P16:L8:429:14,4.225,4.1234,False,3,0.1195,0.3585,False,False,False,
DDR_CLKB_N,DDR_DQA10,B_ADDRESS_COMMAND,A_BYTE1,L8,all_inner_layer_traces,track:DDR_CLKB_N:L8:722:1,track:U1:P16:L8:429:14,4.1109609582,4.0093609582,False,3,0.1195,0.3585,False,False,False,
DDR_CLKB_N,DDR_DQA11,B_ADDRESS_COMMAND,A_BYTE1,L8,K230_local_fanout_only,track:U1:F20:L8:378:0,track:U1:R17:L8:424:0,6.1664414373,6.0648414373,False,3,0.1195,0.3585,False,False,False,
DDR_CLKB_N,DDR_DQA11,B_ADDRESS_COMMAND,A_BYTE1,L8,all_inner_layer_traces,track:U1:F20:L8:378:0,track:U1:R17:L8:424:0,6.1664414373,6.0648414373,False,3,0.1195,0.3585,False,False,False,
DDR_CLKB_N,DDR_DQA12,B_ADDRESS_COMMAND,A_BYTE1,L8,K230_local_fanout_only,track:U1:F20:L8:378:0,track:U1:R18:L8:410:4,5.525,5.4234,False,3,0.1195,0.3585,False,False,False,
DDR_CLKB_N,DDR_DQA12,B_ADDRESS_COMMAND,A_BYTE1,L8,actual_interconnect_only,track:DDR_CLKB_N:L8:722:8,track:DDR_DQA12:L8:732:0,3.25,3.1484,False,3,0.1195,0.3585,False,False,False,
DDR_CLKB_N,DDR_DQA12,B_ADDRESS_COMMAND,A_BYTE1,L8,all_inner_layer_traces,track:DDR_CLKB_N:L8:722:8,track:DDR_DQA12:L8:732:0,3.25,3.1484,False,3,0.1195,0.3585,False,False,False,
DDR_CLKB_N,DDR_DQA13,B_ADDRESS_COMMAND,A_BYTE1,L8,K230_local_fanout_only,track:U1:F20:L8:378:0,track:U1:T18:L8:411:4,6.175,6.0734,False,3,0.1195,0.3585,False,False,False,
DDR_CLKB_N,DDR_DQA13,B_ADDRESS_COMMAND,A_BYTE1,L8,actual_interconnect_only,track:DDR_CLKB_N:L8:722:8,track:DDR_DQA13:L8:731:0,3.9198264072,3.8182264072,False,3,0.1195,0.3585,False,False,False,
DDR_CLKB_N,DDR_DQA13,B_ADDRESS_COMMAND,A_BYTE1,L8,all_inner_layer_traces,track:DDR_CLKB_N:L8:722:8,track:DDR_DQA13:L8:731:0,3.9198264072,3.8182264072,False,3,0.1195,0.3585,False,False,False,
DDR_CLKB_N,DDR_DQA14,B_ADDRESS_COMMAND,A_BYTE1,L8,K230_local_fanout_only,track:U1:F20:L8:378:0,track:U1:U18:L8:412:4,6.825,6.7234,False,3,0.1195,0.3585,False,False,False,
DDR_CLKB_N,DDR_DQA14,B_ADDRESS_COMMAND,A_BYTE1,L8,actual_interconnect_only,track:DDR_CLKB_N:L8:722:8,track:DDR_DQA14:L8:733:0,6.0913873625,5.9897873625,False,3,0.1195,0.3585,False,False,False,
DDR_CLKB_N,DDR_DQA14,B_ADDRESS_COMMAND,A_BYTE1,L8,all_inner_layer_traces,track:DDR_CLKB_N:L8:722:8,track:U1:U18:L8:412:4,6.0913873625,5.9897873625,False,3,0.1195,0.3585,False,False,False,
DDR_CLKB_N,DDR_DQA15,B_ADDRESS_COMMAND,A_BYTE1,L8,K230_local_fanout_only,track:U1:F20:L8:378:0,track:U1:U20:L8:385:0,7.15,7.0484,False,3,0.1195,0.3585,False,False,False,
DDR_CLKB_N,DDR_DQA15,B_ADDRESS_COMMAND,A_BYTE1,L8,all_inner_layer_traces,track:DDR_CLKB_N:L8:722:8,track:U1:U20:L8:385:0,6.3378328315,6.2362328315,False,3,0.1195,0.3585,False,False,False,
DDR_CLKB_N,DDR_DQA8,B_ADDRESS_COMMAND,A_BYTE1,L8,K230_local_fanout_only,track:U1:F20:L8:378:0,track:U1:W19:L8:399:4,8.125,8.0234,False,3,0.1195,0.3585,False,False,False,
DDR_CLKB_N,DDR_DQA8,B_ADDRESS_COMMAND,A_BYTE1,L8,actual_interconnect_only,track:DDR_CLKB_N:L8:722:8,track:DDR_DQA8:L8:727:2,6.6807793333,6.5791793333,False,3,0.1195,0.3585,False,False,False,
DDR_CLKB_N,DDR_DQA8,B_ADDRESS_COMMAND,A_BYTE1,L8,all_inner_layer_traces,track:DDR_CLKB_N:L8:722:8,track:DDR_DQA8:L8:727:2,6.6807793333,6.5791793333,False,3,0.1195,0.3585,False,False,False,
DDR_CLKB_N,DDR_DQA9,B_ADDRESS_COMMAND,A_BYTE1,L8,K230_local_fanout_only,track:U1:F20:L8:378:0,track:U1:T17:L8:425:0,6.7000466416,6.5984466416,False,3,0.1195,0.3585,False,False,False,
DDR_CLKB_N,DDR_DQA9,B_ADDRESS_COMMAND,A_BYTE1,L8,actual_interconnect_only,track:DDR_CLKB_N:L8:722:8,track:DDR_DQA9:L8:734:7,6.5,6.3984,False,3,0.1195,0.3585,False,False,False,
DDR_CLKB_N,DDR_DQA9,B_ADDRESS_COMMAND,A_BYTE1,L8,all_inner_layer_traces,track:DDR_CLKB_N:L8:722:8,track:DDR_DQA9:L8:734:7,6.5,6.3984,False,3,0.1195,0.3585,False,False,False,
DDR_CLKB_N,DDR_DQB0,B_ADDRESS_COMMAND,B_BYTE0,L8,K230_local_fanout_only,track:U1:F20:L8:378:0,track:U1:A14:L8:379:0,5.0766622893,4.9750622893,False,3,0.1195,0.3585,False,False,False,
DDR_CLKB_N,DDR_DQB0,B_ADDRESS_COMMAND,B_BYTE0,L8,actual_interconnect_only,track:DDR_CLKB_N:L8:722:0,track:DDR_DQB0:L8:746:12,4.63125,4.52965,False,3,0.1195,0.3585,False,False,False,
DDR_CLKB_N,DDR_DQB0,B_ADDRESS_COMMAND,B_BYTE0,L8,all_inner_layer_traces,track:U1:F20:L8:378:0,track:DDR_DQB0:L8:746:12,4.63125,4.52965,False,3,0.1195,0.3585,False,False,False,
DDR_CLKB_N,DDR_DQB1,B_ADDRESS_COMMAND,B_BYTE0,L8,K230_local_fanout_only,track:U1:F20:L8:378:0,track:U1:A17:L8:380:0,3.7901187316,3.6885187316,False,3,0.1195,0.3585,False,False,False,
DDR_CLKB_N,DDR_DQB1,B_ADDRESS_COMMAND,B_BYTE0,L8,all_inner_layer_traces,track:U1:F20:L8:378:0,track:U1:A17:L8:380:0,3.7901187316,3.6885187316,False,3,0.1195,0.3585,False,False,False,
DDR_CLKB_N,DDR_DQB2,B_ADDRESS_COMMAND,B_BYTE0,L8,K230_local_fanout_only,track:U1:F20:L8:378:0,track:U1:C14:L8:400:0,4.3603325561,4.2587325561,False,3,0.1195,0.3585,False,False,False,
DDR_CLKB_N,DDR_DQB2,B_ADDRESS_COMMAND,B_BYTE0,L8,all_inner_layer_traces,track:U1:F20:L8:378:0,track:U1:C14:L8:400:0,4.3603325561,4.2587325561,False,3,0.1195,0.3585,False,False,False,
DDR_CLKB_N,DDR_DQB3,B_ADDRESS_COMMAND,B_BYTE0,L8,K230_local_fanout_only,track:U1:F20:L8:378:0,track:U1:B14:L8:388:0,4.6872166581,4.5856166581,False,3,0.1195,0.3585,False,False,False,
DDR_CLKB_N,DDR_DQB3,B_ADDRESS_COMMAND,B_BYTE0,L8,actual_interconnect_only,track:DDR_CLKB_N:L8:722:5,track:DDR_DQB3:L8:748:32,0.5859020823,0.4843020823,False,3,0.1195,0.3585,False,False,False,
DDR_CLKB_N,DDR_DQB3,B_ADDRESS_COMMAND,B_BYTE0,L8,all_inner_layer_traces,track:DDR_CLKB_N:L8:722:5,track:DDR_DQB3:L8:748:32,0.5859020823,0.4843020823,False,3,0.1195,0.3585,False,False,False,
DDR_CLKB_N,DDR_DQB4,B_ADDRESS_COMMAND,B_BYTE0,L8,K230_local_fanout_only,track:U1:F20:L8:378:0,track:U1:D14:L8:416:0,4.1109609582,4.0093609582,False,3,0.1195,0.3585,False,False,False,
DDR_CLKB_N,DDR_DQB4,B_ADDRESS_COMMAND,B_BYTE0,L8,actual_interconnect_only,track:DDR_CLKB_N:L8:722:4,track:DDR_DQB4:L8:747:38,2.8788086186,2.7772086186,False,3,0.1195,0.3585,False,False,False,
DDR_CLKB_N,DDR_DQB4,B_ADDRESS_COMMAND,B_BYTE0,L8,all_inner_layer_traces,track:DDR_CLKB_N:L8:722:4,track:DDR_DQB4:L8:747:38,2.8788086186,2.7772086186,False,3,0.1195,0.3585,False,False,False,
DDR_CLKB_N,DDR_DQB5,B_ADDRESS_COMMAND,B_BYTE0,L8,K230_local_fanout_only,track:U1:F20:L8:378:0,track:U1:B16:L8:389:0,3.6769552622,3.5753552622,False,3,0.1195,0.3585,False,False,False,
DDR_CLKB_N,DDR_DQB5,B_ADDRESS_COMMAND,B_BYTE0,L8,all_inner_layer_traces,track:U1:F20:L8:378:0,track:U1:B16:L8:389:0,3.6769552622,3.5753552622,False,3,0.1195,0.3585,False,False,False,
DDR_CLKB_N,DDR_DQB6,B_ADDRESS_COMMAND,B_BYTE0,L8,K230_local_fanout_only,track:U1:F20:L8:378:0,track:U1:C16:L8:402:4,1.625,1.5234,False,3,0.1195,0.3585,False,False,False,
DDR_CLKB_N,DDR_DQB6,B_ADDRESS_COMMAND,B_BYTE0,L8,actual_interconnect_only,track:DDR_CLKB_N:L8:722:0,track:DDR_DQB6:L8:737:0,1.625,1.5234,False,3,0.1195,0.3585,False,False,False,
DDR_CLKB_N,DDR_DQB6,B_ADDRESS_COMMAND,B_BYTE0,L8,all_inner_layer_traces,track:U1:F20:L8:378:0,track:U1:C16:L8:402:4,1.625,1.5234,False,3,0.1195,0.3585,False,False,False,
DDR_CLKB_N,DDR_DQB7,B_ADDRESS_COMMAND,B_BYTE0,L8,K230_local_fanout_only,track:U1:F20:L8:378:0,track:U1:B17:L8:390:0,3.25,3.1484,False,3,0.1195,0.3585,False,False,False,
DDR_CLKB_N,DDR_DQB7,B_ADDRESS_COMMAND,B_BYTE0,L8,all_inner_layer_traces,track:U1:F20:L8:378:0,track:U1:B17:L8:390:0,3.25,3.1484,False,3,0.1195,0.3585,False,False,False,
DDR_CLKB_N,DDR_DQSA1_N,B_ADDRESS_COMMAND,A_BYTE1,L8,K230_local_fanout_only,track:U1:F20:L8:378:0,track:U1:V19:L8:370:4,7.475,7.3734,False,3,0.1195,0.3585,False,False,False,
DDR_CLKB_N,DDR_DQSA1_N,B_ADDRESS_COMMAND,A_BYTE1,L8,actual_interconnect_only,track:DDR_CLKB_N:L8:722:8,track:DDR_DQSA1_N:L8:714:0,5.2741446285,5.1725446285,False,3,0.1195,0.3585,False,False,False,
DDR_CLKB_N,DDR_DQSA1_N,B_ADDRESS_COMMAND,A_BYTE1,L8,all_inner_layer_traces,track:DDR_CLKB_N:L8:722:8,track:DDR_DQSA1_N:L8:714:0,5.2741446285,5.1725446285,False,3,0.1195,0.3585,False,False,False,
DDR_CLKB_N,DDR_DQSA1_P,B_ADDRESS_COMMAND,A_BYTE1,L8,K230_local_fanout_only,track:U1:F20:L8:378:0,track:U1:V20:L8:369:0,7.8,7.6984,False,3,0.1195,0.3585,False,False,False,
DDR_CLKB_N,DDR_DQSA1_P,B_ADDRESS_COMMAND,A_BYTE1,L8,actual_interconnect_only,track:DDR_CLKB_N:L8:722:8,track:DDR_DQSA1_P:L8:713:2,5.9160038508,5.8144038508,False,3,0.1195,0.3585,False,False,False,
DDR_CLKB_N,DDR_DQSA1_P,B_ADDRESS_COMMAND,A_BYTE1,L8,all_inner_layer_traces,track:DDR_CLKB_N:L8:722:8,track:DDR_DQSA1_P:L8:713:2,5.9160038508,5.8144038508,False,3,0.1195,0.3585,False,False,False,
DDR_CLKB_N,DDR_DQSB0_N,B_ADDRESS_COMMAND,B_BYTE0,L8,K230_local_fanout_only,track:U1:F20:L8:378:0,track:U1:A15:L8:372:0,4.5961940777,4.4945940777,False,3,0.1195,0.3585,False,False,False,
DDR_CLKB_N,DDR_DQSB0_N,B_ADDRESS_COMMAND,B_BYTE0,L8,actual_interconnect_only,track:DDR_CLKB_N:L8:722:4,track:DDR_DQSB0_N:L8:715:13,3.5639032324,3.4623032324,False,3,0.1195,0.3585,False,False,False,
DDR_CLKB_N,DDR_DQSB0_N,B_ADDRESS_COMMAND,B_BYTE0,L8,all_inner_layer_traces,track:DDR_CLKB_N:L8:722:4,track:DDR_DQSB0_N:L8:715:13,3.5639032324,3.4623032324,False,3,0.1195,0.3585,False,False,False,
DDR_CLKB_N,DDR_DQSB0_P,B_ADDRESS_COMMAND,B_BYTE0,L8,K230_local_fanout_only,track:U1:F20:L8:378:0,track:U1:B15:L8:371:0,4.1620307543,4.0604307543,False,3,0.1195,0.3585,False,False,False,
DDR_CLKB_N,DDR_DQSB0_P,B_ADDRESS_COMMAND,B_BYTE0,L8,actual_interconnect_only,track:DDR_CLKB_N:L8:722:4,track:DDR_DQSB0_P:L8:716:21,4.0291176531,3.9275176531,False,3,0.1195,0.3585,False,False,False,
DDR_CLKB_N,DDR_DQSB0_P,B_ADDRESS_COMMAND,B_BYTE0,L8,all_inner_layer_traces,track:DDR_CLKB_N:L8:722:4,track:DDR_DQSB0_P:L8:716:21,4.0291176531,3.9275176531,False,3,0.1195,0.3585,False,False,False,
DDR_CLKB_P,DDR_CSB0,B_ADDRESS_COMMAND,B_ADDRESS_COMMAND,L8,K230_local_fanout_only,track:U1:G20:L8:377:0,track:U1:J20:L8:382:0,1.3,1.1984,False,3,0.1195,0.3585,False,False,False,
DDR_CLKB_P,DDR_CSB0,B_ADDRESS_COMMAND,B_ADDRESS_COMMAND,L8,all_inner_layer_traces,track:U1:G20:L8:377:0,track:U1:J20:L8:382:0,1.3,1.1984,False,3,0.1195,0.3585,False,False,False,
DDR_CLKB_P,DDR_DMIA1,B_ADDRESS_COMMAND,A_BYTE1,L8,K230_local_fanout_only,track:U1:G20:L8:377:0,track:U1:P17:L8:423:4,4.225,4.1234,False,3,0.1195,0.3585,False,False,False,
DDR_CLKB_P,DDR_DMIA1,B_ADDRESS_COMMAND,A_BYTE1,L8,all_inner_layer_traces,track:DDR_CLKB_P:L8:721:1,track:U1:P17:L8:423:4,4.1109609582,4.0093609582,False,3,0.1195,0.3585,False,False,False,
DDR_CLKB_P,DDR_DMIB0,B_ADDRESS_COMMAND,B_BYTE0,L8,K230_local_fanout_only,track:U1:G20:L8:377:0,track:U1:C15:L8:401:1,3.3862832224,3.2846832224,False,3,0.1195,0.3585,False,False,False,
DDR_CLKB_P,DDR_DMIB0,B_ADDRESS_COMMAND,B_BYTE0,L8,all_inner_layer_traces,track:U1:G20:L8:377:0,track:U1:C15:L8:401:1,3.3862832224,3.2846832224,False,3,0.1195,0.3585,False,False,False,
DDR_CLKB_P,DDR_DQA10,B_ADDRESS_COMMAND,A_BYTE1,L8,K230_local_fanout_only,track:U1:G20:L8:377:0,track:U1:P16:L8:429:14,3.575,3.4734,False,3,0.1195,0.3585,False,False,False,
DDR_CLKB_P,DDR_DQA10,B_ADDRESS_COMMAND,A_BYTE1,L8,all_inner_layer_traces,track:DDR_CLKB_P:L8:721:1,track:U1:P16:L8:429:14,3.5003571246,3.3987571246,False,3,0.1195,0.3585,False,False,False,
DDR_CLKB_P,DDR_DQA11,B_ADDRESS_COMMAND,A_BYTE1,L8,K230_local_fanout_only,track:U1:G20:L8:377:0,track:U1:R17:L8:424:0,5.5536024345,5.4520024345,False,3,0.1195,0.3585,False,False,False,
DDR_CLKB_P,DDR_DQA11,B_ADDRESS_COMMAND,A_BYTE1,L8,all_inner_layer_traces,track:U1:G20:L8:377:0,track:U1:R17:L8:424:0,5.5536024345,5.4520024345,False,3,0.1195,0.3585,False,False,False,
DDR_CLKB_P,DDR_DQA12,B_ADDRESS_COMMAND,A_BYTE1,L8,K230_local_fanout_only,track:U1:G20:L8:377:0,track:U1:R18:L8:410:4,4.875,4.7734,False,3,0.1195,0.3585,False,False,False,
DDR_CLKB_P,DDR_DQA12,B_ADDRESS_COMMAND,A_BYTE1,L8,actual_interconnect_only,track:DDR_CLKB_P:L8:721:9,track:DDR_DQA12:L8:732:0,3.6161151893,3.5145151893,False,3,0.1195,0.3585,False,False,False,
DDR_CLKB_P,DDR_DQA12,B_ADDRESS_COMMAND,A_BYTE1,L8,all_inner_layer_traces,track:DDR_CLKB_P:L8:721:9,track:DDR_DQA12:L8:732:0,3.6161151893,3.5145151893,False,3,0.1195,0.3585,False,False,False,
DDR_CLKB_P,DDR_DQA13,B_ADDRESS_COMMAND,A_BYTE1,L8,K230_local_fanout_only,track:U1:G20:L8:377:0,track:U1:T18:L8:411:4,5.525,5.4234,False,3,0.1195,0.3585,False,False,False,
DDR_CLKB_P,DDR_DQA13,B_ADDRESS_COMMAND,A_BYTE1,L8,actual_interconnect_only,track:DDR_CLKB_P:L8:721:9,track:DDR_DQA13:L8:731:0,4.3904059109,4.2888059109,False,3,0.1195,0.3585,False,False,False,
DDR_CLKB_P,DDR_DQA13,B_ADDRESS_COMMAND,A_BYTE1,L8,all_inner_layer_traces,track:DDR_CLKB_P:L8:721:9,track:DDR_DQA13:L8:731:0,4.3904059109,4.2888059109,False,3,0.1195,0.3585,False,False,False,
DDR_CLKB_P,DDR_DQA14,B_ADDRESS_COMMAND,A_BYTE1,L8,K230_local_fanout_only,track:U1:G20:L8:377:0,track:U1:U18:L8:412:4,6.175,6.0734,False,3,0.1195,0.3585,False,False,False,
DDR_CLKB_P,DDR_DQA14,B_ADDRESS_COMMAND,A_BYTE1,L8,actual_interconnect_only,track:DDR_CLKB_P:L8:721:1,track:DDR_DQA14:L8:733:0,5.9927038972,5.8911038972,False,3,0.1195,0.3585,False,False,False,
DDR_CLKB_P,DDR_DQA14,B_ADDRESS_COMMAND,A_BYTE1,L8,all_inner_layer_traces,track:DDR_CLKB_P:L8:721:1,track:U1:U18:L8:412:4,5.9927038972,5.8911038972,False,3,0.1195,0.3585,False,False,False,
DDR_CLKB_P,DDR_DQA15,B_ADDRESS_COMMAND,A_BYTE1,L8,K230_local_fanout_only,track:U1:G20:L8:377:0,track:U1:U20:L8:385:0,6.5,6.3984,False,3,0.1195,0.3585,False,False,False,
DDR_CLKB_P,DDR_DQA15,B_ADDRESS_COMMAND,A_BYTE1,L8,all_inner_layer_traces,track:DDR_CLKB_P:L8:721:1,track:U1:U20:L8:385:0,6.3103585477,6.2087585477,False,3,0.1195,0.3585,False,False,False,
DDR_CLKB_P,DDR_DQA8,B_ADDRESS_COMMAND,A_BYTE1,L8,K230_local_fanout_only,track:U1:G20:L8:377:0,track:U1:W19:L8:399:4,7.475,7.3734,False,3,0.1195,0.3585,False,False,False,
DDR_CLKB_P,DDR_DQA8,B_ADDRESS_COMMAND,A_BYTE1,L8,actual_interconnect_only,track:DDR_CLKB_P:L8:721:1,track:DDR_DQA8:L8:727:0,7.1666000481,7.0650000481,False,3,0.1195,0.3585,False,False,False,
DDR_CLKB_P,DDR_DQA8,B_ADDRESS_COMMAND,A_BYTE1,L8,all_inner_layer_traces,track:DDR_CLKB_P:L8:721:1,track:DDR_DQA8:L8:727:0,7.1666000481,7.0650000481,False,3,0.1195,0.3585,False,False,False,
DDR_CLKB_P,DDR_DQA9,B_ADDRESS_COMMAND,A_BYTE1,L8,K230_local_fanout_only,track:U1:G20:L8:377:0,track:U1:T17:L8:425:0,6.07150105,5.96990105,False,3,0.1195,0.3585,False,False,False,
DDR_CLKB_P,DDR_DQA9,B_ADDRESS_COMMAND,A_BYTE1,L8,actual_interconnect_only,track:DDR_CLKB_P:L8:721:9,track:DDR_DQA9:L8:734:7,6.846626108,6.745026108,False,3,0.1195,0.3585,False,False,False,
DDR_CLKB_P,DDR_DQA9,B_ADDRESS_COMMAND,A_BYTE1,L8,all_inner_layer_traces,track:U1:G20:L8:377:0,track:U1:T17:L8:425:0,6.07150105,5.96990105,False,3,0.1195,0.3585,False,False,False,
DDR_CLKB_P,DDR_DQB0,B_ADDRESS_COMMAND,B_BYTE0,L8,K230_local_fanout_only,track:U1:G20:L8:377:0,track:U1:A14:L8:379:0,5.5154328933,5.4138328933,False,3,0.1195,0.3585,False,False,False,
DDR_CLKB_P,DDR_DQB0,B_ADDRESS_COMMAND,B_BYTE0,L8,actual_interconnect_only,track:DDR_CLKB_P:L8:721:0,track:DDR_DQB0:L8:746:12,5.28125,5.17965,False,3,0.1195,0.3585,False,False,False,
DDR_CLKB_P,DDR_DQB0,B_ADDRESS_COMMAND,B_BYTE0,L8,all_inner_layer_traces,track:U1:G20:L8:377:0,track:DDR_DQB0:L8:746:12,5.28125,5.17965,False,3,0.1195,0.3585,False,False,False,
DDR_CLKB_P,DDR_DQB1,B_ADDRESS_COMMAND,B_BYTE0,L8,K230_local_fanout_only,track:U1:G20:L8:377:0,track:U1:A17:L8:380:0,4.3603325561,4.2587325561,False,3,0.1195,0.3585,False,False,False,
DDR_CLKB_P,DDR_DQB1,B_ADDRESS_COMMAND,B_BYTE0,L8,all_inner_layer_traces,track:U1:G20:L8:377:0,track:U1:A17:L8:380:0,4.3603325561,4.2587325561,False,3,0.1195,0.3585,False,False,False,
DDR_CLKB_P,DDR_DQB2,B_ADDRESS_COMMAND,B_BYTE0,L8,K230_local_fanout_only,track:U1:G20:L8:377:0,track:U1:C14:L8:400:0,4.6872166581,4.5856166581,False,3,0.1195,0.3585,False,False,False,
DDR_CLKB_P,DDR_DQB2,B_ADDRESS_COMMAND,B_BYTE0,L8,all_inner_layer_traces,track:U1:G20:L8:377:0,track:U1:C14:L8:400:0,4.6872166581,4.5856166581,False,3,0.1195,0.3585,False,False,False,
DDR_CLKB_P,DDR_DQB3,B_ADDRESS_COMMAND,B_BYTE0,L8,K230_local_fanout_only,track:U1:G20:L8:377:0,track:U1:B14:L8:388:0,5.0766622893,4.9750622893,False,3,0.1195,0.3585,False,False,False,
DDR_CLKB_P,DDR_DQB3,B_ADDRESS_COMMAND,B_BYTE0,L8,actual_interconnect_only,track:DDR_CLKB_P:L8:721:9,track:DDR_DQB3:L8:748:32,1.0123649601,0.9107649601,False,3,0.1195,0.3585,False,False,False,
DDR_CLKB_P,DDR_DQB3,B_ADDRESS_COMMAND,B_BYTE0,L8,all_inner_layer_traces,track:DDR_CLKB_P:L8:721:9,track:DDR_DQB3:L8:748:32,1.0123649601,0.9107649601,False,3,0.1195,0.3585,False,False,False,
DDR_CLKB_P,DDR_DQB4,B_ADDRESS_COMMAND,B_BYTE0,L8,K230_local_fanout_only,track:U1:G20:L8:377:0,track:U1:D14:L8:416:0,4.3603325561,4.2587325561,False,3,0.1195,0.3585,False,False,False,
DDR_CLKB_P,DDR_DQB4,B_ADDRESS_COMMAND,B_BYTE0,L8,actual_interconnect_only,track:DDR_CLKB_P:L8:721:8,track:DDR_DQB4:L8:747:38,3.5889587626,3.4873587626,False,3,0.1195,0.3585,False,False,False,
DDR_CLKB_P,DDR_DQB4,B_ADDRESS_COMMAND,B_BYTE0,L8,all_inner_layer_traces,track:DDR_CLKB_P:L8:721:8,track:DDR_DQB4:L8:747:38,3.5889587626,3.4873587626,False,3,0.1195,0.3585,False,False,False,
DDR_CLKB_P,DDR_DQB5,B_ADDRESS_COMMAND,B_BYTE0,L8,K230_local_fanout_only,track:U1:G20:L8:377:0,track:U1:B16:L8:389:0,4.1620307543,4.0604307543,False,3,0.1195,0.3585,False,False,False,
DDR_CLKB_P,DDR_DQB5,B_ADDRESS_COMMAND,B_BYTE0,L8,all_inner_layer_traces,track:U1:G20:L8:377:0,track:U1:B16:L8:389:0,4.1620307543,4.0604307543,False,3,0.1195,0.3585,False,False,False,
DDR_CLKB_P,DDR_DQB6,B_ADDRESS_COMMAND,B_BYTE0,L8,K230_local_fanout_only,track:U1:G20:L8:377:0,track:U1:C16:L8:402:4,2.275,2.1734,False,3,0.1195,0.3585,False,False,False,
DDR_CLKB_P,DDR_DQB6,B_ADDRESS_COMMAND,B_BYTE0,L8,actual_interconnect_only,track:DDR_CLKB_P:L8:721:0,track:DDR_DQB6:L8:737:0,2.275,2.1734,False,3,0.1195,0.3585,False,False,False,
DDR_CLKB_P,DDR_DQB6,B_ADDRESS_COMMAND,B_BYTE0,L8,all_inner_layer_traces,track:U1:G20:L8:377:0,track:U1:C16:L8:402:4,2.275,2.1734,False,3,0.1195,0.3585,False,False,False,
DDR_CLKB_P,DDR_DQB7,B_ADDRESS_COMMAND,B_BYTE0,L8,K230_local_fanout_only,track:U1:G20:L8:377:0,track:U1:B17:L8:390:0,3.7901187316,3.6885187316,False,3,0.1195,0.3585,False,False,False,
DDR_CLKB_P,DDR_DQB7,B_ADDRESS_COMMAND,B_BYTE0,L8,all_inner_layer_traces,track:U1:G20:L8:377:0,track:U1:B17:L8:390:0,3.7901187316,3.6885187316,False,3,0.1195,0.3585,False,False,False,
DDR_CLKB_P,DDR_DQSA1_N,B_ADDRESS_COMMAND,A_BYTE1,L8,K230_local_fanout_only,track:U1:G20:L8:377:0,track:U1:V19:L8:370:4,6.825,6.7234,False,3,0.1195,0.3585,False,False,False,
DDR_CLKB_P,DDR_DQSA1_N,B_ADDRESS_COMMAND,A_BYTE1,L8,actual_interconnect_only,track:DDR_CLKB_P:L8:721:9,track:DDR_DQSA1_N:L8:714:0,5.7751386618,5.6735386618,False,3,0.1195,0.3585,False,False,False,
DDR_CLKB_P,DDR_DQSA1_N,B_ADDRESS_COMMAND,A_BYTE1,L8,all_inner_layer_traces,track:DDR_CLKB_P:L8:721:9,track:DDR_DQSA1_N:L8:714:0,5.7751386618,5.6735386618,False,3,0.1195,0.3585,False,False,False,
DDR_CLKB_P,DDR_DQSA1_P,B_ADDRESS_COMMAND,A_BYTE1,L8,K230_local_fanout_only,track:U1:G20:L8:377:0,track:U1:V20:L8:369:0,7.15,7.0484,False,3,0.1195,0.3585,False,False,False,
DDR_CLKB_P,DDR_DQSA1_P,B_ADDRESS_COMMAND,A_BYTE1,L8,actual_interconnect_only,track:DDR_CLKB_P:L8:721:9,track:DDR_DQSA1_P:L8:713:2,6.3997833215,6.2981833215,False,3,0.1195,0.3585,False,False,False,
DDR_CLKB_P,DDR_DQSA1_P,B_ADDRESS_COMMAND,A_BYTE1,L8,all_inner_layer_traces,track:DDR_CLKB_P:L8:721:9,track:DDR_DQSA1_P:L8:713:2,6.3997833215,6.2981833215,False,3,0.1195,0.3585,False,False,False,
DDR_CLKB_P,DDR_DQSB0_N,B_ADDRESS_COMMAND,B_BYTE0,L8,K230_local_fanout_only,track:U1:G20:L8:377:0,track:U1:A15:L8:372:0,5.0766622893,4.9750622893,False,3,0.1195,0.3585,False,False,False,
DDR_CLKB_P,DDR_DQSB0_N,B_ADDRESS_COMMAND,B_BYTE0,L8,actual_interconnect_only,track:DDR_CLKB_P:L8:721:2,track:DDR_DQSB0_N:L8:715:13,4.4694885753,4.3678885753,False,3,0.1195,0.3585,False,False,False,
DDR_CLKB_P,DDR_DQSB0_N,B_ADDRESS_COMMAND,B_BYTE0,L8,all_inner_layer_traces,track:DDR_CLKB_P:L8:721:2,track:DDR_DQSB0_N:L8:715:13,4.4694885753,4.3678885753,False,3,0.1195,0.3585,False,False,False,
DDR_CLKB_P,DDR_DQSB0_P,B_ADDRESS_COMMAND,B_BYTE0,L8,K230_local_fanout_only,track:U1:G20:L8:377:0,track:U1:B15:L8:371:0,4.5961940777,4.4945940777,False,3,0.1195,0.3585,False,False,False,
DDR_CLKB_P,DDR_DQSB0_P,B_ADDRESS_COMMAND,B_BYTE0,L8,actual_interconnect_only,track:DDR_CLKB_P:L8:721:2,track:DDR_DQSB0_P:L8:716:21,4.9366969284,4.8350969284,False,3,0.1195,0.3585,False,False,False,
DDR_CLKB_P,DDR_DQSB0_P,B_ADDRESS_COMMAND,B_BYTE0,L8,all_inner_layer_traces,track:U1:G20:L8:377:0,track:U1:B15:L8:371:0,4.5961940777,4.4945940777,False,3,0.1195,0.3585,False,False,False,
DDR_CSA0,DDR_DMIA0,A_ADDRESS_COMMAND,A_BYTE0,L3,K230_local_fanout_only,track:U1:T20:L3:384:0,track:U1:V17:L3:414:4,0.975,0.8734,False,3,0.13,0.39,False,False,False,
DDR_CSA0,DDR_DMIA0,A_ADDRESS_COMMAND,A_BYTE0,L3,all_inner_layer_traces,track:U1:T20:L3:384:0,track:U1:V17:L3:414:4,0.975,0.8734,False,3,0.13,0.39,False,False,False,
DDR_CSA0,DDR_DMIB1,A_ADDRESS_COMMAND,B_BYTE1,L3,K230_local_fanout_only,track:U1:T20:L3:384:0,track:U1:D18:L3:405:0,7.8,7.6984,False,3,0.13,0.39,False,False,False,
DDR_CSA0,DDR_DMIB1,A_ADDRESS_COMMAND,B_BYTE1,L3,all_inner_layer_traces,track:U1:T20:L3:384:0,track:U1:D18:L3:405:0,7.8,7.6984,False,3,0.13,0.39,False,False,False,
DDR_CSA0,DDR_DQA0,A_ADDRESS_COMMAND,A_BYTE0,L3,K230_local_fanout_only,track:U1:T20:L3:384:0,track:U1:Y16:L3:386:0,3.6769552622,3.5753552622,False,3,0.13,0.39,False,False,False,
DDR_CSA0,DDR_DQA0,A_ADDRESS_COMMAND,A_BYTE0,L3,all_inner_layer_traces,track:U1:T20:L3:384:0,track:U1:Y16:L3:386:0,3.6769552622,3.5753552622,False,3,0.13,0.39,False,False,False,
DDR_CSA0,DDR_DQA1,A_ADDRESS_COMMAND,A_BYTE0,L3,K230_local_fanout_only,track:U1:T20:L3:384:0,track:U1:V16:L3:413:0,2.9068883707,2.8052883707,False,3,0.13,0.39,False,False,False,
DDR_CSA0,DDR_DQA1,A_ADDRESS_COMMAND,A_BYTE0,L3,all_inner_layer_traces,track:U1:T20:L3:384:0,track:U1:V16:L3:413:0,2.9068883707,2.8052883707,False,3,0.13,0.39,False,False,False,
DDR_CSA0,DDR_DQA2,A_ADDRESS_COMMAND,A_BYTE0,L3,K230_local_fanout_only,track:U1:T20:L3:384:0,track:U1:U17:L3:427:0,2.0554804791,1.9538804791,False,3,0.13,0.39,False,False,False,
DDR_CSA0,DDR_DQA2,A_ADDRESS_COMMAND,A_BYTE0,L3,all_inner_layer_traces,track:U1:T20:L3:384:0,track:U1:U17:L3:427:0,2.0554804791,1.9538804791,False,3,0.13,0.39,False,False,False,
DDR_CSA0,DDR_DQA3,A_ADDRESS_COMMAND,A_BYTE0,L3,K230_local_fanout_only,track:U1:T20:L3:384:0,track:U1:T16:L3:430:4,0.325,0.2234,False,3,0.13,0.39,True,True,False,
DDR_CSA0,DDR_DQA3,A_ADDRESS_COMMAND,A_BYTE0,L3,all_inner_layer_traces,track:U1:T20:L3:384:0,track:U1:T16:L3:430:4,0.325,0.2234,False,3,0.13,0.39,True,True,False,
DDR_CSA0,DDR_DQA4,A_ADDRESS_COMMAND,A_BYTE0,L3,K230_local_fanout_only,track:U1:T20:L3:384:0,track:U1:U16:L3:426:4,0.325,0.2234,False,3,0.13,0.39,True,True,False,
DDR_CSA0,DDR_DQA4,A_ADDRESS_COMMAND,A_BYTE0,L3,all_inner_layer_traces,track:U1:T20:L3:384:0,track:U1:U16:L3:426:4,0.325,0.2234,False,3,0.13,0.39,True,True,False,
DDR_CSA0,DDR_DQA5,A_ADDRESS_COMMAND,A_BYTE0,L3,K230_local_fanout_only,track:U1:T20:L3:384:0,track:U1:V18:L3:415:4,1.625,1.5234,False,3,0.13,0.39,False,False,False,
DDR_CSA0,DDR_DQA5,A_ADDRESS_COMMAND,A_BYTE0,L3,all_inner_layer_traces,track:U1:T20:L3:384:0,track:U1:V18:L3:415:4,1.625,1.5234,False,3,0.13,0.39,False,False,False,
DDR_CSA0,DDR_DQA6,A_ADDRESS_COMMAND,A_BYTE0,L3,K230_local_fanout_only,track:U1:T20:L3:384:0,track:U1:W18:L3:398:0,2.3436083291,2.2420083291,False,3,0.13,0.39,False,False,False,
DDR_CSA0,DDR_DQA6,A_ADDRESS_COMMAND,A_BYTE0,L3,all_inner_layer_traces,track:U1:T20:L3:384:0,track:U1:W18:L3:398:0,2.3436083291,2.2420083291,False,3,0.13,0.39,False,False,False,
DDR_CSA0,DDR_DQA7,A_ADDRESS_COMMAND,A_BYTE0,L3,K230_local_fanout_only,track:U1:T20:L3:384:0,track:U1:Y18:L3:387:0,2.9068883707,2.8052883707,False,3,0.13,0.39,False,False,False,
DDR_CSA0,DDR_DQA7,A_ADDRESS_COMMAND,A_BYTE0,L3,all_inner_layer_traces,track:U1:T20:L3:384:0,track:U1:Y18:L3:387:0,2.9068883707,2.8052883707,False,3,0.13,0.39,False,False,False,
DDR_CSA0,DDR_DQB10,A_ADDRESS_COMMAND,B_BYTE1,L3,K230_local_fanout_only,track:U1:T20:L3:384:0,track:U1:D17:L3:418:0,7.9674729369,7.8658729369,False,3,0.13,0.39,False,False,False,
DDR_CSA0,DDR_DQB10,A_ADDRESS_COMMAND,B_BYTE1,L3,all_inner_layer_traces,track:U1:T20:L3:384:0,track:DDR_DQB10:L3:726:5,7.5581082289,7.4565082289,False,3,0.13,0.39,False,False,False,
DDR_CSA0,DDR_DQB11,A_ADDRESS_COMMAND,B_BYTE1,L3,K230_local_fanout_only,track:U1:T20:L3:384:0,track:U1:E17:L3:419:4,6.825,6.7234,False,3,0.13,0.39,False,False,False,
DDR_CSA0,DDR_DQB11,A_ADDRESS_COMMAND,B_BYTE1,L3,all_inner_layer_traces,track:U1:T20:L3:384:0,track:U1:E17:L3:419:4,6.825,6.7234,False,3,0.13,0.39,False,False,False,
DDR_CSA0,DDR_DQB12,A_ADDRESS_COMMAND,B_BYTE1,L3,K230_local_fanout_only,track:U1:T20:L3:384:0,track:U1:E18:L3:406:0,7.2161710761,7.1145710761,False,3,0.13,0.39,False,False,False,
DDR_CSA0,DDR_DQB12,A_ADDRESS_COMMAND,B_BYTE1,L3,all_inner_layer_traces,track:U1:T20:L3:384:0,track:DDR_DQB12:L3:730:6,6.175,6.0734,False,3,0.13,0.39,False,False,False,
DDR_CSA0,DDR_DQB13,A_ADDRESS_COMMAND,B_BYTE1,L3,K230_local_fanout_only,track:U1:T20:L3:384:0,track:U1:D16:L3:417:0,8.2219219164,8.1203219164,False,3,0.13,0.39,False,False,False,
DDR_CSA0,DDR_DQB13,A_ADDRESS_COMMAND,B_BYTE1,L3,all_inner_layer_traces,track:U1:T20:L3:384:0,track:DDR_DQB13:L3:738:23,8.2173596733,8.1157596733,False,3,0.13,0.39,False,False,False,
DDR_CSA0,DDR_DQB14,A_ADDRESS_COMMAND,B_BYTE1,L3,K230_local_fanout_only,track:U1:T20:L3:384:0,track:U1:C19:L3:392:0,8.45,8.3484,False,3,0.13,0.39,False,False,False,
DDR_CSA0,DDR_DQB14,A_ADDRESS_COMMAND,B_BYTE1,L3,all_inner_layer_traces,track:U1:T20:L3:384:0,track:U1:C19:L3:392:0,8.45,8.3484,False,3,0.13,0.39,False,False,False,
DDR_CSA0,DDR_DQB15,A_ADDRESS_COMMAND,B_BYTE1,L3,K230_local_fanout_only,track:U1:T20:L3:384:0,track:U1:B19:L3:391:0,9.123184751,9.021584751,False,3,0.13,0.39,False,False,False,
DDR_CSA0,DDR_DQB15,A_ADDRESS_COMMAND,B_BYTE1,L3,all_inner_layer_traces,track:U1:T20:L3:384:0,track:U1:B19:L3:391:0,9.123184751,9.021584751,False,3,0.13,0.39,False,False,False,
DDR_CSA0,DDR_DQB8,A_ADDRESS_COMMAND,B_BYTE1,L3,K230_local_fanout_only,track:U1:T20:L3:384:0,track:U1:C18:L3:404:0,8.5060640134,8.4044640134,False,3,0.13,0.39,False,False,False,
DDR_CSA0,DDR_DQB8,A_ADDRESS_COMMAND,B_BYTE1,L3,all_inner_layer_traces,track:U1:T20:L3:384:0,track:U1:C18:L3:404:0,8.5060640134,8.4044640134,False,3,0.13,0.39,False,False,False,
DDR_CSA0,DDR_DQB9,A_ADDRESS_COMMAND,B_BYTE1,L3,K230_local_fanout_only,track:U1:T20:L3:384:0,track:U1:C17:L3:403:0,8.6720816417,8.5704816417,False,3,0.13,0.39,False,False,False,
DDR_CSA0,DDR_DQB9,A_ADDRESS_COMMAND,B_BYTE1,L3,all_inner_layer_traces,track:U1:T20:L3:384:0,track:U1:C17:L3:403:0,8.6720816417,8.5704816417,False,3,0.13,0.39,False,False,False,
DDR_CSA0,DDR_DQSA0_N,A_ADDRESS_COMMAND,A_BYTE0,L3,K230_local_fanout_only,track:U1:T20:L3:384:0,track:U1:Y17:L3:368:0,3.25,3.1484,False,3,0.13,0.39,False,False,False,
DDR_CSA0,DDR_DQSA0_N,A_ADDRESS_COMMAND,A_BYTE0,L3,all_inner_layer_traces,track:U1:T20:L3:384:0,track:U1:Y17:L3:368:0,3.25,3.1484,False,3,0.13,0.39,False,False,False,
DDR_CSA0,DDR_DQSA0_P,A_ADDRESS_COMMAND,A_BYTE0,L3,K230_local_fanout_only,track:U1:T20:L3:384:0,track:U1:W17:L3:367:0,2.7577164466,2.6561164466,False,3,0.13,0.39,False,False,False,
DDR_CSA0,DDR_DQSA0_P,A_ADDRESS_COMMAND,A_BYTE0,L3,all_inner_layer_traces,track:U1:T20:L3:384:0,track:U1:W17:L3:367:0,2.7577164466,2.6561164466,False,3,0.13,0.39,False,False,False,
DDR_CSA0,DDR_DQSB1_N,A_ADDRESS_COMMAND,B_BYTE1,L3,K230_local_fanout_only,track:U1:T20:L3:384:0,track:U1:A18:L3:374:0,9.8362848678,9.7346848678,False,3,0.13,0.39,False,False,False,
DDR_CSA0,DDR_DQSB1_N,A_ADDRESS_COMMAND,B_BYTE1,L3,all_inner_layer_traces,track:U1:T20:L3:384:0,track:DDR_DQSB1_N:L3:717:9,7.820708188,7.719108188,False,3,0.13,0.39,False,False,False,
DDR_CSA0,DDR_DQSB1_P,A_ADDRESS_COMMAND,B_BYTE1,L3,K230_local_fanout_only,track:U1:T20:L3:384:0,track:U1:B18:L3:373:0,9.1923881554,9.0907881554,False,3,0.13,0.39,False,False,False,
DDR_CSA0,DDR_DQSB1_P,A_ADDRESS_COMMAND,B_BYTE1,L3,all_inner_layer_traces,track:U1:T20:L3:384:0,track:DDR_DQSB1_P:L3:718:16,8.45,8.3484,False,3,0.13,0.39,False,False,False,
DDR_CSB0,DDR_DMIA1,B_ADDRESS_COMMAND,A_BYTE1,L8,K230_local_fanout_only,track:U1:J20:L8:382:0,track:U1:P17:L8:423:4,2.925,2.8234,False,3,0.1195,0.3585,False,False,False,
DDR_CSB0,DDR_DMIA1,B_ADDRESS_COMMAND,A_BYTE1,L8,all_inner_layer_traces,track:U1:J20:L8:382:0,track:U1:P17:L8:423:4,2.925,2.8234,False,3,0.1195,0.3585,False,False,False,
DDR_CSB0,DDR_DMIB0,B_ADDRESS_COMMAND,B_BYTE0,L8,K230_local_fanout_only,track:U1:J20:L8:382:0,track:U1:C15:L8:401:1,4.5565243402,4.4549243402,False,3,0.1195,0.3585,False,False,False,
DDR_CSB0,DDR_DMIB0,B_ADDRESS_COMMAND,B_BYTE0,L8,all_inner_layer_traces,track:U1:J20:L8:382:0,track:U1:C15:L8:401:1,4.5565243402,4.4549243402,False,3,0.1195,0.3585,False,False,False,
DDR_CSB0,DDR_DQA10,B_ADDRESS_COMMAND,A_BYTE1,L8,K230_local_fanout_only,track:U1:J20:L8:382:0,track:U1:P16:L8:429:14,2.275,2.1734,False,3,0.1195,0.3585,False,False,False,
DDR_CSB0,DDR_DQA10,B_ADDRESS_COMMAND,A_BYTE1,L8,all_inner_layer_traces,track:U1:J20:L8:382:0,track:U1:P16:L8:429:14,2.275,2.1734,False,3,0.1195,0.3585,False,False,False,
DDR_CSB0,DDR_DQA11,B_ADDRESS_COMMAND,A_BYTE1,L8,K230_local_fanout_only,track:U1:J20:L8:382:0,track:U1:R17:L8:424:0,4.3603325561,4.2587325561,False,3,0.1195,0.3585,False,False,False,
DDR_CSB0,DDR_DQA11,B_ADDRESS_COMMAND,A_BYTE1,L8,all_inner_layer_traces,track:U1:J20:L8:382:0,track:U1:R17:L8:424:0,4.3603325561,4.2587325561,False,3,0.1195,0.3585,False,False,False,
DDR_CSB0,DDR_DQA12,B_ADDRESS_COMMAND,A_BYTE1,L8,K230_local_fanout_only,track:U1:J20:L8:382:0,track:U1:R18:L8:410:4,3.575,3.4734,False,3,0.1195,0.3585,False,False,False,
DDR_CSB0,DDR_DQA12,B_ADDRESS_COMMAND,A_BYTE1,L8,all_inner_layer_traces,track:U1:J20:L8:382:0,track:U1:R18:L8:410:4,3.575,3.4734,False,3,0.1195,0.3585,False,False,False,
DDR_CSB0,DDR_DQA13,B_ADDRESS_COMMAND,A_BYTE1,L8,K230_local_fanout_only,track:U1:J20:L8:382:0,track:U1:T18:L8:411:4,4.225,4.1234,False,3,0.1195,0.3585,False,False,False,
DDR_CSB0,DDR_DQA13,B_ADDRESS_COMMAND,A_BYTE1,L8,all_inner_layer_traces,track:U1:J20:L8:382:0,track:U1:T18:L8:411:4,4.225,4.1234,False,3,0.1195,0.3585,False,False,False,
DDR_CSB0,DDR_DQA14,B_ADDRESS_COMMAND,A_BYTE1,L8,K230_local_fanout_only,track:U1:J20:L8:382:0,track:U1:U18:L8:412:4,4.875,4.7734,False,3,0.1195,0.3585,False,False,False,
DDR_CSB0,DDR_DQA14,B_ADDRESS_COMMAND,A_BYTE1,L8,all_inner_layer_traces,track:U1:J20:L8:382:0,track:U1:U18:L8:412:4,4.875,4.7734,False,3,0.1195,0.3585,False,False,False,
DDR_CSB0,DDR_DQA15,B_ADDRESS_COMMAND,A_BYTE1,L8,K230_local_fanout_only,track:U1:J20:L8:382:0,track:U1:U20:L8:385:0,5.2,5.0984,False,3,0.1195,0.3585,False,False,False,
DDR_CSB0,DDR_DQA15,B_ADDRESS_COMMAND,A_BYTE1,L8,all_inner_layer_traces,track:U1:J20:L8:382:0,track:U1:U20:L8:385:0,5.2,5.0984,False,3,0.1195,0.3585,False,False,False,
DDR_CSB0,DDR_DQA8,B_ADDRESS_COMMAND,A_BYTE1,L8,K230_local_fanout_only,track:U1:J20:L8:382:0,track:U1:W19:L8:399:4,6.175,6.0734,False,3,0.1195,0.3585,False,False,False,
DDR_CSB0,DDR_DQA8,B_ADDRESS_COMMAND,A_BYTE1,L8,all_inner_layer_traces,track:U1:J20:L8:382:0,track:U1:W19:L8:399:4,6.175,6.0734,False,3,0.1195,0.3585,False,False,False,
DDR_CSB0,DDR_DQA9,B_ADDRESS_COMMAND,A_BYTE1,L8,K230_local_fanout_only,track:U1:J20:L8:382:0,track:U1:T17:L8:425:0,4.8314723429,4.7298723429,False,3,0.1195,0.3585,False,False,False,
DDR_CSB0,DDR_DQA9,B_ADDRESS_COMMAND,A_BYTE1,L8,all_inner_layer_traces,track:U1:J20:L8:382:0,track:U1:T17:L8:425:0,4.8314723429,4.7298723429,False,3,0.1195,0.3585,False,False,False,
DDR_CSB0,DDR_DQB0,B_ADDRESS_COMMAND,B_BYTE0,L8,K230_local_fanout_only,track:U1:J20:L8:382:0,track:U1:A14:L8:379:0,6.5,6.3984,False,3,0.1195,0.3585,False,False,False,
DDR_CSB0,DDR_DQB0,B_ADDRESS_COMMAND,B_BYTE0,L8,all_inner_layer_traces,track:U1:J20:L8:382:0,track:U1:A14:L8:379:0,6.5,6.3984,False,3,0.1195,0.3585,False,False,False,
DDR_CSB0,DDR_DQB1,B_ADDRESS_COMMAND,B_BYTE0,L8,K230_local_fanout_only,track:U1:J20:L8:382:0,track:U1:A17:L8:380:0,5.5536024345,5.4520024345,False,3,0.1195,0.3585,False,False,False,
DDR_CSB0,DDR_DQB1,B_ADDRESS_COMMAND,B_BYTE0,L8,all_inner_layer_traces,track:U1:J20:L8:382:0,track:U1:A17:L8:380:0,5.5536024345,5.4520024345,False,3,0.1195,0.3585,False,False,False,
DDR_CSB0,DDR_DQB2,B_ADDRESS_COMMAND,B_BYTE0,L8,K230_local_fanout_only,track:U1:J20:L8:382:0,track:U1:C14:L8:400:0,5.5154328933,5.4138328933,False,3,0.1195,0.3585,False,False,False,
DDR_CSB0,DDR_DQB2,B_ADDRESS_COMMAND,B_BYTE0,L8,all_inner_layer_traces,track:U1:J20:L8:382:0,track:U1:C14:L8:400:0,5.5154328933,5.4138328933,False,3,0.1195,0.3585,False,False,False,
DDR_CSB0,DDR_DQB3,B_ADDRESS_COMMAND,B_BYTE0,L8,K230_local_fanout_only,track:U1:J20:L8:382:0,track:U1:B14:L8:388:0,5.9927038972,5.8911038972,False,3,0.1195,0.3585,False,False,False,
DDR_CSB0,DDR_DQB3,B_ADDRESS_COMMAND,B_BYTE0,L8,all_inner_layer_traces,track:U1:J20:L8:382:0,track:DDR_DQB3:L8:748:17,1.625,1.5234,False,3,0.1195,0.3585,False,False,False,
DDR_CSB0,DDR_DQB4,B_ADDRESS_COMMAND,B_BYTE0,L8,K230_local_fanout_only,track:U1:J20:L8:382:0,track:U1:D14:L8:416:0,5.0766622893,4.9750622893,False,3,0.1195,0.3585,False,False,False,
DDR_CSB0,DDR_DQB4,B_ADDRESS_COMMAND,B_BYTE0,L8,all_inner_layer_traces,track:U1:J20:L8:382:0,track:U1:D14:L8:416:0,5.0766622893,4.9750622893,False,3,0.1195,0.3585,False,False,False,
DDR_CSB0,DDR_DQB5,B_ADDRESS_COMMAND,B_BYTE0,L8,K230_local_fanout_only,track:U1:J20:L8:382:0,track:U1:B16:L8:389:0,5.2404675364,5.1388675364,False,3,0.1195,0.3585,False,False,False,
DDR_CSB0,DDR_DQB5,B_ADDRESS_COMMAND,B_BYTE0,L8,all_inner_layer_traces,track:U1:J20:L8:382:0,track:U1:B16:L8:389:0,5.2404675364,5.1388675364,False,3,0.1195,0.3585,False,False,False,
DDR_CSB0,DDR_DQB6,B_ADDRESS_COMMAND,B_BYTE0,L8,K230_local_fanout_only,track:U1:J20:L8:382:0,track:U1:C16:L8:402:4,3.575,3.4734,False,3,0.1195,0.3585,False,False,False,
DDR_CSB0,DDR_DQB6,B_ADDRESS_COMMAND,B_BYTE0,L8,all_inner_layer_traces,track:U1:J20:L8:382:0,track:U1:C16:L8:402:4,3.575,3.4734,False,3,0.1195,0.3585,False,False,False,
DDR_CSB0,DDR_DQB7,B_ADDRESS_COMMAND,B_BYTE0,L8,K230_local_fanout_only,track:U1:J20:L8:382:0,track:U1:B17:L8:390:0,4.9502525188,4.8486525188,False,3,0.1195,0.3585,False,False,False,
DDR_CSB0,DDR_DQB7,B_ADDRESS_COMMAND,B_BYTE0,L8,all_inner_layer_traces,track:U1:J20:L8:382:0,track:U1:B17:L8:390:0,4.9502525188,4.8486525188,False,3,0.1195,0.3585,False,False,False,
DDR_CSB0,DDR_DQSA1_N,B_ADDRESS_COMMAND,A_BYTE1,L8,K230_local_fanout_only,track:U1:J20:L8:382:0,track:U1:V19:L8:370:4,5.525,5.4234,False,3,0.1195,0.3585,False,False,False,
DDR_CSB0,DDR_DQSA1_N,B_ADDRESS_COMMAND,A_BYTE1,L8,all_inner_layer_traces,track:U1:J20:L8:382:0,track:U1:V19:L8:370:4,5.525,5.4234,False,3,0.1195,0.3585,False,False,False,
DDR_CSB0,DDR_DQSA1_P,B_ADDRESS_COMMAND,A_BYTE1,L8,K230_local_fanout_only,track:U1:J20:L8:382:0,track:U1:V20:L8:369:0,5.85,5.7484,False,3,0.1195,0.3585,False,False,False,
DDR_CSB0,DDR_DQSA1_P,B_ADDRESS_COMMAND,A_BYTE1,L8,all_inner_layer_traces,track:U1:J20:L8:382:0,track:U1:V20:L8:369:0,5.85,5.7484,False,3,0.1195,0.3585,False,False,False,
DDR_CSB0,DDR_DQSB0_N,B_ADDRESS_COMMAND,B_BYTE0,L8,K230_local_fanout_only,track:U1:J20:L8:382:0,track:U1:A15:L8:372:0,6.1320877358,6.0304877358,False,3,0.1195,0.3585,False,False,False,
DDR_CSB0,DDR_DQSB0_N,B_ADDRESS_COMMAND,B_BYTE0,L8,all_inner_layer_traces,track:U1:J20:L8:382:0,track:DDR_DQSB0_N:L8:715:4,6.09375,5.99215,False,3,0.1195,0.3585,False,False,False,
DDR_CSB0,DDR_DQSB0_P,B_ADDRESS_COMMAND,B_BYTE0,L8,K230_local_fanout_only,track:U1:J20:L8:382:0,track:U1:B15:L8:371:0,5.5915114236,5.4899114236,False,3,0.1195,0.3585,False,False,False,
DDR_CSB0,DDR_DQSB0_P,B_ADDRESS_COMMAND,B_BYTE0,L8,all_inner_layer_traces,track:U1:J20:L8:382:0,track:U1:B15:L8:371:0,5.5915114236,5.4899114236,False,3,0.1195,0.3585,False,False,False,
DDR_DMIA0,DDR_DMIB1,A_BYTE0,B_BYTE1,L3,K230_local_fanout_only,track:U1:V17:L3:414:4,track:U1:D18:L3:405:0,8.775,8.6734,False,3,0.13,0.39,False,False,False,
DDR_DMIA0,DDR_DMIB1,A_BYTE0,B_BYTE1,L3,all_inner_layer_traces,track:U1:V17:L3:414:4,track:U1:D18:L3:405:0,8.775,8.6734,False,3,0.13,0.39,False,False,False,
DDR_DMIA0,DDR_DQA0,A_BYTE0,A_BYTE0,L3,K230_local_fanout_only,track:U1:V17:L3:414:0,track:U1:Y16:L3:386:0,1.4534441854,1.3518441854,False,2,0.13,0.26,False,False,False,
DDR_DMIA0,DDR_DQA0,A_BYTE0,A_BYTE0,L3,actual_interconnect_only,track:DDR_DMIA0:L3:740:9,track:DDR_DQA0:L3:743:29,0.9084026159,0.8068026159,False,2,0.13,0.26,False,False,False,
DDR_DMIA0,DDR_DQA0,A_BYTE0,A_BYTE0,L3,all_inner_layer_traces,track:DDR_DMIA0:L3:740:9,track:DDR_DQA0:L3:743:29,0.9084026159,0.8068026159,False,2,0.13,0.26,False,False,False,
DDR_DMIA0,DDR_DQA1,A_BYTE0,A_BYTE0,L3,K230_local_fanout_only,track:U1:V17:L3:414:0,track:U1:V16:L3:413:0,0.65,0.5484,False,2,0.13,0.26,False,False,False,
DDR_DMIA0,DDR_DQA1,A_BYTE0,A_BYTE0,L3,actual_interconnect_only,track:DDR_DMIA0:L3:740:3,track:DDR_DQA1:L3:744:40,0.5283376051,0.4267376051,False,2,0.13,0.26,False,False,False,
DDR_DMIA0,DDR_DQA1,A_BYTE0,A_BYTE0,L3,all_inner_layer_traces,track:DDR_DMIA0:L3:740:3,track:DDR_DQA1:L3:744:40,0.5283376051,0.4267376051,False,2,0.13,0.26,False,False,False,
DDR_DMIA0,DDR_DQA2,A_BYTE0,A_BYTE0,L3,K230_local_fanout_only,track:U1:V17:L3:414:0,track:U1:U17:L3:427:0,0.325,0.2234,False,2,0.13,0.26,True,True,False,
DDR_DMIA0,DDR_DQA2,A_BYTE0,A_BYTE0,L3,actual_interconnect_only,track:DDR_DMIA0:L3:740:3,track:DDR_DQA2:L3:745:48,0.46875,0.36715,False,2,0.13,0.26,False,False,False,
DDR_DMIA0,DDR_DQA2,A_BYTE0,A_BYTE0,L3,all_inner_layer_traces,track:U1:V17:L3:414:0,track:U1:U17:L3:427:0,0.325,0.2234,False,2,0.13,0.26,True,True,False,
DDR_DMIA0,DDR_DQA3,A_BYTE0,A_BYTE0,L3,K230_local_fanout_only,track:U1:V17:L3:414:3,track:U1:T16:L3:430:0,1.21875,1.11715,False,2,0.13,0.26,False,False,False,
DDR_DMIA0,DDR_DQA3,A_BYTE0,A_BYTE0,L3,actual_interconnect_only,track:DDR_DMIA0:L3:740:2,track:DDR_DQA3:L3:741:39,0.6202947888,0.5186947888,False,2,0.13,0.26,False,False,False,
DDR_DMIA0,DDR_DQA3,A_BYTE0,A_BYTE0,L3,all_inner_layer_traces,track:DDR_DMIA0:L3:740:2,track:DDR_DQA3:L3:741:39,0.6202947888,0.5186947888,False,2,0.13,0.26,False,False,False,
DDR_DMIA0,DDR_DQA4,A_BYTE0,A_BYTE0,L3,K230_local_fanout_only,track:U1:V17:L3:414:3,track:U1:U16:L3:426:4,0.65,0.5484,False,2,0.13,0.26,False,False,False,
DDR_DMIA0,DDR_DQA4,A_BYTE0,A_BYTE0,L3,actual_interconnect_only,track:DDR_DMIA0:L3:740:0,track:DDR_DQA4:L3:735:3,0.325,0.2234,False,2,0.13,0.26,True,True,False,
DDR_DMIA0,DDR_DQA4,A_BYTE0,A_BYTE0,L3,all_inner_layer_traces,track:DDR_DMIA0:L3:740:0,track:DDR_DQA4:L3:735:3,0.325,0.2234,False,2,0.13,0.26,True,True,False,
DDR_DMIA0,DDR_DQA5,A_BYTE0,A_BYTE0,L3,K230_local_fanout_only,track:U1:V17:L3:414:0,track:U1:V18:L3:415:0,0.325,0.2234,False,2,0.13,0.26,True,True,False,
DDR_DMIA0,DDR_DQA5,A_BYTE0,A_BYTE0,L3,actual_interconnect_only,track:DDR_DMIA0:L3:740:0,track:DDR_DQA5:L3:736:7,0.325,0.2234,False,2,0.13,0.26,True,True,False,
DDR_DMIA0,DDR_DQA5,A_BYTE0,A_BYTE0,L3,all_inner_layer_traces,track:U1:V17:L3:414:0,track:U1:V18:L3:415:0,0.325,0.2234,False,2,0.13,0.26,True,True,False,
DDR_DMIA0,DDR_DQA6,A_BYTE0,A_BYTE0,L3,K230_local_fanout_only,track:U1:V17:L3:414:0,track:U1:W18:L3:398:0,0.7267220927,0.6251220927,False,2,0.13,0.26,False,False,False,
DDR_DMIA0,DDR_DQA6,A_BYTE0,A_BYTE0,L3,all_inner_layer_traces,track:U1:V17:L3:414:0,track:U1:W18:L3:398:0,0.7267220927,0.6251220927,False,2,0.13,0.26,False,False,False,
DDR_DMIA0,DDR_DQA7,A_BYTE0,A_BYTE0,L3,K230_local_fanout_only,track:U1:V17:L3:414:0,track:U1:Y18:L3:387:0,1.3400093283,1.2384093283,False,2,0.13,0.26,False,False,False,
DDR_DMIA0,DDR_DQA7,A_BYTE0,A_BYTE0,L3,all_inner_layer_traces,track:U1:V17:L3:414:0,track:U1:Y18:L3:387:0,1.3400093283,1.2384093283,False,2,0.13,0.26,False,False,False,
DDR_DMIA0,DDR_DQB10,A_BYTE0,B_BYTE1,L3,K230_local_fanout_only,track:U1:V17:L3:414:3,track:U1:D17:L3:418:0,8.7753761493,8.6737761493,False,3,0.13,0.39,False,False,False,
DDR_DMIA0,DDR_DQB10,A_BYTE0,B_BYTE1,L3,actual_interconnect_only,track:DDR_DMIA0:L3:740:0,track:DDR_DQB10:L3:726:5,8.125,8.0234,False,3,0.13,0.39,False,False,False,
DDR_DMIA0,DDR_DQB10,A_BYTE0,B_BYTE1,L3,all_inner_layer_traces,track:DDR_DMIA0:L3:740:0,track:DDR_DQB10:L3:726:5,8.125,8.0234,False,3,0.13,0.39,False,False,False,
DDR_DMIA0,DDR_DQB11,A_BYTE0,B_BYTE1,L3,K230_local_fanout_only,track:U1:V17:L3:414:3,track:U1:E17:L3:419:3,7.8,7.6984,False,3,0.13,0.39,False,False,False,
DDR_DMIA0,DDR_DQB11,A_BYTE0,B_BYTE1,L3,actual_interconnect_only,track:DDR_DMIA0:L3:740:0,track:DDR_DQB11:L3:724:1,7.475,7.3734,False,3,0.13,0.39,False,False,False,
DDR_DMIA0,DDR_DQB11,A_BYTE0,B_BYTE1,L3,all_inner_layer_traces,track:DDR_DMIA0:L3:740:0,track:DDR_DQB11:L3:724:1,7.475,7.3734,False,3,0.13,0.39,False,False,False,
DDR_DMIA0,DDR_DQB12,A_BYTE0,B_BYTE1,L3,K230_local_fanout_only,track:U1:V17:L3:414:4,track:U1:E18:L3:406:0,8.125,8.0234,False,3,0.13,0.39,False,False,False,
DDR_DMIA0,DDR_DQB12,A_BYTE0,B_BYTE1,L3,actual_interconnect_only,track:DDR_DMIA0:L3:740:0,track:DDR_DQB12:L3:730:6,7.15,7.0484,False,3,0.13,0.39,False,False,False,
DDR_DMIA0,DDR_DQB12,A_BYTE0,B_BYTE1,L3,all_inner_layer_traces,track:U1:V17:L3:414:3,track:DDR_DQB12:L3:730:6,7.15,7.0484,False,3,0.13,0.39,False,False,False,
DDR_DMIA0,DDR_DQB13,A_BYTE0,B_BYTE1,L3,K230_local_fanout_only,track:U1:V17:L3:414:3,track:U1:D16:L3:417:0,8.8383419861,8.7367419861,False,3,0.13,0.39,False,False,False,
DDR_DMIA0,DDR_DQB13,A_BYTE0,B_BYTE1,L3,actual_interconnect_only,track:DDR_DMIA0:L3:740:0,track:DDR_DQB13:L3:738:23,8.125,8.0234,False,3,0.13,0.39,False,False,False,
DDR_DMIA0,DDR_DQB13,A_BYTE0,B_BYTE1,L3,all_inner_layer_traces,track:DDR_DMIA0:L3:740:0,track:DDR_DQB13:L3:738:23,8.125,8.0234,False,3,0.13,0.39,False,False,False,
DDR_DMIA0,DDR_DQB14,A_BYTE0,B_BYTE1,L3,K230_local_fanout_only,track:U1:V17:L3:414:4,track:U1:C19:L3:392:0,9.425,9.3234,False,3,0.13,0.39,False,False,False,
DDR_DMIA0,DDR_DQB14,A_BYTE0,B_BYTE1,L3,all_inner_layer_traces,track:U1:V17:L3:414:4,track:U1:C19:L3:392:0,9.425,9.3234,False,3,0.13,0.39,False,False,False,
DDR_DMIA0,DDR_DQB15,A_BYTE0,B_BYTE1,L3,K230_local_fanout_only,track:U1:V17:L3:414:4,track:U1:B19:L3:391:0,10.075,9.9734,False,3,0.13,0.39,False,False,False,
DDR_DMIA0,DDR_DQB15,A_BYTE0,B_BYTE1,L3,all_inner_layer_traces,track:U1:V17:L3:414:4,track:U1:B19:L3:391:0,10.075,9.9734,False,3,0.13,0.39,False,False,False,
DDR_DMIA0,DDR_DQB8,A_BYTE0,B_BYTE1,L3,K230_local_fanout_only,track:U1:V17:L3:414:4,track:U1:C18:L3:404:0,9.425,9.3234,False,3,0.13,0.39,False,False,False,
DDR_DMIA0,DDR_DQB8,A_BYTE0,B_BYTE1,L3,actual_interconnect_only,track:DDR_DMIA0:L3:740:0,track:DDR_DQB8:L3:725:0,9.75,9.6484,False,3,0.13,0.39,False,False,False,
DDR_DMIA0,DDR_DQB8,A_BYTE0,B_BYTE1,L3,all_inner_layer_traces,track:U1:V17:L3:414:4,track:U1:C18:L3:404:0,9.425,9.3234,False,3,0.13,0.39,False,False,False,
DDR_DMIA0,DDR_DQB9,A_BYTE0,B_BYTE1,L3,K230_local_fanout_only,track:U1:V17:L3:414:3,track:U1:C17:L3:403:0,9.433751325,9.332151325,False,3,0.13,0.39,False,False,False,
DDR_DMIA0,DDR_DQB9,A_BYTE0,B_BYTE1,L3,all_inner_layer_traces,track:U1:V17:L3:414:3,track:U1:C17:L3:403:0,9.433751325,9.332151325,False,3,0.13,0.39,False,False,False,
DDR_DMIA0,DDR_DQSA0_N,A_BYTE0,A_BYTE0,L3,K230_local_fanout_only,track:U1:V17:L3:414:0,track:U1:Y17:L3:368:0,1.3,1.1984,False,3,0.13,0.39,False,False,False,
DDR_DMIA0,DDR_DQSA0_N,A_BYTE0,A_BYTE0,L3,actual_interconnect_only,track:DDR_DMIA0:L3:740:0,track:DDR_DQSA0_N:L3:711:41,0.325,0.2234,False,3,0.13,0.39,True,True,False,
DDR_DMIA0,DDR_DQSA0_N,A_BYTE0,A_BYTE0,L3,all_inner_layer_traces,track:DDR_DMIA0:L3:740:0,track:DDR_DQSA0_N:L3:711:41,0.325,0.2234,False,3,0.13,0.39,True,True,False,
DDR_DMIA0,DDR_DQSA0_P,A_BYTE0,A_BYTE0,L3,K230_local_fanout_only,track:U1:V17:L3:414:0,track:U1:W17:L3:367:0,0.65,0.5484,False,3,0.13,0.39,False,False,False,
DDR_DMIA0,DDR_DQSA0_P,A_BYTE0,A_BYTE0,L3,actual_interconnect_only,track:DDR_DMIA0:L3:740:6,track:DDR_DQSA0_P:L3:712:34,0.2342708102,0.1326708102,False,3,0.13,0.39,True,True,True,
DDR_DMIA0,DDR_DQSA0_P,A_BYTE0,A_BYTE0,L3,all_inner_layer_traces,track:DDR_DMIA0:L3:740:6,track:DDR_DQSA0_P:L3:712:34,0.2342708102,0.1326708102,False,3,0.13,0.39,True,True,True,
DDR_DMIA0,DDR_DQSB1_N,A_BYTE0,B_BYTE1,L3,K230_local_fanout_only,track:U1:V17:L3:414:4,track:U1:A18:L3:374:0,10.725,10.6234,False,3,0.13,0.39,False,False,False,
DDR_DMIA0,DDR_DQSB1_N,A_BYTE0,B_BYTE1,L3,actual_interconnect_only,track:DDR_DMIA0:L3:740:0,track:DDR_DQSB1_N:L3:717:9,8.125,8.0234,False,3,0.13,0.39,False,False,False,
DDR_DMIA0,DDR_DQSB1_N,A_BYTE0,B_BYTE1,L3,all_inner_layer_traces,track:DDR_DMIA0:L3:740:0,track:DDR_DQSB1_N:L3:717:9,8.125,8.0234,False,3,0.13,0.39,False,False,False,
DDR_DMIA0,DDR_DQSB1_P,A_BYTE0,B_BYTE1,L3,K230_local_fanout_only,track:U1:V17:L3:414:4,track:U1:B18:L3:373:0,10.075,9.9734,False,3,0.13,0.39,False,False,False,
DDR_DMIA0,DDR_DQSB1_P,A_BYTE0,B_BYTE1,L3,actual_interconnect_only,track:DDR_DMIA0:L3:740:0,track:DDR_DQSB1_P:L3:718:15,8.775,8.6734,False,3,0.13,0.39,False,False,False,
DDR_DMIA0,DDR_DQSB1_P,A_BYTE0,B_BYTE1,L3,all_inner_layer_traces,track:DDR_DMIA0:L3:740:0,track:DDR_DQSB1_P:L3:718:15,8.775,8.6734,False,3,0.13,0.39,False,False,False,
DDR_DMIA1,DDR_DMIB0,A_BYTE1,B_BYTE0,L8,K230_local_fanout_only,track:U1:P17:L8:423:3,track:U1:C15:L8:401:1,7.1960166933,7.0944166933,False,3,0.1195,0.3585,False,False,False,
DDR_DMIA1,DDR_DMIB0,A_BYTE1,B_BYTE0,L8,all_inner_layer_traces,track:U1:P17:L8:423:3,track:U1:C15:L8:401:1,7.1960166933,7.0944166933,False,3,0.1195,0.3585,False,False,False,
DDR_DMIA1,DDR_DQA10,A_BYTE1,A_BYTE1,L8,K230_local_fanout_only,track:U1:P17:L8:423:3,track:U1:P16:L8:429:8,0.2298097039,0.1282097039,False,2,0.1195,0.239,True,True,True,
DDR_DMIA1,DDR_DQA10,A_BYTE1,A_BYTE1,L8,all_inner_layer_traces,track:U1:P17:L8:423:3,track:U1:P16:L8:429:8,0.2298097039,0.1282097039,False,2,0.1195,0.239,True,True,True,
DDR_DMIA1,DDR_DQA11,A_BYTE1,A_BYTE1,L8,K230_local_fanout_only,track:U1:P17:L8:423:0,track:U1:R17:L8:424:0,0.65,0.5484,False,2,0.1195,0.239,False,False,False,
DDR_DMIA1,DDR_DQA11,A_BYTE1,A_BYTE1,L8,all_inner_layer_traces,track:U1:P17:L8:423:0,track:U1:R17:L8:424:0,0.65,0.5484,False,2,0.1195,0.239,False,False,False,
DDR_DMIA1,DDR_DQA12,A_BYTE1,A_BYTE1,L8,K230_local_fanout_only,track:U1:P17:L8:423:0,track:U1:R18:L8:410:3,0.3350023321,0.2334023321,False,2,0.1195,0.239,True,True,False,
DDR_DMIA1,DDR_DQA12,A_BYTE1,A_BYTE1,L8,all_inner_layer_traces,track:U1:P17:L8:423:0,track:U1:R18:L8:410:3,0.3350023321,0.2334023321,False,2,0.1195,0.239,True,True,False,
DDR_DMIA1,DDR_DQA13,A_BYTE1,A_BYTE1,L8,K230_local_fanout_only,track:U1:P17:L8:423:0,track:U1:T18:L8:411:3,1.21875,1.11715,False,2,0.1195,0.239,False,False,False,
DDR_DMIA1,DDR_DQA13,A_BYTE1,A_BYTE1,L8,all_inner_layer_traces,track:U1:P17:L8:423:0,track:U1:T18:L8:411:3,1.21875,1.11715,False,2,0.1195,0.239,False,False,False,
DDR_DMIA1,DDR_DQA14,A_BYTE1,A_BYTE1,L8,K230_local_fanout_only,track:U1:P17:L8:423:0,track:U1:U18:L8:412:3,1.6270299821,1.5254299821,False,2,0.1195,0.239,False,False,False,
DDR_DMIA1,DDR_DQA14,A_BYTE1,A_BYTE1,L8,all_inner_layer_traces,track:U1:P17:L8:423:0,track:U1:U18:L8:412:3,1.6270299821,1.5254299821,False,2,0.1195,0.239,False,False,False,
DDR_DMIA1,DDR_DQA15,A_BYTE1,A_BYTE1,L8,K230_local_fanout_only,track:U1:P17:L8:423:0,track:U1:U20:L8:385:0,2.1801662781,2.0785662781,False,2,0.1195,0.239,False,False,False,
DDR_DMIA1,DDR_DQA15,A_BYTE1,A_BYTE1,L8,all_inner_layer_traces,track:U1:P17:L8:423:0,track:U1:U20:L8:385:0,2.1801662781,2.0785662781,False,2,0.1195,0.239,False,False,False,
DDR_DMIA1,DDR_DQA8,A_BYTE1,A_BYTE1,L8,K230_local_fanout_only,track:U1:P17:L8:423:0,track:U1:W19:L8:399:3,3.0150209887,2.9134209887,False,2,0.1195,0.239,False,False,False,
DDR_DMIA1,DDR_DQA8,A_BYTE1,A_BYTE1,L8,all_inner_layer_traces,track:U1:P17:L8:423:0,track:U1:W19:L8:399:3,3.0150209887,2.9134209887,False,2,0.1195,0.239,False,False,False,
DDR_DMIA1,DDR_DQA9,A_BYTE1,A_BYTE1,L8,K230_local_fanout_only,track:U1:P17:L8:423:0,track:U1:T17:L8:425:0,1.3,1.1984,False,2,0.1195,0.239,False,False,False,
DDR_DMIA1,DDR_DQA9,A_BYTE1,A_BYTE1,L8,all_inner_layer_traces,track:U1:P17:L8:423:0,track:U1:T17:L8:425:0,1.3,1.1984,False,2,0.1195,0.239,False,False,False,
DDR_DMIA1,DDR_DQB0,A_BYTE1,B_BYTE0,L8,K230_local_fanout_only,track:U1:P17:L8:423:3,track:U1:A14:L8:379:0,8.6633229227,8.5617229227,False,3,0.1195,0.3585,False,False,False,
DDR_DMIA1,DDR_DQB0,A_BYTE1,B_BYTE0,L8,all_inner_layer_traces,track:U1:P17:L8:423:3,track:U1:A14:L8:379:0,8.6633229227,8.5617229227,False,3,0.1195,0.3585,False,False,False,
DDR_DMIA1,DDR_DQB1,A_BYTE1,B_BYTE0,L8,K230_local_fanout_only,track:U1:P17:L8:423:3,track:U1:A17:L8:380:0,8.1933686029,8.0917686029,False,3,0.1195,0.3585,False,False,False,
DDR_DMIA1,DDR_DQB1,A_BYTE1,B_BYTE0,L8,all_inner_layer_traces,track:U1:P17:L8:423:3,track:U1:A17:L8:380:0,8.1933686029,8.0917686029,False,3,0.1195,0.3585,False,False,False,
DDR_DMIA1,DDR_DQB2,A_BYTE1,B_BYTE0,L8,K230_local_fanout_only,track:U1:P17:L8:423:0,track:U1:C14:L8:400:0,7.4111402631,7.3095402631,False,3,0.1195,0.3585,False,False,False,
DDR_DMIA1,DDR_DQB2,A_BYTE1,B_BYTE0,L8,all_inner_layer_traces,track:U1:P17:L8:423:0,track:U1:C14:L8:400:0,7.4111402631,7.3095402631,False,3,0.1195,0.3585,False,False,False,
DDR_DMIA1,DDR_DQB3,A_BYTE1,B_BYTE0,L8,K230_local_fanout_only,track:U1:P17:L8:423:0,track:U1:B14:L8:388:0,8.04005597,7.93845597,False,3,0.1195,0.3585,False,False,False,
DDR_DMIA1,DDR_DQB3,A_BYTE1,B_BYTE0,L8,all_inner_layer_traces,track:U1:P17:L8:423:3,track:DDR_DQB3:L8:748:17,1.3,1.1984,False,3,0.1195,0.3585,False,False,False,
DDR_DMIA1,DDR_DQB4,A_BYTE1,B_BYTE0,L8,K230_local_fanout_only,track:U1:P17:L8:423:0,track:U1:D14:L8:416:0,6.7861992308,6.6845992308,False,3,0.1195,0.3585,False,False,False,
DDR_DMIA1,DDR_DQB4,A_BYTE1,B_BYTE0,L8,all_inner_layer_traces,track:U1:P17:L8:423:0,track:U1:D14:L8:416:0,6.7861992308,6.6845992308,False,3,0.1195,0.3585,False,False,False,
DDR_DMIA1,DDR_DQB5,A_BYTE1,B_BYTE0,L8,K230_local_fanout_only,track:U1:P17:L8:423:3,track:U1:B16:L8:389:0,7.6672624882,7.5656624882,False,3,0.1195,0.3585,False,False,False,
DDR_DMIA1,DDR_DQB5,A_BYTE1,B_BYTE0,L8,all_inner_layer_traces,track:U1:P17:L8:423:3,track:U1:B16:L8:389:0,7.6672624882,7.5656624882,False,3,0.1195,0.3585,False,False,False,
DDR_DMIA1,DDR_DQB6,A_BYTE1,B_BYTE0,L8,K230_local_fanout_only,track:U1:P17:L8:423:3,track:U1:C16:L8:402:4,6.5,6.3984,False,3,0.1195,0.3585,False,False,False,
DDR_DMIA1,DDR_DQB6,A_BYTE1,B_BYTE0,L8,all_inner_layer_traces,track:U1:P17:L8:423:3,track:U1:C16:L8:402:4,6.5,6.3984,False,3,0.1195,0.3585,False,False,False,
DDR_DMIA1,DDR_DQB7,A_BYTE1,B_BYTE0,L8,K230_local_fanout_only,track:U1:P17:L8:423:3,track:U1:B17:L8:390:0,7.5492575173,7.4476575173,False,3,0.1195,0.3585,False,False,False,
DDR_DMIA1,DDR_DQB7,A_BYTE1,B_BYTE0,L8,all_inner_layer_traces,track:U1:P17:L8:423:3,track:U1:B17:L8:390:0,7.5492575173,7.4476575173,False,3,0.1195,0.3585,False,False,False,
DDR_DMIA1,DDR_DQSA1_N,A_BYTE1,A_BYTE1,L8,K230_local_fanout_only,track:U1:P17:L8:423:0,track:U1:V19:L8:370:3,2.3896341901,2.2880341901,False,3,0.1195,0.3585,False,False,False,
DDR_DMIA1,DDR_DQSA1_N,A_BYTE1,A_BYTE1,L8,all_inner_layer_traces,track:U1:P17:L8:423:0,track:U1:V19:L8:370:3,2.3896341901,2.2880341901,False,3,0.1195,0.3585,False,False,False,
DDR_DMIA1,DDR_DQSA1_P,A_BYTE1,A_BYTE1,L8,K230_local_fanout_only,track:U1:P17:L8:423:0,track:U1:V20:L8:369:0,2.7768012172,2.6752012172,False,3,0.1195,0.3585,False,False,False,
DDR_DMIA1,DDR_DQSA1_P,A_BYTE1,A_BYTE1,L8,all_inner_layer_traces,track:U1:P17:L8:423:0,track:U1:V20:L8:369:0,2.7768012172,2.6752012172,False,3,0.1195,0.3585,False,False,False,
DDR_DMIA1,DDR_DQSB0_N,A_BYTE1,B_BYTE0,L8,K230_local_fanout_only,track:U1:P17:L8:423:3,track:U1:A15:L8:372:0,8.4597599885,8.3581599885,False,3,0.1195,0.3585,False,False,False,
DDR_DMIA1,DDR_DQSB0_N,A_BYTE1,B_BYTE0,L8,all_inner_layer_traces,track:U1:P17:L8:423:3,track:U1:A15:L8:372:0,8.4597599885,8.3581599885,False,3,0.1195,0.3585,False,False,False,
DDR_DMIA1,DDR_DQSB0_P,A_BYTE1,B_BYTE0,L8,K230_local_fanout_only,track:U1:P17:L8:423:3,track:U1:B15:L8:371:0,7.8375722684,7.7359722684,False,3,0.1195,0.3585,False,False,False,
DDR_DMIA1,DDR_DQSB0_P,A_BYTE1,B_BYTE0,L8,all_inner_layer_traces,track:U1:P17:L8:423:3,track:U1:B15:L8:371:0,7.8375722684,7.7359722684,False,3,0.1195,0.3585,False,False,False,
DDR_DMIB0,DDR_DQA10,B_BYTE0,A_BYTE1,L8,K230_local_fanout_only,track:U1:C15:L8:401:1,track:U1:P16:L8:429:13,6.5505844205,6.4489844205,False,3,0.1195,0.3585,False,False,False,
DDR_DMIB0,DDR_DQA10,B_BYTE0,A_BYTE1,L8,all_inner_layer_traces,track:U1:C15:L8:401:1,track:U1:P16:L8:429:13,6.5505844205,6.4489844205,False,3,0.1195,0.3585,False,False,False,
DDR_DMIB0,DDR_DQA11,B_BYTE0,A_BYTE1,L8,K230_local_fanout_only,track:U1:C15:L8:401:0,track:U1:R17:L8:424:0,7.9075912894,7.8059912894,False,3,0.1195,0.3585,False,False,False,
DDR_DMIB0,DDR_DQA11,B_BYTE0,A_BYTE1,L8,all_inner_layer_traces,track:U1:C15:L8:401:0,track:U1:R17:L8:424:0,7.9075912894,7.8059912894,False,3,0.1195,0.3585,False,False,False,
DDR_DMIB0,DDR_DQA12,B_BYTE0,A_BYTE1,L8,K230_local_fanout_only,track:U1:C15:L8:401:0,track:U1:R18:L8:410:3,7.8375722684,7.7359722684,False,3,0.1195,0.3585,False,False,False,
DDR_DMIB0,DDR_DQA12,B_BYTE0,A_BYTE1,L8,all_inner_layer_traces,track:U1:C15:L8:401:0,track:U1:R18:L8:410:3,7.8375722684,7.7359722684,False,3,0.1195,0.3585,False,False,False,
DDR_DMIB0,DDR_DQA13,B_BYTE0,A_BYTE1,L8,K230_local_fanout_only,track:U1:C15:L8:401:1,track:U1:T18:L8:411:3,8.5756286213,8.4740286213,False,3,0.1195,0.3585,False,False,False,
DDR_DMIB0,DDR_DQA13,B_BYTE0,A_BYTE1,L8,all_inner_layer_traces,track:U1:C15:L8:401:1,track:U1:T18:L8:411:3,8.5756286213,8.4740286213,False,3,0.1195,0.3585,False,False,False,
DDR_DMIB0,DDR_DQA14,B_BYTE0,A_BYTE1,L8,K230_local_fanout_only,track:U1:C15:L8:401:0,track:U1:U18:L8:412:3,9.0858427822,8.9842427822,False,3,0.1195,0.3585,False,False,False,
DDR_DMIB0,DDR_DQA14,B_BYTE0,A_BYTE1,L8,all_inner_layer_traces,track:U1:C15:L8:401:0,track:U1:U18:L8:412:3,9.0858427822,8.9842427822,False,3,0.1195,0.3585,False,False,False,
DDR_DMIB0,DDR_DQA15,B_BYTE0,A_BYTE1,L8,K230_local_fanout_only,track:U1:C15:L8:401:1,track:U1:U20:L8:385:0,9.5781999385,9.4765999385,False,3,0.1195,0.3585,False,False,False,
DDR_DMIB0,DDR_DQA15,B_BYTE0,A_BYTE1,L8,all_inner_layer_traces,track:U1:C15:L8:401:1,track:U1:U20:L8:385:0,9.5781999385,9.4765999385,False,3,0.1195,0.3585,False,False,False,
DDR_DMIB0,DDR_DQA8,B_BYTE0,A_BYTE1,L8,K230_local_fanout_only,track:U1:C15:L8:401:1,track:U1:W19:L8:399:3,10.5023286108,10.4007286108,False,3,0.1195,0.3585,False,False,False,
DDR_DMIB0,DDR_DQA8,B_BYTE0,A_BYTE1,L8,all_inner_layer_traces,track:U1:C15:L8:401:1,track:U1:W19:L8:399:3,10.5023286108,10.4007286108,False,3,0.1195,0.3585,False,False,False,
DDR_DMIB0,DDR_DQA9,B_BYTE0,A_BYTE1,L8,K230_local_fanout_only,track:U1:C15:L8:401:0,track:U1:T17:L8:425:0,8.5494151847,8.4478151847,False,3,0.1195,0.3585,False,False,False,
DDR_DMIB0,DDR_DQA9,B_BYTE0,A_BYTE1,L8,all_inner_layer_traces,track:U1:C15:L8:401:0,track:U1:T17:L8:425:0,8.5494151847,8.4478151847,False,3,0.1195,0.3585,False,False,False,
DDR_DMIB0,DDR_DQB0,B_BYTE0,B_BYTE0,L8,K230_local_fanout_only,track:U1:C15:L8:401:0,track:U1:A14:L8:379:0,1.1718041645,1.0702041645,False,2,0.1195,0.239,False,False,False,
DDR_DMIB0,DDR_DQB0,B_BYTE0,B_BYTE0,L8,all_inner_layer_traces,track:U1:C15:L8:401:4,track:DDR_DQB0:L8:746:12,0.73125,0.62965,False,2,0.1195,0.239,False,False,False,
DDR_DMIB0,DDR_DQB1,B_BYTE0,B_BYTE0,L8,K230_local_fanout_only,track:U1:C15:L8:401:4,track:U1:A17:L8:380:0,0.325,0.2234,False,2,0.1195,0.239,True,True,False,
DDR_DMIB0,DDR_DQB1,B_BYTE0,B_BYTE0,L8,all_inner_layer_traces,track:U1:C15:L8:401:4,track:U1:A17:L8:380:0,0.325,0.2234,False,2,0.1195,0.239,True,True,False,
DDR_DMIB0,DDR_DQB2,B_BYTE0,B_BYTE0,L8,K230_local_fanout_only,track:U1:C15:L8:401:0,track:U1:C14:L8:400:0,0.65,0.5484,False,2,0.1195,0.239,False,False,False,
DDR_DMIB0,DDR_DQB2,B_BYTE0,B_BYTE0,L8,all_inner_layer_traces,track:U1:C15:L8:401:0,track:U1:C14:L8:400:0,0.65,0.5484,False,2,0.1195,0.239,False,False,False,
DDR_DMIB0,DDR_DQB3,B_BYTE0,B_BYTE0,L8,K230_local_fanout_only,track:U1:C15:L8:401:0,track:U1:B14:L8:388:0,0.7267220927,0.6251220927,False,2,0.1195,0.239,False,False,False,
DDR_DMIB0,DDR_DQB3,B_BYTE0,B_BYTE0,L8,all_inner_layer_traces,track:U1:C15:L8:401:0,track:DDR_DQB3:L8:748:7,0.325,0.2234,False,2,0.1195,0.239,True,True,False,
DDR_DMIB0,DDR_DQB4,B_BYTE0,B_BYTE0,L8,K230_local_fanout_only,track:U1:C15:L8:401:0,track:U1:D14:L8:416:0,0.7267220927,0.6251220927,False,2,0.1195,0.239,False,False,False,
DDR_DMIB0,DDR_DQB4,B_BYTE0,B_BYTE0,L8,all_inner_layer_traces,track:U1:C15:L8:401:0,track:U1:D14:L8:416:0,0.7267220927,0.6251220927,False,2,0.1195,0.239,False,False,False,
DDR_DMIB0,DDR_DQB5,B_BYTE0,B_BYTE0,L8,K230_local_fanout_only,track:U1:C15:L8:401:1,track:U1:B16:L8:389:0,0.325,0.2234,False,2,0.1195,0.239,True,True,False,
DDR_DMIB0,DDR_DQB5,B_BYTE0,B_BYTE0,L8,all_inner_layer_traces,track:U1:C15:L8:401:1,track:U1:B16:L8:389:0,0.325,0.2234,False,2,0.1195,0.239,True,True,False,
DDR_DMIB0,DDR_DQB6,B_BYTE0,B_BYTE0,L8,K230_local_fanout_only,track:U1:C15:L8:401:1,track:U1:C16:L8:402:0,0.325,0.2234,False,2,0.1195,0.239,True,True,False,
DDR_DMIB0,DDR_DQB6,B_BYTE0,B_BYTE0,L8,all_inner_layer_traces,track:U1:C15:L8:401:1,track:U1:C16:L8:402:0,0.325,0.2234,False,2,0.1195,0.239,True,True,False,
DDR_DMIB0,DDR_DQB7,B_BYTE0,B_BYTE0,L8,K230_local_fanout_only,track:U1:C15:L8:401:4,track:U1:B17:L8:390:0,0.325,0.2234,False,2,0.1195,0.239,True,True,False,
DDR_DMIB0,DDR_DQB7,B_BYTE0,B_BYTE0,L8,all_inner_layer_traces,track:U1:C15:L8:401:4,track:U1:B17:L8:390:0,0.325,0.2234,False,2,0.1195,0.239,True,True,False,
DDR_DMIB0,DDR_DQSA1_N,B_BYTE0,A_BYTE1,L8,K230_local_fanout_only,track:U1:C15:L8:401:1,track:U1:V19:L8:370:3,9.8590773529,9.7574773529,False,3,0.1195,0.3585,False,False,False,
DDR_DMIB0,DDR_DQSA1_N,B_BYTE0,A_BYTE1,L8,all_inner_layer_traces,track:U1:C15:L8:401:1,track:U1:V19:L8:370:3,9.8590773529,9.7574773529,False,3,0.1195,0.3585,False,False,False,
DDR_DMIB0,DDR_DQSA1_P,B_BYTE0,A_BYTE1,L8,K230_local_fanout_only,track:U1:C15:L8:401:1,track:U1:V20:L8:369:0,10.218459476,10.116859476,False,3,0.1195,0.3585,False,False,False,
DDR_DMIB0,DDR_DQSA1_P,B_BYTE0,A_BYTE1,L8,all_inner_layer_traces,track:U1:C15:L8:401:1,track:U1:V20:L8:369:0,10.218459476,10.116859476,False,3,0.1195,0.3585,False,False,False,
DDR_DMIB0,DDR_DQSB0_N,B_BYTE0,B_BYTE0,L8,K230_local_fanout_only,track:U1:C15:L8:401:0,track:U1:A15:L8:372:0,0.975,0.8734,False,3,0.1195,0.3585,False,False,False,
DDR_DMIB0,DDR_DQSB0_N,B_BYTE0,B_BYTE0,L8,all_inner_layer_traces,track:U1:C15:L8:401:4,track:DDR_DQSB0_N:L8:715:4,0.24375,0.14215,False,3,0.1195,0.3585,True,True,True,
DDR_DMIB0,DDR_DQSB0_P,B_BYTE0,B_BYTE0,L8,K230_local_fanout_only,track:U1:C15:L8:401:0,track:U1:B15:L8:371:0,0.325,0.2234,False,3,0.1195,0.3585,True,True,False,
DDR_DMIB0,DDR_DQSB0_P,B_BYTE0,B_BYTE0,L8,all_inner_layer_traces,track:U1:C15:L8:401:0,track:U1:B15:L8:371:0,0.325,0.2234,False,3,0.1195,0.3585,True,True,False,
DDR_DMIB1,DDR_DQA0,B_BYTE1,A_BYTE0,L3,K230_local_fanout_only,track:U1:D18:L3:405:0,track:U1:Y16:L3:386:0,10.4809350728,10.3793350728,False,3,0.13,0.39,False,False,False,
DDR_DMIB1,DDR_DQA0,B_BYTE1,A_BYTE0,L3,all_inner_layer_traces,track:U1:D18:L3:405:0,track:U1:Y16:L3:386:0,10.4809350728,10.3793350728,False,3,0.13,0.39,False,False,False,
DDR_DMIB1,DDR_DQA1,B_BYTE1,A_BYTE0,L3,K230_local_fanout_only,track:U1:D18:L3:405:0,track:U1:V16:L3:413:0,9.1923881554,9.0907881554,False,3,0.13,0.39,False,False,False,
DDR_DMIB1,DDR_DQA1,B_BYTE1,A_BYTE0,L3,all_inner_layer_traces,track:U1:D18:L3:405:0,track:U1:V16:L3:413:0,9.1923881554,9.0907881554,False,3,0.13,0.39,False,False,False,
DDR_DMIB1,DDR_DQA2,B_BYTE1,A_BYTE0,L3,K230_local_fanout_only,track:U1:D18:L3:405:0,track:U1:U17:L3:427:0,8.4749631268,8.3733631268,False,3,0.13,0.39,False,False,False,
DDR_DMIB1,DDR_DQA2,B_BYTE1,A_BYTE0,L3,all_inner_layer_traces,track:U1:D18:L3:405:0,track:U1:U17:L3:427:0,8.4749631268,8.3733631268,False,3,0.13,0.39,False,False,False,
DDR_DMIB1,DDR_DQA3,B_BYTE1,A_BYTE0,L3,K230_local_fanout_only,track:U1:D18:L3:405:0,track:U1:T16:L3:430:4,7.475,7.3734,False,3,0.13,0.39,False,False,False,
DDR_DMIB1,DDR_DQA3,B_BYTE1,A_BYTE0,L3,all_inner_layer_traces,track:U1:D18:L3:405:0,track:DDR_DQA3:L3:741:12,2.275,2.1734,False,3,0.13,0.39,False,False,False,
DDR_DMIB1,DDR_DQA4,B_BYTE1,A_BYTE0,L3,K230_local_fanout_only,track:U1:D18:L3:405:0,track:U1:U16:L3:426:4,8.125,8.0234,False,3,0.13,0.39,False,False,False,
DDR_DMIB1,DDR_DQA4,B_BYTE1,A_BYTE0,L3,all_inner_layer_traces,track:U1:D18:L3:405:0,track:U1:U16:L3:426:4,8.125,8.0234,False,3,0.13,0.39,False,False,False,
DDR_DMIB1,DDR_DQA5,B_BYTE1,A_BYTE0,L3,K230_local_fanout_only,track:U1:D18:L3:405:0,track:U1:V18:L3:415:0,9.1,8.9984,False,3,0.13,0.39,False,False,False,
DDR_DMIB1,DDR_DQA5,B_BYTE1,A_BYTE0,L3,all_inner_layer_traces,track:U1:D18:L3:405:0,track:U1:V18:L3:415:0,9.1,8.9984,False,3,0.13,0.39,False,False,False,
DDR_DMIB1,DDR_DQA6,B_BYTE1,A_BYTE0,L3,K230_local_fanout_only,track:U1:D18:L3:405:0,track:U1:W18:L3:398:0,9.75,9.6484,False,3,0.13,0.39,False,False,False,
DDR_DMIB1,DDR_DQA6,B_BYTE1,A_BYTE0,L3,all_inner_layer_traces,track:U1:D18:L3:405:0,track:U1:W18:L3:398:0,9.75,9.6484,False,3,0.13,0.39,False,False,False,
DDR_DMIB1,DDR_DQA7,B_BYTE1,A_BYTE0,L3,K230_local_fanout_only,track:U1:D18:L3:405:0,track:U1:Y18:L3:387:0,10.4,10.2984,False,3,0.13,0.39,False,False,False,
DDR_DMIB1,DDR_DQA7,B_BYTE1,A_BYTE0,L3,all_inner_layer_traces,track:U1:D18:L3:405:0,track:U1:Y18:L3:387:0,10.4,10.2984,False,3,0.13,0.39,False,False,False,
DDR_DMIB1,DDR_DQB10,B_BYTE1,B_BYTE1,L3,K230_local_fanout_only,track:U1:D18:L3:405:0,track:U1:D17:L3:418:0,0.325,0.2234,False,2,0.13,0.26,True,True,False,
DDR_DMIB1,DDR_DQB10,B_BYTE1,B_BYTE1,L3,all_inner_layer_traces,track:U1:D18:L3:405:0,track:U1:D17:L3:418:0,0.325,0.2234,False,2,0.13,0.26,True,True,False,
DDR_DMIB1,DDR_DQB11,B_BYTE1,B_BYTE1,L3,K230_local_fanout_only,track:U1:D18:L3:405:0,track:U1:E17:L3:419:0,0.7267220927,0.6251220927,False,2,0.13,0.26,False,False,False,
DDR_DMIB1,DDR_DQB11,B_BYTE1,B_BYTE1,L3,all_inner_layer_traces,track:U1:D18:L3:405:0,track:U1:E17:L3:419:0,0.7267220927,0.6251220927,False,2,0.13,0.26,False,False,False,
DDR_DMIB1,DDR_DQB12,B_BYTE1,B_BYTE1,L3,K230_local_fanout_only,track:U1:D18:L3:405:0,track:U1:E18:L3:406:3,0.325,0.2234,False,2,0.13,0.26,True,True,False,
DDR_DMIB1,DDR_DQB12,B_BYTE1,B_BYTE1,L3,all_inner_layer_traces,track:U1:D18:L3:405:0,track:U1:E18:L3:406:3,0.325,0.2234,False,2,0.13,0.26,True,True,False,
DDR_DMIB1,DDR_DQB13,B_BYTE1,B_BYTE1,L3,K230_local_fanout_only,track:U1:D18:L3:405:0,track:U1:D16:L3:417:0,1.3,1.1984,False,2,0.13,0.26,False,False,False,
DDR_DMIB1,DDR_DQB13,B_BYTE1,B_BYTE1,L3,all_inner_layer_traces,track:U1:D18:L3:405:0,track:U1:D16:L3:417:0,1.3,1.1984,False,2,0.13,0.26,False,False,False,
DDR_DMIB1,DDR_DQB14,B_BYTE1,B_BYTE1,L3,K230_local_fanout_only,track:U1:D18:L3:405:0,track:U1:C19:L3:392:0,0.65,0.5484,False,2,0.13,0.26,False,False,False,
DDR_DMIB1,DDR_DQB14,B_BYTE1,B_BYTE1,L3,all_inner_layer_traces,track:U1:D18:L3:405:0,track:U1:C19:L3:392:0,0.65,0.5484,False,2,0.13,0.26,False,False,False,
DDR_DMIB1,DDR_DQB15,B_BYTE1,B_BYTE1,L3,K230_local_fanout_only,track:U1:D18:L3:405:0,track:U1:B19:L3:391:0,1.3,1.1984,False,2,0.13,0.26,False,False,False,
DDR_DMIB1,DDR_DQB15,B_BYTE1,B_BYTE1,L3,all_inner_layer_traces,track:U1:D18:L3:405:0,track:U1:B19:L3:391:0,1.3,1.1984,False,2,0.13,0.26,False,False,False,
DDR_DMIB1,DDR_DQB8,B_BYTE1,B_BYTE1,L3,K230_local_fanout_only,track:U1:D18:L3:405:0,track:U1:C18:L3:404:0,0.65,0.5484,False,2,0.13,0.26,False,False,False,
DDR_DMIB1,DDR_DQB8,B_BYTE1,B_BYTE1,L3,all_inner_layer_traces,track:U1:D18:L3:405:0,track:U1:C18:L3:404:0,0.65,0.5484,False,2,0.13,0.26,False,False,False,
DDR_DMIB1,DDR_DQB9,B_BYTE1,B_BYTE1,L3,K230_local_fanout_only,track:U1:D18:L3:405:0,track:U1:C17:L3:403:0,0.9192388155,0.8176388155,False,2,0.13,0.26,False,False,False,
DDR_DMIB1,DDR_DQB9,B_BYTE1,B_BYTE1,L3,all_inner_layer_traces,track:U1:D18:L3:405:0,track:U1:C17:L3:403:0,0.9192388155,0.8176388155,False,2,0.13,0.26,False,False,False,
DDR_DMIB1,DDR_DQSA0_N,B_BYTE1,A_BYTE0,L3,K230_local_fanout_only,track:U1:D18:L3:405:0,track:U1:Y17:L3:368:0,10.4202927022,10.3186927022,False,3,0.13,0.39,False,False,False,
DDR_DMIB1,DDR_DQSA0_N,B_BYTE1,A_BYTE0,L3,all_inner_layer_traces,track:U1:D18:L3:405:0,track:U1:Y17:L3:368:0,10.4202927022,10.3186927022,False,3,0.13,0.39,False,False,False,
DDR_DMIB1,DDR_DQSA0_P,B_BYTE1,A_BYTE0,L3,K230_local_fanout_only,track:U1:D18:L3:405:0,track:U1:W17:L3:367:0,9.7716426459,9.6700426459,False,3,0.13,0.39,False,False,False,
DDR_DMIB1,DDR_DQSA0_P,B_BYTE1,A_BYTE0,L3,all_inner_layer_traces,track:U1:D18:L3:405:0,track:U1:W17:L3:367:0,9.7716426459,9.6700426459,False,3,0.13,0.39,False,False,False,
DDR_DMIB1,DDR_DQSB1_N,B_BYTE1,B_BYTE1,L3,K230_local_fanout_only,track:U1:D18:L3:405:0,track:U1:A18:L3:374:0,1.95,1.8484,False,3,0.13,0.39,False,False,False,
DDR_DMIB1,DDR_DQSB1_N,B_BYTE1,B_BYTE1,L3,all_inner_layer_traces,track:U1:D18:L3:405:0,track:U1:A18:L3:374:0,1.95,1.8484,False,3,0.13,0.39,False,False,False,
DDR_DMIB1,DDR_DQSB1_P,B_BYTE1,B_BYTE1,L3,K230_local_fanout_only,track:U1:D18:L3:405:0,track:U1:B18:L3:373:0,1.3,1.1984,False,3,0.13,0.39,False,False,False,
DDR_DMIB1,DDR_DQSB1_P,B_BYTE1,B_BYTE1,L3,all_inner_layer_traces,track:U1:D18:L3:405:0,track:U1:B18:L3:373:0,1.3,1.1984,False,3,0.13,0.39,False,False,False,
DDR_DQA0,DDR_DQA1,A_BYTE0,A_BYTE0,L3,K230_local_fanout_only,track:U1:Y16:L3:386:0,track:U1:V16:L3:413:4,0.325,0.2234,False,2,0.13,0.26,True,True,False,
DDR_DQA0,DDR_DQA1,A_BYTE0,A_BYTE0,L3,actual_interconnect_only,track:DDR_DQA0:L3:743:0,track:DDR_DQA1:L3:744:2,0.2298097039,0.1282097039,False,2,0.13,0.26,True,True,True,
DDR_DQA0,DDR_DQA1,A_BYTE0,A_BYTE0,L3,all_inner_layer_traces,track:U1:Y16:L3:386:0,track:DDR_DQA1:L3:744:2,0.2298097039,0.1282097039,False,2,0.13,0.26,True,True,True,
DDR_DQA0,DDR_DQA2,A_BYTE0,A_BYTE0,L3,K230_local_fanout_only,track:U1:Y16:L3:386:0,track:U1:U17:L3:427:4,0.975,0.8734,False,2,0.13,0.26,False,False,False,
DDR_DQA0,DDR_DQA2,A_BYTE0,A_BYTE0,L3,actual_interconnect_only,track:DDR_DQA0:L3:743:11,track:DDR_DQA2:L3:745:20,0.4875,0.3859,False,2,0.13,0.26,False,False,False,
DDR_DQA0,DDR_DQA2,A_BYTE0,A_BYTE0,L3,all_inner_layer_traces,track:DDR_DQA0:L3:743:11,track:DDR_DQA2:L3:745:20,0.4875,0.3859,False,2,0.13,0.26,False,False,False,
DDR_DQA0,DDR_DQA3,A_BYTE0,A_BYTE0,L3,K230_local_fanout_only,track:U1:Y16:L3:386:0,track:U1:T16:L3:430:0,2.6,2.4984,False,2,0.13,0.26,False,False,False,
DDR_DQA0,DDR_DQA3,A_BYTE0,A_BYTE0,L3,actual_interconnect_only,track:DDR_DQA0:L3:743:31,track:DDR_DQA3:L3:741:39,2.6,2.4984,False,2,0.13,0.26,False,False,False,
DDR_DQA0,DDR_DQA3,A_BYTE0,A_BYTE0,L3,all_inner_layer_traces,track:U1:Y16:L3:386:0,track:U1:T16:L3:430:0,2.6,2.4984,False,2,0.13,0.26,False,False,False,
DDR_DQA0,DDR_DQA4,A_BYTE0,A_BYTE0,L3,K230_local_fanout_only,track:U1:Y16:L3:386:0,track:U1:U16:L3:426:0,1.95,1.8484,False,2,0.13,0.26,False,False,False,
DDR_DQA0,DDR_DQA4,A_BYTE0,A_BYTE0,L3,actual_interconnect_only,track:DDR_DQA0:L3:743:25,track:DDR_DQA4:L3:735:3,2.9785955163,2.8769955163,False,2,0.13,0.26,False,False,False,
DDR_DQA0,DDR_DQA4,A_BYTE0,A_BYTE0,L3,all_inner_layer_traces,track:U1:Y16:L3:386:0,track:U1:U16:L3:426:0,1.95,1.8484,False,2,0.13,0.26,False,False,False,
DDR_DQA0,DDR_DQA5,A_BYTE0,A_BYTE0,L3,K230_local_fanout_only,track:U1:Y16:L3:386:0,track:U1:V18:L3:415:0,1.8384776311,1.7368776311,False,2,0.13,0.26,False,False,False,
DDR_DQA0,DDR_DQA5,A_BYTE0,A_BYTE0,L3,actual_interconnect_only,track:DDR_DQA0:L3:743:25,track:DDR_DQA5:L3:736:0,2.2575221483,2.1559221483,False,2,0.13,0.26,False,False,False,
DDR_DQA0,DDR_DQA5,A_BYTE0,A_BYTE0,L3,all_inner_layer_traces,track:U1:Y16:L3:386:0,track:U1:V18:L3:415:0,1.8384776311,1.7368776311,False,2,0.13,0.26,False,False,False,
DDR_DQA0,DDR_DQA6,A_BYTE0,A_BYTE0,L3,K230_local_fanout_only,track:U1:Y16:L3:386:0,track:U1:W18:L3:398:4,0.975,0.8734,False,2,0.13,0.26,False,False,False,
DDR_DQA0,DDR_DQA6,A_BYTE0,A_BYTE0,L3,all_inner_layer_traces,track:DDR_DQA0:L3:743:12,track:U1:W18:L3:398:4,0.73125,0.62965,False,2,0.13,0.26,False,False,False,
DDR_DQA0,DDR_DQA7,A_BYTE0,A_BYTE0,L3,K230_local_fanout_only,track:U1:Y16:L3:386:0,track:U1:Y18:L3:387:0,1.3,1.1984,False,2,0.13,0.26,False,False,False,
DDR_DQA0,DDR_DQA7,A_BYTE0,A_BYTE0,L3,all_inner_layer_traces,track:DDR_DQA0:L3:743:12,track:U1:Y18:L3:387:0,0.73125,0.62965,False,2,0.13,0.26,False,False,False,
DDR_DQA0,DDR_DQB10,A_BYTE0,B_BYTE1,L3,K230_local_fanout_only,track:U1:Y16:L3:386:0,track:U1:D17:L3:418:0,10.4202927022,10.3186927022,False,3,0.13,0.39,False,False,False,
DDR_DQA0,DDR_DQB10,A_BYTE0,B_BYTE1,L3,actual_interconnect_only,track:DDR_DQA0:L3:743:12,track:DDR_DQB10:L3:726:5,11.78125,11.67965,False,3,0.13,0.39,False,False,False,
DDR_DQA0,DDR_DQB10,A_BYTE0,B_BYTE1,L3,all_inner_layer_traces,track:U1:Y16:L3:386:0,track:U1:D17:L3:418:0,10.4202927022,10.3186927022,False,3,0.13,0.39,False,False,False,
DDR_DQA0,DDR_DQB11,A_BYTE0,B_BYTE1,L3,K230_local_fanout_only,track:U1:Y16:L3:386:0,track:U1:E17:L3:419:3,9.4840017431,9.3824017431,False,3,0.13,0.39,False,False,False,
DDR_DQA0,DDR_DQB11,A_BYTE0,B_BYTE1,L3,actual_interconnect_only,track:DDR_DQA0:L3:743:12,track:DDR_DQB11:L3:724:1,11.13125,11.02965,False,3,0.13,0.39,False,False,False,
DDR_DQA0,DDR_DQB11,A_BYTE0,B_BYTE1,L3,all_inner_layer_traces,track:U1:Y16:L3:386:0,track:U1:E17:L3:419:3,9.4840017431,9.3824017431,False,3,0.13,0.39,False,False,False,
DDR_DQA0,DDR_DQB12,A_BYTE0,B_BYTE1,L3,K230_local_fanout_only,track:U1:Y16:L3:386:0,track:U1:E18:L3:406:0,9.8362848678,9.7346848678,False,3,0.13,0.39,False,False,False,
DDR_DQA0,DDR_DQB12,A_BYTE0,B_BYTE1,L3,actual_interconnect_only,track:DDR_DQA0:L3:743:0,track:DDR_DQB12:L3:730:5,10.0802405725,9.9786405725,False,3,0.13,0.39,False,False,False,
DDR_DQA0,DDR_DQB12,A_BYTE0,B_BYTE1,L3,all_inner_layer_traces,track:U1:Y16:L3:386:0,track:DDR_DQB12:L3:730:5,8.7843989016,8.6827989016,False,3,0.13,0.39,False,False,False,
DDR_DQA0,DDR_DQB13,A_BYTE0,B_BYTE1,L3,K230_local_fanout_only,track:U1:Y16:L3:386:0,track:U1:D16:L3:417:0,10.4,10.2984,False,3,0.13,0.39,False,False,False,
DDR_DQA0,DDR_DQB13,A_BYTE0,B_BYTE1,L3,actual_interconnect_only,track:DDR_DQA0:L3:743:25,track:DDR_DQB13:L3:738:23,11.6551289675,11.5535289675,False,3,0.13,0.39,False,False,False,
DDR_DQA0,DDR_DQB13,A_BYTE0,B_BYTE1,L3,all_inner_layer_traces,track:U1:Y16:L3:386:0,track:U1:D16:L3:417:0,10.4,10.2984,False,3,0.13,0.39,False,False,False,
DDR_DQA0,DDR_DQB14,A_BYTE0,B_BYTE1,L3,K230_local_fanout_only,track:U1:Y16:L3:386:0,track:U1:C19:L3:392:0,11.2207397261,11.1191397261,False,3,0.13,0.39,False,False,False,
DDR_DQA0,DDR_DQB14,A_BYTE0,B_BYTE1,L3,all_inner_layer_traces,track:U1:Y16:L3:386:0,track:U1:C19:L3:392:0,11.2207397261,11.1191397261,False,3,0.13,0.39,False,False,False,
DDR_DQA0,DDR_DQB15,A_BYTE0,B_BYTE1,L3,K230_local_fanout_only,track:U1:Y16:L3:386:0,track:U1:B19:L3:391:0,11.8613869341,11.7597869341,False,3,0.13,0.39,False,False,False,
DDR_DQA0,DDR_DQB15,A_BYTE0,B_BYTE1,L3,all_inner_layer_traces,track:U1:Y16:L3:386:0,track:U1:B19:L3:391:0,11.8613869341,11.7597869341,False,3,0.13,0.39,False,False,False,
DDR_DQA0,DDR_DQB8,A_BYTE0,B_BYTE1,L3,K230_local_fanout_only,track:U1:Y16:L3:386:0,track:U1:C18:L3:404:0,11.1262077996,11.0246077996,False,3,0.13,0.39,False,False,False,
DDR_DQA0,DDR_DQB8,A_BYTE0,B_BYTE1,L3,actual_interconnect_only,track:DDR_DQA0:L3:743:0,track:DDR_DQB8:L3:725:0,13.0650909512,12.9634909512,False,3,0.13,0.39,False,False,False,
DDR_DQA0,DDR_DQB8,A_BYTE0,B_BYTE1,L3,all_inner_layer_traces,track:U1:Y16:L3:386:0,track:U1:C18:L3:404:0,11.1262077996,11.0246077996,False,3,0.13,0.39,False,False,False,
DDR_DQA0,DDR_DQB9,A_BYTE0,B_BYTE1,L3,K230_local_fanout_only,track:U1:Y16:L3:386:0,track:U1:C17:L3:403:0,11.0691011379,10.9675011379,False,3,0.13,0.39,False,False,False,
DDR_DQA0,DDR_DQB9,A_BYTE0,B_BYTE1,L3,all_inner_layer_traces,track:U1:Y16:L3:386:0,track:U1:C17:L3:403:0,11.0691011379,10.9675011379,False,3,0.13,0.39,False,False,False,
DDR_DQA0,DDR_DQSA0_N,A_BYTE0,A_BYTE0,L3,K230_local_fanout_only,track:U1:Y16:L3:386:0,track:U1:Y17:L3:368:0,0.65,0.5484,False,3,0.13,0.39,False,False,False,
DDR_DQA0,DDR_DQSA0_N,A_BYTE0,A_BYTE0,L3,actual_interconnect_only,track:DDR_DQA0:L3:743:12,track:DDR_DQSA0_N:L3:711:3,0.4875,0.3859,False,3,0.13,0.39,True,False,False,
DDR_DQA0,DDR_DQSA0_N,A_BYTE0,A_BYTE0,L3,all_inner_layer_traces,track:DDR_DQA0:L3:743:12,track:DDR_DQSA0_N:L3:711:3,0.4875,0.3859,False,3,0.13,0.39,True,False,False,
DDR_DQA0,DDR_DQSA0_P,A_BYTE0,A_BYTE0,L3,K230_local_fanout_only,track:U1:Y16:L3:386:0,track:U1:W17:L3:367:4,0.325,0.2234,False,3,0.13,0.39,True,True,False,
DDR_DQA0,DDR_DQSA0_P,A_BYTE0,A_BYTE0,L3,actual_interconnect_only,track:DDR_DQA0:L3:743:4,track:DDR_DQSA0_P:L3:712:1,0.2298097039,0.1282097039,False,3,0.13,0.39,True,True,True,
DDR_DQA0,DDR_DQSA0_P,A_BYTE0,A_BYTE0,L3,all_inner_layer_traces,track:DDR_DQA0:L3:743:4,track:DDR_DQSA0_P:L3:712:1,0.2298097039,0.1282097039,False,3,0.13,0.39,True,True,True,
DDR_DQA0,DDR_DQSB1_N,A_BYTE0,B_BYTE1,L3,K230_local_fanout_only,track:U1:Y16:L3:386:0,track:U1:A18:L3:374:0,12.4182325635,12.3166325635,False,3,0.13,0.39,False,False,False,
DDR_DQA0,DDR_DQSB1_N,A_BYTE0,B_BYTE1,L3,actual_interconnect_only,track:DDR_DQA0:L3:743:12,track:DDR_DQSB1_N:L3:717:9,11.78125,11.67965,False,3,0.13,0.39,False,False,False,
DDR_DQA0,DDR_DQSB1_N,A_BYTE0,B_BYTE1,L3,all_inner_layer_traces,track:U1:Y16:L3:386:0,track:DDR_DQSB1_N:L3:717:9,11.6731680174,11.5715680174,False,3,0.13,0.39,False,False,False,
DDR_DQA0,DDR_DQSB1_P,A_BYTE0,B_BYTE1,L3,K230_local_fanout_only,track:U1:Y16:L3:386:0,track:U1:B18:L3:373:0,11.7720006796,11.6704006796,False,3,0.13,0.39,False,False,False,
DDR_DQA0,DDR_DQSB1_P,A_BYTE0,B_BYTE1,L3,actual_interconnect_only,track:DDR_DQA0:L3:743:12,track:DDR_DQSB1_P:L3:718:15,12.43125,12.32965,False,3,0.13,0.39,False,False,False,
DDR_DQA0,DDR_DQSB1_P,A_BYTE0,B_BYTE1,L3,all_inner_layer_traces,track:U1:Y16:L3:386:0,track:U1:B18:L3:373:0,11.7720006796,11.6704006796,False,3,0.13,0.39,False,False,False,
DDR_DQA1,DDR_DQA2,A_BYTE0,A_BYTE0,L3,K230_local_fanout_only,track:U1:V16:L3:413:0,track:U1:U17:L3:427:1,0.325,0.2234,False,2,0.13,0.26,True,True,False,
DDR_DQA1,DDR_DQA2,A_BYTE0,A_BYTE0,L3,actual_interconnect_only,track:DDR_DQA1:L3:744:34,track:DDR_DQA2:L3:745:33,0.2128673296,0.1112673296,False,2,0.13,0.26,True,True,True,
DDR_DQA1,DDR_DQA2,A_BYTE0,A_BYTE0,L3,all_inner_layer_traces,track:DDR_DQA1:L3:744:34,track:DDR_DQA2:L3:745:33,0.2128673296,0.1112673296,False,2,0.13,0.26,True,True,True,
DDR_DQA1,DDR_DQA3,A_BYTE0,A_BYTE0,L3,K230_local_fanout_only,track:U1:V16:L3:413:0,track:U1:T16:L3:430:0,1.3,1.1984,False,2,0.13,0.26,False,False,False,
DDR_DQA1,DDR_DQA3,A_BYTE0,A_BYTE0,L3,actual_interconnect_only,track:DDR_DQA1:L3:744:40,track:DDR_DQA3:L3:741:39,1.95,1.8484,False,2,0.13,0.26,False,False,False,
DDR_DQA1,DDR_DQA3,A_BYTE0,A_BYTE0,L3,all_inner_layer_traces,track:U1:V16:L3:413:0,track:U1:T16:L3:430:0,1.3,1.1984,False,2,0.13,0.26,False,False,False,
DDR_DQA1,DDR_DQA4,A_BYTE0,A_BYTE0,L3,K230_local_fanout_only,track:U1:V16:L3:413:0,track:U1:U16:L3:426:0,0.65,0.5484,False,2,0.13,0.26,False,False,False,
DDR_DQA1,DDR_DQA4,A_BYTE0,A_BYTE0,L3,actual_interconnect_only,track:DDR_DQA1:L3:744:40,track:DDR_DQA4:L3:735:3,2.5223996511,2.4207996511,False,2,0.13,0.26,False,False,False,
DDR_DQA1,DDR_DQA4,A_BYTE0,A_BYTE0,L3,all_inner_layer_traces,track:U1:V16:L3:413:0,track:U1:U16:L3:426:0,0.65,0.5484,False,2,0.13,0.26,False,False,False,
DDR_DQA1,DDR_DQA5,A_BYTE0,A_BYTE0,L3,K230_local_fanout_only,track:U1:V16:L3:413:0,track:U1:V18:L3:415:0,1.3,1.1984,False,2,0.13,0.26,False,False,False,
DDR_DQA1,DDR_DQA5,A_BYTE0,A_BYTE0,L3,actual_interconnect_only,track:DDR_DQA1:L3:744:40,track:DDR_DQA5:L3:736:6,2.0113059346,1.9097059346,False,2,0.13,0.26,False,False,False,
DDR_DQA1,DDR_DQA5,A_BYTE0,A_BYTE0,L3,all_inner_layer_traces,track:U1:V16:L3:413:0,track:U1:V18:L3:415:0,1.3,1.1984,False,2,0.13,0.26,False,False,False,
DDR_DQA1,DDR_DQA6,A_BYTE0,A_BYTE0,L3,K230_local_fanout_only,track:U1:V16:L3:413:0,track:U1:W18:L3:398:3,1.21875,1.11715,False,2,0.13,0.26,False,False,False,
DDR_DQA1,DDR_DQA6,A_BYTE0,A_BYTE0,L3,all_inner_layer_traces,track:DDR_DQA1:L3:744:16,track:U1:W18:L3:398:4,0.975,0.8734,False,2,0.13,0.26,False,False,False,
DDR_DQA1,DDR_DQA7,A_BYTE0,A_BYTE0,L3,K230_local_fanout_only,track:U1:V16:L3:413:4,track:U1:Y18:L3:387:0,1.625,1.5234,False,2,0.13,0.26,False,False,False,
DDR_DQA1,DDR_DQA7,A_BYTE0,A_BYTE0,L3,all_inner_layer_traces,track:DDR_DQA1:L3:744:16,track:U1:Y18:L3:387:0,0.975,0.8734,False,2,0.13,0.26,False,False,False,
DDR_DQA1,DDR_DQB10,A_BYTE0,B_BYTE1,L3,K230_local_fanout_only,track:U1:V16:L3:413:0,track:U1:D17:L3:418:0,9.123184751,9.021584751,False,3,0.13,0.39,False,False,False,
DDR_DQA1,DDR_DQB10,A_BYTE0,B_BYTE1,L3,actual_interconnect_only,track:DDR_DQA1:L3:744:16,track:DDR_DQB10:L3:726:5,12.025,11.9234,False,3,0.13,0.39,False,False,False,
DDR_DQA1,DDR_DQB10,A_BYTE0,B_BYTE1,L3,all_inner_layer_traces,track:U1:V16:L3:413:0,track:U1:D17:L3:418:0,9.123184751,9.021584751,False,3,0.13,0.39,False,False,False,
DDR_DQA1,DDR_DQB11,A_BYTE0,B_BYTE1,L3,K230_local_fanout_only,track:U1:V16:L3:413:0,track:U1:E17:L3:419:3,8.1933686029,8.0917686029,False,3,0.13,0.39,False,False,False,
DDR_DQA1,DDR_DQB11,A_BYTE0,B_BYTE1,L3,actual_interconnect_only,track:DDR_DQA1:L3:744:0,track:DDR_DQB11:L3:724:0,11.2797124991,11.1781124991,False,3,0.13,0.39,False,False,False,
DDR_DQA1,DDR_DQB11,A_BYTE0,B_BYTE1,L3,all_inner_layer_traces,track:U1:V16:L3:413:0,track:U1:E17:L3:419:3,8.1933686029,8.0917686029,False,3,0.13,0.39,False,False,False,
DDR_DQA1,DDR_DQB12,A_BYTE0,B_BYTE1,L3,K230_local_fanout_only,track:U1:V16:L3:413:0,track:U1:E18:L3:406:0,8.5494151847,8.4478151847,False,3,0.13,0.39,False,False,False,
DDR_DQA1,DDR_DQB12,A_BYTE0,B_BYTE1,L3,actual_interconnect_only,track:DDR_DQA1:L3:744:0,track:DDR_DQB12:L3:730:5,10.0959459686,9.9943459686,False,3,0.13,0.39,False,False,False,
DDR_DQA1,DDR_DQB12,A_BYTE0,B_BYTE1,L3,all_inner_layer_traces,track:U1:V16:L3:413:0,track:DDR_DQB12:L3:730:5,7.4860312625,7.3844312625,False,3,0.13,0.39,False,False,False,
DDR_DQA1,DDR_DQB13,A_BYTE0,B_BYTE1,L3,K230_local_fanout_only,track:U1:V16:L3:413:0,track:U1:D16:L3:417:0,9.1,8.9984,False,3,0.13,0.39,False,False,False,
DDR_DQA1,DDR_DQB13,A_BYTE0,B_BYTE1,L3,actual_interconnect_only,track:DDR_DQA1:L3:744:40,track:DDR_DQB13:L3:738:23,11.2437760561,11.1421760561,False,3,0.13,0.39,False,False,False,
DDR_DQA1,DDR_DQB13,A_BYTE0,B_BYTE1,L3,all_inner_layer_traces,track:U1:V16:L3:413:0,track:U1:D16:L3:417:0,9.1,8.9984,False,3,0.13,0.39,False,False,False,
DDR_DQA1,DDR_DQB14,A_BYTE0,B_BYTE1,L3,K230_local_fanout_only,track:U1:V16:L3:413:0,track:U1:C19:L3:392:0,9.9430880515,9.8414880515,False,3,0.13,0.39,False,False,False,
DDR_DQA1,DDR_DQB14,A_BYTE0,B_BYTE1,L3,all_inner_layer_traces,track:U1:V16:L3:413:0,track:U1:C19:L3:392:0,9.9430880515,9.8414880515,False,3,0.13,0.39,False,False,False,
DDR_DQA1,DDR_DQB15,A_BYTE0,B_BYTE1,L3,K230_local_fanout_only,track:U1:V16:L3:413:0,track:U1:B19:L3:391:0,10.5812333875,10.4796333875,False,3,0.13,0.39,False,False,False,
DDR_DQA1,DDR_DQB15,A_BYTE0,B_BYTE1,L3,all_inner_layer_traces,track:U1:V16:L3:413:0,track:U1:B19:L3:391:0,10.5812333875,10.4796333875,False,3,0.13,0.39,False,False,False,
DDR_DQA1,DDR_DQB8,A_BYTE0,B_BYTE1,L3,K230_local_fanout_only,track:U1:V16:L3:413:0,track:U1:C18:L3:404:0,9.8362848678,9.7346848678,False,3,0.13,0.39,False,False,False,
DDR_DQA1,DDR_DQB8,A_BYTE0,B_BYTE1,L3,actual_interconnect_only,track:DDR_DQA1:L3:744:0,track:DDR_DQB8:L3:725:0,13.1476961504,13.0460961504,False,3,0.13,0.39,False,False,False,
DDR_DQA1,DDR_DQB8,A_BYTE0,B_BYTE1,L3,all_inner_layer_traces,track:U1:V16:L3:413:0,track:U1:C18:L3:404:0,9.8362848678,9.7346848678,False,3,0.13,0.39,False,False,False,
DDR_DQA1,DDR_DQB9,A_BYTE0,B_BYTE1,L3,K230_local_fanout_only,track:U1:V16:L3:413:0,track:U1:C17:L3:403:0,9.7716426459,9.6700426459,False,3,0.13,0.39,False,False,False,
DDR_DQA1,DDR_DQB9,A_BYTE0,B_BYTE1,L3,all_inner_layer_traces,track:U1:V16:L3:413:0,track:U1:C17:L3:403:0,9.7716426459,9.6700426459,False,3,0.13,0.39,False,False,False,
DDR_DQA1,DDR_DQSA0_N,A_BYTE0,A_BYTE0,L3,K230_local_fanout_only,track:U1:V16:L3:413:4,track:U1:Y17:L3:368:0,0.975,0.8734,False,3,0.13,0.39,False,False,False,
DDR_DQA1,DDR_DQSA0_N,A_BYTE0,A_BYTE0,L3,actual_interconnect_only,track:DDR_DQA1:L3:744:16,track:DDR_DQSA0_N:L3:711:3,0.73125,0.62965,False,3,0.13,0.39,False,False,False,
DDR_DQA1,DDR_DQSA0_N,A_BYTE0,A_BYTE0,L3,all_inner_layer_traces,track:DDR_DQA1:L3:744:16,track:DDR_DQSA0_N:L3:711:3,0.73125,0.62965,False,3,0.13,0.39,False,False,False,
DDR_DQA1,DDR_DQSA0_P,A_BYTE0,A_BYTE0,L3,K230_local_fanout_only,track:U1:V16:L3:413:4,track:U1:W17:L3:367:3,0.65,0.5484,False,3,0.13,0.39,False,False,False,
DDR_DQA1,DDR_DQSA0_P,A_BYTE0,A_BYTE0,L3,actual_interconnect_only,track:DDR_DQA1:L3:744:16,track:DDR_DQSA0_P:L3:712:7,0.4875,0.3859,False,3,0.13,0.39,True,False,False,
DDR_DQA1,DDR_DQSA0_P,A_BYTE0,A_BYTE0,L3,all_inner_layer_traces,track:DDR_DQA1:L3:744:16,track:DDR_DQSA0_P:L3:712:7,0.4875,0.3859,False,3,0.13,0.39,True,False,False,
DDR_DQA1,DDR_DQSB1_N,A_BYTE0,B_BYTE1,L3,K230_local_fanout_only,track:U1:V16:L3:413:0,track:U1:A18:L3:374:0,11.1262077996,11.0246077996,False,3,0.13,0.39,False,False,False,
DDR_DQA1,DDR_DQSB1_N,A_BYTE0,B_BYTE1,L3,actual_interconnect_only,track:DDR_DQA1:L3:744:40,track:DDR_DQSB1_N:L3:717:10,11.6628684293,11.5612684293,False,3,0.13,0.39,False,False,False,
DDR_DQA1,DDR_DQSB1_N,A_BYTE0,B_BYTE1,L3,all_inner_layer_traces,track:U1:V16:L3:413:0,track:DDR_DQSB1_N:L3:717:9,10.6114490793,10.5098490793,False,3,0.13,0.39,False,False,False,
DDR_DQA1,DDR_DQSB1_P,A_BYTE0,B_BYTE1,L3,K230_local_fanout_only,track:U1:V16:L3:413:0,track:U1:B18:L3:373:0,10.4809350728,10.3793350728,False,3,0.13,0.39,False,False,False,
DDR_DQA1,DDR_DQSB1_P,A_BYTE0,B_BYTE1,L3,actual_interconnect_only,track:DDR_DQA1:L3:744:40,track:DDR_DQSB1_P:L3:718:15,12.0443192004,11.9427192004,False,3,0.13,0.39,False,False,False,
DDR_DQA1,DDR_DQSB1_P,A_BYTE0,B_BYTE1,L3,all_inner_layer_traces,track:U1:V16:L3:413:0,track:U1:B18:L3:373:0,10.4809350728,10.3793350728,False,3,0.13,0.39,False,False,False,
DDR_DQA10,DDR_DQA11,A_BYTE1,A_BYTE1,L8,K230_local_fanout_only,track:U1:P16:L8:429:0,track:U1:R17:L8:424:0,0.7267220927,0.6251220927,False,2,0.1195,0.239,False,False,False,
DDR_DQA10,DDR_DQA11,A_BYTE1,A_BYTE1,L8,all_inner_layer_traces,track:U1:P16:L8:429:0,track:U1:R17:L8:424:0,0.7267220927,0.6251220927,False,2,0.1195,0.239,False,False,False,
DDR_DQA10,DDR_DQA12,A_BYTE1,A_BYTE1,L8,K230_local_fanout_only,track:U1:P16:L8:429:4,track:U1:R18:L8:410:3,0.7267220927,0.6251220927,False,2,0.1195,0.239,False,False,False,
DDR_DQA10,DDR_DQA12,A_BYTE1,A_BYTE1,L8,all_inner_layer_traces,track:U1:P16:L8:429:4,track:U1:R18:L8:410:3,0.7267220927,0.6251220927,False,2,0.1195,0.239,False,False,False,
DDR_DQA10,DDR_DQA13,A_BYTE1,A_BYTE1,L8,K230_local_fanout_only,track:U1:P16:L8:429:0,track:U1:T18:L8:411:0,1.625,1.5234,False,2,0.1195,0.239,False,False,False,
DDR_DQA10,DDR_DQA13,A_BYTE1,A_BYTE1,L8,all_inner_layer_traces,track:U1:P16:L8:429:0,track:U1:T18:L8:411:0,1.625,1.5234,False,2,0.1195,0.239,False,False,False,
DDR_DQA10,DDR_DQA14,A_BYTE1,A_BYTE1,L8,K230_local_fanout_only,track:U1:P16:L8:429:4,track:U1:U18:L8:412:3,1.9768978223,1.8752978223,False,2,0.1195,0.239,False,False,False,
DDR_DQA10,DDR_DQA14,A_BYTE1,A_BYTE1,L8,all_inner_layer_traces,track:U1:P16:L8:429:4,track:U1:U18:L8:412:3,1.9768978223,1.8752978223,False,2,0.1195,0.239,False,False,False,
DDR_DQA10,DDR_DQA15,A_BYTE1,A_BYTE1,L8,K230_local_fanout_only,track:U1:P16:L8:429:4,track:U1:U20:L8:385:0,2.5808867783,2.4792867783,False,2,0.1195,0.239,False,False,False,
DDR_DQA10,DDR_DQA15,A_BYTE1,A_BYTE1,L8,all_inner_layer_traces,track:U1:P16:L8:429:4,track:U1:U20:L8:385:0,2.5808867783,2.4792867783,False,2,0.1195,0.239,False,False,False,
DDR_DQA10,DDR_DQA8,A_BYTE1,A_BYTE1,L8,K230_local_fanout_only,track:U1:P16:L8:429:4,track:U1:W19:L8:399:3,3.3930996154,3.2914996154,False,2,0.1195,0.239,False,False,False,
DDR_DQA10,DDR_DQA8,A_BYTE1,A_BYTE1,L8,all_inner_layer_traces,track:U1:P16:L8:429:4,track:U1:W19:L8:399:3,3.3930996154,3.2914996154,False,2,0.1195,0.239,False,False,False,
DDR_DQA10,DDR_DQA9,A_BYTE1,A_BYTE1,L8,K230_local_fanout_only,track:U1:P16:L8:429:0,track:U1:T17:L8:425:0,1.3400093283,1.2384093283,False,2,0.1195,0.239,False,False,False,
DDR_DQA10,DDR_DQA9,A_BYTE1,A_BYTE1,L8,all_inner_layer_traces,track:U1:P16:L8:429:0,track:U1:T17:L8:425:0,1.3400093283,1.2384093283,False,2,0.1195,0.239,False,False,False,
DDR_DQA10,DDR_DQB0,A_BYTE1,B_BYTE0,L8,K230_local_fanout_only,track:U1:P16:L8:429:13,track:U1:A14:L8:379:0,8.0568706122,7.9552706122,False,3,0.1195,0.3585,False,False,False,
DDR_DQA10,DDR_DQB0,A_BYTE1,B_BYTE0,L8,all_inner_layer_traces,track:U1:P16:L8:429:13,track:U1:A14:L8:379:0,8.0568706122,7.9552706122,False,3,0.1195,0.3585,False,False,False,
DDR_DQA10,DDR_DQB1,A_BYTE1,B_BYTE0,L8,K230_local_fanout_only,track:U1:P16:L8:429:13,track:U1:A17:L8:380:0,7.5492575173,7.4476575173,False,3,0.1195,0.3585,False,False,False,
DDR_DQA10,DDR_DQB1,A_BYTE1,B_BYTE0,L8,all_inner_layer_traces,track:U1:P16:L8:429:13,track:U1:A17:L8:380:0,7.5492575173,7.4476575173,False,3,0.1195,0.3585,False,False,False,
DDR_DQA10,DDR_DQB2,A_BYTE1,B_BYTE0,L8,K230_local_fanout_only,track:U1:P16:L8:429:13,track:U1:C14:L8:400:0,6.8679082742,6.7663082742,False,3,0.1195,0.3585,False,False,False,
DDR_DQA10,DDR_DQB2,A_BYTE1,B_BYTE0,L8,all_inner_layer_traces,track:U1:P16:L8:429:13,track:U1:C14:L8:400:0,6.8679082742,6.7663082742,False,3,0.1195,0.3585,False,False,False,
DDR_DQA10,DDR_DQB3,A_BYTE1,B_BYTE0,L8,K230_local_fanout_only,track:U1:P16:L8:429:13,track:U1:B14:L8:388:0,7.4577586487,7.3561586487,False,3,0.1195,0.3585,False,False,False,
DDR_DQA10,DDR_DQB3,A_BYTE1,B_BYTE0,L8,all_inner_layer_traces,track:U1:P16:L8:429:13,track:DDR_DQB3:L8:748:17,0.65,0.5484,False,3,0.1195,0.3585,False,False,False,
DDR_DQA10,DDR_DQB4,A_BYTE1,B_BYTE0,L8,K230_local_fanout_only,track:U1:P16:L8:429:13,track:U1:D14:L8:416:0,6.2899256007,6.1883256007,False,3,0.1195,0.3585,False,False,False,
DDR_DQA10,DDR_DQB4,A_BYTE1,B_BYTE0,L8,all_inner_layer_traces,track:U1:P16:L8:429:13,track:U1:D14:L8:416:0,6.2899256007,6.1883256007,False,3,0.1195,0.3585,False,False,False,
DDR_DQA10,DDR_DQB5,A_BYTE1,B_BYTE0,L8,K230_local_fanout_only,track:U1:P16:L8:429:13,track:U1:B16:L8:389:0,7.0350489737,6.9334489737,False,3,0.1195,0.3585,False,False,False,
DDR_DQA10,DDR_DQB5,A_BYTE1,B_BYTE0,L8,all_inner_layer_traces,track:U1:P16:L8:429:13,track:U1:B16:L8:389:0,7.0350489737,6.9334489737,False,3,0.1195,0.3585,False,False,False,
DDR_DQA10,DDR_DQB6,A_BYTE1,B_BYTE0,L8,K230_local_fanout_only,track:U1:P16:L8:429:13,track:U1:C16:L8:402:4,5.85,5.7484,False,3,0.1195,0.3585,False,False,False,
DDR_DQA10,DDR_DQB6,A_BYTE1,B_BYTE0,L8,all_inner_layer_traces,track:U1:P16:L8:429:13,track:U1:C16:L8:402:4,5.85,5.7484,False,3,0.1195,0.3585,False,False,False,
DDR_DQA10,DDR_DQB7,A_BYTE1,B_BYTE0,L8,K230_local_fanout_only,track:U1:P16:L8:429:13,track:U1:B17:L8:390:0,6.90625,6.80465,False,3,0.1195,0.3585,False,False,False,
DDR_DQA10,DDR_DQB7,A_BYTE1,B_BYTE0,L8,all_inner_layer_traces,track:U1:P16:L8:429:13,track:U1:B17:L8:390:0,6.90625,6.80465,False,3,0.1195,0.3585,False,False,False,
DDR_DQA10,DDR_DQSA1_N,A_BYTE1,A_BYTE1,L8,K230_local_fanout_only,track:U1:P16:L8:429:4,track:U1:V19:L8:370:3,2.7768012172,2.6752012172,False,3,0.1195,0.3585,False,False,False,
DDR_DQA10,DDR_DQSA1_N,A_BYTE1,A_BYTE1,L8,all_inner_layer_traces,track:U1:P16:L8:429:4,track:U1:V19:L8:370:3,2.7768012172,2.6752012172,False,3,0.1195,0.3585,False,False,False,
DDR_DQA10,DDR_DQSA1_P,A_BYTE1,A_BYTE1,L8,K230_local_fanout_only,track:U1:P16:L8:429:4,track:U1:V20:L8:369:0,3.16875,3.06715,False,3,0.1195,0.3585,False,False,False,
DDR_DQA10,DDR_DQSA1_P,A_BYTE1,A_BYTE1,L8,all_inner_layer_traces,track:U1:P16:L8:429:4,track:U1:V20:L8:369:0,3.16875,3.06715,False,3,0.1195,0.3585,False,False,False,
DDR_DQA10,DDR_DQSB0_N,A_BYTE1,B_BYTE0,L8,K230_local_fanout_only,track:U1:P16:L8:429:13,track:U1:A15:L8:372:0,7.8375722684,7.7359722684,False,3,0.1195,0.3585,False,False,False,
DDR_DQA10,DDR_DQSB0_N,A_BYTE1,B_BYTE0,L8,all_inner_layer_traces,track:U1:P16:L8:429:13,track:U1:A15:L8:372:0,7.8375722684,7.7359722684,False,3,0.1195,0.3585,False,False,False,
DDR_DQA10,DDR_DQSB0_P,A_BYTE1,B_BYTE0,L8,K230_local_fanout_only,track:U1:P16:L8:429:13,track:U1:B15:L8:371:0,7.220286633,7.118686633,False,3,0.1195,0.3585,False,False,False,
DDR_DQA10,DDR_DQSB0_P,A_BYTE1,B_BYTE0,L8,all_inner_layer_traces,track:U1:P16:L8:429:13,track:U1:B15:L8:371:0,7.220286633,7.118686633,False,3,0.1195,0.3585,False,False,False,
DDR_DQA11,DDR_DQA12,A_BYTE1,A_BYTE1,L8,K230_local_fanout_only,track:U1:R17:L8:424:0,track:U1:R18:L8:410:0,0.65,0.5484,False,2,0.1195,0.239,False,False,False,
DDR_DQA11,DDR_DQA12,A_BYTE1,A_BYTE1,L8,all_inner_layer_traces,track:U1:R17:L8:424:0,track:U1:R18:L8:410:0,0.65,0.5484,False,2,0.1195,0.239,False,False,False,
DDR_DQA11,DDR_DQA13,A_BYTE1,A_BYTE1,L8,K230_local_fanout_only,track:U1:R17:L8:424:0,track:U1:T18:L8:411:0,0.7267220927,0.6251220927,False,2,0.1195,0.239,False,False,False,
DDR_DQA11,DDR_DQA13,A_BYTE1,A_BYTE1,L8,all_inner_layer_traces,track:U1:R17:L8:424:0,track:U1:T18:L8:411:0,0.7267220927,0.6251220927,False,2,0.1195,0.239,False,False,False,
DDR_DQA11,DDR_DQA14,A_BYTE1,A_BYTE1,L8,K230_local_fanout_only,track:U1:R17:L8:424:4,track:U1:U18:L8:412:0,0.975,0.8734,False,2,0.1195,0.239,False,False,False,
DDR_DQA11,DDR_DQA14,A_BYTE1,A_BYTE1,L8,all_inner_layer_traces,track:U1:R17:L8:424:4,track:U1:U18:L8:412:0,0.975,0.8734,False,2,0.1195,0.239,False,False,False,
DDR_DQA11,DDR_DQA15,A_BYTE1,A_BYTE1,L8,K230_local_fanout_only,track:U1:R17:L8:424:0,track:U1:U20:L8:385:0,2.1801662781,2.0785662781,False,2,0.1195,0.239,False,False,False,
DDR_DQA11,DDR_DQA15,A_BYTE1,A_BYTE1,L8,all_inner_layer_traces,track:U1:R17:L8:424:0,track:U1:U20:L8:385:0,2.1801662781,2.0785662781,False,2,0.1195,0.239,False,False,False,
DDR_DQA11,DDR_DQA8,A_BYTE1,A_BYTE1,L8,K230_local_fanout_only,track:U1:R17:L8:424:4,track:U1:W19:L8:399:0,1.625,1.5234,False,2,0.1195,0.239,False,False,False,
DDR_DQA11,DDR_DQA8,A_BYTE1,A_BYTE1,L8,all_inner_layer_traces,track:U1:R17:L8:424:4,track:U1:W19:L8:399:0,1.625,1.5234,False,2,0.1195,0.239,False,False,False,
DDR_DQA11,DDR_DQA9,A_BYTE1,A_BYTE1,L8,K230_local_fanout_only,track:U1:R17:L8:424:0,track:U1:T17:L8:425:0,0.325,0.2234,False,2,0.1195,0.239,True,True,False,
DDR_DQA11,DDR_DQA9,A_BYTE1,A_BYTE1,L8,all_inner_layer_traces,track:U1:R17:L8:424:0,track:U1:T17:L8:425:0,0.325,0.2234,False,2,0.1195,0.239,True,True,False,
DDR_DQA11,DDR_DQB0,A_BYTE1,B_BYTE0,L8,K230_local_fanout_only,track:U1:R17:L8:424:0,track:U1:A14:L8:379:0,9.3065836911,9.2049836911,False,3,0.1195,0.3585,False,False,False,
DDR_DQA11,DDR_DQB0,A_BYTE1,B_BYTE0,L8,all_inner_layer_traces,track:U1:R17:L8:424:0,track:U1:A14:L8:379:0,9.3065836911,9.2049836911,False,3,0.1195,0.3585,False,False,False,
DDR_DQA11,DDR_DQB1,A_BYTE1,B_BYTE0,L8,K230_local_fanout_only,track:U1:R17:L8:424:0,track:U1:A17:L8:380:0,9.1,8.9984,False,3,0.1195,0.3585,False,False,False,
DDR_DQA11,DDR_DQB1,A_BYTE1,B_BYTE0,L8,all_inner_layer_traces,track:U1:R17:L8:424:0,track:U1:A17:L8:380:0,9.1,8.9984,False,3,0.1195,0.3585,False,False,False,
DDR_DQA11,DDR_DQB2,A_BYTE1,B_BYTE0,L8,K230_local_fanout_only,track:U1:R17:L8:424:0,track:U1:C14:L8:400:0,8.04005597,7.93845597,False,3,0.1195,0.3585,False,False,False,
DDR_DQA11,DDR_DQB2,A_BYTE1,B_BYTE0,L8,all_inner_layer_traces,track:U1:R17:L8:424:0,track:U1:C14:L8:400:0,8.04005597,7.93845597,False,3,0.1195,0.3585,False,False,False,
DDR_DQA11,DDR_DQB3,A_BYTE1,B_BYTE0,L8,K230_local_fanout_only,track:U1:R17:L8:424:0,track:U1:B14:L8:388:0,8.6720816417,8.5704816417,False,3,0.1195,0.3585,False,False,False,
DDR_DQA11,DDR_DQB3,A_BYTE1,B_BYTE0,L8,all_inner_layer_traces,track:U1:R17:L8:424:0,track:DDR_DQB3:L8:748:17,2.275,2.1734,False,3,0.1195,0.3585,False,False,False,
DDR_DQA11,DDR_DQB4,A_BYTE1,B_BYTE0,L8,K230_local_fanout_only,track:U1:R17:L8:424:0,track:U1:D14:L8:416:0,7.4111402631,7.3095402631,False,3,0.1195,0.3585,False,False,False,
DDR_DQA11,DDR_DQB4,A_BYTE1,B_BYTE0,L8,all_inner_layer_traces,track:U1:R17:L8:424:0,track:U1:D14:L8:416:0,7.4111402631,7.3095402631,False,3,0.1195,0.3585,False,False,False,
DDR_DQA11,DDR_DQB5,A_BYTE1,B_BYTE0,L8,K230_local_fanout_only,track:U1:R17:L8:424:0,track:U1:B16:L8:389:0,8.4749631268,8.3733631268,False,3,0.1195,0.3585,False,False,False,
DDR_DQA11,DDR_DQB5,A_BYTE1,B_BYTE0,L8,all_inner_layer_traces,track:U1:R17:L8:424:0,track:U1:B16:L8:389:0,8.4749631268,8.3733631268,False,3,0.1195,0.3585,False,False,False,
DDR_DQA11,DDR_DQB6,A_BYTE1,B_BYTE0,L8,K230_local_fanout_only,track:U1:R17:L8:424:0,track:U1:C16:L8:402:4,7.475,7.3734,False,3,0.1195,0.3585,False,False,False,
DDR_DQA11,DDR_DQB6,A_BYTE1,B_BYTE0,L8,all_inner_layer_traces,track:U1:R17:L8:424:0,track:U1:C16:L8:402:4,7.475,7.3734,False,3,0.1195,0.3585,False,False,False,
DDR_DQA11,DDR_DQB7,A_BYTE1,B_BYTE0,L8,K230_local_fanout_only,track:U1:R17:L8:424:0,track:U1:B17:L8:390:0,8.45,8.3484,False,3,0.1195,0.3585,False,False,False,
DDR_DQA11,DDR_DQB7,A_BYTE1,B_BYTE0,L8,all_inner_layer_traces,track:U1:R17:L8:424:0,track:U1:B17:L8:390:0,8.45,8.3484,False,3,0.1195,0.3585,False,False,False,
DDR_DQA11,DDR_DQSA1_N,A_BYTE1,A_BYTE1,L8,K230_local_fanout_only,track:U1:R17:L8:424:4,track:U1:V19:L8:370:0,1.625,1.5234,False,3,0.1195,0.3585,False,False,False,
DDR_DQA11,DDR_DQSA1_N,A_BYTE1,A_BYTE1,L8,all_inner_layer_traces,track:U1:R17:L8:424:4,track:U1:V19:L8:370:0,1.625,1.5234,False,3,0.1195,0.3585,False,False,False,
DDR_DQA11,DDR_DQSA1_P,A_BYTE1,A_BYTE1,L8,K230_local_fanout_only,track:U1:R17:L8:424:4,track:U1:V20:L8:369:0,2.275,2.1734,False,3,0.1195,0.3585,False,False,False,
DDR_DQA11,DDR_DQSA1_P,A_BYTE1,A_BYTE1,L8,all_inner_layer_traces,track:U1:R17:L8:424:4,track:U1:V20:L8:369:0,2.275,2.1734,False,3,0.1195,0.3585,False,False,False,
DDR_DQA11,DDR_DQSB0_N,A_BYTE1,B_BYTE0,L8,K230_local_fanout_only,track:U1:R17:L8:424:0,track:U1:A15:L8:372:0,9.1923881554,9.0907881554,False,3,0.1195,0.3585,False,False,False,
DDR_DQA11,DDR_DQSB0_N,A_BYTE1,B_BYTE0,L8,all_inner_layer_traces,track:U1:R17:L8:424:0,track:U1:A15:L8:372:0,9.1923881554,9.0907881554,False,3,0.1195,0.3585,False,False,False,
DDR_DQA11,DDR_DQSB0_P,A_BYTE1,B_BYTE0,L8,K230_local_fanout_only,track:U1:R17:L8:424:0,track:U1:B15:L8:371:0,8.5494151847,8.4478151847,False,3,0.1195,0.3585,False,False,False,
DDR_DQA11,DDR_DQSB0_P,A_BYTE1,B_BYTE0,L8,all_inner_layer_traces,track:U1:R17:L8:424:0,track:U1:B15:L8:371:0,8.5494151847,8.4478151847,False,3,0.1195,0.3585,False,False,False,
DDR_DQA12,DDR_DQA13,A_BYTE1,A_BYTE1,L8,K230_local_fanout_only,track:U1:R18:L8:410:0,track:U1:T18:L8:411:0,0.65,0.5484,False,2,0.1195,0.239,False,False,False,
DDR_DQA12,DDR_DQA13,A_BYTE1,A_BYTE1,L8,actual_interconnect_only,track:DDR_DQA12:L8:732:7,track:DDR_DQA13:L8:731:2,0.3228897838,0.2212897838,False,2,0.1195,0.239,True,True,False,
DDR_DQA12,DDR_DQA13,A_BYTE1,A_BYTE1,L8,all_inner_layer_traces,track:DDR_DQA12:L8:732:7,track:DDR_DQA13:L8:731:2,0.3228897838,0.2212897838,False,2,0.1195,0.239,True,True,False,
DDR_DQA12,DDR_DQA14,A_BYTE1,A_BYTE1,L8,K230_local_fanout_only,track:U1:R18:L8:410:0,track:U1:U18:L8:412:3,0.9783795595,0.8767795595,False,2,0.1195,0.239,False,False,False,
DDR_DQA12,DDR_DQA14,A_BYTE1,A_BYTE1,L8,actual_interconnect_only,track:DDR_DQA12:L8:732:0,track:DDR_DQA14:L8:733:0,1.3,1.1984,False,2,0.1195,0.239,False,False,False,
DDR_DQA12,DDR_DQA14,A_BYTE1,A_BYTE1,L8,all_inner_layer_traces,track:U1:R18:L8:410:0,track:U1:U18:L8:412:3,0.9783795595,0.8767795595,False,2,0.1195,0.239,False,False,False,
DDR_DQA12,DDR_DQA15,A_BYTE1,A_BYTE1,L8,K230_local_fanout_only,track:U1:R18:L8:410:4,track:U1:U20:L8:385:0,1.625,1.5234,False,2,0.1195,0.239,False,False,False,
DDR_DQA12,DDR_DQA15,A_BYTE1,A_BYTE1,L8,all_inner_layer_traces,track:U1:R18:L8:410:4,track:U1:U20:L8:385:0,1.625,1.5234,False,2,0.1195,0.239,False,False,False,
DDR_DQA12,DDR_DQA8,A_BYTE1,A_BYTE1,L8,K230_local_fanout_only,track:U1:R18:L8:410:0,track:U1:W19:L8:399:3,2.3896341901,2.2880341901,False,2,0.1195,0.239,False,False,False,
DDR_DQA12,DDR_DQA8,A_BYTE1,A_BYTE1,L8,actual_interconnect_only,track:DDR_DQA12:L8:732:7,track:DDR_DQA8:L8:727:8,2.5287410405,2.4271410405,False,2,0.1195,0.239,False,False,False,
DDR_DQA12,DDR_DQA8,A_BYTE1,A_BYTE1,L8,all_inner_layer_traces,track:U1:R18:L8:410:0,track:U1:W19:L8:399:3,2.3896341901,2.2880341901,False,2,0.1195,0.239,False,False,False,
DDR_DQA12,DDR_DQA9,A_BYTE1,A_BYTE1,L8,K230_local_fanout_only,track:U1:R18:L8:410:0,track:U1:T17:L8:425:0,0.7267220927,0.6251220927,False,2,0.1195,0.239,False,False,False,
DDR_DQA12,DDR_DQA9,A_BYTE1,A_BYTE1,L8,actual_interconnect_only,track:DDR_DQA12:L8:732:7,track:DDR_DQA9:L8:734:8,1.625,1.5234,False,2,0.1195,0.239,False,False,False,
DDR_DQA12,DDR_DQA9,A_BYTE1,A_BYTE1,L8,all_inner_layer_traces,track:U1:R18:L8:410:0,track:U1:T17:L8:425:0,0.7267220927,0.6251220927,False,2,0.1195,0.239,False,False,False,
DDR_DQA12,DDR_DQB0,A_BYTE1,B_BYTE0,L8,K230_local_fanout_only,track:U1:R18:L8:410:3,track:U1:A14:L8:379:0,9.2756759356,9.1740759356,False,3,0.1195,0.3585,False,False,False,
DDR_DQA12,DDR_DQB0,A_BYTE1,B_BYTE0,L8,actual_interconnect_only,track:DDR_DQA12:L8:732:0,track:DDR_DQB0:L8:746:17,9.7247770701,9.6231770701,False,3,0.1195,0.3585,False,False,False,
DDR_DQA12,DDR_DQB0,A_BYTE1,B_BYTE0,L8,all_inner_layer_traces,track:U1:R18:L8:410:3,track:U1:A14:L8:379:0,9.2756759356,9.1740759356,False,3,0.1195,0.3585,False,False,False,
DDR_DQA12,DDR_DQB1,A_BYTE1,B_BYTE0,L8,K230_local_fanout_only,track:U1:R18:L8:410:3,track:U1:A17:L8:380:0,8.8383419861,8.7367419861,False,3,0.1195,0.3585,False,False,False,
DDR_DQA12,DDR_DQB1,A_BYTE1,B_BYTE0,L8,all_inner_layer_traces,track:U1:R18:L8:410:3,track:U1:A17:L8:380:0,8.8383419861,8.7367419861,False,3,0.1195,0.3585,False,False,False,
DDR_DQA12,DDR_DQB2,A_BYTE1,B_BYTE0,L8,K230_local_fanout_only,track:U1:R18:L8:410:3,track:U1:C14:L8:400:0,8.0568706122,7.9552706122,False,3,0.1195,0.3585,False,False,False,
DDR_DQA12,DDR_DQB2,A_BYTE1,B_BYTE0,L8,all_inner_layer_traces,track:U1:R18:L8:410:3,track:U1:C14:L8:400:0,8.0568706122,7.9552706122,False,3,0.1195,0.3585,False,False,False,
DDR_DQA12,DDR_DQB3,A_BYTE1,B_BYTE0,L8,K230_local_fanout_only,track:U1:R18:L8:410:3,track:U1:B14:L8:388:0,8.6633229227,8.5617229227,False,3,0.1195,0.3585,False,False,False,
DDR_DQA12,DDR_DQB3,A_BYTE1,B_BYTE0,L8,actual_interconnect_only,track:DDR_DQA12:L8:732:0,track:DDR_DQB3:L8:748:17,1.95,1.8484,False,3,0.1195,0.3585,False,False,False,
DDR_DQA12,DDR_DQB3,A_BYTE1,B_BYTE0,L8,all_inner_layer_traces,track:U1:R18:L8:410:3,track:DDR_DQB3:L8:748:17,1.95,1.8484,False,3,0.1195,0.3585,False,False,False,
DDR_DQA12,DDR_DQB4,A_BYTE1,B_BYTE0,L8,K230_local_fanout_only,track:U1:R18:L8:410:3,track:U1:D14:L8:416:0,7.4577586487,7.3561586487,False,3,0.1195,0.3585,False,False,False,
DDR_DQA12,DDR_DQB4,A_BYTE1,B_BYTE0,L8,actual_interconnect_only,track:DDR_DQA12:L8:732:0,track:DDR_DQB4:L8:747:38,6.6739260606,6.5723260606,False,3,0.1195,0.3585,False,False,False,
DDR_DQA12,DDR_DQB4,A_BYTE1,B_BYTE0,L8,all_inner_layer_traces,track:DDR_DQA12:L8:732:0,track:DDR_DQB4:L8:747:38,6.6739260606,6.5723260606,False,3,0.1195,0.3585,False,False,False,
DDR_DQA12,DDR_DQB5,A_BYTE1,B_BYTE0,L8,K230_local_fanout_only,track:U1:R18:L8:410:3,track:U1:B16:L8:389:0,8.3022234409,8.2006234409,False,3,0.1195,0.3585,False,False,False,
DDR_DQA12,DDR_DQB5,A_BYTE1,B_BYTE0,L8,all_inner_layer_traces,track:U1:R18:L8:410:3,track:U1:B16:L8:389:0,8.3022234409,8.2006234409,False,3,0.1195,0.3585,False,False,False,
DDR_DQA12,DDR_DQB6,A_BYTE1,B_BYTE0,L8,K230_local_fanout_only,track:U1:R18:L8:410:3,track:U1:C16:L8:402:4,7.15,7.0484,False,3,0.1195,0.3585,False,False,False,
DDR_DQA12,DDR_DQB6,A_BYTE1,B_BYTE0,L8,actual_interconnect_only,track:DDR_DQA12:L8:732:0,track:DDR_DQB6:L8:737:0,7.15,7.0484,False,3,0.1195,0.3585,False,False,False,
DDR_DQA12,DDR_DQB6,A_BYTE1,B_BYTE0,L8,all_inner_layer_traces,track:U1:R18:L8:410:3,track:U1:C16:L8:402:4,7.15,7.0484,False,3,0.1195,0.3585,False,False,False,
DDR_DQA12,DDR_DQB7,A_BYTE1,B_BYTE0,L8,K230_local_fanout_only,track:U1:R18:L8:410:3,track:U1:B17:L8:390:0,8.1933686029,8.0917686029,False,3,0.1195,0.3585,False,False,False,
DDR_DQA12,DDR_DQB7,A_BYTE1,B_BYTE0,L8,all_inner_layer_traces,track:U1:R18:L8:410:3,track:U1:B17:L8:390:0,8.1933686029,8.0917686029,False,3,0.1195,0.3585,False,False,False,
DDR_DQA12,DDR_DQSA1_N,A_BYTE1,A_BYTE1,L8,K230_local_fanout_only,track:U1:R18:L8:410:0,track:U1:V19:L8:370:3,1.7819516162,1.6803516162,False,3,0.1195,0.3585,False,False,False,
DDR_DQA12,DDR_DQSA1_N,A_BYTE1,A_BYTE1,L8,actual_interconnect_only,track:DDR_DQA12:L8:732:7,track:DDR_DQSA1_N:L8:714:0,0.939269164,0.837669164,False,3,0.1195,0.3585,False,False,False,
DDR_DQA12,DDR_DQSA1_N,A_BYTE1,A_BYTE1,L8,all_inner_layer_traces,track:DDR_DQA12:L8:732:7,track:DDR_DQSA1_N:L8:714:0,0.939269164,0.837669164,False,3,0.1195,0.3585,False,False,False,
DDR_DQA12,DDR_DQSA1_P,A_BYTE1,A_BYTE1,L8,K230_local_fanout_only,track:U1:R18:L8:410:0,track:U1:V20:L8:369:0,2.1801662781,2.0785662781,False,3,0.1195,0.3585,False,False,False,
DDR_DQA12,DDR_DQSA1_P,A_BYTE1,A_BYTE1,L8,actual_interconnect_only,track:DDR_DQA12:L8:732:7,track:DDR_DQSA1_P:L8:713:2,1.3142399182,1.2126399182,False,3,0.1195,0.3585,False,False,False,
DDR_DQA12,DDR_DQSA1_P,A_BYTE1,A_BYTE1,L8,all_inner_layer_traces,track:DDR_DQA12:L8:732:7,track:DDR_DQSA1_P:L8:713:2,1.3142399182,1.2126399182,False,3,0.1195,0.3585,False,False,False,
DDR_DQA12,DDR_DQSB0_N,A_BYTE1,B_BYTE0,L8,K230_local_fanout_only,track:U1:R18:L8:410:3,track:U1:A15:L8:372:0,9.0858427822,8.9842427822,False,3,0.1195,0.3585,False,False,False,
DDR_DQA12,DDR_DQSB0_N,A_BYTE1,B_BYTE0,L8,actual_interconnect_only,track:DDR_DQA12:L8:732:0,track:DDR_DQSB0_N:L8:715:19,7.6665695759,7.5649695759,False,3,0.1195,0.3585,False,False,False,
DDR_DQA12,DDR_DQSB0_N,A_BYTE1,B_BYTE0,L8,all_inner_layer_traces,track:DDR_DQA12:L8:732:0,track:DDR_DQSB0_N:L8:715:19,7.6665695759,7.5649695759,False,3,0.1195,0.3585,False,False,False,
DDR_DQA12,DDR_DQSB0_P,A_BYTE1,B_BYTE0,L8,K230_local_fanout_only,track:U1:R18:L8:410:3,track:U1:B15:L8:371:0,8.4597599885,8.3581599885,False,3,0.1195,0.3585,False,False,False,
DDR_DQA12,DDR_DQSB0_P,A_BYTE1,B_BYTE0,L8,actual_interconnect_only,track:DDR_DQA12:L8:732:0,track:DDR_DQSB0_P:L8:716:21,8.1991639246,8.0975639246,False,3,0.1195,0.3585,False,False,False,
DDR_DQA12,DDR_DQSB0_P,A_BYTE1,B_BYTE0,L8,all_inner_layer_traces,track:DDR_DQA12:L8:732:0,track:DDR_DQSB0_P:L8:716:21,8.1991639246,8.0975639246,False,3,0.1195,0.3585,False,False,False,
DDR_DQA13,DDR_DQA14,A_BYTE1,A_BYTE1,L8,K230_local_fanout_only,track:U1:T18:L8:411:0,track:U1:U18:L8:412:3,0.325,0.2234,False,2,0.1195,0.239,True,True,False,
DDR_DQA13,DDR_DQA14,A_BYTE1,A_BYTE1,L8,actual_interconnect_only,track:DDR_DQA13:L8:731:0,track:DDR_DQA14:L8:733:0,0.65,0.5484,False,2,0.1195,0.239,False,False,False,
DDR_DQA13,DDR_DQA14,A_BYTE1,A_BYTE1,L8,all_inner_layer_traces,track:U1:T18:L8:411:0,track:U1:U18:L8:412:3,0.325,0.2234,False,2,0.1195,0.239,True,True,False,
DDR_DQA13,DDR_DQA15,A_BYTE1,A_BYTE1,L8,K230_local_fanout_only,track:U1:T18:L8:411:0,track:U1:U20:L8:385:0,0.7267220927,0.6251220927,False,2,0.1195,0.239,False,False,False,
DDR_DQA13,DDR_DQA15,A_BYTE1,A_BYTE1,L8,all_inner_layer_traces,track:U1:T18:L8:411:0,track:U1:U20:L8:385:0,0.7267220927,0.6251220927,False,2,0.1195,0.239,False,False,False,
DDR_DQA13,DDR_DQA8,A_BYTE1,A_BYTE1,L8,K230_local_fanout_only,track:U1:T18:L8:411:0,track:U1:W19:L8:399:3,1.6270299821,1.5254299821,False,2,0.1195,0.239,False,False,False,
DDR_DQA13,DDR_DQA8,A_BYTE1,A_BYTE1,L8,actual_interconnect_only,track:DDR_DQA13:L8:731:0,track:DDR_DQA8:L8:727:0,1.95,1.8484,False,2,0.1195,0.239,False,False,False,
DDR_DQA13,DDR_DQA8,A_BYTE1,A_BYTE1,L8,all_inner_layer_traces,track:U1:T18:L8:411:0,track:U1:W19:L8:399:3,1.6270299821,1.5254299821,False,2,0.1195,0.239,False,False,False,
DDR_DQA13,DDR_DQA9,A_BYTE1,A_BYTE1,L8,K230_local_fanout_only,track:U1:T18:L8:411:0,track:U1:T17:L8:425:0,0.325,0.2234,False,2,0.1195,0.239,True,True,False,
DDR_DQA13,DDR_DQA9,A_BYTE1,A_BYTE1,L8,actual_interconnect_only,track:DDR_DQA13:L8:731:5,track:DDR_DQA9:L8:734:8,0.975,0.8734,False,2,0.1195,0.239,False,False,False,
DDR_DQA13,DDR_DQA9,A_BYTE1,A_BYTE1,L8,all_inner_layer_traces,track:U1:T18:L8:411:0,track:U1:T17:L8:425:0,0.325,0.2234,False,2,0.1195,0.239,True,True,False,
DDR_DQA13,DDR_DQB0,A_BYTE1,B_BYTE0,L8,K230_local_fanout_only,track:U1:T18:L8:411:0,track:U1:A14:L8:379:0,10.0907135526,9.9891135526,False,3,0.1195,0.3585,False,False,False,
DDR_DQA13,DDR_DQB0,A_BYTE1,B_BYTE0,L8,actual_interconnect_only,track:DDR_DQA13:L8:731:0,track:DDR_DQB0:L8:746:17,10.6266487691,10.5250487691,False,3,0.1195,0.3585,False,False,False,
DDR_DQA13,DDR_DQB0,A_BYTE1,B_BYTE0,L8,all_inner_layer_traces,track:U1:T18:L8:411:0,track:U1:A14:L8:379:0,10.0907135526,9.9891135526,False,3,0.1195,0.3585,False,False,False,
DDR_DQA13,DDR_DQB1,A_BYTE1,B_BYTE0,L8,K230_local_fanout_only,track:U1:T18:L8:411:3,track:U1:A17:L8:380:0,9.5781999385,9.4765999385,False,3,0.1195,0.3585,False,False,False,
DDR_DQA13,DDR_DQB1,A_BYTE1,B_BYTE0,L8,all_inner_layer_traces,track:U1:T18:L8:411:3,track:U1:A17:L8:380:0,9.5781999385,9.4765999385,False,3,0.1195,0.3585,False,False,False,
DDR_DQA13,DDR_DQB2,A_BYTE1,B_BYTE0,L8,K230_local_fanout_only,track:U1:T18:L8:411:0,track:U1:C14:L8:400:0,8.8409558307,8.7393558307,False,3,0.1195,0.3585,False,False,False,
DDR_DQA13,DDR_DQB2,A_BYTE1,B_BYTE0,L8,all_inner_layer_traces,track:U1:T18:L8:411:0,track:U1:C14:L8:400:0,8.8409558307,8.7393558307,False,3,0.1195,0.3585,False,False,False,
DDR_DQA13,DDR_DQB3,A_BYTE1,B_BYTE0,L8,K230_local_fanout_only,track:U1:T18:L8:411:0,track:U1:B14:L8:388:0,9.4641428561,9.3625428561,False,3,0.1195,0.3585,False,False,False,
DDR_DQA13,DDR_DQB3,A_BYTE1,B_BYTE0,L8,actual_interconnect_only,track:DDR_DQA13:L8:731:0,track:DDR_DQB3:L8:748:17,2.6,2.4984,False,3,0.1195,0.3585,False,False,False,
DDR_DQA13,DDR_DQB3,A_BYTE1,B_BYTE0,L8,all_inner_layer_traces,track:U1:T18:L8:411:3,track:DDR_DQB3:L8:748:17,2.6,2.4984,False,3,0.1195,0.3585,False,False,False,
DDR_DQA13,DDR_DQB4,A_BYTE1,B_BYTE0,L8,K230_local_fanout_only,track:U1:T18:L8:411:0,track:U1:D14:L8:416:0,8.2219219164,8.1203219164,False,3,0.1195,0.3585,False,False,False,
DDR_DQA13,DDR_DQB4,A_BYTE1,B_BYTE0,L8,actual_interconnect_only,track:DDR_DQA13:L8:731:0,track:DDR_DQB4:L8:747:38,7.5786320707,7.4770320707,False,3,0.1195,0.3585,False,False,False,
DDR_DQA13,DDR_DQB4,A_BYTE1,B_BYTE0,L8,all_inner_layer_traces,track:DDR_DQA13:L8:731:0,track:DDR_DQB4:L8:747:38,7.5786320707,7.4770320707,False,3,0.1195,0.3585,False,False,False,
DDR_DQA13,DDR_DQB5,A_BYTE1,B_BYTE0,L8,K230_local_fanout_only,track:U1:T18:L8:411:3,track:U1:B16:L8:389:0,9.0858427822,8.9842427822,False,3,0.1195,0.3585,False,False,False,
DDR_DQA13,DDR_DQB5,A_BYTE1,B_BYTE0,L8,all_inner_layer_traces,track:U1:T18:L8:411:3,track:U1:B16:L8:389:0,9.0858427822,8.9842427822,False,3,0.1195,0.3585,False,False,False,
DDR_DQA13,DDR_DQB6,A_BYTE1,B_BYTE0,L8,K230_local_fanout_only,track:U1:T18:L8:411:3,track:U1:C16:L8:402:4,7.8,7.6984,False,3,0.1195,0.3585,False,False,False,
DDR_DQA13,DDR_DQB6,A_BYTE1,B_BYTE0,L8,actual_interconnect_only,track:DDR_DQA13:L8:731:0,track:DDR_DQB6:L8:737:0,7.8,7.6984,False,3,0.1195,0.3585,False,False,False,
DDR_DQA13,DDR_DQB6,A_BYTE1,B_BYTE0,L8,all_inner_layer_traces,track:U1:T18:L8:411:3,track:U1:C16:L8:402:4,7.8,7.6984,False,3,0.1195,0.3585,False,False,False,
DDR_DQA13,DDR_DQB7,A_BYTE1,B_BYTE0,L8,K230_local_fanout_only,track:U1:T18:L8:411:3,track:U1:B17:L8:390:0,8.9393464002,8.8377464002,False,3,0.1195,0.3585,False,False,False,
DDR_DQA13,DDR_DQB7,A_BYTE1,B_BYTE0,L8,all_inner_layer_traces,track:U1:T18:L8:411:3,track:U1:B17:L8:390:0,8.9393464002,8.8377464002,False,3,0.1195,0.3585,False,False,False,
DDR_DQA13,DDR_DQSA1_N,A_BYTE1,A_BYTE1,L8,K230_local_fanout_only,track:U1:T18:L8:411:0,track:U1:V19:L8:370:3,0.9783795595,0.8767795595,False,3,0.1195,0.3585,False,False,False,
DDR_DQA13,DDR_DQSA1_N,A_BYTE1,A_BYTE1,L8,actual_interconnect_only,track:DDR_DQA13:L8:731:1,track:DDR_DQSA1_N:L8:714:0,0.5450415695,0.4434415695,False,3,0.1195,0.3585,False,False,False,
DDR_DQA13,DDR_DQSA1_N,A_BYTE1,A_BYTE1,L8,all_inner_layer_traces,track:DDR_DQA13:L8:731:1,track:DDR_DQSA1_N:L8:714:0,0.5450415695,0.4434415695,False,3,0.1195,0.3585,False,False,False,
DDR_DQA13,DDR_DQSA1_P,A_BYTE1,A_BYTE1,L8,K230_local_fanout_only,track:U1:T18:L8:411:0,track:U1:V20:L8:369:0,1.3400093283,1.2384093283,False,3,0.1195,0.3585,False,False,False,
DDR_DQA13,DDR_DQSA1_P,A_BYTE1,A_BYTE1,L8,actual_interconnect_only,track:DDR_DQA13:L8:731:3,track:DDR_DQSA1_P:L8:713:2,0.8636993473,0.7620993473,False,3,0.1195,0.3585,False,False,False,
DDR_DQA13,DDR_DQSA1_P,A_BYTE1,A_BYTE1,L8,all_inner_layer_traces,track:DDR_DQA13:L8:731:3,track:DDR_DQSA1_P:L8:713:2,0.8636993473,0.7620993473,False,3,0.1195,0.3585,False,False,False,
DDR_DQA13,DDR_DQSB0_N,A_BYTE1,B_BYTE0,L8,K230_local_fanout_only,track:U1:T18:L8:411:3,track:U1:A15:L8:372:0,9.8928339753,9.7912339753,False,3,0.1195,0.3585,False,False,False,
DDR_DQA13,DDR_DQSB0_N,A_BYTE1,B_BYTE0,L8,actual_interconnect_only,track:DDR_DQA13:L8:731:0,track:DDR_DQSB0_N:L8:715:19,8.5764598794,8.4748598794,False,3,0.1195,0.3585,False,False,False,
DDR_DQA13,DDR_DQSB0_N,A_BYTE1,B_BYTE0,L8,all_inner_layer_traces,track:DDR_DQA13:L8:731:0,track:DDR_DQSB0_N:L8:715:19,8.5764598794,8.4748598794,False,3,0.1195,0.3585,False,False,False,
DDR_DQA13,DDR_DQSB0_P,A_BYTE1,B_BYTE0,L8,K230_local_fanout_only,track:U1:T18:L8:411:3,track:U1:B15:L8:371:0,9.2756759356,9.1740759356,False,3,0.1195,0.3585,False,False,False,
DDR_DQA13,DDR_DQSB0_P,A_BYTE1,B_BYTE0,L8,actual_interconnect_only,track:DDR_DQA13:L8:731:0,track:DDR_DQSB0_P:L8:716:21,9.1022340149,9.0006340149,False,3,0.1195,0.3585,False,False,False,
DDR_DQA13,DDR_DQSB0_P,A_BYTE1,B_BYTE0,L8,all_inner_layer_traces,track:DDR_DQA13:L8:731:0,track:DDR_DQSB0_P:L8:716:21,9.1022340149,9.0006340149,False,3,0.1195,0.3585,False,False,False,
DDR_DQA14,DDR_DQA15,A_BYTE1,A_BYTE1,L8,K230_local_fanout_only,track:U1:U18:L8:412:4,track:U1:U20:L8:385:0,0.325,0.2234,False,2,0.1195,0.239,True,True,False,
DDR_DQA14,DDR_DQA15,A_BYTE1,A_BYTE1,L8,all_inner_layer_traces,track:U1:U18:L8:412:4,track:U1:U20:L8:385:0,0.325,0.2234,False,2,0.1195,0.239,True,True,False,
DDR_DQA14,DDR_DQA8,A_BYTE1,A_BYTE1,L8,K230_local_fanout_only,track:U1:U18:L8:412:0,track:U1:W19:L8:399:3,1.21875,1.11715,False,2,0.1195,0.239,False,False,False,
DDR_DQA14,DDR_DQA8,A_BYTE1,A_BYTE1,L8,actual_interconnect_only,track:DDR_DQA14:L8:733:8,track:DDR_DQA8:L8:727:7,0.2088846871,0.1072846871,False,2,0.1195,0.239,True,True,True,
DDR_DQA14,DDR_DQA8,A_BYTE1,A_BYTE1,L8,all_inner_layer_traces,track:DDR_DQA14:L8:733:8,track:DDR_DQA8:L8:727:7,0.2088846871,0.1072846871,False,2,0.1195,0.239,True,True,True,
DDR_DQA14,DDR_DQA9,A_BYTE1,A_BYTE1,L8,K230_local_fanout_only,track:U1:U18:L8:412:0,track:U1:T17:L8:425:1,0.325,0.2234,False,2,0.1195,0.239,True,True,False,
DDR_DQA14,DDR_DQA9,A_BYTE1,A_BYTE1,L8,actual_interconnect_only,track:DDR_DQA14:L8:733:35,track:DDR_DQA9:L8:734:8,0.325,0.2234,False,2,0.1195,0.239,True,True,False,
DDR_DQA14,DDR_DQA9,A_BYTE1,A_BYTE1,L8,all_inner_layer_traces,track:U1:U18:L8:412:0,track:U1:T17:L8:425:1,0.325,0.2234,False,2,0.1195,0.239,True,True,False,
DDR_DQA14,DDR_DQB0,A_BYTE1,B_BYTE0,L8,K230_local_fanout_only,track:U1:U18:L8:412:3,track:U1:A14:L8:379:0,10.5139509254,10.4123509254,False,3,0.1195,0.3585,False,False,False,
DDR_DQA14,DDR_DQB0,A_BYTE1,B_BYTE0,L8,actual_interconnect_only,track:DDR_DQA14:L8:733:0,track:DDR_DQB0:L8:746:0,11.1167103947,11.0151103947,False,3,0.1195,0.3585,False,False,False,
DDR_DQA14,DDR_DQB0,A_BYTE1,B_BYTE0,L8,all_inner_layer_traces,track:U1:U18:L8:412:3,track:U1:A14:L8:379:0,10.5139509254,10.4123509254,False,3,0.1195,0.3585,False,False,False,
DDR_DQA14,DDR_DQB1,A_BYTE1,B_BYTE0,L8,K230_local_fanout_only,track:U1:U18:L8:412:3,track:U1:A17:L8:380:0,10.1302166345,10.0286166345,False,3,0.1195,0.3585,False,False,False,
DDR_DQA14,DDR_DQB1,A_BYTE1,B_BYTE0,L8,all_inner_layer_traces,track:U1:U18:L8:412:3,track:U1:A17:L8:380:0,10.1302166345,10.0286166345,False,3,0.1195,0.3585,False,False,False,
DDR_DQA14,DDR_DQB2,A_BYTE1,B_BYTE0,L8,K230_local_fanout_only,track:U1:U18:L8:412:3,track:U1:C14:L8:400:0,9.2756759356,9.1740759356,False,3,0.1195,0.3585,False,False,False,
DDR_DQA14,DDR_DQB2,A_BYTE1,B_BYTE0,L8,all_inner_layer_traces,track:U1:U18:L8:412:3,track:U1:C14:L8:400:0,9.2756759356,9.1740759356,False,3,0.1195,0.3585,False,False,False,
DDR_DQA14,DDR_DQB3,A_BYTE1,B_BYTE0,L8,K230_local_fanout_only,track:U1:U18:L8:412:3,track:U1:B14:L8:388:0,9.8928339753,9.7912339753,False,3,0.1195,0.3585,False,False,False,
DDR_DQA14,DDR_DQB3,A_BYTE1,B_BYTE0,L8,actual_interconnect_only,track:DDR_DQA14:L8:733:0,track:DDR_DQB3:L8:748:17,3.25,3.1484,False,3,0.1195,0.3585,False,False,False,
DDR_DQA14,DDR_DQB3,A_BYTE1,B_BYTE0,L8,all_inner_layer_traces,track:U1:U18:L8:412:3,track:DDR_DQB3:L8:748:17,3.25,3.1484,False,3,0.1195,0.3585,False,False,False,
DDR_DQA14,DDR_DQB4,A_BYTE1,B_BYTE0,L8,K230_local_fanout_only,track:U1:U18:L8:412:3,track:U1:D14:L8:416:0,8.6633229227,8.5617229227,False,3,0.1195,0.3585,False,False,False,
DDR_DQA14,DDR_DQB4,A_BYTE1,B_BYTE0,L8,actual_interconnect_only,track:DDR_DQA14:L8:733:35,track:DDR_DQB4:L8:747:38,9.9403219264,9.8387219264,False,3,0.1195,0.3585,False,False,False,
DDR_DQA14,DDR_DQB4,A_BYTE1,B_BYTE0,L8,all_inner_layer_traces,track:U1:U18:L8:412:3,track:U1:D14:L8:416:0,8.6633229227,8.5617229227,False,3,0.1195,0.3585,False,False,False,
DDR_DQA14,DDR_DQB5,A_BYTE1,B_BYTE0,L8,K230_local_fanout_only,track:U1:U18:L8:412:3,track:U1:B16:L8:389:0,9.5781999385,9.4765999385,False,3,0.1195,0.3585,False,False,False,
DDR_DQA14,DDR_DQB5,A_BYTE1,B_BYTE0,L8,all_inner_layer_traces,track:U1:U18:L8:412:3,track:U1:B16:L8:389:0,9.5781999385,9.4765999385,False,3,0.1195,0.3585,False,False,False,
DDR_DQA14,DDR_DQB6,A_BYTE1,B_BYTE0,L8,K230_local_fanout_only,track:U1:U18:L8:412:3,track:U1:C16:L8:402:4,8.45,8.3484,False,3,0.1195,0.3585,False,False,False,
DDR_DQA14,DDR_DQB6,A_BYTE1,B_BYTE0,L8,actual_interconnect_only,track:DDR_DQA14:L8:733:0,track:DDR_DQB6:L8:737:0,8.45,8.3484,False,3,0.1195,0.3585,False,False,False,
DDR_DQA14,DDR_DQB6,A_BYTE1,B_BYTE0,L8,all_inner_layer_traces,track:U1:U18:L8:412:3,track:U1:C16:L8:402:4,8.45,8.3484,False,3,0.1195,0.3585,False,False,False,
DDR_DQA14,DDR_DQB7,A_BYTE1,B_BYTE0,L8,K230_local_fanout_only,track:U1:U18:L8:412:3,track:U1:B17:L8:390:0,9.4840017431,9.3824017431,False,3,0.1195,0.3585,False,False,False,
DDR_DQA14,DDR_DQB7,A_BYTE1,B_BYTE0,L8,all_inner_layer_traces,track:U1:U18:L8:412:3,track:U1:B17:L8:390:0,9.4840017431,9.3824017431,False,3,0.1195,0.3585,False,False,False,
DDR_DQA14,DDR_DQSA1_N,A_BYTE1,A_BYTE1,L8,K230_local_fanout_only,track:U1:U18:L8:412:4,track:U1:V19:L8:370:3,0.65,0.5484,False,3,0.1195,0.3585,False,False,False,
DDR_DQA14,DDR_DQSA1_N,A_BYTE1,A_BYTE1,L8,actual_interconnect_only,track:DDR_DQA14:L8:733:0,track:DDR_DQSA1_N:L8:714:0,0.65,0.5484,False,3,0.1195,0.3585,False,False,False,
DDR_DQA14,DDR_DQSA1_N,A_BYTE1,A_BYTE1,L8,all_inner_layer_traces,track:DDR_DQA14:L8:733:3,track:U1:V19:L8:370:0,0.325,0.2234,False,3,0.1195,0.3585,True,True,False,
DDR_DQA14,DDR_DQSA1_P,A_BYTE1,A_BYTE1,L8,K230_local_fanout_only,track:U1:U18:L8:412:4,track:U1:V20:L8:369:0,0.975,0.8734,False,3,0.1195,0.3585,False,False,False,
DDR_DQA14,DDR_DQSA1_P,A_BYTE1,A_BYTE1,L8,actual_interconnect_only,track:DDR_DQA14:L8:733:6,track:DDR_DQSA1_P:L8:713:1,0.8125,0.7109,False,3,0.1195,0.3585,False,False,False,
DDR_DQA14,DDR_DQSA1_P,A_BYTE1,A_BYTE1,L8,all_inner_layer_traces,track:DDR_DQA14:L8:733:6,track:DDR_DQSA1_P:L8:713:1,0.8125,0.7109,False,3,0.1195,0.3585,False,False,False,
DDR_DQA14,DDR_DQSB0_N,A_BYTE1,B_BYTE0,L8,K230_local_fanout_only,track:U1:U18:L8:412:3,track:U1:A15:L8:372:0,10.3468613145,10.2452613145,False,3,0.1195,0.3585,False,False,False,
DDR_DQA14,DDR_DQSB0_N,A_BYTE1,B_BYTE0,L8,actual_interconnect_only,track:DDR_DQA14:L8:733:35,track:DDR_DQSB0_N:L8:715:19,10.867497412,10.765897412,False,3,0.1195,0.3585,False,False,False,
DDR_DQA14,DDR_DQSB0_N,A_BYTE1,B_BYTE0,L8,all_inner_layer_traces,track:U1:U18:L8:412:3,track:U1:A15:L8:372:0,10.3468613145,10.2452613145,False,3,0.1195,0.3585,False,False,False,
DDR_DQA14,DDR_DQSB0_P,A_BYTE1,B_BYTE0,L8,K230_local_fanout_only,track:U1:U18:L8:412:3,track:U1:B15:L8:371:0,9.7150676304,9.6134676304,False,3,0.1195,0.3585,False,False,False,
DDR_DQA14,DDR_DQSB0_P,A_BYTE1,B_BYTE0,L8,actual_interconnect_only,track:DDR_DQA14:L8:733:0,track:DDR_DQSB0_P:L8:716:0,11.0356524501,10.9340524501,False,3,0.1195,0.3585,False,False,False,
DDR_DQA14,DDR_DQSB0_P,A_BYTE1,B_BYTE0,L8,all_inner_layer_traces,track:U1:U18:L8:412:3,track:U1:B15:L8:371:0,9.7150676304,9.6134676304,False,3,0.1195,0.3585,False,False,False,
DDR_DQA15,DDR_DQA8,A_BYTE1,A_BYTE1,L8,K230_local_fanout_only,track:U1:U20:L8:385:0,track:U1:W19:L8:399:4,0.975,0.8734,False,2,0.1195,0.239,False,False,False,
DDR_DQA15,DDR_DQA8,A_BYTE1,A_BYTE1,L8,all_inner_layer_traces,track:U1:U20:L8:385:0,track:U1:W19:L8:399:4,0.975,0.8734,False,2,0.1195,0.239,False,False,False,
DDR_DQA15,DDR_DQA9,A_BYTE1,A_BYTE1,L8,K230_local_fanout_only,track:U1:U20:L8:385:0,track:U1:T17:L8:425:1,1.625,1.5234,False,2,0.1195,0.239,False,False,False,
DDR_DQA15,DDR_DQA9,A_BYTE1,A_BYTE1,L8,all_inner_layer_traces,track:U1:U20:L8:385:0,track:U1:T17:L8:425:1,1.625,1.5234,False,2,0.1195,0.239,False,False,False,
DDR_DQA15,DDR_DQB0,A_BYTE1,B_BYTE0,L8,K230_local_fanout_only,track:U1:U20:L8:385:0,track:U1:A14:L8:379:0,11.1072048689,11.0056048689,False,3,0.1195,0.3585,False,False,False,
DDR_DQA15,DDR_DQB0,A_BYTE1,B_BYTE0,L8,all_inner_layer_traces,track:U1:U20:L8:385:0,track:U1:A14:L8:379:0,11.1072048689,11.0056048689,False,3,0.1195,0.3585,False,False,False,
DDR_DQA15,DDR_DQB1,A_BYTE1,B_BYTE0,L8,K230_local_fanout_only,track:U1:U20:L8:385:0,track:U1:A17:L8:380:0,10.5812333875,10.4796333875,False,3,0.1195,0.3585,False,False,False,
DDR_DQA15,DDR_DQB1,A_BYTE1,B_BYTE0,L8,all_inner_layer_traces,track:U1:U20:L8:385:0,track:U1:A17:L8:380:0,10.5812333875,10.4796333875,False,3,0.1195,0.3585,False,False,False,
DDR_DQA15,DDR_DQB2,A_BYTE1,B_BYTE0,L8,K230_local_fanout_only,track:U1:U20:L8:385:0,track:U1:C14:L8:400:0,9.9005050376,9.7989050376,False,3,0.1195,0.3585,False,False,False,
DDR_DQA15,DDR_DQB2,A_BYTE1,B_BYTE0,L8,all_inner_layer_traces,track:U1:U20:L8:385:0,track:U1:C14:L8:400:0,9.9005050376,9.7989050376,False,3,0.1195,0.3585,False,False,False,
DDR_DQA15,DDR_DQB3,A_BYTE1,B_BYTE0,L8,K230_local_fanout_only,track:U1:U20:L8:385:0,track:U1:B14:L8:388:0,10.5010713739,10.3994713739,False,3,0.1195,0.3585,False,False,False,
DDR_DQA15,DDR_DQB3,A_BYTE1,B_BYTE0,L8,all_inner_layer_traces,track:U1:U20:L8:385:0,track:DDR_DQB3:L8:748:17,3.575,3.4734,False,3,0.1195,0.3585,False,False,False,
DDR_DQA15,DDR_DQB4,A_BYTE1,B_BYTE0,L8,K230_local_fanout_only,track:U1:U20:L8:385:0,track:U1:D14:L8:416:0,9.3065836911,9.2049836911,False,3,0.1195,0.3585,False,False,False,
DDR_DQA15,DDR_DQB4,A_BYTE1,B_BYTE0,L8,all_inner_layer_traces,track:U1:U20:L8:385:0,track:U1:D14:L8:416:0,9.3065836911,9.2049836911,False,3,0.1195,0.3585,False,False,False,
DDR_DQA15,DDR_DQB5,A_BYTE1,B_BYTE0,L8,K230_local_fanout_only,track:U1:U20:L8:385:0,track:U1:B16:L8:389:0,10.0907135526,9.9891135526,False,3,0.1195,0.3585,False,False,False,
DDR_DQA15,DDR_DQB5,A_BYTE1,B_BYTE0,L8,all_inner_layer_traces,track:U1:U20:L8:385:0,track:U1:B16:L8:389:0,10.0907135526,9.9891135526,False,3,0.1195,0.3585,False,False,False,
DDR_DQA15,DDR_DQB6,A_BYTE1,B_BYTE0,L8,K230_local_fanout_only,track:U1:U20:L8:385:0,track:U1:C16:L8:402:4,8.775,8.6734,False,3,0.1195,0.3585,False,False,False,
DDR_DQA15,DDR_DQB6,A_BYTE1,B_BYTE0,L8,all_inner_layer_traces,track:U1:U20:L8:385:0,track:U1:C16:L8:402:4,8.775,8.6734,False,3,0.1195,0.3585,False,False,False,
DDR_DQA15,DDR_DQB7,A_BYTE1,B_BYTE0,L8,K230_local_fanout_only,track:U1:U20:L8:385:0,track:U1:B17:L8:390:0,9.9430880515,9.8414880515,False,3,0.1195,0.3585,False,False,False,
DDR_DQA15,DDR_DQB7,A_BYTE1,B_BYTE0,L8,all_inner_layer_traces,track:U1:U20:L8:385:0,track:U1:B17:L8:390:0,9.9430880515,9.8414880515,False,3,0.1195,0.3585,False,False,False,
DDR_DQA15,DDR_DQSA1_N,A_BYTE1,A_BYTE1,L8,K230_local_fanout_only,track:U1:U20:L8:385:0,track:U1:V19:L8:370:4,0.325,0.2234,False,3,0.1195,0.3585,True,True,False,
DDR_DQA15,DDR_DQSA1_N,A_BYTE1,A_BYTE1,L8,all_inner_layer_traces,track:U1:U20:L8:385:0,track:U1:V19:L8:370:4,0.325,0.2234,False,3,0.1195,0.3585,True,True,False,
DDR_DQA15,DDR_DQSA1_P,A_BYTE1,A_BYTE1,L8,K230_local_fanout_only,track:U1:U20:L8:385:0,track:U1:V20:L8:369:0,0.65,0.5484,False,3,0.1195,0.3585,False,False,False,
DDR_DQA15,DDR_DQSA1_P,A_BYTE1,A_BYTE1,L8,all_inner_layer_traces,track:U1:U20:L8:385:0,track:U1:V20:L8:369:0,0.65,0.5484,False,3,0.1195,0.3585,False,False,False,
DDR_DQA15,DDR_DQSB0_N,A_BYTE1,B_BYTE0,L8,K230_local_fanout_only,track:U1:U20:L8:385:0,track:U1:A15:L8:372:0,10.8959854993,10.7943854993,False,3,0.1195,0.3585,False,False,False,
DDR_DQA15,DDR_DQSB0_N,A_BYTE1,B_BYTE0,L8,all_inner_layer_traces,track:U1:U20:L8:385:0,track:U1:A15:L8:372:0,10.8959854993,10.7943854993,False,3,0.1195,0.3585,False,False,False,
DDR_DQA15,DDR_DQSB0_P,A_BYTE1,B_BYTE0,L8,K230_local_fanout_only,track:U1:U20:L8:385:0,track:U1:B15:L8:371:0,10.2774023955,10.1758023955,False,3,0.1195,0.3585,False,False,False,
DDR_DQA15,DDR_DQSB0_P,A_BYTE1,B_BYTE0,L8,all_inner_layer_traces,track:U1:U20:L8:385:0,track:U1:B15:L8:371:0,10.2774023955,10.1758023955,False,3,0.1195,0.3585,False,False,False,
DDR_DQA2,DDR_DQA3,A_BYTE0,A_BYTE0,L3,K230_local_fanout_only,track:U1:U17:L3:427:0,track:U1:T16:L3:430:0,0.7267220927,0.6251220927,False,2,0.13,0.26,False,False,False,
DDR_DQA2,DDR_DQA3,A_BYTE0,A_BYTE0,L3,actual_interconnect_only,track:DDR_DQA2:L3:745:48,track:DDR_DQA3:L3:741:39,0.65,0.5484,False,2,0.13,0.26,False,False,False,
DDR_DQA2,DDR_DQA3,A_BYTE0,A_BYTE0,L3,all_inner_layer_traces,track:DDR_DQA2:L3:745:48,track:DDR_DQA3:L3:741:39,0.65,0.5484,False,2,0.13,0.26,False,False,False,
DDR_DQA2,DDR_DQA4,A_BYTE0,A_BYTE0,L3,K230_local_fanout_only,track:U1:U17:L3:427:0,track:U1:U16:L3:426:0,0.325,0.2234,False,2,0.13,0.26,True,True,False,
DDR_DQA2,DDR_DQA4,A_BYTE0,A_BYTE0,L3,actual_interconnect_only,track:DDR_DQA2:L3:745:48,track:DDR_DQA4:L3:735:3,1.7269916039,1.6253916039,False,2,0.13,0.26,False,False,False,
DDR_DQA2,DDR_DQA4,A_BYTE0,A_BYTE0,L3,all_inner_layer_traces,track:U1:U17:L3:427:0,track:U1:U16:L3:426:0,0.325,0.2234,False,2,0.13,0.26,True,True,False,
DDR_DQA2,DDR_DQA5,A_BYTE0,A_BYTE0,L3,K230_local_fanout_only,track:U1:U17:L3:427:0,track:U1:V18:L3:415:0,0.7267220927,0.6251220927,False,2,0.13,0.26,False,False,False,
DDR_DQA2,DDR_DQA5,A_BYTE0,A_BYTE0,L3,actual_interconnect_only,track:DDR_DQA2:L3:745:48,track:DDR_DQA5:L3:736:7,1.6,1.4984,False,2,0.13,0.26,False,False,False,
DDR_DQA2,DDR_DQA5,A_BYTE0,A_BYTE0,L3,all_inner_layer_traces,track:U1:U17:L3:427:0,track:U1:V18:L3:415:0,0.7267220927,0.6251220927,False,2,0.13,0.26,False,False,False,
DDR_DQA2,DDR_DQA6,A_BYTE0,A_BYTE0,L3,K230_local_fanout_only,track:U1:U17:L3:427:0,track:U1:W18:L3:398:0,1.1718041645,1.0702041645,False,2,0.13,0.26,False,False,False,
DDR_DQA2,DDR_DQA6,A_BYTE0,A_BYTE0,L3,all_inner_layer_traces,track:U1:U17:L3:427:0,track:U1:W18:L3:398:0,1.1718041645,1.0702041645,False,2,0.13,0.26,False,False,False,
DDR_DQA2,DDR_DQA7,A_BYTE0,A_BYTE0,L3,K230_local_fanout_only,track:U1:U17:L3:427:0,track:U1:Y18:L3:387:0,1.7501785623,1.6485785623,False,2,0.13,0.26,False,False,False,
DDR_DQA2,DDR_DQA7,A_BYTE0,A_BYTE0,L3,all_inner_layer_traces,track:DDR_DQA2:L3:745:20,track:U1:Y18:L3:387:0,1.21875,1.11715,False,2,0.13,0.26,False,False,False,
DDR_DQA2,DDR_DQB10,A_BYTE0,B_BYTE1,L3,K230_local_fanout_only,track:U1:U17:L3:427:0,track:U1:D17:L3:418:0,8.45,8.3484,False,3,0.13,0.39,False,False,False,
DDR_DQA2,DDR_DQB10,A_BYTE0,B_BYTE1,L3,actual_interconnect_only,track:DDR_DQA2:L3:745:48,track:DDR_DQB10:L3:726:5,11.1014638674,10.9998638674,False,3,0.13,0.39,False,False,False,
DDR_DQA2,DDR_DQB10,A_BYTE0,B_BYTE1,L3,all_inner_layer_traces,track:U1:U17:L3:427:0,track:U1:D17:L3:418:0,8.45,8.3484,False,3,0.13,0.39,False,False,False,
DDR_DQA2,DDR_DQB11,A_BYTE0,B_BYTE1,L3,K230_local_fanout_only,track:U1:U17:L3:427:0,track:U1:E17:L3:419:3,7.4860312625,7.3844312625,False,3,0.13,0.39,False,False,False,
DDR_DQA2,DDR_DQB11,A_BYTE0,B_BYTE1,L3,actual_interconnect_only,track:DDR_DQA2:L3:745:48,track:DDR_DQB11:L3:724:1,10.6150836078,10.5134836078,False,3,0.13,0.39,False,False,False,
DDR_DQA2,DDR_DQB11,A_BYTE0,B_BYTE1,L3,all_inner_layer_traces,track:U1:U17:L3:427:0,track:U1:E17:L3:419:3,7.4860312625,7.3844312625,False,3,0.13,0.39,False,False,False,
DDR_DQA2,DDR_DQB12,A_BYTE0,B_BYTE1,L3,K230_local_fanout_only,track:U1:U17:L3:427:0,track:U1:E18:L3:406:0,7.8270364762,7.7254364762,False,3,0.13,0.39,False,False,False,
DDR_DQA2,DDR_DQB12,A_BYTE0,B_BYTE1,L3,actual_interconnect_only,track:DDR_DQA2:L3:745:48,track:DDR_DQB12:L3:730:6,9.3400013383,9.2384013383,False,3,0.13,0.39,False,False,False,
DDR_DQA2,DDR_DQB12,A_BYTE0,B_BYTE1,L3,all_inner_layer_traces,track:U1:U17:L3:427:0,track:DDR_DQB12:L3:730:6,6.825,6.7234,False,3,0.13,0.39,False,False,False,
DDR_DQA2,DDR_DQB13,A_BYTE0,B_BYTE1,L3,K230_local_fanout_only,track:U1:U17:L3:427:0,track:U1:D16:L3:417:0,8.4749631268,8.3733631268,False,3,0.13,0.39,False,False,False,
DDR_DQA2,DDR_DQB13,A_BYTE0,B_BYTE1,L3,actual_interconnect_only,track:DDR_DQA2:L3:745:48,track:DDR_DQB13:L3:738:23,10.1371840271,10.0355840271,False,3,0.13,0.39,False,False,False,
DDR_DQA2,DDR_DQB13,A_BYTE0,B_BYTE1,L3,all_inner_layer_traces,track:U1:U17:L3:427:0,track:U1:D16:L3:417:0,8.4749631268,8.3733631268,False,3,0.13,0.39,False,False,False,
DDR_DQA2,DDR_DQB14,A_BYTE0,B_BYTE1,L3,K230_local_fanout_only,track:U1:U17:L3:427:0,track:U1:C19:L3:392:0,9.1923881554,9.0907881554,False,3,0.13,0.39,False,False,False,
DDR_DQA2,DDR_DQB14,A_BYTE0,B_BYTE1,L3,all_inner_layer_traces,track:U1:U17:L3:427:0,track:U1:C19:L3:392:0,9.1923881554,9.0907881554,False,3,0.13,0.39,False,False,False,
DDR_DQA2,DDR_DQB15,A_BYTE0,B_BYTE1,L3,K230_local_fanout_only,track:U1:U17:L3:427:0,track:U1:B19:L3:391:0,9.8362848678,9.7346848678,False,3,0.13,0.39,False,False,False,
DDR_DQA2,DDR_DQB15,A_BYTE0,B_BYTE1,L3,all_inner_layer_traces,track:U1:U17:L3:427:0,track:U1:B19:L3:391:0,9.8362848678,9.7346848678,False,3,0.13,0.39,False,False,False,
DDR_DQA2,DDR_DQB8,A_BYTE0,B_BYTE1,L3,K230_local_fanout_only,track:U1:U17:L3:427:0,track:U1:C18:L3:404:0,9.123184751,9.021584751,False,3,0.13,0.39,False,False,False,
DDR_DQA2,DDR_DQB8,A_BYTE0,B_BYTE1,L3,actual_interconnect_only,track:DDR_DQA2:L3:745:48,track:DDR_DQB8:L3:725:0,12.3832800582,12.2816800582,False,3,0.13,0.39,False,False,False,
DDR_DQA2,DDR_DQB8,A_BYTE0,B_BYTE1,L3,all_inner_layer_traces,track:U1:U17:L3:427:0,track:U1:C18:L3:404:0,9.123184751,9.021584751,False,3,0.13,0.39,False,False,False,
DDR_DQA2,DDR_DQB9,A_BYTE0,B_BYTE1,L3,K230_local_fanout_only,track:U1:U17:L3:427:0,track:U1:C17:L3:403:0,9.1,8.9984,False,3,0.13,0.39,False,False,False,
DDR_DQA2,DDR_DQB9,A_BYTE0,B_BYTE1,L3,all_inner_layer_traces,track:U1:U17:L3:427:0,track:U1:C17:L3:403:0,9.1,8.9984,False,3,0.13,0.39,False,False,False,
DDR_DQA2,DDR_DQSA0_N,A_BYTE0,A_BYTE0,L3,K230_local_fanout_only,track:U1:U17:L3:427:0,track:U1:Y17:L3:368:0,1.625,1.5234,False,3,0.13,0.39,False,False,False,
DDR_DQA2,DDR_DQSA0_N,A_BYTE0,A_BYTE0,L3,actual_interconnect_only,track:DDR_DQA2:L3:745:48,track:DDR_DQSA0_N:L3:711:41,0.8,0.6984,False,3,0.13,0.39,False,False,False,
DDR_DQA2,DDR_DQSA0_N,A_BYTE0,A_BYTE0,L3,all_inner_layer_traces,track:DDR_DQA2:L3:745:48,track:DDR_DQSA0_N:L3:711:41,0.8,0.6984,False,3,0.13,0.39,False,False,False,
DDR_DQA2,DDR_DQSA0_P,A_BYTE0,A_BYTE0,L3,K230_local_fanout_only,track:U1:U17:L3:427:0,track:U1:W17:L3:367:0,0.975,0.8734,False,3,0.13,0.39,False,False,False,
DDR_DQA2,DDR_DQSA0_P,A_BYTE0,A_BYTE0,L3,actual_interconnect_only,track:DDR_DQA2:L3:745:20,track:DDR_DQSA0_P:L3:712:7,0.73125,0.62965,False,3,0.13,0.39,False,False,False,
DDR_DQA2,DDR_DQSA0_P,A_BYTE0,A_BYTE0,L3,all_inner_layer_traces,track:DDR_DQA2:L3:745:20,track:DDR_DQSA0_P:L3:712:7,0.73125,0.62965,False,3,0.13,0.39,False,False,False,
DDR_DQA2,DDR_DQSB1_N,A_BYTE0,B_BYTE1,L3,K230_local_fanout_only,track:U1:U17:L3:427:0,track:U1:A18:L3:374:0,10.4202927022,10.3186927022,False,3,0.13,0.39,False,False,False,
DDR_DQA2,DDR_DQSB1_N,A_BYTE0,B_BYTE1,L3,actual_interconnect_only,track:DDR_DQA2:L3:745:48,track:DDR_DQSB1_N:L3:717:10,10.6001179239,10.4985179239,False,3,0.13,0.39,False,False,False,
DDR_DQA2,DDR_DQSB1_N,A_BYTE0,B_BYTE1,L3,all_inner_layer_traces,track:U1:U17:L3:427:0,track:DDR_DQSB1_N:L3:717:9,9.701467753,9.599867753,False,3,0.13,0.39,False,False,False,
DDR_DQA2,DDR_DQSB1_P,A_BYTE0,B_BYTE1,L3,K230_local_fanout_only,track:U1:U17:L3:427:0,track:U1:B18:L3:373:0,9.7716426459,9.6700426459,False,3,0.13,0.39,False,False,False,
DDR_DQA2,DDR_DQSB1_P,A_BYTE0,B_BYTE1,L3,actual_interconnect_only,track:DDR_DQA2:L3:745:48,track:DDR_DQSB1_P:L3:718:15,10.9414635675,10.8398635675,False,3,0.13,0.39,False,False,False,
DDR_DQA2,DDR_DQSB1_P,A_BYTE0,B_BYTE1,L3,all_inner_layer_traces,track:U1:U17:L3:427:0,track:U1:B18:L3:373:0,9.7716426459,9.6700426459,False,3,0.13,0.39,False,False,False,
DDR_DQA3,DDR_DQA4,A_BYTE0,A_BYTE0,L3,K230_local_fanout_only,track:U1:T16:L3:430:0,track:U1:U16:L3:426:3,0.3350023321,0.2334023321,False,2,0.13,0.26,True,True,False,
DDR_DQA3,DDR_DQA4,A_BYTE0,A_BYTE0,L3,actual_interconnect_only,track:DDR_DQA3:L3:741:0,track:DDR_DQA4:L3:735:0,0.65,0.5484,False,2,0.13,0.26,False,False,False,
DDR_DQA3,DDR_DQA4,A_BYTE0,A_BYTE0,L3,all_inner_layer_traces,track:U1:T16:L3:430:0,track:U1:U16:L3:426:3,0.3350023321,0.2334023321,False,2,0.13,0.26,True,True,False,
DDR_DQA3,DDR_DQA5,A_BYTE0,A_BYTE0,L3,K230_local_fanout_only,track:U1:T16:L3:430:0,track:U1:V18:L3:415:0,1.625,1.5234,False,2,0.13,0.26,False,False,False,
DDR_DQA3,DDR_DQA5,A_BYTE0,A_BYTE0,L3,actual_interconnect_only,track:DDR_DQA3:L3:741:39,track:DDR_DQA5:L3:736:7,1.7269916039,1.6253916039,False,2,0.13,0.26,False,False,False,
DDR_DQA3,DDR_DQA5,A_BYTE0,A_BYTE0,L3,all_inner_layer_traces,track:U1:T16:L3:430:0,track:U1:V18:L3:415:0,1.625,1.5234,False,2,0.13,0.26,False,False,False,
DDR_DQA3,DDR_DQA6,A_BYTE0,A_BYTE0,L3,K230_local_fanout_only,track:U1:T16:L3:430:0,track:U1:W18:L3:398:0,2.1801662781,2.0785662781,False,2,0.13,0.26,False,False,False,
DDR_DQA3,DDR_DQA6,A_BYTE0,A_BYTE0,L3,all_inner_layer_traces,track:U1:T16:L3:430:0,track:U1:W18:L3:398:0,2.1801662781,2.0785662781,False,2,0.13,0.26,False,False,False,
DDR_DQA3,DDR_DQA7,A_BYTE0,A_BYTE0,L3,K230_local_fanout_only,track:U1:T16:L3:430:0,track:U1:Y18:L3:387:0,2.7768012172,2.6752012172,False,2,0.13,0.26,False,False,False,
DDR_DQA3,DDR_DQA7,A_BYTE0,A_BYTE0,L3,all_inner_layer_traces,track:U1:T16:L3:430:0,track:U1:Y18:L3:387:0,2.7768012172,2.6752012172,False,2,0.13,0.26,False,False,False,
DDR_DQA3,DDR_DQB10,A_BYTE0,B_BYTE1,L3,K230_local_fanout_only,track:U1:T16:L3:430:4,track:U1:D17:L3:418:0,7.475,7.3734,False,3,0.13,0.39,False,False,False,
DDR_DQA3,DDR_DQB10,A_BYTE0,B_BYTE1,L3,actual_interconnect_only,track:DDR_DQA3:L3:741:12,track:DDR_DQB10:L3:726:5,1.625,1.5234,False,3,0.13,0.39,False,False,False,
DDR_DQA3,DDR_DQB10,A_BYTE0,B_BYTE1,L3,all_inner_layer_traces,track:DDR_DQA3:L3:741:12,track:DDR_DQB10:L3:726:5,1.625,1.5234,False,3,0.13,0.39,False,False,False,
DDR_DQA3,DDR_DQB11,A_BYTE0,B_BYTE1,L3,K230_local_fanout_only,track:U1:T16:L3:430:4,track:U1:E17:L3:419:3,6.5,6.3984,False,3,0.13,0.39,False,False,False,
DDR_DQA3,DDR_DQB11,A_BYTE0,B_BYTE1,L3,actual_interconnect_only,track:DDR_DQA3:L3:741:12,track:DDR_DQB11:L3:724:1,0.975,0.8734,False,3,0.13,0.39,False,False,False,
DDR_DQA3,DDR_DQB11,A_BYTE0,B_BYTE1,L3,all_inner_layer_traces,track:DDR_DQA3:L3:741:12,track:DDR_DQB11:L3:724:1,0.975,0.8734,False,3,0.13,0.39,False,False,False,
DDR_DQA3,DDR_DQB12,A_BYTE0,B_BYTE1,L3,K230_local_fanout_only,track:U1:T16:L3:430:4,track:U1:E18:L3:406:0,6.825,6.7234,False,3,0.13,0.39,False,False,False,
DDR_DQA3,DDR_DQB12,A_BYTE0,B_BYTE1,L3,actual_interconnect_only,track:DDR_DQA3:L3:741:11,track:DDR_DQB12:L3:730:5,0.65,0.5484,False,3,0.13,0.39,False,False,False,
DDR_DQA3,DDR_DQB12,A_BYTE0,B_BYTE1,L3,all_inner_layer_traces,track:DDR_DQA3:L3:741:11,track:DDR_DQB12:L3:730:5,0.65,0.5484,False,3,0.13,0.39,False,False,False,
DDR_DQA3,DDR_DQB13,A_BYTE0,B_BYTE1,L3,K230_local_fanout_only,track:U1:T16:L3:430:3,track:U1:D16:L3:417:0,7.4860312625,7.3844312625,False,3,0.13,0.39,False,False,False,
DDR_DQA3,DDR_DQB13,A_BYTE0,B_BYTE1,L3,actual_interconnect_only,track:DDR_DQA3:L3:741:12,track:DDR_DQB13:L3:738:23,1.6735067971,1.5719067971,False,3,0.13,0.39,False,False,False,
DDR_DQA3,DDR_DQB13,A_BYTE0,B_BYTE1,L3,all_inner_layer_traces,track:DDR_DQA3:L3:741:12,track:DDR_DQB13:L3:738:23,1.6735067971,1.5719067971,False,3,0.13,0.39,False,False,False,
DDR_DQA3,DDR_DQB14,A_BYTE0,B_BYTE1,L3,K230_local_fanout_only,track:U1:T16:L3:430:4,track:U1:C19:L3:392:0,8.125,8.0234,False,3,0.13,0.39,False,False,False,
DDR_DQA3,DDR_DQB14,A_BYTE0,B_BYTE1,L3,all_inner_layer_traces,track:DDR_DQA3:L3:741:12,track:U1:C19:L3:392:0,2.925,2.8234,False,3,0.13,0.39,False,False,False,
DDR_DQA3,DDR_DQB15,A_BYTE0,B_BYTE1,L3,K230_local_fanout_only,track:U1:T16:L3:430:4,track:U1:B19:L3:391:0,8.775,8.6734,False,3,0.13,0.39,False,False,False,
DDR_DQA3,DDR_DQB15,A_BYTE0,B_BYTE1,L3,all_inner_layer_traces,track:DDR_DQA3:L3:741:12,track:U1:B19:L3:391:0,3.575,3.4734,False,3,0.13,0.39,False,False,False,
DDR_DQA3,DDR_DQB8,A_BYTE0,B_BYTE1,L3,K230_local_fanout_only,track:U1:T16:L3:430:4,track:U1:C18:L3:404:0,8.125,8.0234,False,3,0.13,0.39,False,False,False,
DDR_DQA3,DDR_DQB8,A_BYTE0,B_BYTE1,L3,actual_interconnect_only,track:DDR_DQA3:L3:741:12,track:DDR_DQB8:L3:725:0,3.25,3.1484,False,3,0.13,0.39,False,False,False,
DDR_DQA3,DDR_DQB8,A_BYTE0,B_BYTE1,L3,all_inner_layer_traces,track:DDR_DQA3:L3:741:12,track:U1:C18:L3:404:0,2.925,2.8234,False,3,0.13,0.39,False,False,False,
DDR_DQA3,DDR_DQB9,A_BYTE0,B_BYTE1,L3,K230_local_fanout_only,track:U1:T16:L3:430:4,track:U1:C17:L3:403:0,8.125,8.0234,False,3,0.13,0.39,False,False,False,
DDR_DQA3,DDR_DQB9,A_BYTE0,B_BYTE1,L3,all_inner_layer_traces,track:DDR_DQA3:L3:741:12,track:U1:C17:L3:403:0,2.925,2.8234,False,3,0.13,0.39,False,False,False,
DDR_DQA3,DDR_DQSA0_N,A_BYTE0,A_BYTE0,L3,K230_local_fanout_only,track:U1:T16:L3:430:0,track:U1:Y17:L3:368:0,2.6202337682,2.5186337682,False,3,0.13,0.39,False,False,False,
DDR_DQA3,DDR_DQSA0_N,A_BYTE0,A_BYTE0,L3,actual_interconnect_only,track:DDR_DQA3:L3:741:39,track:DDR_DQSA0_N:L3:711:41,1.0307764064,0.9291764064,False,3,0.13,0.39,False,False,False,
DDR_DQA3,DDR_DQSA0_N,A_BYTE0,A_BYTE0,L3,all_inner_layer_traces,track:DDR_DQA3:L3:741:39,track:DDR_DQSA0_N:L3:711:41,1.0307764064,0.9291764064,False,3,0.13,0.39,False,False,False,
DDR_DQA3,DDR_DQSA0_P,A_BYTE0,A_BYTE0,L3,K230_local_fanout_only,track:U1:T16:L3:430:0,track:U1:W17:L3:367:0,1.9768978223,1.8752978223,False,3,0.13,0.39,False,False,False,
DDR_DQA3,DDR_DQSA0_P,A_BYTE0,A_BYTE0,L3,actual_interconnect_only,track:DDR_DQA3:L3:741:39,track:DDR_DQSA0_P:L3:712:35,1.5264337522,1.4248337522,False,3,0.13,0.39,False,False,False,
DDR_DQA3,DDR_DQSA0_P,A_BYTE0,A_BYTE0,L3,all_inner_layer_traces,track:DDR_DQA3:L3:741:39,track:DDR_DQSA0_P:L3:712:35,1.5264337522,1.4248337522,False,3,0.13,0.39,False,False,False,
DDR_DQA3,DDR_DQSB1_N,A_BYTE0,B_BYTE1,L3,K230_local_fanout_only,track:U1:T16:L3:430:4,track:U1:A18:L3:374:0,9.425,9.3234,False,3,0.13,0.39,False,False,False,
DDR_DQA3,DDR_DQSB1_N,A_BYTE0,B_BYTE1,L3,actual_interconnect_only,track:DDR_DQA3:L3:741:12,track:DDR_DQSB1_N:L3:717:9,1.625,1.5234,False,3,0.13,0.39,False,False,False,
DDR_DQA3,DDR_DQSB1_N,A_BYTE0,B_BYTE1,L3,all_inner_layer_traces,track:DDR_DQA3:L3:741:12,track:DDR_DQSB1_N:L3:717:9,1.625,1.5234,False,3,0.13,0.39,False,False,False,
DDR_DQA3,DDR_DQSB1_P,A_BYTE0,B_BYTE1,L3,K230_local_fanout_only,track:U1:T16:L3:430:4,track:U1:B18:L3:373:0,8.775,8.6734,False,3,0.13,0.39,False,False,False,
DDR_DQA3,DDR_DQSB1_P,A_BYTE0,B_BYTE1,L3,actual_interconnect_only,track:DDR_DQA3:L3:741:12,track:DDR_DQSB1_P:L3:718:15,2.275,2.1734,False,3,0.13,0.39,False,False,False,
DDR_DQA3,DDR_DQSB1_P,A_BYTE0,B_BYTE1,L3,all_inner_layer_traces,track:DDR_DQA3:L3:741:12,track:DDR_DQSB1_P:L3:718:15,2.275,2.1734,False,3,0.13,0.39,False,False,False,
DDR_DQA4,DDR_DQA5,A_BYTE0,A_BYTE0,L3,K230_local_fanout_only,track:U1:U16:L3:426:4,track:U1:V18:L3:415:0,0.975,0.8734,False,2,0.13,0.26,False,False,False,
DDR_DQA4,DDR_DQA5,A_BYTE0,A_BYTE0,L3,actual_interconnect_only,track:DDR_DQA4:L3:735:3,track:DDR_DQA5:L3:736:7,0.65,0.5484,False,2,0.13,0.26,False,False,False,
DDR_DQA4,DDR_DQA5,A_BYTE0,A_BYTE0,L3,all_inner_layer_traces,track:DDR_DQA4:L3:735:3,track:DDR_DQA5:L3:736:7,0.65,0.5484,False,2,0.13,0.26,False,False,False,
DDR_DQA4,DDR_DQA6,A_BYTE0,A_BYTE0,L3,K230_local_fanout_only,track:U1:U16:L3:426:0,track:U1:W18:L3:398:0,1.625,1.5234,False,2,0.13,0.26,False,False,False,
DDR_DQA4,DDR_DQA6,A_BYTE0,A_BYTE0,L3,all_inner_layer_traces,track:U1:U16:L3:426:0,track:U1:W18:L3:398:0,1.625,1.5234,False,2,0.13,0.26,False,False,False,
DDR_DQA4,DDR_DQA7,A_BYTE0,A_BYTE0,L3,K230_local_fanout_only,track:U1:U16:L3:426:0,track:U1:Y18:L3:387:0,2.1801662781,2.0785662781,False,2,0.13,0.26,False,False,False,
DDR_DQA4,DDR_DQA7,A_BYTE0,A_BYTE0,L3,all_inner_layer_traces,track:U1:U16:L3:426:0,track:U1:Y18:L3:387:0,2.1801662781,2.0785662781,False,2,0.13,0.26,False,False,False,
DDR_DQA4,DDR_DQB10,A_BYTE0,B_BYTE1,L3,K230_local_fanout_only,track:U1:U16:L3:426:4,track:U1:D17:L3:418:0,8.125,8.0234,False,3,0.13,0.39,False,False,False,
DDR_DQA4,DDR_DQB10,A_BYTE0,B_BYTE1,L3,actual_interconnect_only,track:DDR_DQA4:L3:735:0,track:DDR_DQB10:L3:726:5,7.475,7.3734,False,3,0.13,0.39,False,False,False,
DDR_DQA4,DDR_DQB10,A_BYTE0,B_BYTE1,L3,all_inner_layer_traces,track:DDR_DQA4:L3:735:0,track:DDR_DQB10:L3:726:5,7.475,7.3734,False,3,0.13,0.39,False,False,False,
DDR_DQA4,DDR_DQB11,A_BYTE0,B_BYTE1,L3,K230_local_fanout_only,track:U1:U16:L3:426:4,track:U1:E17:L3:419:3,7.15,7.0484,False,3,0.13,0.39,False,False,False,
DDR_DQA4,DDR_DQB11,A_BYTE0,B_BYTE1,L3,actual_interconnect_only,track:DDR_DQA4:L3:735:0,track:DDR_DQB11:L3:724:1,6.825,6.7234,False,3,0.13,0.39,False,False,False,
DDR_DQA4,DDR_DQB11,A_BYTE0,B_BYTE1,L3,all_inner_layer_traces,track:DDR_DQA4:L3:735:0,track:DDR_DQB11:L3:724:1,6.825,6.7234,False,3,0.13,0.39,False,False,False,
DDR_DQA4,DDR_DQB12,A_BYTE0,B_BYTE1,L3,K230_local_fanout_only,track:U1:U16:L3:426:4,track:U1:E18:L3:406:0,7.475,7.3734,False,3,0.13,0.39,False,False,False,
DDR_DQA4,DDR_DQB12,A_BYTE0,B_BYTE1,L3,actual_interconnect_only,track:DDR_DQA4:L3:735:0,track:DDR_DQB12:L3:730:6,6.5,6.3984,False,3,0.13,0.39,False,False,False,
DDR_DQA4,DDR_DQB12,A_BYTE0,B_BYTE1,L3,all_inner_layer_traces,track:U1:U16:L3:426:3,track:DDR_DQB12:L3:730:5,6.5,6.3984,False,3,0.13,0.39,False,False,False,
DDR_DQA4,DDR_DQB13,A_BYTE0,B_BYTE1,L3,K230_local_fanout_only,track:U1:U16:L3:426:3,track:U1:D16:L3:417:0,8.1351499103,8.0335499103,False,3,0.13,0.39,False,False,False,
DDR_DQA4,DDR_DQB13,A_BYTE0,B_BYTE1,L3,actual_interconnect_only,track:DDR_DQA4:L3:735:0,track:DDR_DQB13:L3:738:23,7.475,7.3734,False,3,0.13,0.39,False,False,False,
DDR_DQA4,DDR_DQB13,A_BYTE0,B_BYTE1,L3,all_inner_layer_traces,track:DDR_DQA4:L3:735:0,track:DDR_DQB13:L3:738:23,7.475,7.3734,False,3,0.13,0.39,False,False,False,
DDR_DQA4,DDR_DQB14,A_BYTE0,B_BYTE1,L3,K230_local_fanout_only,track:U1:U16:L3:426:4,track:U1:C19:L3:392:0,8.775,8.6734,False,3,0.13,0.39,False,False,False,
DDR_DQA4,DDR_DQB14,A_BYTE0,B_BYTE1,L3,all_inner_layer_traces,track:U1:U16:L3:426:4,track:U1:C19:L3:392:0,8.775,8.6734,False,3,0.13,0.39,False,False,False,
DDR_DQA4,DDR_DQB15,A_BYTE0,B_BYTE1,L3,K230_local_fanout_only,track:U1:U16:L3:426:4,track:U1:B19:L3:391:0,9.425,9.3234,False,3,0.13,0.39,False,False,False,
DDR_DQA4,DDR_DQB15,A_BYTE0,B_BYTE1,L3,all_inner_layer_traces,track:U1:U16:L3:426:4,track:U1:B19:L3:391:0,9.425,9.3234,False,3,0.13,0.39,False,False,False,
DDR_DQA4,DDR_DQB8,A_BYTE0,B_BYTE1,L3,K230_local_fanout_only,track:U1:U16:L3:426:4,track:U1:C18:L3:404:0,8.775,8.6734,False,3,0.13,0.39,False,False,False,
DDR_DQA4,DDR_DQB8,A_BYTE0,B_BYTE1,L3,actual_interconnect_only,track:DDR_DQA4:L3:735:0,track:DDR_DQB8:L3:725:0,9.1,8.9984,False,3,0.13,0.39,False,False,False,
DDR_DQA4,DDR_DQB8,A_BYTE0,B_BYTE1,L3,all_inner_layer_traces,track:U1:U16:L3:426:4,track:U1:C18:L3:404:0,8.775,8.6734,False,3,0.13,0.39,False,False,False,
DDR_DQA4,DDR_DQB9,A_BYTE0,B_BYTE1,L3,K230_local_fanout_only,track:U1:U16:L3:426:4,track:U1:C17:L3:403:0,8.775,8.6734,False,3,0.13,0.39,False,False,False,
DDR_DQA4,DDR_DQB9,A_BYTE0,B_BYTE1,L3,all_inner_layer_traces,track:U1:U16:L3:426:4,track:U1:C17:L3:403:0,8.775,8.6734,False,3,0.13,0.39,False,False,False,
DDR_DQA4,DDR_DQSA0_N,A_BYTE0,A_BYTE0,L3,K230_local_fanout_only,track:U1:U16:L3:426:0,track:U1:Y17:L3:368:0,1.9768978223,1.8752978223,False,3,0.13,0.39,False,False,False,
DDR_DQA4,DDR_DQSA0_N,A_BYTE0,A_BYTE0,L3,actual_interconnect_only,track:DDR_DQA4:L3:735:3,track:DDR_DQSA0_N:L3:711:39,0.9443292924,0.8427292924,False,3,0.13,0.39,False,False,False,
DDR_DQA4,DDR_DQSA0_N,A_BYTE0,A_BYTE0,L3,all_inner_layer_traces,track:DDR_DQA4:L3:735:3,track:DDR_DQSA0_N:L3:711:39,0.9443292924,0.8427292924,False,3,0.13,0.39,False,False,False,
DDR_DQA4,DDR_DQSA0_P,A_BYTE0,A_BYTE0,L3,K230_local_fanout_only,track:U1:U16:L3:426:0,track:U1:W17:L3:367:0,1.3400093283,1.2384093283,False,3,0.13,0.39,False,False,False,
DDR_DQA4,DDR_DQSA0_P,A_BYTE0,A_BYTE0,L3,actual_interconnect_only,track:DDR_DQA4:L3:735:3,track:DDR_DQSA0_P:L3:712:35,1.5264337522,1.4248337522,False,3,0.13,0.39,False,False,False,
DDR_DQA4,DDR_DQSA0_P,A_BYTE0,A_BYTE0,L3,all_inner_layer_traces,track:U1:U16:L3:426:0,track:U1:W17:L3:367:0,1.3400093283,1.2384093283,False,3,0.13,0.39,False,False,False,
DDR_DQA4,DDR_DQSB1_N,A_BYTE0,B_BYTE1,L3,K230_local_fanout_only,track:U1:U16:L3:426:4,track:U1:A18:L3:374:0,10.075,9.9734,False,3,0.13,0.39,False,False,False,
DDR_DQA4,DDR_DQSB1_N,A_BYTE0,B_BYTE1,L3,actual_interconnect_only,track:DDR_DQA4:L3:735:0,track:DDR_DQSB1_N:L3:717:9,7.475,7.3734,False,3,0.13,0.39,False,False,False,
DDR_DQA4,DDR_DQSB1_N,A_BYTE0,B_BYTE1,L3,all_inner_layer_traces,track:DDR_DQA4:L3:735:0,track:DDR_DQSB1_N:L3:717:9,7.475,7.3734,False,3,0.13,0.39,False,False,False,
DDR_DQA4,DDR_DQSB1_P,A_BYTE0,B_BYTE1,L3,K230_local_fanout_only,track:U1:U16:L3:426:4,track:U1:B18:L3:373:0,9.425,9.3234,False,3,0.13,0.39,False,False,False,
DDR_DQA4,DDR_DQSB1_P,A_BYTE0,B_BYTE1,L3,actual_interconnect_only,track:DDR_DQA4:L3:735:0,track:DDR_DQSB1_P:L3:718:15,8.125,8.0234,False,3,0.13,0.39,False,False,False,
DDR_DQA4,DDR_DQSB1_P,A_BYTE0,B_BYTE1,L3,all_inner_layer_traces,track:DDR_DQA4:L3:735:0,track:DDR_DQSB1_P:L3:718:15,8.125,8.0234,False,3,0.13,0.39,False,False,False,
DDR_DQA5,DDR_DQA6,A_BYTE0,A_BYTE0,L3,K230_local_fanout_only,track:U1:V18:L3:415:1,track:U1:W18:L3:398:0,0.5202538443,0.4186538443,False,2,0.13,0.26,False,False,False,
DDR_DQA5,DDR_DQA6,A_BYTE0,A_BYTE0,L3,all_inner_layer_traces,track:U1:V18:L3:415:1,track:U1:W18:L3:398:0,0.5202538443,0.4186538443,False,2,0.13,0.26,False,False,False,
DDR_DQA5,DDR_DQA7,A_BYTE0,A_BYTE0,L3,K230_local_fanout_only,track:U1:V18:L3:415:3,track:U1:Y18:L3:387:0,1.05625,0.95465,False,2,0.13,0.26,False,False,False,
DDR_DQA5,DDR_DQA7,A_BYTE0,A_BYTE0,L3,all_inner_layer_traces,track:U1:V18:L3:415:3,track:U1:Y18:L3:387:0,1.05625,0.95465,False,2,0.13,0.26,False,False,False,
DDR_DQA5,DDR_DQB10,A_BYTE0,B_BYTE1,L3,K230_local_fanout_only,track:U1:V18:L3:415:0,track:U1:D17:L3:418:0,9.105801722,9.004201722,False,3,0.13,0.39,False,False,False,
DDR_DQA5,DDR_DQB10,A_BYTE0,B_BYTE1,L3,actual_interconnect_only,track:DDR_DQA5:L3:736:0,track:DDR_DQB10:L3:726:5,8.775,8.6734,False,3,0.13,0.39,False,False,False,
DDR_DQA5,DDR_DQB10,A_BYTE0,B_BYTE1,L3,all_inner_layer_traces,track:DDR_DQA5:L3:736:0,track:DDR_DQB10:L3:726:5,8.775,8.6734,False,3,0.13,0.39,False,False,False,
DDR_DQA5,DDR_DQB11,A_BYTE0,B_BYTE1,L3,K230_local_fanout_only,track:U1:V18:L3:415:0,track:U1:E17:L3:419:4,8.125,8.0234,False,3,0.13,0.39,False,False,False,
DDR_DQA5,DDR_DQB11,A_BYTE0,B_BYTE1,L3,actual_interconnect_only,track:DDR_DQA5:L3:736:0,track:DDR_DQB11:L3:724:1,8.125,8.0234,False,3,0.13,0.39,False,False,False,
DDR_DQA5,DDR_DQB11,A_BYTE0,B_BYTE1,L3,all_inner_layer_traces,track:U1:V18:L3:415:0,track:U1:E17:L3:419:4,8.125,8.0234,False,3,0.13,0.39,False,False,False,
DDR_DQA5,DDR_DQB12,A_BYTE0,B_BYTE1,L3,K230_local_fanout_only,track:U1:V18:L3:415:0,track:U1:E18:L3:406:0,8.45,8.3484,False,3,0.13,0.39,False,False,False,
DDR_DQA5,DDR_DQB12,A_BYTE0,B_BYTE1,L3,actual_interconnect_only,track:DDR_DQA5:L3:736:0,track:DDR_DQB12:L3:730:6,7.8,7.6984,False,3,0.13,0.39,False,False,False,
DDR_DQA5,DDR_DQB12,A_BYTE0,B_BYTE1,L3,all_inner_layer_traces,track:U1:V18:L3:415:0,track:DDR_DQB12:L3:730:6,7.475,7.3734,False,3,0.13,0.39,False,False,False,
DDR_DQA5,DDR_DQB13,A_BYTE0,B_BYTE1,L3,K230_local_fanout_only,track:U1:V18:L3:415:0,track:U1:D16:L3:417:0,9.1923881554,9.0907881554,False,3,0.13,0.39,False,False,False,
DDR_DQA5,DDR_DQB13,A_BYTE0,B_BYTE1,L3,actual_interconnect_only,track:DDR_DQA5:L3:736:0,track:DDR_DQB13:L3:738:23,8.775,8.6734,False,3,0.13,0.39,False,False,False,
DDR_DQA5,DDR_DQB13,A_BYTE0,B_BYTE1,L3,all_inner_layer_traces,track:DDR_DQA5:L3:736:0,track:DDR_DQB13:L3:738:23,8.775,8.6734,False,3,0.13,0.39,False,False,False,
DDR_DQA5,DDR_DQB14,A_BYTE0,B_BYTE1,L3,K230_local_fanout_only,track:U1:V18:L3:415:0,track:U1:C19:L3:392:0,9.7554151629,9.6538151629,False,3,0.13,0.39,False,False,False,
DDR_DQA5,DDR_DQB14,A_BYTE0,B_BYTE1,L3,all_inner_layer_traces,track:U1:V18:L3:415:0,track:U1:C19:L3:392:0,9.7554151629,9.6538151629,False,3,0.13,0.39,False,False,False,
DDR_DQA5,DDR_DQB15,A_BYTE0,B_BYTE1,L3,K230_local_fanout_only,track:U1:V18:L3:415:0,track:U1:B19:L3:391:0,10.4050768858,10.3034768858,False,3,0.13,0.39,False,False,False,
DDR_DQA5,DDR_DQB15,A_BYTE0,B_BYTE1,L3,all_inner_layer_traces,track:U1:V18:L3:415:0,track:U1:B19:L3:391:0,10.4050768858,10.3034768858,False,3,0.13,0.39,False,False,False,
DDR_DQA5,DDR_DQB8,A_BYTE0,B_BYTE1,L3,K230_local_fanout_only,track:U1:V18:L3:415:0,track:U1:C18:L3:404:0,9.75,9.6484,False,3,0.13,0.39,False,False,False,
DDR_DQA5,DDR_DQB8,A_BYTE0,B_BYTE1,L3,actual_interconnect_only,track:DDR_DQA5:L3:736:0,track:DDR_DQB8:L3:725:0,10.4,10.2984,False,3,0.13,0.39,False,False,False,
DDR_DQA5,DDR_DQB8,A_BYTE0,B_BYTE1,L3,all_inner_layer_traces,track:U1:V18:L3:415:0,track:U1:C18:L3:404:0,9.75,9.6484,False,3,0.13,0.39,False,False,False,
DDR_DQA5,DDR_DQB9,A_BYTE0,B_BYTE1,L3,K230_local_fanout_only,track:U1:V18:L3:415:0,track:U1:C17:L3:403:0,9.7716426459,9.6700426459,False,3,0.13,0.39,False,False,False,
DDR_DQA5,DDR_DQB9,A_BYTE0,B_BYTE1,L3,all_inner_layer_traces,track:U1:V18:L3:415:0,track:U1:C17:L3:403:0,9.7716426459,9.6700426459,False,3,0.13,0.39,False,False,False,
DDR_DQA5,DDR_DQSA0_N,A_BYTE0,A_BYTE0,L3,K230_local_fanout_only,track:U1:V18:L3:415:1,track:U1:Y17:L3:368:0,1.4374592386,1.3358592386,False,3,0.13,0.39,False,False,False,
DDR_DQA5,DDR_DQSA0_N,A_BYTE0,A_BYTE0,L3,actual_interconnect_only,track:DDR_DQA5:L3:736:4,track:DDR_DQSA0_N:L3:711:35,0.2211475752,0.1195475752,False,3,0.13,0.39,True,True,True,
DDR_DQA5,DDR_DQSA0_N,A_BYTE0,A_BYTE0,L3,all_inner_layer_traces,track:DDR_DQA5:L3:736:4,track:DDR_DQSA0_N:L3:711:35,0.2211475752,0.1195475752,False,3,0.13,0.39,True,True,True,
DDR_DQA5,DDR_DQSA0_P,A_BYTE0,A_BYTE0,L3,K230_local_fanout_only,track:U1:V18:L3:415:0,track:U1:W17:L3:367:0,0.9192388155,0.8176388155,False,3,0.13,0.39,False,False,False,
DDR_DQA5,DDR_DQSA0_P,A_BYTE0,A_BYTE0,L3,actual_interconnect_only,track:DDR_DQA5:L3:736:6,track:DDR_DQSA0_P:L3:712:35,0.9815684197,0.8799684197,False,3,0.13,0.39,False,False,False,
DDR_DQA5,DDR_DQSA0_P,A_BYTE0,A_BYTE0,L3,all_inner_layer_traces,track:U1:V18:L3:415:0,track:U1:W17:L3:367:0,0.9192388155,0.8176388155,False,3,0.13,0.39,False,False,False,
DDR_DQA5,DDR_DQSB1_N,A_BYTE0,B_BYTE1,L3,K230_local_fanout_only,track:U1:V18:L3:415:0,track:U1:A18:L3:374:0,11.05,10.9484,False,3,0.13,0.39,False,False,False,
DDR_DQA5,DDR_DQSB1_N,A_BYTE0,B_BYTE1,L3,actual_interconnect_only,track:DDR_DQA5:L3:736:0,track:DDR_DQSB1_N:L3:717:9,8.775,8.6734,False,3,0.13,0.39,False,False,False,
DDR_DQA5,DDR_DQSB1_N,A_BYTE0,B_BYTE1,L3,all_inner_layer_traces,track:DDR_DQA5:L3:736:0,track:DDR_DQSB1_N:L3:717:9,8.775,8.6734,False,3,0.13,0.39,False,False,False,
DDR_DQA5,DDR_DQSB1_P,A_BYTE0,B_BYTE1,L3,K230_local_fanout_only,track:U1:V18:L3:415:0,track:U1:B18:L3:373:0,10.4,10.2984,False,3,0.13,0.39,False,False,False,
DDR_DQA5,DDR_DQSB1_P,A_BYTE0,B_BYTE1,L3,actual_interconnect_only,track:DDR_DQA5:L3:736:0,track:DDR_DQSB1_P:L3:718:15,9.425,9.3234,False,3,0.13,0.39,False,False,False,
DDR_DQA5,DDR_DQSB1_P,A_BYTE0,B_BYTE1,L3,all_inner_layer_traces,track:DDR_DQA5:L3:736:0,track:DDR_DQSB1_P:L3:718:15,9.425,9.3234,False,3,0.13,0.39,False,False,False,
DDR_DQA6,DDR_DQA7,A_BYTE0,A_BYTE0,L3,K230_local_fanout_only,track:U1:W18:L3:398:0,track:U1:Y18:L3:387:0,0.325,0.2234,False,2,0.13,0.26,True,True,False,
DDR_DQA6,DDR_DQA7,A_BYTE0,A_BYTE0,L3,all_inner_layer_traces,track:U1:W18:L3:398:0,track:U1:Y18:L3:387:0,0.325,0.2234,False,2,0.13,0.26,True,True,False,
DDR_DQA6,DDR_DQB10,A_BYTE0,B_BYTE1,L3,K230_local_fanout_only,track:U1:W18:L3:398:0,track:U1:D17:L3:418:0,9.7554151629,9.6538151629,False,3,0.13,0.39,False,False,False,
DDR_DQA6,DDR_DQB10,A_BYTE0,B_BYTE1,L3,all_inner_layer_traces,track:U1:W18:L3:398:0,track:U1:D17:L3:418:0,9.7554151629,9.6538151629,False,3,0.13,0.39,False,False,False,
DDR_DQA6,DDR_DQB11,A_BYTE0,B_BYTE1,L3,K230_local_fanout_only,track:U1:W18:L3:398:0,track:U1:E17:L3:419:4,8.775,8.6734,False,3,0.13,0.39,False,False,False,
DDR_DQA6,DDR_DQB11,A_BYTE0,B_BYTE1,L3,all_inner_layer_traces,track:U1:W18:L3:398:0,track:U1:E17:L3:419:4,8.775,8.6734,False,3,0.13,0.39,False,False,False,
DDR_DQA6,DDR_DQB12,A_BYTE0,B_BYTE1,L3,K230_local_fanout_only,track:U1:W18:L3:398:0,track:U1:E18:L3:406:0,9.1,8.9984,False,3,0.13,0.39,False,False,False,
DDR_DQA6,DDR_DQB12,A_BYTE0,B_BYTE1,L3,all_inner_layer_traces,track:U1:W18:L3:398:0,track:DDR_DQB12:L3:730:6,8.125,8.0234,False,3,0.13,0.39,False,False,False,
DDR_DQA6,DDR_DQB13,A_BYTE0,B_BYTE1,L3,K230_local_fanout_only,track:U1:W18:L3:398:0,track:U1:D16:L3:417:0,9.8362848678,9.7346848678,False,3,0.13,0.39,False,False,False,
DDR_DQA6,DDR_DQB13,A_BYTE0,B_BYTE1,L3,all_inner_layer_traces,track:U1:W18:L3:398:0,track:U1:D16:L3:417:0,9.8362848678,9.7346848678,False,3,0.13,0.39,False,False,False,
DDR_DQA6,DDR_DQB14,A_BYTE0,B_BYTE1,L3,K230_local_fanout_only,track:U1:W18:L3:398:0,track:U1:C19:L3:392:0,10.4202927022,10.3186927022,False,3,0.13,0.39,False,False,False,
DDR_DQA6,DDR_DQB14,A_BYTE0,B_BYTE1,L3,all_inner_layer_traces,track:U1:W18:L3:398:0,track:U1:C19:L3:392:0,10.4202927022,10.3186927022,False,3,0.13,0.39,False,False,False,
DDR_DQA6,DDR_DQB15,A_BYTE0,B_BYTE1,L3,K230_local_fanout_only,track:U1:W18:L3:398:0,track:U1:B19:L3:391:0,11.0691011379,10.9675011379,False,3,0.13,0.39,False,False,False,
DDR_DQA6,DDR_DQB15,A_BYTE0,B_BYTE1,L3,all_inner_layer_traces,track:U1:W18:L3:398:0,track:U1:B19:L3:391:0,11.0691011379,10.9675011379,False,3,0.13,0.39,False,False,False,
DDR_DQA6,DDR_DQB8,A_BYTE0,B_BYTE1,L3,K230_local_fanout_only,track:U1:W18:L3:398:0,track:U1:C18:L3:404:0,10.4,10.2984,False,3,0.13,0.39,False,False,False,
DDR_DQA6,DDR_DQB8,A_BYTE0,B_BYTE1,L3,all_inner_layer_traces,track:U1:W18:L3:398:0,track:U1:C18:L3:404:0,10.4,10.2984,False,3,0.13,0.39,False,False,False,
DDR_DQA6,DDR_DQB9,A_BYTE0,B_BYTE1,L3,K230_local_fanout_only,track:U1:W18:L3:398:0,track:U1:C17:L3:403:0,10.4202927022,10.3186927022,False,3,0.13,0.39,False,False,False,
DDR_DQA6,DDR_DQB9,A_BYTE0,B_BYTE1,L3,all_inner_layer_traces,track:U1:W18:L3:398:0,track:U1:C17:L3:403:0,10.4202927022,10.3186927022,False,3,0.13,0.39,False,False,False,
DDR_DQA6,DDR_DQSA0_N,A_BYTE0,A_BYTE0,L3,K230_local_fanout_only,track:U1:W18:L3:398:4,track:U1:Y17:L3:368:0,0.325,0.2234,False,3,0.13,0.39,True,True,False,
DDR_DQA6,DDR_DQSA0_N,A_BYTE0,A_BYTE0,L3,all_inner_layer_traces,track:U1:W18:L3:398:4,track:DDR_DQSA0_N:L3:711:2,0.2298097039,0.1282097039,False,3,0.13,0.39,True,True,True,
DDR_DQA6,DDR_DQSA0_P,A_BYTE0,A_BYTE0,L3,K230_local_fanout_only,track:U1:W18:L3:398:3,track:U1:W17:L3:367:0,0.3350023321,0.2334023321,False,3,0.13,0.39,True,True,False,
DDR_DQA6,DDR_DQSA0_P,A_BYTE0,A_BYTE0,L3,all_inner_layer_traces,track:U1:W18:L3:398:3,track:U1:W17:L3:367:0,0.3350023321,0.2334023321,False,3,0.13,0.39,True,True,False,
DDR_DQA6,DDR_DQSB1_N,A_BYTE0,B_BYTE1,L3,K230_local_fanout_only,track:U1:W18:L3:398:0,track:U1:A18:L3:374:0,11.7,11.5984,False,3,0.13,0.39,False,False,False,
DDR_DQA6,DDR_DQSB1_N,A_BYTE0,B_BYTE1,L3,all_inner_layer_traces,track:U1:W18:L3:398:0,track:DDR_DQSB1_N:L3:717:9,10.4408621082,10.3392621082,False,3,0.13,0.39,False,False,False,
DDR_DQA6,DDR_DQSB1_P,A_BYTE0,B_BYTE1,L3,K230_local_fanout_only,track:U1:W18:L3:398:0,track:U1:B18:L3:373:0,11.05,10.9484,False,3,0.13,0.39,False,False,False,
DDR_DQA6,DDR_DQSB1_P,A_BYTE0,B_BYTE1,L3,all_inner_layer_traces,track:U1:W18:L3:398:0,track:U1:B18:L3:373:0,11.05,10.9484,False,3,0.13,0.39,False,False,False,
DDR_DQA7,DDR_DQB10,A_BYTE0,B_BYTE1,L3,K230_local_fanout_only,track:U1:Y18:L3:387:0,track:U1:D17:L3:418:0,10.4050768858,10.3034768858,False,3,0.13,0.39,False,False,False,
DDR_DQA7,DDR_DQB10,A_BYTE0,B_BYTE1,L3,all_inner_layer_traces,track:U1:Y18:L3:387:0,track:U1:D17:L3:418:0,10.4050768858,10.3034768858,False,3,0.13,0.39,False,False,False,
DDR_DQA7,DDR_DQB11,A_BYTE0,B_BYTE1,L3,K230_local_fanout_only,track:U1:Y18:L3:387:0,track:U1:E17:L3:419:4,9.425,9.3234,False,3,0.13,0.39,False,False,False,
DDR_DQA7,DDR_DQB11,A_BYTE0,B_BYTE1,L3,all_inner_layer_traces,track:U1:Y18:L3:387:0,track:U1:E17:L3:419:4,9.425,9.3234,False,3,0.13,0.39,False,False,False,
DDR_DQA7,DDR_DQB12,A_BYTE0,B_BYTE1,L3,K230_local_fanout_only,track:U1:Y18:L3:387:0,track:U1:E18:L3:406:0,9.75,9.6484,False,3,0.13,0.39,False,False,False,
DDR_DQA7,DDR_DQB12,A_BYTE0,B_BYTE1,L3,all_inner_layer_traces,track:U1:Y18:L3:387:0,track:DDR_DQB12:L3:730:6,8.775,8.6734,False,3,0.13,0.39,False,False,False,
DDR_DQA7,DDR_DQB13,A_BYTE0,B_BYTE1,L3,K230_local_fanout_only,track:U1:Y18:L3:387:0,track:U1:D16:L3:417:0,10.4809350728,10.3793350728,False,3,0.13,0.39,False,False,False,
DDR_DQA7,DDR_DQB13,A_BYTE0,B_BYTE1,L3,all_inner_layer_traces,track:U1:Y18:L3:387:0,track:U1:D16:L3:417:0,10.4809350728,10.3793350728,False,3,0.13,0.39,False,False,False,
DDR_DQA7,DDR_DQB14,A_BYTE0,B_BYTE1,L3,K230_local_fanout_only,track:U1:Y18:L3:387:0,track:U1:C19:L3:392:0,11.0691011379,10.9675011379,False,3,0.13,0.39,False,False,False,
DDR_DQA7,DDR_DQB14,A_BYTE0,B_BYTE1,L3,all_inner_layer_traces,track:U1:Y18:L3:387:0,track:U1:C19:L3:392:0,11.0691011379,10.9675011379,False,3,0.13,0.39,False,False,False,
DDR_DQA7,DDR_DQB15,A_BYTE0,B_BYTE1,L3,K230_local_fanout_only,track:U1:Y18:L3:387:0,track:U1:B19:L3:391:0,11.7180416453,11.6164416453,False,3,0.13,0.39,False,False,False,
DDR_DQA7,DDR_DQB15,A_BYTE0,B_BYTE1,L3,all_inner_layer_traces,track:U1:Y18:L3:387:0,track:U1:B19:L3:391:0,11.7180416453,11.6164416453,False,3,0.13,0.39,False,False,False,
DDR_DQA7,DDR_DQB8,A_BYTE0,B_BYTE1,L3,K230_local_fanout_only,track:U1:Y18:L3:387:0,track:U1:C18:L3:404:0,11.05,10.9484,False,3,0.13,0.39,False,False,False,
DDR_DQA7,DDR_DQB8,A_BYTE0,B_BYTE1,L3,all_inner_layer_traces,track:U1:Y18:L3:387:0,track:U1:C18:L3:404:0,11.05,10.9484,False,3,0.13,0.39,False,False,False,
DDR_DQA7,DDR_DQB9,A_BYTE0,B_BYTE1,L3,K230_local_fanout_only,track:U1:Y18:L3:387:0,track:U1:C17:L3:403:0,11.0691011379,10.9675011379,False,3,0.13,0.39,False,False,False,
DDR_DQA7,DDR_DQB9,A_BYTE0,B_BYTE1,L3,all_inner_layer_traces,track:U1:Y18:L3:387:0,track:U1:C17:L3:403:0,11.0691011379,10.9675011379,False,3,0.13,0.39,False,False,False,
DDR_DQA7,DDR_DQSA0_N,A_BYTE0,A_BYTE0,L3,K230_local_fanout_only,track:U1:Y18:L3:387:0,track:U1:Y17:L3:368:0,0.65,0.5484,False,3,0.13,0.39,False,False,False,
DDR_DQA7,DDR_DQSA0_N,A_BYTE0,A_BYTE0,L3,all_inner_layer_traces,track:U1:Y18:L3:387:0,track:DDR_DQSA0_N:L3:711:5,0.2298097039,0.1282097039,False,3,0.13,0.39,True,True,True,
DDR_DQA7,DDR_DQSA0_P,A_BYTE0,A_BYTE0,L3,K230_local_fanout_only,track:U1:Y18:L3:387:0,track:U1:W17:L3:367:0,0.7267220927,0.6251220927,False,3,0.13,0.39,False,False,False,
DDR_DQA7,DDR_DQSA0_P,A_BYTE0,A_BYTE0,L3,all_inner_layer_traces,track:U1:Y18:L3:387:0,track:DDR_DQSA0_P:L3:712:8,0.4875,0.3859,False,3,0.13,0.39,True,False,False,
DDR_DQA7,DDR_DQSB1_N,A_BYTE0,B_BYTE1,L3,K230_local_fanout_only,track:U1:Y18:L3:387:0,track:U1:A18:L3:374:0,12.35,12.2484,False,3,0.13,0.39,False,False,False,
DDR_DQA7,DDR_DQSB1_N,A_BYTE0,B_BYTE1,L3,all_inner_layer_traces,track:U1:Y18:L3:387:0,track:DDR_DQSB1_N:L3:717:9,11.0119980731,10.9103980731,False,3,0.13,0.39,False,False,False,
DDR_DQA7,DDR_DQSB1_P,A_BYTE0,B_BYTE1,L3,K230_local_fanout_only,track:U1:Y18:L3:387:0,track:U1:B18:L3:373:0,11.7,11.5984,False,3,0.13,0.39,False,False,False,
DDR_DQA7,DDR_DQSB1_P,A_BYTE0,B_BYTE1,L3,all_inner_layer_traces,track:U1:Y18:L3:387:0,track:DDR_DQSB1_P:L3:718:16,11.627553483,11.525953483,False,3,0.13,0.39,False,False,False,
DDR_DQA8,DDR_DQA9,A_BYTE1,A_BYTE1,L8,K230_local_fanout_only,track:U1:W19:L8:399:0,track:U1:T17:L8:425:1,0.975,0.8734,False,2,0.1195,0.239,False,False,False,
DDR_DQA8,DDR_DQA9,A_BYTE1,A_BYTE1,L8,actual_interconnect_only,track:DDR_DQA8:L8:727:10,track:DDR_DQA9:L8:734:13,0.325,0.2234,False,2,0.1195,0.239,True,True,False,
DDR_DQA8,DDR_DQA9,A_BYTE1,A_BYTE1,L8,all_inner_layer_traces,track:DDR_DQA8:L8:727:10,track:DDR_DQA9:L8:734:13,0.325,0.2234,False,2,0.1195,0.239,True,True,False,
DDR_DQA8,DDR_DQB0,A_BYTE1,B_BYTE0,L8,K230_local_fanout_only,track:U1:W19:L8:399:3,track:U1:A14:L8:379:0,11.9481709505,11.8465709505,False,3,0.1195,0.3585,False,False,False,
DDR_DQA8,DDR_DQB0,A_BYTE1,B_BYTE0,L8,actual_interconnect_only,track:DDR_DQA8:L8:727:0,track:DDR_DQB0:L8:746:12,12.75625,12.65465,False,3,0.1195,0.3585,False,False,False,
DDR_DQA8,DDR_DQB0,A_BYTE1,B_BYTE0,L8,all_inner_layer_traces,track:U1:W19:L8:399:3,track:U1:A14:L8:379:0,11.9481709505,11.8465709505,False,3,0.1195,0.3585,False,False,False,
DDR_DQA8,DDR_DQB1,A_BYTE1,B_BYTE0,L8,K230_local_fanout_only,track:U1:W19:L8:399:3,track:U1:A17:L8:380:0,11.5022569117,11.4006569117,False,3,0.1195,0.3585,False,False,False,
DDR_DQA8,DDR_DQB1,A_BYTE1,B_BYTE0,L8,all_inner_layer_traces,track:U1:W19:L8:399:3,track:U1:A17:L8:380:0,11.5022569117,11.4006569117,False,3,0.1195,0.3585,False,False,False,
DDR_DQA8,DDR_DQB2,A_BYTE1,B_BYTE0,L8,K230_local_fanout_only,track:U1:W19:L8:399:3,track:U1:C14:L8:400:0,10.717919064,10.616319064,False,3,0.1195,0.3585,False,False,False,
DDR_DQA8,DDR_DQB2,A_BYTE1,B_BYTE0,L8,all_inner_layer_traces,track:U1:W19:L8:399:3,track:U1:C14:L8:400:0,10.717919064,10.616319064,False,3,0.1195,0.3585,False,False,False,
DDR_DQA8,DDR_DQB3,A_BYTE1,B_BYTE0,L8,K230_local_fanout_only,track:U1:W19:L8:399:3,track:U1:B14:L8:388:0,11.3310983167,11.2294983167,False,3,0.1195,0.3585,False,False,False,
DDR_DQA8,DDR_DQB3,A_BYTE1,B_BYTE0,L8,actual_interconnect_only,track:DDR_DQA8:L8:727:0,track:DDR_DQB3:L8:748:17,4.55,4.4484,False,3,0.1195,0.3585,False,False,False,
DDR_DQA8,DDR_DQB3,A_BYTE1,B_BYTE0,L8,all_inner_layer_traces,track:U1:W19:L8:399:3,track:DDR_DQB3:L8:748:17,4.55,4.4484,False,3,0.1195,0.3585,False,False,False,
DDR_DQA8,DDR_DQB4,A_BYTE1,B_BYTE0,L8,K230_local_fanout_only,track:U1:W19:L8:399:3,track:U1:D14:L8:416:0,10.1093416731,10.0077416731,False,3,0.1195,0.3585,False,False,False,
DDR_DQA8,DDR_DQB4,A_BYTE1,B_BYTE0,L8,actual_interconnect_only,track:DDR_DQA8:L8:727:8,track:DDR_DQB4:L8:747:38,10.595023891,10.493423891,False,3,0.1195,0.3585,False,False,False,
DDR_DQA8,DDR_DQB4,A_BYTE1,B_BYTE0,L8,all_inner_layer_traces,track:U1:W19:L8:399:3,track:U1:D14:L8:416:0,10.1093416731,10.0077416731,False,3,0.1195,0.3585,False,False,False,
DDR_DQA8,DDR_DQB5,A_BYTE1,B_BYTE0,L8,K230_local_fanout_only,track:U1:W19:L8:399:3,track:U1:B16:L8:389:0,10.9807804396,10.8791804396,False,3,0.1195,0.3585,False,False,False,
DDR_DQA8,DDR_DQB5,A_BYTE1,B_BYTE0,L8,all_inner_layer_traces,track:U1:W19:L8:399:3,track:U1:B16:L8:389:0,10.9807804396,10.8791804396,False,3,0.1195,0.3585,False,False,False,
DDR_DQA8,DDR_DQB6,A_BYTE1,B_BYTE0,L8,K230_local_fanout_only,track:U1:W19:L8:399:3,track:U1:C16:L8:402:4,9.75,9.6484,False,3,0.1195,0.3585,False,False,False,
DDR_DQA8,DDR_DQB6,A_BYTE1,B_BYTE0,L8,actual_interconnect_only,track:DDR_DQA8:L8:727:0,track:DDR_DQB6:L8:737:0,9.75,9.6484,False,3,0.1195,0.3585,False,False,False,
DDR_DQA8,DDR_DQB6,A_BYTE1,B_BYTE0,L8,all_inner_layer_traces,track:U1:W19:L8:399:3,track:U1:C16:L8:402:4,9.75,9.6484,False,3,0.1195,0.3585,False,False,False,
DDR_DQA8,DDR_DQB7,A_BYTE1,B_BYTE0,L8,K230_local_fanout_only,track:U1:W19:L8:399:3,track:U1:B17:L8:390:0,10.8598763373,10.7582763373,False,3,0.1195,0.3585,False,False,False,
DDR_DQA8,DDR_DQB7,A_BYTE1,B_BYTE0,L8,all_inner_layer_traces,track:U1:W19:L8:399:3,track:U1:B17:L8:390:0,10.8598763373,10.7582763373,False,3,0.1195,0.3585,False,False,False,
DDR_DQA8,DDR_DQSA1_N,A_BYTE1,A_BYTE1,L8,K230_local_fanout_only,track:U1:W19:L8:399:3,track:U1:V19:L8:370:0,0.3350023321,0.2334023321,False,3,0.1195,0.3585,True,True,False,
DDR_DQA8,DDR_DQSA1_N,A_BYTE1,A_BYTE1,L8,actual_interconnect_only,track:DDR_DQA8:L8:727:0,track:DDR_DQSA1_N:L8:714:0,0.65,0.5484,False,3,0.1195,0.3585,False,False,False,
DDR_DQA8,DDR_DQSA1_N,A_BYTE1,A_BYTE1,L8,all_inner_layer_traces,track:U1:W19:L8:399:3,track:U1:V19:L8:370:0,0.3350023321,0.2334023321,False,3,0.1195,0.3585,True,True,False,
DDR_DQA8,DDR_DQSA1_P,A_BYTE1,A_BYTE1,L8,K230_local_fanout_only,track:U1:W19:L8:399:4,track:U1:V20:L8:369:0,0.325,0.2234,False,3,0.1195,0.3585,True,True,False,
DDR_DQA8,DDR_DQSA1_P,A_BYTE1,A_BYTE1,L8,actual_interconnect_only,track:DDR_DQA8:L8:727:2,track:DDR_DQSA1_P:L8:713:1,0.2298097039,0.1282097039,False,3,0.1195,0.3585,True,True,True,
DDR_DQA8,DDR_DQSA1_P,A_BYTE1,A_BYTE1,L8,all_inner_layer_traces,track:DDR_DQA8:L8:727:2,track:DDR_DQSA1_P:L8:713:1,0.2298097039,0.1282097039,False,3,0.1195,0.3585,True,True,True,
DDR_DQA8,DDR_DQSB0_N,A_BYTE1,B_BYTE0,L8,K230_local_fanout_only,track:U1:W19:L8:399:3,track:U1:A15:L8:372:0,11.7655498836,11.6639498836,False,3,0.1195,0.3585,False,False,False,
DDR_DQA8,DDR_DQSB0_N,A_BYTE1,B_BYTE0,L8,actual_interconnect_only,track:DDR_DQA8:L8:727:8,track:DDR_DQSB0_N:L8:715:19,11.5855311164,11.4839311164,False,3,0.1195,0.3585,False,False,False,
DDR_DQA8,DDR_DQSB0_N,A_BYTE1,B_BYTE0,L8,all_inner_layer_traces,track:DDR_DQA8:L8:727:8,track:DDR_DQSB0_N:L8:715:19,11.5855311164,11.4839311164,False,3,0.1195,0.3585,False,False,False,
DDR_DQA8,DDR_DQSB0_P,A_BYTE1,B_BYTE0,L8,K230_local_fanout_only,track:U1:W19:L8:399:3,track:U1:B15:L8:371:0,11.1383645147,11.0367645147,False,3,0.1195,0.3585,False,False,False,
DDR_DQA8,DDR_DQSB0_P,A_BYTE1,B_BYTE0,L8,actual_interconnect_only,track:DDR_DQA8:L8:727:8,track:DDR_DQSB0_P:L8:716:21,12.1202116834,12.0186116834,False,3,0.1195,0.3585,False,False,False,
DDR_DQA8,DDR_DQSB0_P,A_BYTE1,B_BYTE0,L8,all_inner_layer_traces,track:U1:W19:L8:399:3,track:U1:B15:L8:371:0,11.1383645147,11.0367645147,False,3,0.1195,0.3585,False,False,False,
DDR_DQA9,DDR_DQB0,A_BYTE1,B_BYTE0,L8,K230_local_fanout_only,track:U1:T17:L8:425:0,track:U1:A14:L8:379:0,9.9430880515,9.8414880515,False,3,0.1195,0.3585,False,False,False,
DDR_DQA9,DDR_DQB0,A_BYTE1,B_BYTE0,L8,actual_interconnect_only,track:DDR_DQA9:L8:734:7,track:DDR_DQB0:L8:746:17,12.567668402,12.466068402,False,3,0.1195,0.3585,False,False,False,
DDR_DQA9,DDR_DQB0,A_BYTE1,B_BYTE0,L8,all_inner_layer_traces,track:U1:T17:L8:425:0,track:U1:A14:L8:379:0,9.9430880515,9.8414880515,False,3,0.1195,0.3585,False,False,False,
DDR_DQA9,DDR_DQB1,A_BYTE1,B_BYTE0,L8,K230_local_fanout_only,track:U1:T17:L8:425:0,track:U1:A17:L8:380:0,9.75,9.6484,False,3,0.1195,0.3585,False,False,False,
DDR_DQA9,DDR_DQB1,A_BYTE1,B_BYTE0,L8,all_inner_layer_traces,track:U1:T17:L8:425:0,track:U1:A17:L8:380:0,9.75,9.6484,False,3,0.1195,0.3585,False,False,False,
DDR_DQA9,DDR_DQB2,A_BYTE1,B_BYTE0,L8,K230_local_fanout_only,track:U1:T17:L8:425:0,track:U1:C14:L8:400:0,8.6720816417,8.5704816417,False,3,0.1195,0.3585,False,False,False,
DDR_DQA9,DDR_DQB2,A_BYTE1,B_BYTE0,L8,all_inner_layer_traces,track:U1:T17:L8:425:0,track:U1:C14:L8:400:0,8.6720816417,8.5704816417,False,3,0.1195,0.3585,False,False,False,
DDR_DQA9,DDR_DQB3,A_BYTE1,B_BYTE0,L8,K230_local_fanout_only,track:U1:T17:L8:425:0,track:U1:B14:L8:388:0,9.3065836911,9.2049836911,False,3,0.1195,0.3585,False,False,False,
DDR_DQA9,DDR_DQB3,A_BYTE1,B_BYTE0,L8,actual_interconnect_only,track:DDR_DQA9:L8:734:8,track:DDR_DQB3:L8:748:17,5.2,5.0984,False,3,0.1195,0.3585,False,False,False,
DDR_DQA9,DDR_DQB3,A_BYTE1,B_BYTE0,L8,all_inner_layer_traces,track:U1:T17:L8:425:0,track:DDR_DQB3:L8:748:17,2.925,2.8234,False,3,0.1195,0.3585,False,False,False,
DDR_DQA9,DDR_DQB4,A_BYTE1,B_BYTE0,L8,K230_local_fanout_only,track:U1:T17:L8:425:0,track:U1:D14:L8:416:0,8.04005597,7.93845597,False,3,0.1195,0.3585,False,False,False,
DDR_DQA9,DDR_DQB4,A_BYTE1,B_BYTE0,L8,actual_interconnect_only,track:DDR_DQA9:L8:734:7,track:DDR_DQB4:L8:747:38,9.5402457548,9.4386457548,False,3,0.1195,0.3585,False,False,False,
DDR_DQA9,DDR_DQB4,A_BYTE1,B_BYTE0,L8,all_inner_layer_traces,track:U1:T17:L8:425:0,track:U1:D14:L8:416:0,8.04005597,7.93845597,False,3,0.1195,0.3585,False,False,False,
DDR_DQA9,DDR_DQB5,A_BYTE1,B_BYTE0,L8,K230_local_fanout_only,track:U1:T17:L8:425:0,track:U1:B16:L8:389:0,9.123184751,9.021584751,False,3,0.1195,0.3585,False,False,False,
DDR_DQA9,DDR_DQB5,A_BYTE1,B_BYTE0,L8,all_inner_layer_traces,track:U1:T17:L8:425:0,track:U1:B16:L8:389:0,9.123184751,9.021584751,False,3,0.1195,0.3585,False,False,False,
DDR_DQA9,DDR_DQB6,A_BYTE1,B_BYTE0,L8,K230_local_fanout_only,track:U1:T17:L8:425:0,track:U1:C16:L8:402:4,8.125,8.0234,False,3,0.1195,0.3585,False,False,False,
DDR_DQA9,DDR_DQB6,A_BYTE1,B_BYTE0,L8,actual_interconnect_only,track:DDR_DQA9:L8:734:7,track:DDR_DQB6:L8:737:0,10.4,10.2984,False,3,0.1195,0.3585,False,False,False,
DDR_DQA9,DDR_DQB6,A_BYTE1,B_BYTE0,L8,all_inner_layer_traces,track:U1:T17:L8:425:0,track:U1:C16:L8:402:4,8.125,8.0234,False,3,0.1195,0.3585,False,False,False,
DDR_DQA9,DDR_DQB7,A_BYTE1,B_BYTE0,L8,K230_local_fanout_only,track:U1:T17:L8:425:0,track:U1:B17:L8:390:0,9.1,8.9984,False,3,0.1195,0.3585,False,False,False,
DDR_DQA9,DDR_DQB7,A_BYTE1,B_BYTE0,L8,all_inner_layer_traces,track:U1:T17:L8:425:0,track:U1:B17:L8:390:0,9.1,8.9984,False,3,0.1195,0.3585,False,False,False,
DDR_DQA9,DDR_DQSA1_N,A_BYTE1,A_BYTE1,L8,K230_local_fanout_only,track:U1:T17:L8:425:1,track:U1:V19:L8:370:0,0.975,0.8734,False,3,0.1195,0.3585,False,False,False,
DDR_DQA9,DDR_DQSA1_N,A_BYTE1,A_BYTE1,L8,actual_interconnect_only,track:DDR_DQA9:L8:734:8,track:DDR_DQSA1_N:L8:714:1,0.975,0.8734,False,3,0.1195,0.3585,False,False,False,
DDR_DQA9,DDR_DQSA1_N,A_BYTE1,A_BYTE1,L8,all_inner_layer_traces,track:DDR_DQA9:L8:734:8,track:DDR_DQSA1_N:L8:714:1,0.975,0.8734,False,3,0.1195,0.3585,False,False,False,
DDR_DQA9,DDR_DQSA1_P,A_BYTE1,A_BYTE1,L8,K230_local_fanout_only,track:U1:T17:L8:425:1,track:U1:V20:L8:369:0,1.625,1.5234,False,3,0.1195,0.3585,False,False,False,
DDR_DQA9,DDR_DQSA1_P,A_BYTE1,A_BYTE1,L8,actual_interconnect_only,track:DDR_DQA9:L8:734:8,track:DDR_DQSA1_P:L8:713:3,0.325,0.2234,False,3,0.1195,0.3585,True,True,False,
DDR_DQA9,DDR_DQSA1_P,A_BYTE1,A_BYTE1,L8,all_inner_layer_traces,track:DDR_DQA9:L8:734:8,track:DDR_DQSA1_P:L8:713:3,0.325,0.2234,False,3,0.1195,0.3585,True,True,False,
DDR_DQA9,DDR_DQSB0_N,A_BYTE1,B_BYTE0,L8,K230_local_fanout_only,track:U1:T17:L8:425:0,track:U1:A15:L8:372:0,9.8362848678,9.7346848678,False,3,0.1195,0.3585,False,False,False,
DDR_DQA9,DDR_DQSB0_N,A_BYTE1,B_BYTE0,L8,actual_interconnect_only,track:DDR_DQA9:L8:734:7,track:DDR_DQSB0_N:L8:715:19,10.4630917545,10.3614917545,False,3,0.1195,0.3585,False,False,False,
DDR_DQA9,DDR_DQSB0_N,A_BYTE1,B_BYTE0,L8,all_inner_layer_traces,track:U1:T17:L8:425:0,track:U1:A15:L8:372:0,9.8362848678,9.7346848678,False,3,0.1195,0.3585,False,False,False,
DDR_DQA9,DDR_DQSB0_P,A_BYTE1,B_BYTE0,L8,K230_local_fanout_only,track:U1:T17:L8:425:0,track:U1:B15:L8:371:0,9.1923881554,9.0907881554,False,3,0.1195,0.3585,False,False,False,
DDR_DQA9,DDR_DQSB0_P,A_BYTE1,B_BYTE0,L8,actual_interconnect_only,track:DDR_DQA9:L8:734:7,track:DDR_DQSB0_P:L8:716:21,11.0522074294,10.9506074294,False,3,0.1195,0.3585,False,False,False,
DDR_DQA9,DDR_DQSB0_P,A_BYTE1,B_BYTE0,L8,all_inner_layer_traces,track:U1:T17:L8:425:0,track:U1:B15:L8:371:0,9.1923881554,9.0907881554,False,3,0.1195,0.3585,False,False,False,
DDR_DQB0,DDR_DQB1,B_BYTE0,B_BYTE0,L8,K230_local_fanout_only,track:U1:A14:L8:379:0,track:U1:A17:L8:380:0,1.95,1.8484,False,2,0.1195,0.239,False,False,False,
DDR_DQB0,DDR_DQB1,B_BYTE0,B_BYTE0,L8,all_inner_layer_traces,track:DDR_DQB0:L8:746:12,track:U1:A17:L8:380:0,0.73125,0.62965,False,2,0.1195,0.239,False,False,False,
DDR_DQB0,DDR_DQB2,B_BYTE0,B_BYTE0,L8,K230_local_fanout_only,track:U1:A14:L8:379:0,track:U1:C14:L8:400:0,0.975,0.8734,False,2,0.1195,0.239,False,False,False,
DDR_DQB0,DDR_DQB2,B_BYTE0,B_BYTE0,L8,all_inner_layer_traces,track:U1:A14:L8:379:0,track:U1:C14:L8:400:0,0.975,0.8734,False,2,0.1195,0.239,False,False,False,
DDR_DQB0,DDR_DQB3,B_BYTE0,B_BYTE0,L8,K230_local_fanout_only,track:U1:A14:L8:379:0,track:U1:B14:L8:388:0,0.325,0.2234,False,2,0.1195,0.239,True,True,False,
DDR_DQB0,DDR_DQB3,B_BYTE0,B_BYTE0,L8,actual_interconnect_only,track:DDR_DQB0:L8:746:0,track:DDR_DQB3:L8:748:0,0.325,0.2234,False,2,0.1195,0.239,True,True,False,
DDR_DQB0,DDR_DQB3,B_BYTE0,B_BYTE0,L8,all_inner_layer_traces,track:U1:A14:L8:379:0,track:U1:B14:L8:388:0,0.325,0.2234,False,2,0.1195,0.239,True,True,False,
DDR_DQB0,DDR_DQB4,B_BYTE0,B_BYTE0,L8,K230_local_fanout_only,track:U1:A14:L8:379:0,track:U1:D14:L8:416:0,1.625,1.5234,False,2,0.1195,0.239,False,False,False,
DDR_DQB0,DDR_DQB4,B_BYTE0,B_BYTE0,L8,actual_interconnect_only,track:DDR_DQB0:L8:746:3,track:DDR_DQB4:L8:747:8,0.2298097039,0.1282097039,False,2,0.1195,0.239,True,True,True,
DDR_DQB0,DDR_DQB4,B_BYTE0,B_BYTE0,L8,all_inner_layer_traces,track:DDR_DQB0:L8:746:3,track:DDR_DQB4:L8:747:8,0.2298097039,0.1282097039,False,2,0.1195,0.239,True,True,True,
DDR_DQB0,DDR_DQB5,B_BYTE0,B_BYTE0,L8,K230_local_fanout_only,track:U1:A14:L8:379:0,track:U1:B16:L8:389:4,0.975,0.8734,False,2,0.1195,0.239,False,False,False,
DDR_DQB0,DDR_DQB5,B_BYTE0,B_BYTE0,L8,all_inner_layer_traces,track:DDR_DQB0:L8:746:12,track:U1:B16:L8:389:4,0.73125,0.62965,False,2,0.1195,0.239,False,False,False,
DDR_DQB0,DDR_DQB6,B_BYTE0,B_BYTE0,L8,K230_local_fanout_only,track:U1:A14:L8:379:0,track:U1:C16:L8:402:0,1.8384776311,1.7368776311,False,2,0.1195,0.239,False,False,False,
DDR_DQB0,DDR_DQB6,B_BYTE0,B_BYTE0,L8,actual_interconnect_only,track:DDR_DQB0:L8:746:17,track:DDR_DQB6:L8:737:1,1.7269916039,1.6253916039,False,2,0.1195,0.239,False,False,False,
DDR_DQB0,DDR_DQB6,B_BYTE0,B_BYTE0,L8,all_inner_layer_traces,track:DDR_DQB0:L8:746:17,track:DDR_DQB6:L8:737:1,1.7269916039,1.6253916039,False,2,0.1195,0.239,False,False,False,
DDR_DQB0,DDR_DQB7,B_BYTE0,B_BYTE0,L8,K230_local_fanout_only,track:U1:A14:L8:379:0,track:U1:B17:L8:390:4,1.625,1.5234,False,2,0.1195,0.239,False,False,False,
DDR_DQB0,DDR_DQB7,B_BYTE0,B_BYTE0,L8,all_inner_layer_traces,track:DDR_DQB0:L8:746:12,track:U1:B17:L8:390:4,0.73125,0.62965,False,2,0.1195,0.239,False,False,False,
DDR_DQB0,DDR_DQSA1_N,B_BYTE0,A_BYTE1,L8,K230_local_fanout_only,track:U1:A14:L8:379:0,track:U1:V19:L8:370:3,11.3310983167,11.2294983167,False,3,0.1195,0.3585,False,False,False,
DDR_DQB0,DDR_DQSA1_N,B_BYTE0,A_BYTE1,L8,actual_interconnect_only,track:DDR_DQB0:L8:746:17,track:DDR_DQSA1_N:L8:714:0,11.9796588667,11.8780588667,False,3,0.1195,0.3585,False,False,False,
DDR_DQB0,DDR_DQSA1_N,B_BYTE0,A_BYTE1,L8,all_inner_layer_traces,track:U1:A14:L8:379:0,track:U1:V19:L8:370:3,11.3310983167,11.2294983167,False,3,0.1195,0.3585,False,False,False,
DDR_DQB0,DDR_DQSA1_P,B_BYTE0,A_BYTE1,L8,K230_local_fanout_only,track:U1:A14:L8:379:0,track:U1:V20:L8:369:0,11.7180416453,11.6164416453,False,3,0.1195,0.3585,False,False,False,
DDR_DQB0,DDR_DQSA1_P,B_BYTE0,A_BYTE1,L8,actual_interconnect_only,track:DDR_DQB0:L8:746:12,track:DDR_DQSA1_P:L8:713:0,12.43125,12.32965,False,3,0.1195,0.3585,False,False,False,
DDR_DQB0,DDR_DQSA1_P,B_BYTE0,A_BYTE1,L8,all_inner_layer_traces,track:U1:A14:L8:379:0,track:U1:V20:L8:369:0,11.7180416453,11.6164416453,False,3,0.1195,0.3585,False,False,False,
DDR_DQB0,DDR_DQSB0_N,B_BYTE0,B_BYTE0,L8,K230_local_fanout_only,track:U1:A14:L8:379:0,track:U1:A15:L8:372:0,0.65,0.5484,False,3,0.1195,0.3585,False,False,False,
DDR_DQB0,DDR_DQSB0_N,B_BYTE0,B_BYTE0,L8,actual_interconnect_only,track:DDR_DQB0:L8:746:12,track:DDR_DQSB0_N:L8:715:3,0.4875,0.3859,False,3,0.1195,0.3585,False,False,False,
DDR_DQB0,DDR_DQSB0_N,B_BYTE0,B_BYTE0,L8,all_inner_layer_traces,track:DDR_DQB0:L8:746:12,track:DDR_DQSB0_N:L8:715:3,0.4875,0.3859,False,3,0.1195,0.3585,False,False,False,
DDR_DQB0,DDR_DQSB0_P,B_BYTE0,B_BYTE0,L8,K230_local_fanout_only,track:U1:A14:L8:379:0,track:U1:B15:L8:371:4,0.325,0.2234,False,3,0.1195,0.3585,True,True,False,
DDR_DQB0,DDR_DQSB0_P,B_BYTE0,B_BYTE0,L8,actual_interconnect_only,track:DDR_DQB0:L8:746:6,track:DDR_DQSB0_P:L8:716:3,0.2298097039,0.1282097039,False,3,0.1195,0.3585,True,True,True,
DDR_DQB0,DDR_DQSB0_P,B_BYTE0,B_BYTE0,L8,all_inner_layer_traces,track:DDR_DQB0:L8:746:6,track:DDR_DQSB0_P:L8:716:3,0.2298097039,0.1282097039,False,3,0.1195,0.3585,True,True,True,
DDR_DQB1,DDR_DQB2,B_BYTE0,B_BYTE0,L8,K230_local_fanout_only,track:U1:A17:L8:380:0,track:U1:C14:L8:400:0,2.1801662781,2.0785662781,False,2,0.1195,0.239,False,False,False,
DDR_DQB1,DDR_DQB2,B_BYTE0,B_BYTE0,L8,all_inner_layer_traces,track:U1:A17:L8:380:0,track:U1:C14:L8:400:0,2.1801662781,2.0785662781,False,2,0.1195,0.239,False,False,False,
DDR_DQB1,DDR_DQB3,B_BYTE0,B_BYTE0,L8,K230_local_fanout_only,track:U1:A17:L8:380:0,track:U1:B14:L8:388:0,1.9768978223,1.8752978223,False,2,0.1195,0.239,False,False,False,
DDR_DQB1,DDR_DQB3,B_BYTE0,B_BYTE0,L8,all_inner_layer_traces,track:U1:A17:L8:380:0,track:DDR_DQB3:L8:748:5,1.8258666607,1.7242666607,False,2,0.1195,0.239,False,False,False,
DDR_DQB1,DDR_DQB4,B_BYTE0,B_BYTE0,L8,K230_local_fanout_only,track:U1:A17:L8:380:0,track:U1:D14:L8:416:0,2.5383311447,2.4367311447,False,2,0.1195,0.239,False,False,False,
DDR_DQB1,DDR_DQB4,B_BYTE0,B_BYTE0,L8,all_inner_layer_traces,track:U1:A17:L8:380:0,track:DDR_DQB4:L8:747:18,0.975,0.8734,False,2,0.1195,0.239,False,False,False,
DDR_DQB1,DDR_DQB5,B_BYTE0,B_BYTE0,L8,K230_local_fanout_only,track:U1:A17:L8:380:0,track:U1:B16:L8:389:0,0.7267220927,0.6251220927,False,2,0.1195,0.239,False,False,False,
DDR_DQB1,DDR_DQB5,B_BYTE0,B_BYTE0,L8,all_inner_layer_traces,track:U1:A17:L8:380:0,track:U1:B16:L8:389:0,0.7267220927,0.6251220927,False,2,0.1195,0.239,False,False,False,
DDR_DQB1,DDR_DQB6,B_BYTE0,B_BYTE0,L8,K230_local_fanout_only,track:U1:A17:L8:380:0,track:U1:C16:L8:402:0,1.3400093283,1.2384093283,False,2,0.1195,0.239,False,False,False,
DDR_DQB1,DDR_DQB6,B_BYTE0,B_BYTE0,L8,all_inner_layer_traces,track:U1:A17:L8:380:0,track:U1:C16:L8:402:0,1.3400093283,1.2384093283,False,2,0.1195,0.239,False,False,False,
DDR_DQB1,DDR_DQB7,B_BYTE0,B_BYTE0,L8,K230_local_fanout_only,track:U1:A17:L8:380:0,track:U1:B17:L8:390:0,0.325,0.2234,False,2,0.1195,0.239,True,True,False,
DDR_DQB1,DDR_DQB7,B_BYTE0,B_BYTE0,L8,all_inner_layer_traces,track:U1:A17:L8:380:0,track:U1:B17:L8:390:0,0.325,0.2234,False,2,0.1195,0.239,True,True,False,
DDR_DQB1,DDR_DQSA1_N,B_BYTE0,A_BYTE1,L8,K230_local_fanout_only,track:U1:A17:L8:380:0,track:U1:V19:L8:370:3,10.8598763373,10.7582763373,False,3,0.1195,0.3585,False,False,False,
DDR_DQB1,DDR_DQSA1_N,B_BYTE0,A_BYTE1,L8,all_inner_layer_traces,track:U1:A17:L8:380:0,track:U1:V19:L8:370:3,10.8598763373,10.7582763373,False,3,0.1195,0.3585,False,False,False,
DDR_DQB1,DDR_DQSA1_P,B_BYTE0,A_BYTE1,L8,K230_local_fanout_only,track:U1:A17:L8:380:0,track:U1:V20:L8:369:0,11.2207397261,11.1191397261,False,3,0.1195,0.3585,False,False,False,
DDR_DQB1,DDR_DQSA1_P,B_BYTE0,A_BYTE1,L8,all_inner_layer_traces,track:U1:A17:L8:380:0,track:U1:V20:L8:369:0,11.2207397261,11.1191397261,False,3,0.1195,0.3585,False,False,False,
DDR_DQB1,DDR_DQSB0_N,B_BYTE0,B_BYTE0,L8,K230_local_fanout_only,track:U1:A17:L8:380:0,track:U1:A15:L8:372:0,1.3,1.1984,False,3,0.1195,0.3585,False,False,False,
DDR_DQB1,DDR_DQSB0_N,B_BYTE0,B_BYTE0,L8,all_inner_layer_traces,track:U1:A17:L8:380:0,track:DDR_DQSB0_N:L8:715:4,0.24375,0.14215,False,3,0.1195,0.3585,True,True,True,
DDR_DQB1,DDR_DQSB0_P,B_BYTE0,B_BYTE0,L8,K230_local_fanout_only,track:U1:A17:L8:380:0,track:U1:B15:L8:371:0,1.3400093283,1.2384093283,False,3,0.1195,0.3585,False,False,False,
DDR_DQB1,DDR_DQSB0_P,B_BYTE0,B_BYTE0,L8,all_inner_layer_traces,track:U1:A17:L8:380:0,track:DDR_DQSB0_P:L8:716:8,0.4875,0.3859,False,3,0.1195,0.3585,False,False,False,
DDR_DQB10,DDR_DQB11,B_BYTE1,B_BYTE1,L3,K230_local_fanout_only,track:U1:D17:L3:418:0,track:U1:E17:L3:419:0,0.65,0.5484,False,2,0.13,0.26,False,False,False,
DDR_DQB10,DDR_DQB11,B_BYTE1,B_BYTE1,L3,actual_interconnect_only,track:DDR_DQB10:L3:726:5,track:DDR_DQB11:L3:724:0,0.325,0.2234,False,2,0.13,0.26,True,True,False,
DDR_DQB10,DDR_DQB11,B_BYTE1,B_BYTE1,L3,all_inner_layer_traces,track:DDR_DQB10:L3:726:5,track:DDR_DQB11:L3:724:0,0.325,0.2234,False,2,0.13,0.26,True,True,False,
DDR_DQB10,DDR_DQB12,B_BYTE1,B_BYTE1,L3,K230_local_fanout_only,track:U1:D17:L3:418:4,track:U1:E18:L3:406:3,0.65,0.5484,False,2,0.13,0.26,False,False,False,
DDR_DQB10,DDR_DQB12,B_BYTE1,B_BYTE1,L3,actual_interconnect_only,track:DDR_DQB10:L3:726:0,track:DDR_DQB12:L3:730:0,0.65,0.5484,False,2,0.13,0.26,False,False,False,
DDR_DQB10,DDR_DQB12,B_BYTE1,B_BYTE1,L3,all_inner_layer_traces,track:U1:D17:L3:418:0,track:DDR_DQB12:L3:730:0,0.325,0.2234,False,2,0.13,0.26,True,True,False,
DDR_DQB10,DDR_DQB13,B_BYTE1,B_BYTE1,L3,K230_local_fanout_only,track:U1:D17:L3:418:0,track:U1:D16:L3:417:0,0.65,0.5484,False,2,0.13,0.26,False,False,False,
DDR_DQB10,DDR_DQB13,B_BYTE1,B_BYTE1,L3,actual_interconnect_only,track:DDR_DQB10:L3:726:4,track:DDR_DQB13:L3:738:22,1.6,1.4984,False,2,0.13,0.26,False,False,False,
DDR_DQB10,DDR_DQB13,B_BYTE1,B_BYTE1,L3,all_inner_layer_traces,track:U1:D17:L3:418:0,track:U1:D16:L3:417:0,0.65,0.5484,False,2,0.13,0.26,False,False,False,
DDR_DQB10,DDR_DQB14,B_BYTE1,B_BYTE1,L3,K230_local_fanout_only,track:U1:D17:L3:418:4,track:U1:C19:L3:392:0,0.325,0.2234,False,2,0.13,0.26,True,True,False,
DDR_DQB10,DDR_DQB14,B_BYTE1,B_BYTE1,L3,all_inner_layer_traces,track:U1:D17:L3:418:4,track:U1:C19:L3:392:0,0.325,0.2234,False,2,0.13,0.26,True,True,False,
DDR_DQB10,DDR_DQB15,B_BYTE1,B_BYTE1,L3,K230_local_fanout_only,track:U1:D17:L3:418:4,track:U1:B19:L3:391:0,0.975,0.8734,False,2,0.13,0.26,False,False,False,
DDR_DQB10,DDR_DQB15,B_BYTE1,B_BYTE1,L3,all_inner_layer_traces,track:U1:D17:L3:418:4,track:U1:B19:L3:391:0,0.975,0.8734,False,2,0.13,0.26,False,False,False,
DDR_DQB10,DDR_DQB8,B_BYTE1,B_BYTE1,L3,K230_local_fanout_only,track:U1:D17:L3:418:4,track:U1:C18:L3:404:0,0.325,0.2234,False,2,0.13,0.26,True,True,False,
DDR_DQB10,DDR_DQB8,B_BYTE1,B_BYTE1,L3,actual_interconnect_only,track:DDR_DQB10:L3:726:0,track:DDR_DQB8:L3:725:0,0.65,0.5484,False,2,0.13,0.26,False,False,False,
DDR_DQB10,DDR_DQB8,B_BYTE1,B_BYTE1,L3,all_inner_layer_traces,track:U1:D17:L3:418:4,track:U1:C18:L3:404:0,0.325,0.2234,False,2,0.13,0.26,True,True,False,
DDR_DQB10,DDR_DQB9,B_BYTE1,B_BYTE1,L3,K230_local_fanout_only,track:U1:D17:L3:418:1,track:U1:C17:L3:403:0,0.5202538443,0.4186538443,False,2,0.13,0.26,False,False,False,
DDR_DQB10,DDR_DQB9,B_BYTE1,B_BYTE1,L3,all_inner_layer_traces,track:U1:D17:L3:418:1,track:U1:C17:L3:403:0,0.5202538443,0.4186538443,False,2,0.13,0.26,False,False,False,
DDR_DQB10,DDR_DQSA0_N,B_BYTE1,A_BYTE0,L3,K230_local_fanout_only,track:U1:D17:L3:418:0,track:U1:Y17:L3:368:0,10.4,10.2984,False,3,0.13,0.39,False,False,False,
DDR_DQB10,DDR_DQSA0_N,B_BYTE1,A_BYTE0,L3,actual_interconnect_only,track:DDR_DQB10:L3:726:5,track:DDR_DQSA0_N:L3:711:35,10.2773111756,10.1757111756,False,3,0.13,0.39,False,False,False,
DDR_DQB10,DDR_DQSA0_N,B_BYTE1,A_BYTE0,L3,all_inner_layer_traces,track:DDR_DQB10:L3:726:5,track:DDR_DQSA0_N:L3:711:35,10.2773111756,10.1757111756,False,3,0.13,0.39,False,False,False,
DDR_DQB10,DDR_DQSA0_P,B_BYTE1,A_BYTE0,L3,K230_local_fanout_only,track:U1:D17:L3:418:0,track:U1:W17:L3:367:0,9.75,9.6484,False,3,0.13,0.39,False,False,False,
DDR_DQB10,DDR_DQSA0_P,B_BYTE1,A_BYTE0,L3,actual_interconnect_only,track:DDR_DQB10:L3:726:5,track:DDR_DQSA0_P:L3:712:35,11.1251966275,11.0235966275,False,3,0.13,0.39,False,False,False,
DDR_DQB10,DDR_DQSA0_P,B_BYTE1,A_BYTE0,L3,all_inner_layer_traces,track:U1:D17:L3:418:0,track:U1:W17:L3:367:0,9.75,9.6484,False,3,0.13,0.39,False,False,False,
DDR_DQB10,DDR_DQSB1_N,B_BYTE1,B_BYTE1,L3,K230_local_fanout_only,track:U1:D17:L3:418:4,track:U1:A18:L3:374:0,1.625,1.5234,False,3,0.13,0.39,False,False,False,
DDR_DQB10,DDR_DQSB1_N,B_BYTE1,B_BYTE1,L3,actual_interconnect_only,track:DDR_DQB10:L3:726:4,track:DDR_DQSB1_N:L3:717:5,0.4818989132,0.3802989132,False,3,0.13,0.39,True,False,False,
DDR_DQB10,DDR_DQSB1_N,B_BYTE1,B_BYTE1,L3,all_inner_layer_traces,track:DDR_DQB10:L3:726:4,track:DDR_DQSB1_N:L3:717:5,0.4818989132,0.3802989132,False,3,0.13,0.39,True,False,False,
DDR_DQB10,DDR_DQSB1_P,B_BYTE1,B_BYTE1,L3,K230_local_fanout_only,track:U1:D17:L3:418:4,track:U1:B18:L3:373:0,0.975,0.8734,False,3,0.13,0.39,False,False,False,
DDR_DQB10,DDR_DQSB1_P,B_BYTE1,B_BYTE1,L3,actual_interconnect_only,track:DDR_DQB10:L3:726:4,track:DDR_DQSB1_P:L3:718:16,0.863495802,0.761895802,False,3,0.13,0.39,False,False,False,
DDR_DQB10,DDR_DQSB1_P,B_BYTE1,B_BYTE1,L3,all_inner_layer_traces,track:DDR_DQB10:L3:726:4,track:DDR_DQSB1_P:L3:718:16,0.863495802,0.761895802,False,3,0.13,0.39,False,False,False,
DDR_DQB11,DDR_DQB12,B_BYTE1,B_BYTE1,L3,K230_local_fanout_only,track:U1:E17:L3:419:0,track:U1:E18:L3:406:0,0.325,0.2234,False,2,0.13,0.26,True,True,False,
DDR_DQB11,DDR_DQB12,B_BYTE1,B_BYTE1,L3,actual_interconnect_only,track:DDR_DQB11:L3:724:1,track:DDR_DQB12:L3:730:6,0.325,0.2234,False,2,0.13,0.26,True,True,False,
DDR_DQB11,DDR_DQB12,B_BYTE1,B_BYTE1,L3,all_inner_layer_traces,track:U1:E17:L3:419:0,track:U1:E18:L3:406:0,0.325,0.2234,False,2,0.13,0.26,True,True,False,
DDR_DQB11,DDR_DQB13,B_BYTE1,B_BYTE1,L3,K230_local_fanout_only,track:U1:E17:L3:419:0,track:U1:D16:L3:417:0,0.9192388155,0.8176388155,False,2,0.13,0.26,False,False,False,
DDR_DQB11,DDR_DQB13,B_BYTE1,B_BYTE1,L3,actual_interconnect_only,track:DDR_DQB11:L3:724:0,track:DDR_DQB13:L3:738:23,1.6326741867,1.5310741867,False,2,0.13,0.26,False,False,False,
DDR_DQB11,DDR_DQB13,B_BYTE1,B_BYTE1,L3,all_inner_layer_traces,track:U1:E17:L3:419:0,track:U1:D16:L3:417:0,0.9192388155,0.8176388155,False,2,0.13,0.26,False,False,False,
DDR_DQB11,DDR_DQB14,B_BYTE1,B_BYTE1,L3,K230_local_fanout_only,track:U1:E17:L3:419:0,track:U1:C19:L3:392:0,1.625,1.5234,False,2,0.13,0.26,False,False,False,
DDR_DQB11,DDR_DQB14,B_BYTE1,B_BYTE1,L3,all_inner_layer_traces,track:U1:E17:L3:419:0,track:U1:C19:L3:392:0,1.625,1.5234,False,2,0.13,0.26,False,False,False,
DDR_DQB11,DDR_DQB15,B_BYTE1,B_BYTE1,L3,K230_local_fanout_only,track:U1:E17:L3:419:0,track:U1:B19:L3:391:0,2.1801662781,2.0785662781,False,2,0.13,0.26,False,False,False,
DDR_DQB11,DDR_DQB15,B_BYTE1,B_BYTE1,L3,all_inner_layer_traces,track:U1:E17:L3:419:0,track:U1:B19:L3:391:0,2.1801662781,2.0785662781,False,2,0.13,0.26,False,False,False,
DDR_DQB11,DDR_DQB8,B_BYTE1,B_BYTE1,L3,K230_local_fanout_only,track:U1:E17:L3:419:0,track:U1:C18:L3:404:0,1.3400093283,1.2384093283,False,2,0.13,0.26,False,False,False,
DDR_DQB11,DDR_DQB8,B_BYTE1,B_BYTE1,L3,actual_interconnect_only,track:DDR_DQB11:L3:724:0,track:DDR_DQB8:L3:725:0,1.95,1.8484,False,2,0.13,0.26,False,False,False,
DDR_DQB11,DDR_DQB8,B_BYTE1,B_BYTE1,L3,all_inner_layer_traces,track:U1:E17:L3:419:0,track:U1:C18:L3:404:0,1.3400093283,1.2384093283,False,2,0.13,0.26,False,False,False,
DDR_DQB11,DDR_DQB9,B_BYTE1,B_BYTE1,L3,K230_local_fanout_only,track:U1:E17:L3:419:0,track:U1:C17:L3:403:0,1.3,1.1984,False,2,0.13,0.26,False,False,False,
DDR_DQB11,DDR_DQB9,B_BYTE1,B_BYTE1,L3,all_inner_layer_traces,track:U1:E17:L3:419:0,track:U1:C17:L3:403:0,1.3,1.1984,False,2,0.13,0.26,False,False,False,
DDR_DQB11,DDR_DQSA0_N,B_BYTE1,A_BYTE0,L3,K230_local_fanout_only,track:U1:E17:L3:419:3,track:U1:Y17:L3:368:0,9.433751325,9.332151325,False,3,0.13,0.39,False,False,False,
DDR_DQB11,DDR_DQSA0_N,B_BYTE1,A_BYTE0,L3,actual_interconnect_only,track:DDR_DQB11:L3:724:1,track:DDR_DQSA0_N:L3:711:35,9.7282128369,9.6266128369,False,3,0.13,0.39,False,False,False,
DDR_DQB11,DDR_DQSA0_N,B_BYTE1,A_BYTE0,L3,all_inner_layer_traces,track:U1:E17:L3:419:3,track:U1:Y17:L3:368:0,9.433751325,9.332151325,False,3,0.13,0.39,False,False,False,
DDR_DQB11,DDR_DQSA0_P,B_BYTE1,A_BYTE0,L3,K230_local_fanout_only,track:U1:E17:L3:419:3,track:U1:W17:L3:367:0,8.7843989016,8.6827989016,False,3,0.13,0.39,False,False,False,
DDR_DQB11,DDR_DQSA0_P,B_BYTE1,A_BYTE0,L3,actual_interconnect_only,track:DDR_DQB11:L3:724:1,track:DDR_DQSA0_P:L3:712:35,10.6001179239,10.4985179239,False,3,0.13,0.39,False,False,False,
DDR_DQB11,DDR_DQSA0_P,B_BYTE1,A_BYTE0,L3,all_inner_layer_traces,track:U1:E17:L3:419:3,track:U1:W17:L3:367:0,8.7843989016,8.6827989016,False,3,0.13,0.39,False,False,False,
DDR_DQB11,DDR_DQSB1_N,B_BYTE1,B_BYTE1,L3,K230_local_fanout_only,track:U1:E17:L3:419:0,track:U1:A18:L3:374:0,2.6202337682,2.5186337682,False,3,0.13,0.39,False,False,False,
DDR_DQB11,DDR_DQSB1_N,B_BYTE1,B_BYTE1,L3,actual_interconnect_only,track:DDR_DQB11:L3:724:0,track:DDR_DQSB1_N:L3:717:9,0.7888133889,0.6872133889,False,3,0.13,0.39,False,False,False,
DDR_DQB11,DDR_DQSB1_N,B_BYTE1,B_BYTE1,L3,all_inner_layer_traces,track:DDR_DQB11:L3:724:0,track:DDR_DQSB1_N:L3:717:9,0.7888133889,0.6872133889,False,3,0.13,0.39,False,False,False,
DDR_DQB11,DDR_DQSB1_P,B_BYTE1,B_BYTE1,L3,K230_local_fanout_only,track:U1:E17:L3:419:0,track:U1:B18:L3:373:0,1.9768978223,1.8752978223,False,3,0.13,0.39,False,False,False,
DDR_DQB11,DDR_DQSB1_P,B_BYTE1,B_BYTE1,L3,actual_interconnect_only,track:DDR_DQB11:L3:724:0,track:DDR_DQSB1_P:L3:718:16,1.2611998256,1.1595998256,False,3,0.13,0.39,False,False,False,
DDR_DQB11,DDR_DQSB1_P,B_BYTE1,B_BYTE1,L3,all_inner_layer_traces,track:DDR_DQB11:L3:724:0,track:DDR_DQSB1_P:L3:718:16,1.2611998256,1.1595998256,False,3,0.13,0.39,False,False,False,
DDR_DQB12,DDR_DQB13,B_BYTE1,B_BYTE1,L3,K230_local_fanout_only,track:U1:E18:L3:406:0,track:U1:D16:L3:417:0,1.4534441854,1.3518441854,False,2,0.13,0.26,False,False,False,
DDR_DQB12,DDR_DQB13,B_BYTE1,B_BYTE1,L3,actual_interconnect_only,track:DDR_DQB12:L3:730:7,track:DDR_DQB13:L3:738:23,0.65,0.5484,False,2,0.13,0.26,False,False,False,
DDR_DQB12,DDR_DQB13,B_BYTE1,B_BYTE1,L3,all_inner_layer_traces,track:DDR_DQB12:L3:730:0,track:U1:D16:L3:417:0,0.5202538443,0.4186538443,False,2,0.13,0.26,False,False,False,
DDR_DQB12,DDR_DQB14,B_BYTE1,B_BYTE1,L3,K230_local_fanout_only,track:U1:E18:L3:406:4,track:U1:C19:L3:392:0,0.975,0.8734,False,2,0.13,0.26,False,False,False,
DDR_DQB12,DDR_DQB14,B_BYTE1,B_BYTE1,L3,all_inner_layer_traces,track:U1:E18:L3:406:4,track:U1:C19:L3:392:0,0.975,0.8734,False,2,0.13,0.26,False,False,False,
DDR_DQB12,DDR_DQB15,B_BYTE1,B_BYTE1,L3,K230_local_fanout_only,track:U1:E18:L3:406:4,track:U1:B19:L3:391:0,1.625,1.5234,False,2,0.13,0.26,False,False,False,
DDR_DQB12,DDR_DQB15,B_BYTE1,B_BYTE1,L3,all_inner_layer_traces,track:U1:E18:L3:406:4,track:U1:B19:L3:391:0,1.625,1.5234,False,2,0.13,0.26,False,False,False,
DDR_DQB12,DDR_DQB8,B_BYTE1,B_BYTE1,L3,K230_local_fanout_only,track:U1:E18:L3:406:3,track:U1:C18:L3:404:0,0.9783795595,0.8767795595,False,2,0.13,0.26,False,False,False,
DDR_DQB12,DDR_DQB8,B_BYTE1,B_BYTE1,L3,actual_interconnect_only,track:DDR_DQB12:L3:730:0,track:DDR_DQB8:L3:725:0,1.3,1.1984,False,2,0.13,0.26,False,False,False,
DDR_DQB12,DDR_DQB8,B_BYTE1,B_BYTE1,L3,all_inner_layer_traces,track:DDR_DQB12:L3:730:0,track:U1:C18:L3:404:0,0.975,0.8734,False,2,0.13,0.26,False,False,False,
DDR_DQB12,DDR_DQB9,B_BYTE1,B_BYTE1,L3,K230_local_fanout_only,track:U1:E18:L3:406:1,track:U1:C17:L3:403:0,1.4374592386,1.3358592386,False,2,0.13,0.26,False,False,False,
DDR_DQB12,DDR_DQB9,B_BYTE1,B_BYTE1,L3,all_inner_layer_traces,track:DDR_DQB12:L3:730:0,track:U1:C17:L3:403:0,0.975,0.8734,False,2,0.13,0.26,False,False,False,
DDR_DQB12,DDR_DQSA0_N,B_BYTE1,A_BYTE0,L3,K230_local_fanout_only,track:U1:E18:L3:406:0,track:U1:Y17:L3:368:0,9.7716426459,9.6700426459,False,3,0.13,0.39,False,False,False,
DDR_DQB12,DDR_DQSA0_N,B_BYTE1,A_BYTE0,L3,actual_interconnect_only,track:DDR_DQB12:L3:730:6,track:DDR_DQSA0_N:L3:711:35,8.6546230421,8.5530230421,False,3,0.13,0.39,False,False,False,
DDR_DQB12,DDR_DQSA0_N,B_BYTE1,A_BYTE0,L3,all_inner_layer_traces,track:DDR_DQB12:L3:730:6,track:DDR_DQSA0_N:L3:711:35,8.6546230421,8.5530230421,False,3,0.13,0.39,False,False,False,
DDR_DQB12,DDR_DQSA0_P,B_BYTE1,A_BYTE0,L3,K230_local_fanout_only,track:U1:E18:L3:406:0,track:U1:W17:L3:367:0,9.123184751,9.021584751,False,3,0.13,0.39,False,False,False,
DDR_DQB12,DDR_DQSA0_P,B_BYTE1,A_BYTE0,L3,actual_interconnect_only,track:DDR_DQB12:L3:730:6,track:DDR_DQSA0_P:L3:712:35,9.4369287907,9.3353287907,False,3,0.13,0.39,False,False,False,
DDR_DQB12,DDR_DQSA0_P,B_BYTE1,A_BYTE0,L3,all_inner_layer_traces,track:DDR_DQB12:L3:730:6,track:U1:W17:L3:367:0,8.125,8.0234,False,3,0.13,0.39,False,False,False,
DDR_DQB12,DDR_DQSB1_N,B_BYTE1,B_BYTE1,L3,K230_local_fanout_only,track:U1:E18:L3:406:3,track:U1:A18:L3:374:0,2.3109876812,2.2093876812,False,3,0.13,0.39,False,False,False,
DDR_DQB12,DDR_DQSB1_N,B_BYTE1,B_BYTE1,L3,actual_interconnect_only,track:DDR_DQB12:L3:730:6,track:DDR_DQSB1_N:L3:717:9,0.975,0.8734,False,3,0.13,0.39,False,False,False,
DDR_DQB12,DDR_DQSB1_N,B_BYTE1,B_BYTE1,L3,all_inner_layer_traces,track:DDR_DQB12:L3:730:6,track:DDR_DQSB1_N:L3:717:9,0.975,0.8734,False,3,0.13,0.39,False,False,False,
DDR_DQB12,DDR_DQSB1_P,B_BYTE1,B_BYTE1,L3,K230_local_fanout_only,track:U1:E18:L3:406:3,track:U1:B18:L3:373:0,1.6750116604,1.5734116604,False,3,0.13,0.39,False,False,False,
DDR_DQB12,DDR_DQSB1_P,B_BYTE1,B_BYTE1,L3,actual_interconnect_only,track:DDR_DQB12:L3:730:7,track:DDR_DQSB1_P:L3:718:15,1.3840610536,1.2824610536,False,3,0.13,0.39,False,False,False,
DDR_DQB12,DDR_DQSB1_P,B_BYTE1,B_BYTE1,L3,all_inner_layer_traces,track:DDR_DQB12:L3:730:7,track:DDR_DQSB1_P:L3:718:15,1.3840610536,1.2824610536,False,3,0.13,0.39,False,False,False,
DDR_DQB13,DDR_DQB14,B_BYTE1,B_BYTE1,L3,K230_local_fanout_only,track:U1:D16:L3:417:0,track:U1:C19:L3:392:0,1.9768978223,1.8752978223,False,2,0.13,0.26,False,False,False,
DDR_DQB13,DDR_DQB14,B_BYTE1,B_BYTE1,L3,all_inner_layer_traces,track:U1:D16:L3:417:0,track:U1:C19:L3:392:0,1.9768978223,1.8752978223,False,2,0.13,0.26,False,False,False,
DDR_DQB13,DDR_DQB15,B_BYTE1,B_BYTE1,L3,K230_local_fanout_only,track:U1:D16:L3:417:4,track:U1:B19:L3:391:3,1.95,1.8484,False,2,0.13,0.26,False,False,False,
DDR_DQB13,DDR_DQB15,B_BYTE1,B_BYTE1,L3,all_inner_layer_traces,track:DDR_DQB13:L3:738:14,track:U1:B19:L3:391:4,0.73125,0.62965,False,2,0.13,0.26,False,False,False,
DDR_DQB13,DDR_DQB8,B_BYTE1,B_BYTE1,L3,K230_local_fanout_only,track:U1:D16:L3:417:0,track:U1:C18:L3:404:0,1.3400093283,1.2384093283,False,2,0.13,0.26,False,False,False,
DDR_DQB13,DDR_DQB8,B_BYTE1,B_BYTE1,L3,actual_interconnect_only,track:DDR_DQB13:L3:738:15,track:DDR_DQB8:L3:725:1,1.8736661923,1.7720661923,False,2,0.13,0.26,False,False,False,
DDR_DQB13,DDR_DQB8,B_BYTE1,B_BYTE1,L3,all_inner_layer_traces,track:U1:D16:L3:417:0,track:U1:C18:L3:404:0,1.3400093283,1.2384093283,False,2,0.13,0.26,False,False,False,
DDR_DQB13,DDR_DQB9,B_BYTE1,B_BYTE1,L3,K230_local_fanout_only,track:U1:D16:L3:417:4,track:U1:C17:L3:403:3,0.65,0.5484,False,2,0.13,0.26,False,False,False,
DDR_DQB13,DDR_DQB9,B_BYTE1,B_BYTE1,L3,all_inner_layer_traces,track:DDR_DQB13:L3:738:2,track:U1:C17:L3:403:4,0.2298097039,0.1282097039,False,2,0.13,0.26,True,True,True,
DDR_DQB13,DDR_DQSA0_N,B_BYTE1,A_BYTE0,L3,K230_local_fanout_only,track:U1:D16:L3:417:0,track:U1:Y17:L3:368:0,10.4202927022,10.3186927022,False,3,0.13,0.39,False,False,False,
DDR_DQB13,DDR_DQSA0_N,B_BYTE1,A_BYTE0,L3,actual_interconnect_only,track:DDR_DQB13:L3:738:23,track:DDR_DQSA0_N:L3:711:35,9.5427000896,9.4411000896,False,3,0.13,0.39,False,False,False,
DDR_DQB13,DDR_DQSA0_N,B_BYTE1,A_BYTE0,L3,all_inner_layer_traces,track:DDR_DQB13:L3:738:23,track:DDR_DQSA0_N:L3:711:35,9.5427000896,9.4411000896,False,3,0.13,0.39,False,False,False,
DDR_DQB13,DDR_DQSA0_P,B_BYTE1,A_BYTE0,L3,K230_local_fanout_only,track:U1:D16:L3:417:0,track:U1:W17:L3:367:0,9.7716426459,9.6700426459,False,3,0.13,0.39,False,False,False,
DDR_DQB13,DDR_DQSA0_P,B_BYTE1,A_BYTE0,L3,actual_interconnect_only,track:DDR_DQB13:L3:738:23,track:DDR_DQSA0_P:L3:712:35,10.2883429181,10.1867429181,False,3,0.13,0.39,False,False,False,
DDR_DQB13,DDR_DQSA0_P,B_BYTE1,A_BYTE0,L3,all_inner_layer_traces,track:U1:D16:L3:417:0,track:U1:W17:L3:367:0,9.7716426459,9.6700426459,False,3,0.13,0.39,False,False,False,
DDR_DQB13,DDR_DQSB1_N,B_BYTE1,B_BYTE1,L3,K230_local_fanout_only,track:U1:D16:L3:417:4,track:U1:A18:L3:374:0,1.625,1.5234,False,3,0.13,0.39,False,False,False,
DDR_DQB13,DDR_DQSB1_N,B_BYTE1,B_BYTE1,L3,actual_interconnect_only,track:DDR_DQB13:L3:738:14,track:DDR_DQSB1_N:L3:717:3,0.4875,0.3859,False,3,0.13,0.39,True,False,False,
DDR_DQB13,DDR_DQSB1_N,B_BYTE1,B_BYTE1,L3,all_inner_layer_traces,track:DDR_DQB13:L3:738:14,track:DDR_DQSB1_N:L3:717:3,0.4875,0.3859,False,3,0.13,0.39,True,False,False,
DDR_DQB13,DDR_DQSB1_P,B_BYTE1,B_BYTE1,L3,K230_local_fanout_only,track:U1:D16:L3:417:4,track:U1:B18:L3:373:3,1.3,1.1984,False,3,0.13,0.39,False,False,False,
DDR_DQB13,DDR_DQSB1_P,B_BYTE1,B_BYTE1,L3,actual_interconnect_only,track:DDR_DQB13:L3:738:8,track:DDR_DQSB1_P:L3:718:3,0.2298097039,0.1282097039,False,3,0.13,0.39,True,True,True,
DDR_DQB13,DDR_DQSB1_P,B_BYTE1,B_BYTE1,L3,all_inner_layer_traces,track:DDR_DQB13:L3:738:8,track:DDR_DQSB1_P:L3:718:3,0.2298097039,0.1282097039,False,3,0.13,0.39,True,True,True,
DDR_DQB14,DDR_DQB15,B_BYTE1,B_BYTE1,L3,K230_local_fanout_only,track:U1:C19:L3:392:0,track:U1:B19:L3:391:0,0.65,0.5484,False,2,0.13,0.26,False,False,False,
DDR_DQB14,DDR_DQB15,B_BYTE1,B_BYTE1,L3,all_inner_layer_traces,track:U1:C19:L3:392:0,track:U1:B19:L3:391:0,0.65,0.5484,False,2,0.13,0.26,False,False,False,
DDR_DQB14,DDR_DQB8,B_BYTE1,B_BYTE1,L3,K230_local_fanout_only,track:U1:C19:L3:392:0,track:U1:C18:L3:404:4,0.325,0.2234,False,2,0.13,0.26,True,True,False,
DDR_DQB14,DDR_DQB8,B_BYTE1,B_BYTE1,L3,all_inner_layer_traces,track:U1:C19:L3:392:0,track:U1:C18:L3:404:4,0.325,0.2234,False,2,0.13,0.26,True,True,False,
DDR_DQB14,DDR_DQB9,B_BYTE1,B_BYTE1,L3,K230_local_fanout_only,track:U1:C19:L3:392:0,track:U1:C17:L3:403:0,1.3,1.1984,False,2,0.13,0.26,False,False,False,
DDR_DQB14,DDR_DQB9,B_BYTE1,B_BYTE1,L3,all_inner_layer_traces,track:U1:C19:L3:392:0,track:U1:C17:L3:403:0,1.3,1.1984,False,2,0.13,0.26,False,False,False,
DDR_DQB14,DDR_DQSA0_N,B_BYTE1,A_BYTE0,L3,K230_local_fanout_only,track:U1:C19:L3:392:0,track:U1:Y17:L3:368:0,11.1262077996,11.0246077996,False,3,0.13,0.39,False,False,False,
DDR_DQB14,DDR_DQSA0_N,B_BYTE1,A_BYTE0,L3,all_inner_layer_traces,track:U1:C19:L3:392:0,track:U1:Y17:L3:368:0,11.1262077996,11.0246077996,False,3,0.13,0.39,False,False,False,
DDR_DQB14,DDR_DQSA0_P,B_BYTE1,A_BYTE0,L3,K230_local_fanout_only,track:U1:C19:L3:392:0,track:U1:W17:L3:367:0,10.4809350728,10.3793350728,False,3,0.13,0.39,False,False,False,
DDR_DQB14,DDR_DQSA0_P,B_BYTE1,A_BYTE0,L3,all_inner_layer_traces,track:U1:C19:L3:392:0,track:U1:W17:L3:367:0,10.4809350728,10.3793350728,False,3,0.13,0.39,False,False,False,
DDR_DQB14,DDR_DQSB1_N,B_BYTE1,B_BYTE1,L3,K230_local_fanout_only,track:U1:C19:L3:392:0,track:U1:A18:L3:374:0,1.4534441854,1.3518441854,False,3,0.13,0.39,False,False,False,
DDR_DQB14,DDR_DQSB1_N,B_BYTE1,B_BYTE1,L3,all_inner_layer_traces,track:U1:C19:L3:392:0,track:U1:A18:L3:374:0,1.4534441854,1.3518441854,False,3,0.13,0.39,False,False,False,
DDR_DQB14,DDR_DQSB1_P,B_BYTE1,B_BYTE1,L3,K230_local_fanout_only,track:U1:C19:L3:392:0,track:U1:B18:L3:373:0,0.9192388155,0.8176388155,False,3,0.13,0.39,False,False,False,
DDR_DQB14,DDR_DQSB1_P,B_BYTE1,B_BYTE1,L3,all_inner_layer_traces,track:U1:C19:L3:392:0,track:U1:B18:L3:373:0,0.9192388155,0.8176388155,False,3,0.13,0.39,False,False,False,
DDR_DQB15,DDR_DQB8,B_BYTE1,B_BYTE1,L3,K230_local_fanout_only,track:U1:B19:L3:391:0,track:U1:C18:L3:404:4,0.325,0.2234,False,2,0.13,0.26,True,True,False,
DDR_DQB15,DDR_DQB8,B_BYTE1,B_BYTE1,L3,all_inner_layer_traces,track:U1:B19:L3:391:0,track:U1:C18:L3:404:4,0.325,0.2234,False,2,0.13,0.26,True,True,False,
DDR_DQB15,DDR_DQB9,B_BYTE1,B_BYTE1,L3,K230_local_fanout_only,track:U1:B19:L3:391:3,track:U1:C17:L3:403:0,1.21875,1.11715,False,2,0.13,0.26,False,False,False,
DDR_DQB15,DDR_DQB9,B_BYTE1,B_BYTE1,L3,all_inner_layer_traces,track:U1:B19:L3:391:3,track:U1:C17:L3:403:0,1.21875,1.11715,False,2,0.13,0.26,False,False,False,
DDR_DQB15,DDR_DQSA0_N,B_BYTE1,A_BYTE0,L3,K230_local_fanout_only,track:U1:B19:L3:391:0,track:U1:Y17:L3:368:0,11.7720006796,11.6704006796,False,3,0.13,0.39,False,False,False,
DDR_DQB15,DDR_DQSA0_N,B_BYTE1,A_BYTE0,L3,all_inner_layer_traces,track:U1:B19:L3:391:0,track:U1:Y17:L3:368:0,11.7720006796,11.6704006796,False,3,0.13,0.39,False,False,False,
DDR_DQB15,DDR_DQSA0_P,B_BYTE1,A_BYTE0,L3,K230_local_fanout_only,track:U1:B19:L3:391:0,track:U1:W17:L3:367:0,11.1262077996,11.0246077996,False,3,0.13,0.39,False,False,False,
DDR_DQB15,DDR_DQSA0_P,B_BYTE1,A_BYTE0,L3,all_inner_layer_traces,track:U1:B19:L3:391:0,track:U1:W17:L3:367:0,11.1262077996,11.0246077996,False,3,0.13,0.39,False,False,False,
DDR_DQB15,DDR_DQSB1_N,B_BYTE1,B_BYTE1,L3,K230_local_fanout_only,track:U1:B19:L3:391:4,track:U1:A18:L3:374:0,0.325,0.2234,False,3,0.13,0.39,True,True,False,
DDR_DQB15,DDR_DQSB1_N,B_BYTE1,B_BYTE1,L3,all_inner_layer_traces,track:U1:B19:L3:391:4,track:DDR_DQSB1_N:L3:717:2,0.2298097039,0.1282097039,False,3,0.13,0.39,True,True,True,
DDR_DQB15,DDR_DQSB1_P,B_BYTE1,B_BYTE1,L3,K230_local_fanout_only,track:U1:B19:L3:391:3,track:U1:B18:L3:373:0,0.3350023321,0.2334023321,False,3,0.13,0.39,True,True,False,
DDR_DQB15,DDR_DQSB1_P,B_BYTE1,B_BYTE1,L3,all_inner_layer_traces,track:U1:B19:L3:391:3,track:U1:B18:L3:373:0,0.3350023321,0.2334023321,False,3,0.13,0.39,True,True,False,
DDR_DQB2,DDR_DQB3,B_BYTE0,B_BYTE0,L8,K230_local_fanout_only,track:U1:C14:L8:400:0,track:U1:B14:L8:388:0,0.325,0.2234,False,2,0.1195,0.239,True,True,False,
DDR_DQB2,DDR_DQB3,B_BYTE0,B_BYTE0,L8,all_inner_layer_traces,track:U1:C14:L8:400:0,track:DDR_DQB3:L8:748:6,0.24375,0.14215,False,2,0.1195,0.239,True,True,True,
DDR_DQB2,DDR_DQB4,B_BYTE0,B_BYTE0,L8,K230_local_fanout_only,track:U1:C14:L8:400:0,track:U1:D14:L8:416:0,0.325,0.2234,False,2,0.1195,0.239,True,True,False,
DDR_DQB2,DDR_DQB4,B_BYTE0,B_BYTE0,L8,all_inner_layer_traces,track:U1:C14:L8:400:4,track:DDR_DQB4:L8:747:2,0.2298097039,0.1282097039,False,2,0.1195,0.239,True,True,True,
DDR_DQB2,DDR_DQB5,B_BYTE0,B_BYTE0,L8,K230_local_fanout_only,track:U1:C14:L8:400:0,track:U1:B16:L8:389:3,1.21875,1.11715,False,2,0.1195,0.239,False,False,False,
DDR_DQB2,DDR_DQB5,B_BYTE0,B_BYTE0,L8,all_inner_layer_traces,track:U1:C14:L8:400:0,track:U1:B16:L8:389:3,1.21875,1.11715,False,2,0.1195,0.239,False,False,False,
DDR_DQB2,DDR_DQB6,B_BYTE0,B_BYTE0,L8,K230_local_fanout_only,track:U1:C14:L8:400:0,track:U1:C16:L8:402:0,1.3,1.1984,False,2,0.1195,0.239,False,False,False,
DDR_DQB2,DDR_DQB6,B_BYTE0,B_BYTE0,L8,all_inner_layer_traces,track:U1:C14:L8:400:0,track:U1:C16:L8:402:0,1.3,1.1984,False,2,0.1195,0.239,False,False,False,
DDR_DQB2,DDR_DQB7,B_BYTE0,B_BYTE0,L8,K230_local_fanout_only,track:U1:C14:L8:400:0,track:U1:B17:L8:390:3,1.7819516162,1.6803516162,False,2,0.1195,0.239,False,False,False,
DDR_DQB2,DDR_DQB7,B_BYTE0,B_BYTE0,L8,all_inner_layer_traces,track:U1:C14:L8:400:0,track:U1:B17:L8:390:3,1.7819516162,1.6803516162,False,2,0.1195,0.239,False,False,False,
DDR_DQB2,DDR_DQSA1_N,B_BYTE0,A_BYTE1,L8,K230_local_fanout_only,track:U1:C14:L8:400:0,track:U1:V19:L8:370:3,10.1093416731,10.0077416731,False,3,0.1195,0.3585,False,False,False,
DDR_DQB2,DDR_DQSA1_N,B_BYTE0,A_BYTE1,L8,all_inner_layer_traces,track:U1:C14:L8:400:0,track:U1:V19:L8:370:3,10.1093416731,10.0077416731,False,3,0.1195,0.3585,False,False,False,
DDR_DQB2,DDR_DQSA1_P,B_BYTE0,A_BYTE1,L8,K230_local_fanout_only,track:U1:C14:L8:400:0,track:U1:V20:L8:369:0,10.5010713739,10.3994713739,False,3,0.1195,0.3585,False,False,False,
DDR_DQB2,DDR_DQSA1_P,B_BYTE0,A_BYTE1,L8,all_inner_layer_traces,track:U1:C14:L8:400:0,track:U1:V20:L8:369:0,10.5010713739,10.3994713739,False,3,0.1195,0.3585,False,False,False,
DDR_DQB2,DDR_DQSB0_N,B_BYTE0,B_BYTE0,L8,K230_local_fanout_only,track:U1:C14:L8:400:0,track:U1:A15:L8:372:0,1.1718041645,1.0702041645,False,3,0.1195,0.3585,False,False,False,
DDR_DQB2,DDR_DQSB0_N,B_BYTE0,B_BYTE0,L8,all_inner_layer_traces,track:U1:C14:L8:400:0,track:U1:A15:L8:372:0,1.1718041645,1.0702041645,False,3,0.1195,0.3585,False,False,False,
DDR_DQB2,DDR_DQSB0_P,B_BYTE0,B_BYTE0,L8,K230_local_fanout_only,track:U1:C14:L8:400:0,track:U1:B15:L8:371:0,0.7267220927,0.6251220927,False,3,0.1195,0.3585,False,False,False,
DDR_DQB2,DDR_DQSB0_P,B_BYTE0,B_BYTE0,L8,all_inner_layer_traces,track:U1:C14:L8:400:0,track:U1:B15:L8:371:0,0.7267220927,0.6251220927,False,3,0.1195,0.3585,False,False,False,
DDR_DQB3,DDR_DQB4,B_BYTE0,B_BYTE0,L8,K230_local_fanout_only,track:U1:B14:L8:388:0,track:U1:D14:L8:416:0,0.975,0.8734,False,2,0.1195,0.239,False,False,False,
DDR_DQB3,DDR_DQB4,B_BYTE0,B_BYTE0,L8,actual_interconnect_only,track:DDR_DQB3:L8:748:0,track:DDR_DQB4:L8:747:4,0.24375,0.14215,False,2,0.1195,0.239,True,True,True,
DDR_DQB3,DDR_DQB4,B_BYTE0,B_BYTE0,L8,all_inner_layer_traces,track:U1:B14:L8:388:4,track:DDR_DQB4:L8:747:4,0.24375,0.14215,False,2,0.1195,0.239,True,True,True,
DDR_DQB3,DDR_DQB5,B_BYTE0,B_BYTE0,L8,K230_local_fanout_only,track:U1:B14:L8:388:0,track:U1:B16:L8:389:3,0.9783795595,0.8767795595,False,2,0.1195,0.239,False,False,False,
DDR_DQB3,DDR_DQB5,B_BYTE0,B_BYTE0,L8,all_inner_layer_traces,track:DDR_DQB3:L8:748:5,track:U1:B16:L8:389:3,0.836519949,0.734919949,False,2,0.1195,0.239,False,False,False,
DDR_DQB3,DDR_DQB6,B_BYTE0,B_BYTE0,L8,K230_local_fanout_only,track:U1:B14:L8:388:0,track:U1:C16:L8:402:0,1.4534441854,1.3518441854,False,2,0.1195,0.239,False,False,False,
DDR_DQB3,DDR_DQB6,B_BYTE0,B_BYTE0,L8,actual_interconnect_only,track:DDR_DQB3:L8:748:64,track:DDR_DQB6:L8:737:0,2.2804878864,2.1788878864,False,2,0.1195,0.239,False,False,False,
DDR_DQB3,DDR_DQB6,B_BYTE0,B_BYTE0,L8,all_inner_layer_traces,track:DDR_DQB3:L8:748:8,track:U1:C16:L8:402:0,0.975,0.8734,False,2,0.1195,0.239,False,False,False,
DDR_DQB3,DDR_DQB7,B_BYTE0,B_BYTE0,L8,K230_local_fanout_only,track:U1:B14:L8:388:0,track:U1:B17:L8:390:3,1.6270299821,1.5254299821,False,2,0.1195,0.239,False,False,False,
DDR_DQB3,DDR_DQB7,B_BYTE0,B_BYTE0,L8,all_inner_layer_traces,track:DDR_DQB3:L8:748:5,track:U1:B17:L8:390:3,1.4397536682,1.3381536682,False,2,0.1195,0.239,False,False,False,
DDR_DQB3,DDR_DQSA1_N,B_BYTE0,A_BYTE1,L8,K230_local_fanout_only,track:U1:B14:L8:388:0,track:U1:V19:L8:370:3,10.717919064,10.616319064,False,3,0.1195,0.3585,False,False,False,
DDR_DQB3,DDR_DQSA1_N,B_BYTE0,A_BYTE1,L8,actual_interconnect_only,track:DDR_DQB3:L8:748:17,track:DDR_DQSA1_N:L8:714:0,3.9,3.7984,False,3,0.1195,0.3585,False,False,False,
DDR_DQB3,DDR_DQSA1_N,B_BYTE0,A_BYTE1,L8,all_inner_layer_traces,track:DDR_DQB3:L8:748:17,track:U1:V19:L8:370:3,3.9,3.7984,False,3,0.1195,0.3585,False,False,False,
DDR_DQB3,DDR_DQSA1_P,B_BYTE0,A_BYTE1,L8,K230_local_fanout_only,track:U1:B14:L8:388:0,track:U1:V20:L8:369:0,11.1072048689,11.0056048689,False,3,0.1195,0.3585,False,False,False,
DDR_DQB3,DDR_DQSA1_P,B_BYTE0,A_BYTE1,L8,actual_interconnect_only,track:DDR_DQB3:L8:748:17,track:DDR_DQSA1_P:L8:713:0,4.225,4.1234,False,3,0.1195,0.3585,False,False,False,
DDR_DQB3,DDR_DQSA1_P,B_BYTE0,A_BYTE1,L8,all_inner_layer_traces,track:DDR_DQB3:L8:748:17,track:U1:V20:L8:369:0,4.225,4.1234,False,3,0.1195,0.3585,False,False,False,
DDR_DQB3,DDR_DQSB0_N,B_BYTE0,B_BYTE0,L8,K230_local_fanout_only,track:U1:B14:L8:388:0,track:U1:A15:L8:372:0,0.7267220927,0.6251220927,False,3,0.1195,0.3585,False,False,False,
DDR_DQB3,DDR_DQSB0_N,B_BYTE0,B_BYTE0,L8,actual_interconnect_only,track:DDR_DQB3:L8:748:0,track:DDR_DQSB0_N:L8:715:0,0.975,0.8734,False,3,0.1195,0.3585,False,False,False,
DDR_DQB3,DDR_DQSB0_N,B_BYTE0,B_BYTE0,L8,all_inner_layer_traces,track:DDR_DQB3:L8:748:3,track:U1:A15:L8:372:0,0.655058442,0.553458442,False,3,0.1195,0.3585,False,False,False,
DDR_DQB3,DDR_DQSB0_P,B_BYTE0,B_BYTE0,L8,K230_local_fanout_only,track:U1:B14:L8:388:0,track:U1:B15:L8:371:3,0.3350023321,0.2334023321,False,3,0.1195,0.3585,True,True,False,
DDR_DQB3,DDR_DQSB0_P,B_BYTE0,B_BYTE0,L8,actual_interconnect_only,track:DDR_DQB3:L8:748:0,track:DDR_DQSB0_P:L8:716:0,0.65,0.5484,False,3,0.1195,0.3585,False,False,False,
DDR_DQB3,DDR_DQSB0_P,B_BYTE0,B_BYTE0,L8,all_inner_layer_traces,track:DDR_DQB3:L8:748:3,track:U1:B15:L8:371:3,0.2569350599,0.1553350599,False,3,0.1195,0.3585,True,True,True,
DDR_DQB4,DDR_DQB5,B_BYTE0,B_BYTE0,L8,K230_local_fanout_only,track:U1:D14:L8:416:0,track:U1:B16:L8:389:0,1.625,1.5234,False,2,0.1195,0.239,False,False,False,
DDR_DQB4,DDR_DQB5,B_BYTE0,B_BYTE0,L8,all_inner_layer_traces,track:DDR_DQB4:L8:747:18,track:U1:B16:L8:389:4,0.975,0.8734,False,2,0.1195,0.239,False,False,False,
DDR_DQB4,DDR_DQB6,B_BYTE0,B_BYTE0,L8,K230_local_fanout_only,track:U1:D14:L8:416:0,track:U1:C16:L8:402:0,1.3400093283,1.2384093283,False,2,0.1195,0.239,False,False,False,
DDR_DQB4,DDR_DQB6,B_BYTE0,B_BYTE0,L8,actual_interconnect_only,track:DDR_DQB4:L8:747:30,track:DDR_DQB6:L8:737:0,1.4164767029,1.3148767029,False,2,0.1195,0.239,False,False,False,
DDR_DQB4,DDR_DQB6,B_BYTE0,B_BYTE0,L8,all_inner_layer_traces,track:U1:D14:L8:416:0,track:U1:C16:L8:402:0,1.3400093283,1.2384093283,False,2,0.1195,0.239,False,False,False,
DDR_DQB4,DDR_DQB7,B_BYTE0,B_BYTE0,L8,K230_local_fanout_only,track:U1:D14:L8:416:0,track:U1:B17:L8:390:3,2.1327157716,2.0311157716,False,2,0.1195,0.239,False,False,False,
DDR_DQB4,DDR_DQB7,B_BYTE0,B_BYTE0,L8,all_inner_layer_traces,track:DDR_DQB4:L8:747:18,track:U1:B17:L8:390:4,0.975,0.8734,False,2,0.1195,0.239,False,False,False,
DDR_DQB4,DDR_DQSA1_N,B_BYTE0,A_BYTE1,L8,K230_local_fanout_only,track:U1:D14:L8:416:0,track:U1:V19:L8:370:3,9.50625,9.40465,False,3,0.1195,0.3585,False,False,False,
DDR_DQB4,DDR_DQSA1_N,B_BYTE0,A_BYTE1,L8,actual_interconnect_only,track:DDR_DQB4:L8:747:38,track:DDR_DQSA1_N:L8:714:0,8.9276103501,8.8260103501,False,3,0.1195,0.3585,False,False,False,
DDR_DQB4,DDR_DQSA1_N,B_BYTE0,A_BYTE1,L8,all_inner_layer_traces,track:DDR_DQB4:L8:747:38,track:DDR_DQSA1_N:L8:714:0,8.9276103501,8.8260103501,False,3,0.1195,0.3585,False,False,False,
DDR_DQB4,DDR_DQSA1_P,B_BYTE0,A_BYTE1,L8,K230_local_fanout_only,track:U1:D14:L8:416:0,track:U1:V20:L8:369:0,9.9005050376,9.7989050376,False,3,0.1195,0.3585,False,False,False,
DDR_DQB4,DDR_DQSA1_P,B_BYTE0,A_BYTE1,L8,actual_interconnect_only,track:DDR_DQB4:L8:747:38,track:DDR_DQSA1_P:L8:713:2,9.4785139427,9.3769139427,False,3,0.1195,0.3585,False,False,False,
DDR_DQB4,DDR_DQSA1_P,B_BYTE0,A_BYTE1,L8,all_inner_layer_traces,track:DDR_DQB4:L8:747:38,track:DDR_DQSA1_P:L8:713:2,9.4785139427,9.3769139427,False,3,0.1195,0.3585,False,False,False,
DDR_DQB4,DDR_DQSB0_N,B_BYTE0,B_BYTE0,L8,K230_local_fanout_only,track:U1:D14:L8:416:0,track:U1:A15:L8:372:0,1.7501785623,1.6485785623,False,3,0.1195,0.3585,False,False,False,
DDR_DQB4,DDR_DQSB0_N,B_BYTE0,B_BYTE0,L8,actual_interconnect_only,track:DDR_DQB4:L8:747:30,track:DDR_DQSB0_N:L8:715:19,0.325,0.2234,False,3,0.1195,0.3585,True,True,False,
DDR_DQB4,DDR_DQSB0_N,B_BYTE0,B_BYTE0,L8,all_inner_layer_traces,track:DDR_DQB4:L8:747:30,track:DDR_DQSB0_N:L8:715:19,0.325,0.2234,False,3,0.1195,0.3585,True,True,False,
DDR_DQB4,DDR_DQSB0_P,B_BYTE0,B_BYTE0,L8,K230_local_fanout_only,track:U1:D14:L8:416:0,track:U1:B15:L8:371:0,1.1718041645,1.0702041645,False,3,0.1195,0.3585,False,False,False,
DDR_DQB4,DDR_DQSB0_P,B_BYTE0,B_BYTE0,L8,actual_interconnect_only,track:DDR_DQB4:L8:747:18,track:DDR_DQSB0_P:L8:716:7,0.4875,0.3859,False,3,0.1195,0.3585,False,False,False,
DDR_DQB4,DDR_DQSB0_P,B_BYTE0,B_BYTE0,L8,all_inner_layer_traces,track:DDR_DQB4:L8:747:18,track:DDR_DQSB0_P:L8:716:7,0.4875,0.3859,False,3,0.1195,0.3585,False,False,False,
DDR_DQB5,DDR_DQB6,B_BYTE0,B_BYTE0,L8,K230_local_fanout_only,track:U1:B16:L8:389:0,track:U1:C16:L8:402:0,0.65,0.5484,False,2,0.1195,0.239,False,False,False,
DDR_DQB5,DDR_DQB6,B_BYTE0,B_BYTE0,L8,all_inner_layer_traces,track:U1:B16:L8:389:0,track:U1:C16:L8:402:0,0.65,0.5484,False,2,0.1195,0.239,False,False,False,
DDR_DQB5,DDR_DQB7,B_BYTE0,B_BYTE0,L8,K230_local_fanout_only,track:U1:B16:L8:389:0,track:U1:B17:L8:390:3,0.3350023321,0.2334023321,False,2,0.1195,0.239,True,True,False,
DDR_DQB5,DDR_DQB7,B_BYTE0,B_BYTE0,L8,all_inner_layer_traces,track:U1:B16:L8:389:0,track:U1:B17:L8:390:3,0.3350023321,0.2334023321,False,2,0.1195,0.239,True,True,False,
DDR_DQB5,DDR_DQSA1_N,B_BYTE0,A_BYTE1,L8,K230_local_fanout_only,track:U1:B16:L8:389:0,track:U1:V19:L8:370:3,10.3468613145,10.2452613145,False,3,0.1195,0.3585,False,False,False,
DDR_DQB5,DDR_DQSA1_N,B_BYTE0,A_BYTE1,L8,all_inner_layer_traces,track:U1:B16:L8:389:0,track:U1:V19:L8:370:3,10.3468613145,10.2452613145,False,3,0.1195,0.3585,False,False,False,
DDR_DQB5,DDR_DQSA1_P,B_BYTE0,A_BYTE1,L8,K230_local_fanout_only,track:U1:B16:L8:389:0,track:U1:V20:L8:369:0,10.7200746266,10.6184746266,False,3,0.1195,0.3585,False,False,False,
DDR_DQB5,DDR_DQSA1_P,B_BYTE0,A_BYTE1,L8,all_inner_layer_traces,track:U1:B16:L8:389:0,track:U1:V20:L8:369:0,10.7200746266,10.6184746266,False,3,0.1195,0.3585,False,False,False,
DDR_DQB5,DDR_DQSB0_N,B_BYTE0,B_BYTE0,L8,K230_local_fanout_only,track:U1:B16:L8:389:4,track:U1:A15:L8:372:0,0.325,0.2234,False,3,0.1195,0.3585,True,True,False,
DDR_DQB5,DDR_DQSB0_N,B_BYTE0,B_BYTE0,L8,all_inner_layer_traces,track:U1:B16:L8:389:4,track:DDR_DQSB0_N:L8:715:2,0.2298097039,0.1282097039,False,3,0.1195,0.3585,True,True,True,
DDR_DQB5,DDR_DQSB0_P,B_BYTE0,B_BYTE0,L8,K230_local_fanout_only,track:U1:B16:L8:389:3,track:U1:B15:L8:371:0,0.3350023321,0.2334023321,False,3,0.1195,0.3585,True,True,False,
DDR_DQB5,DDR_DQSB0_P,B_BYTE0,B_BYTE0,L8,all_inner_layer_traces,track:U1:B16:L8:389:3,track:U1:B15:L8:371:0,0.3350023321,0.2334023321,False,3,0.1195,0.3585,True,True,False,
DDR_DQB6,DDR_DQB7,B_BYTE0,B_BYTE0,L8,K230_local_fanout_only,track:U1:C16:L8:402:0,track:U1:B17:L8:390:0,0.7267220927,0.6251220927,False,2,0.1195,0.239,False,False,False,
DDR_DQB6,DDR_DQB7,B_BYTE0,B_BYTE0,L8,all_inner_layer_traces,track:U1:C16:L8:402:0,track:U1:B17:L8:390:0,0.7267220927,0.6251220927,False,2,0.1195,0.239,False,False,False,
DDR_DQB6,DDR_DQSA1_N,B_BYTE0,A_BYTE1,L8,K230_local_fanout_only,track:U1:C16:L8:402:4,track:U1:V19:L8:370:3,9.1,8.9984,False,3,0.1195,0.3585,False,False,False,
DDR_DQB6,DDR_DQSA1_N,B_BYTE0,A_BYTE1,L8,actual_interconnect_only,track:DDR_DQB6:L8:737:0,track:DDR_DQSA1_N:L8:714:0,9.1,8.9984,False,3,0.1195,0.3585,False,False,False,
DDR_DQB6,DDR_DQSA1_N,B_BYTE0,A_BYTE1,L8,all_inner_layer_traces,track:U1:C16:L8:402:4,track:U1:V19:L8:370:3,9.1,8.9984,False,3,0.1195,0.3585,False,False,False,
DDR_DQB6,DDR_DQSA1_P,B_BYTE0,A_BYTE1,L8,K230_local_fanout_only,track:U1:C16:L8:402:4,track:U1:V20:L8:369:0,9.425,9.3234,False,3,0.1195,0.3585,False,False,False,
DDR_DQB6,DDR_DQSA1_P,B_BYTE0,A_BYTE1,L8,actual_interconnect_only,track:DDR_DQB6:L8:737:0,track:DDR_DQSA1_P:L8:713:0,9.425,9.3234,False,3,0.1195,0.3585,False,False,False,
DDR_DQB6,DDR_DQSA1_P,B_BYTE0,A_BYTE1,L8,all_inner_layer_traces,track:U1:C16:L8:402:4,track:U1:V20:L8:369:0,9.425,9.3234,False,3,0.1195,0.3585,False,False,False,
DDR_DQB6,DDR_DQSB0_N,B_BYTE0,B_BYTE0,L8,K230_local_fanout_only,track:U1:C16:L8:402:0,track:U1:A15:L8:372:0,1.4534441854,1.3518441854,False,3,0.1195,0.3585,False,False,False,
DDR_DQB6,DDR_DQSB0_N,B_BYTE0,B_BYTE0,L8,actual_interconnect_only,track:DDR_DQB6:L8:737:1,track:DDR_DQSB0_N:L8:715:11,0.31875,0.21715,False,3,0.1195,0.3585,True,True,False,
DDR_DQB6,DDR_DQSB0_N,B_BYTE0,B_BYTE0,L8,all_inner_layer_traces,track:DDR_DQB6:L8:737:1,track:DDR_DQSB0_N:L8:715:11,0.31875,0.21715,False,3,0.1195,0.3585,True,True,False,
DDR_DQB6,DDR_DQSB0_P,B_BYTE0,B_BYTE0,L8,K230_local_fanout_only,track:U1:C16:L8:402:0,track:U1:B15:L8:371:0,0.9192388155,0.8176388155,False,3,0.1195,0.3585,False,False,False,
DDR_DQB6,DDR_DQSB0_P,B_BYTE0,B_BYTE0,L8,actual_interconnect_only,track:DDR_DQB6:L8:737:1,track:DDR_DQSB0_P:L8:716:13,0.6297941132,0.5281941132,False,3,0.1195,0.3585,False,False,False,
DDR_DQB6,DDR_DQSB0_P,B_BYTE0,B_BYTE0,L8,all_inner_layer_traces,track:DDR_DQB6:L8:737:1,track:DDR_DQSB0_P:L8:716:13,0.6297941132,0.5281941132,False,3,0.1195,0.3585,False,False,False,
DDR_DQB7,DDR_DQSA1_N,B_BYTE0,A_BYTE1,L8,K230_local_fanout_only,track:U1:B17:L8:390:0,track:U1:V19:L8:370:3,10.218459476,10.116859476,False,3,0.1195,0.3585,False,False,False,
DDR_DQB7,DDR_DQSA1_N,B_BYTE0,A_BYTE1,L8,all_inner_layer_traces,track:U1:B17:L8:390:0,track:U1:V19:L8:370:3,10.218459476,10.116859476,False,3,0.1195,0.3585,False,False,False,
DDR_DQB7,DDR_DQSA1_P,B_BYTE0,A_BYTE1,L8,K230_local_fanout_only,track:U1:B17:L8:390:0,track:U1:V20:L8:369:0,10.5812333875,10.4796333875,False,3,0.1195,0.3585,False,False,False,
DDR_DQB7,DDR_DQSA1_P,B_BYTE0,A_BYTE1,L8,all_inner_layer_traces,track:U1:B17:L8:390:0,track:U1:V20:L8:369:0,10.5812333875,10.4796333875,False,3,0.1195,0.3585,False,False,False,
DDR_DQB7,DDR_DQSB0_N,B_BYTE0,B_BYTE0,L8,K230_local_fanout_only,track:U1:B17:L8:390:4,track:U1:A15:L8:372:0,0.975,0.8734,False,3,0.1195,0.3585,False,False,False,
DDR_DQB7,DDR_DQSB0_N,B_BYTE0,B_BYTE0,L8,all_inner_layer_traces,track:U1:B17:L8:390:4,track:DDR_DQSB0_N:L8:715:4,0.24375,0.14215,False,3,0.1195,0.3585,True,True,True,
DDR_DQB7,DDR_DQSB0_P,B_BYTE0,B_BYTE0,L8,K230_local_fanout_only,track:U1:B17:L8:390:3,track:U1:B15:L8:371:0,0.9783795595,0.8767795595,False,3,0.1195,0.3585,False,False,False,
DDR_DQB7,DDR_DQSB0_P,B_BYTE0,B_BYTE0,L8,all_inner_layer_traces,track:U1:B17:L8:390:4,track:DDR_DQSB0_P:L8:716:8,0.4875,0.3859,False,3,0.1195,0.3585,False,False,False,
DDR_DQB8,DDR_DQB9,B_BYTE1,B_BYTE1,L3,K230_local_fanout_only,track:U1:C18:L3:404:0,track:U1:C17:L3:403:0,0.65,0.5484,False,2,0.13,0.26,False,False,False,
DDR_DQB8,DDR_DQB9,B_BYTE1,B_BYTE1,L3,all_inner_layer_traces,track:U1:C18:L3:404:0,track:U1:C17:L3:403:0,0.65,0.5484,False,2,0.13,0.26,False,False,False,
DDR_DQB8,DDR_DQSA0_N,B_BYTE1,A_BYTE0,L3,K230_local_fanout_only,track:U1:C18:L3:404:0,track:U1:Y17:L3:368:0,11.0691011379,10.9675011379,False,3,0.13,0.39,False,False,False,
DDR_DQB8,DDR_DQSA0_N,B_BYTE1,A_BYTE0,L3,actual_interconnect_only,track:DDR_DQB8:L3:725:0,track:DDR_DQSA0_N:L3:711:35,11.6954050806,11.5938050806,False,3,0.13,0.39,False,False,False,
DDR_DQB8,DDR_DQSA0_N,B_BYTE1,A_BYTE0,L3,all_inner_layer_traces,track:U1:C18:L3:404:0,track:U1:Y17:L3:368:0,11.0691011379,10.9675011379,False,3,0.13,0.39,False,False,False,
DDR_DQB8,DDR_DQSA0_P,B_BYTE1,A_BYTE0,L3,K230_local_fanout_only,track:U1:C18:L3:404:0,track:U1:W17:L3:367:0,10.4202927022,10.3186927022,False,3,0.13,0.39,False,False,False,
DDR_DQB8,DDR_DQSA0_P,B_BYTE1,A_BYTE0,L3,actual_interconnect_only,track:DDR_DQB8:L3:725:0,track:DDR_DQSA0_P:L3:712:35,12.489420523,12.387820523,False,3,0.13,0.39,False,False,False,
DDR_DQB8,DDR_DQSA0_P,B_BYTE1,A_BYTE0,L3,all_inner_layer_traces,track:U1:C18:L3:404:0,track:U1:W17:L3:367:0,10.4202927022,10.3186927022,False,3,0.13,0.39,False,False,False,
DDR_DQB8,DDR_DQSB1_N,B_BYTE1,B_BYTE1,L3,K230_local_fanout_only,track:U1:C18:L3:404:3,track:U1:A18:L3:374:0,1.05625,0.95465,False,3,0.13,0.39,False,False,False,
DDR_DQB8,DDR_DQSB1_N,B_BYTE1,B_BYTE1,L3,actual_interconnect_only,track:DDR_DQB8:L3:725:0,track:DDR_DQSB1_N:L3:717:5,0.475,0.3734,False,3,0.13,0.39,True,False,False,
DDR_DQB8,DDR_DQSB1_N,B_BYTE1,B_BYTE1,L3,all_inner_layer_traces,track:DDR_DQB8:L3:725:0,track:DDR_DQSB1_N:L3:717:5,0.475,0.3734,False,3,0.13,0.39,True,False,False,
DDR_DQB8,DDR_DQSB1_P,B_BYTE1,B_BYTE1,L3,K230_local_fanout_only,track:U1:C18:L3:404:1,track:U1:B18:L3:373:0,0.5202538443,0.4186538443,False,3,0.13,0.39,False,False,False,
DDR_DQB8,DDR_DQSB1_P,B_BYTE1,B_BYTE1,L3,actual_interconnect_only,track:DDR_DQB8:L3:725:0,track:DDR_DQSB1_P:L3:718:15,1.125,1.0234,False,3,0.13,0.39,False,False,False,
DDR_DQB8,DDR_DQSB1_P,B_BYTE1,B_BYTE1,L3,all_inner_layer_traces,track:U1:C18:L3:404:1,track:U1:B18:L3:373:0,0.5202538443,0.4186538443,False,3,0.13,0.39,False,False,False,
DDR_DQB9,DDR_DQSA0_N,B_BYTE1,A_BYTE0,L3,K230_local_fanout_only,track:U1:C17:L3:403:0,track:U1:Y17:L3:368:0,11.05,10.9484,False,3,0.13,0.39,False,False,False,
DDR_DQB9,DDR_DQSA0_N,B_BYTE1,A_BYTE0,L3,all_inner_layer_traces,track:U1:C17:L3:403:0,track:U1:Y17:L3:368:0,11.05,10.9484,False,3,0.13,0.39,False,False,False,
DDR_DQB9,DDR_DQSA0_P,B_BYTE1,A_BYTE0,L3,K230_local_fanout_only,track:U1:C17:L3:403:0,track:U1:W17:L3:367:0,10.4,10.2984,False,3,0.13,0.39,False,False,False,
DDR_DQB9,DDR_DQSA0_P,B_BYTE1,A_BYTE0,L3,all_inner_layer_traces,track:U1:C17:L3:403:0,track:U1:W17:L3:367:0,10.4,10.2984,False,3,0.13,0.39,False,False,False,
DDR_DQB9,DDR_DQSB1_N,B_BYTE1,B_BYTE1,L3,K230_local_fanout_only,track:U1:C17:L3:403:4,track:U1:A18:L3:374:0,0.975,0.8734,False,3,0.13,0.39,False,False,False,
DDR_DQB9,DDR_DQSB1_N,B_BYTE1,B_BYTE1,L3,all_inner_layer_traces,track:U1:C17:L3:403:4,track:U1:A18:L3:374:0,0.975,0.8734,False,3,0.13,0.39,False,False,False,
DDR_DQB9,DDR_DQSB1_P,B_BYTE1,B_BYTE1,L3,K230_local_fanout_only,track:U1:C17:L3:403:4,track:U1:B18:L3:373:3,0.65,0.5484,False,3,0.13,0.39,False,False,False,
DDR_DQB9,DDR_DQSB1_P,B_BYTE1,B_BYTE1,L3,all_inner_layer_traces,track:U1:C17:L3:403:4,track:U1:B18:L3:373:3,0.65,0.5484,False,3,0.13,0.39,False,False,False,
DDR_DQSA0_N,DDR_DQSA0_P,A_BYTE0,A_BYTE0,L3,K230_local_fanout_only,track:U1:Y17:L3:368:0,track:U1:W17:L3:367:0,0.325,0.2234,True,,0.13,,,,,False
DDR_DQSA0_N,DDR_DQSA0_P,A_BYTE0,A_BYTE0,L3,actual_interconnect_only,track:DDR_DQSA0_N:L3:711:3,track:DDR_DQSA0_P:L3:712:6,0.2298097039,0.1282097039,True,,0.13,,,,,False
DDR_DQSA0_N,DDR_DQSA0_P,A_BYTE0,A_BYTE0,L3,all_inner_layer_traces,track:DDR_DQSA0_N:L3:711:3,track:DDR_DQSA0_P:L3:712:6,0.2298097039,0.1282097039,True,,0.13,,,,,False
DDR_DQSA0_N,DDR_DQSB1_N,A_BYTE0,B_BYTE1,L3,K230_local_fanout_only,track:U1:Y17:L3:368:0,track:U1:A18:L3:374:0,12.3670934338,12.2654934338,False,3,0.13,0.39,False,False,False,
DDR_DQSA0_N,DDR_DQSB1_N,A_BYTE0,B_BYTE1,L3,actual_interconnect_only,track:DDR_DQSA0_N:L3:711:35,track:DDR_DQSB1_N:L3:717:10,9.8844891117,9.7828891117,False,3,0.13,0.39,False,False,False,
DDR_DQSA0_N,DDR_DQSB1_N,A_BYTE0,B_BYTE1,L3,all_inner_layer_traces,track:DDR_DQSA0_N:L3:711:35,track:DDR_DQSB1_N:L3:717:10,9.8844891117,9.7828891117,False,3,0.13,0.39,False,False,False,
DDR_DQSA0_N,DDR_DQSB1_P,A_BYTE0,B_BYTE1,L3,K230_local_fanout_only,track:U1:Y17:L3:368:0,track:U1:B18:L3:373:0,11.7180416453,11.6164416453,False,3,0.13,0.39,False,False,False,
DDR_DQSA0_N,DDR_DQSB1_P,A_BYTE0,B_BYTE1,L3,actual_interconnect_only,track:DDR_DQSA0_N:L3:711:35,track:DDR_DQSB1_P:L3:718:15,10.3286615783,10.2270615783,False,3,0.13,0.39,False,False,False,
DDR_DQSA0_N,DDR_DQSB1_P,A_BYTE0,B_BYTE1,L3,all_inner_layer_traces,track:DDR_DQSA0_N:L3:711:35,track:DDR_DQSB1_P:L3:718:15,10.3286615783,10.2270615783,False,3,0.13,0.39,False,False,False,
DDR_DQSA0_P,DDR_DQSB1_N,A_BYTE0,B_BYTE1,L3,K230_local_fanout_only,track:U1:W17:L3:367:0,track:U1:A18:L3:374:0,11.7180416453,11.6164416453,False,3,0.13,0.39,False,False,False,
DDR_DQSA0_P,DDR_DQSB1_N,A_BYTE0,B_BYTE1,L3,actual_interconnect_only,track:DDR_DQSA0_P:L3:712:35,track:DDR_DQSB1_N:L3:717:10,10.6850362657,10.5834362657,False,3,0.13,0.39,False,False,False,
DDR_DQSA0_P,DDR_DQSB1_N,A_BYTE0,B_BYTE1,L3,all_inner_layer_traces,track:DDR_DQSA0_P:L3:712:35,track:DDR_DQSB1_N:L3:717:10,10.6850362657,10.5834362657,False,3,0.13,0.39,False,False,False,
DDR_DQSA0_P,DDR_DQSB1_P,A_BYTE0,B_BYTE1,L3,K230_local_fanout_only,track:U1:W17:L3:367:0,track:U1:B18:L3:373:0,11.0691011379,10.9675011379,False,3,0.13,0.39,False,False,False,
DDR_DQSA0_P,DDR_DQSB1_P,A_BYTE0,B_BYTE1,L3,actual_interconnect_only,track:DDR_DQSA0_P:L3:712:35,track:DDR_DQSB1_P:L3:718:15,11.0854916445,10.9838916445,False,3,0.13,0.39,False,False,False,
DDR_DQSA0_P,DDR_DQSB1_P,A_BYTE0,B_BYTE1,L3,all_inner_layer_traces,track:U1:W17:L3:367:0,track:U1:B18:L3:373:0,11.0691011379,10.9675011379,False,3,0.13,0.39,False,False,False,
DDR_DQSA1_N,DDR_DQSA1_P,A_BYTE1,A_BYTE1,L8,K230_local_fanout_only,track:U1:V19:L8:370:0,track:U1:V20:L8:369:0,0.325,0.2234,True,,0.1195,,,,,False
DDR_DQSA1_N,DDR_DQSA1_P,A_BYTE1,A_BYTE1,L8,actual_interconnect_only,track:DDR_DQSA1_N:L8:714:0,track:DDR_DQSA1_P:L8:713:0,0.325,0.2234,True,,0.1195,,,,,False
DDR_DQSA1_N,DDR_DQSA1_P,A_BYTE1,A_BYTE1,L8,all_inner_layer_traces,track:U1:V19:L8:370:0,track:U1:V20:L8:369:0,0.325,0.2234,True,,0.1195,,,,,False
DDR_DQSA1_N,DDR_DQSB0_N,A_BYTE1,B_BYTE0,L8,K230_local_fanout_only,track:U1:V19:L8:370:3,track:U1:A15:L8:372:0,11.1383645147,11.0367645147,False,3,0.1195,0.3585,False,False,False,
DDR_DQSA1_N,DDR_DQSB0_N,A_BYTE1,B_BYTE0,L8,actual_interconnect_only,track:DDR_DQSA1_N:L8:714:0,track:DDR_DQSB0_N:L8:715:19,9.9142436203,9.8126436203,False,3,0.1195,0.3585,False,False,False,
DDR_DQSA1_N,DDR_DQSB0_N,A_BYTE1,B_BYTE0,L8,all_inner_layer_traces,track:DDR_DQSA1_N:L8:714:0,track:DDR_DQSB0_N:L8:715:19,9.9142436203,9.8126436203,False,3,0.1195,0.3585,False,False,False,
DDR_DQSA1_N,DDR_DQSB0_P,A_BYTE1,B_BYTE0,L8,K230_local_fanout_only,track:U1:V19:L8:370:3,track:U1:B15:L8:371:0,10.5139509254,10.4123509254,False,3,0.1195,0.3585,False,False,False,
DDR_DQSA1_N,DDR_DQSB0_P,A_BYTE1,B_BYTE0,L8,actual_interconnect_only,track:DDR_DQSA1_N:L8:714:0,track:DDR_DQSB0_P:L8:716:21,10.4535748222,10.3519748222,False,3,0.1195,0.3585,False,False,False,
DDR_DQSA1_N,DDR_DQSB0_P,A_BYTE1,B_BYTE0,L8,all_inner_layer_traces,track:DDR_DQSA1_N:L8:714:0,track:DDR_DQSB0_P:L8:716:21,10.4535748222,10.3519748222,False,3,0.1195,0.3585,False,False,False,
DDR_DQSA1_P,DDR_DQSB0_N,A_BYTE1,B_BYTE0,L8,K230_local_fanout_only,track:U1:V20:L8:369:0,track:U1:A15:L8:372:0,11.5180293453,11.4164293453,False,3,0.1195,0.3585,False,False,False,
DDR_DQSA1_P,DDR_DQSB0_N,A_BYTE1,B_BYTE0,L8,actual_interconnect_only,track:DDR_DQSA1_P:L8:713:2,track:DDR_DQSB0_N:L8:715:19,10.4535748222,10.3519748222,False,3,0.1195,0.3585,False,False,False,
DDR_DQSA1_P,DDR_DQSB0_N,A_BYTE1,B_BYTE0,L8,all_inner_layer_traces,track:DDR_DQSA1_P:L8:713:2,track:DDR_DQSB0_N:L8:715:19,10.4535748222,10.3519748222,False,3,0.1195,0.3585,False,False,False,
DDR_DQSA1_P,DDR_DQSB0_P,A_BYTE1,B_BYTE0,L8,K230_local_fanout_only,track:U1:V20:L8:369:0,track:U1:B15:L8:371:0,10.8959854993,10.7943854993,False,3,0.1195,0.3585,False,False,False,
DDR_DQSA1_P,DDR_DQSB0_P,A_BYTE1,B_BYTE0,L8,actual_interconnect_only,track:DDR_DQSA1_P:L8:713:2,track:DDR_DQSB0_P:L8:716:21,11.0048728554,10.9032728554,False,3,0.1195,0.3585,False,False,False,
DDR_DQSA1_P,DDR_DQSB0_P,A_BYTE1,B_BYTE0,L8,all_inner_layer_traces,track:U1:V20:L8:369:0,track:U1:B15:L8:371:0,10.8959854993,10.7943854993,False,3,0.1195,0.3585,False,False,False,
DDR_DQSB0_N,DDR_DQSB0_P,B_BYTE0,B_BYTE0,L8,K230_local_fanout_only,track:U1:A15:L8:372:0,track:U1:B15:L8:371:0,0.325,0.2234,True,,0.1195,,,,,False
DDR_DQSB0_N,DDR_DQSB0_P,B_BYTE0,B_BYTE0,L8,actual_interconnect_only,track:DDR_DQSB0_N:L8:715:10,track:DDR_DQSB0_P:L8:716:13,0.2298097039,0.1282097039,True,,0.1195,,,,,False
DDR_DQSB0_N,DDR_DQSB0_P,B_BYTE0,B_BYTE0,L8,all_inner_layer_traces,track:DDR_DQSB0_N:L8:715:10,track:DDR_DQSB0_P:L8:716:13,0.2298097039,0.1282097039,True,,0.1195,,,,,False
DDR_DQSB1_N,DDR_DQSB1_P,B_BYTE1,B_BYTE1,L3,K230_local_fanout_only,track:U1:A18:L3:374:0,track:U1:B18:L3:373:0,0.325,0.2234,True,,0.13,,,,,False
DDR_DQSB1_N,DDR_DQSB1_P,B_BYTE1,B_BYTE1,L3,actual_interconnect_only,track:DDR_DQSB1_N:L3:717:0,track:DDR_DQSB1_P:L3:718:2,0.2298097039,0.1282097039,True,,0.13,,,,,False
DDR_DQSB1_N,DDR_DQSB1_P,B_BYTE1,B_BYTE1,L3,all_inner_layer_traces,track:U1:A18:L3:374:0,track:DDR_DQSB1_P:L3:718:2,0.2298097039,0.1282097039,True,,0.13,,,,,False
