rule,net_a,net_b,ball_a,ball_b,layer,actual_edge_gap_mm,required_edge_gap_mm,margin_mm,purpose_a,purpose_b,zone_a,zone_b,segment_a_length_mm,segment_b_length_mm
figure_3H_to_DQS_CK_or_byte_CA,DDR_DQB0,DDR_DQSB0_N,A14,A15,L1,0.358019408,0.3585,-0.000480592,ball_to_via,ball_to_via,under_maximum_body_breakout,under_maximum_body_breakout,0.459619408,0.459619408
figure_3H_to_DQS_CK_or_byte_CA,DDR_DQSB0_N,DDR_DQB3,A15,B14,L1,0.358019408,0.3585,-0.000480592,ball_to_via,ball_to_via,under_maximum_body_breakout,under_maximum_body_breakout,0.459619408,0.459619408
figure_3H_to_DQS_CK_or_byte_CA,DDR_DQB1,DDR_DQSB1_N,A17,A18,L1,0.358019408,0.3585,-0.000480592,ball_to_via,ball_to_via,under_maximum_body_breakout,under_maximum_body_breakout,0.459619408,0.459619408
figure_3H_to_DQS_CK_or_byte_CA,DDR_DQSB1_N,DDR_DQB7,A18,B17,L1,0.358019408,0.3585,-0.000480592,ball_to_via,ball_to_via,under_maximum_body_breakout,under_maximum_body_breakout,0.459619408,0.459619408
figure_3H_to_DQS_CK_or_byte_CA,DDR_DQB3,DDR_DQSB0_P,B14,B15,L1,0.358019408,0.3585,-0.000480592,ball_to_via,ball_to_via,under_maximum_body_breakout,under_maximum_body_breakout,0.459619408,0.459619408
figure_3H_to_DQS_CK_or_byte_CA,DDR_DQSB0_P,DDR_DQB5,B15,B16,L1,0.358019408,0.3585,-0.000480592,ball_to_via,ball_to_via,under_maximum_body_breakout,under_maximum_body_breakout,0.459619408,0.459619408
figure_3H_to_DQS_CK_or_byte_CA,DDR_DQSB0_P,DDR_DQB2,B15,C14,L1,0.358019408,0.3585,-0.000480592,ball_to_via,ball_to_via,under_maximum_body_breakout,under_maximum_body_breakout,0.459619408,0.459619408
figure_3H_to_DQS_CK_or_byte_CA,DDR_DQSB0_P,DDR_DMIB0,B15,C15,L1,0.358019408,0.3585,-0.000480592,ball_to_via,ball_to_via,under_maximum_body_breakout,under_maximum_body_breakout,0.459619408,0.459619408
figure_3H_to_DQS_CK_or_byte_CA,DDR_DQB7,DDR_DQSB1_P,B17,B18,L1,0.358019408,0.3585,-0.000480592,ball_to_via,ball_to_via,under_maximum_body_breakout,under_maximum_body_breakout,0.459619408,0.459619408
figure_3H_to_DQS_CK_or_byte_CA,DDR_DQSB1_P,DDR_DQB15,B18,B19,L1,0.358019408,0.3585,-0.000480592,ball_to_via,ball_to_via,under_maximum_body_breakout,under_maximum_body_breakout,0.459619408,0.459619408
figure_3H_to_DQS_CK_or_byte_CA,DDR_DQSB1_P,DDR_DQB9,B18,C17,L1,0.358019408,0.3585,-0.000480592,ball_to_via,ball_to_via,under_maximum_body_breakout,under_maximum_body_breakout,0.459619408,0.459619408
figure_3H_to_DQS_CK_or_byte_CA,DDR_DQSB1_P,DDR_DQB8,B18,C18,L1,0.358019408,0.3585,-0.000480592,ball_to_via,ball_to_via,under_maximum_body_breakout,under_maximum_body_breakout,0.459619408,0.459619408
figure_3H_to_DQS_CK_or_byte_CA,DDR_DQB11,DDR_CAB4,E17,F17,L1,0.358019408,0.3585,-0.000480592,ball_to_via,ball_to_via,under_maximum_body_breakout,under_maximum_body_breakout,0.459619408,0.459619408
figure_3H_to_DQS_CK_or_byte_CA,DDR_DQB12,DDR_CAB4,E18,F17,L1,0.358019408,0.3585,-0.000480592,ball_to_via,ball_to_via,under_maximum_body_breakout,under_maximum_body_breakout,0.459619408,0.459619408
figure_3H_to_DQS_CK_or_byte_CA,DDR_CAB0,DDR_CLKB_N,E20,F20,L1,0.358019408,0.3585,-0.000480592,ball_to_via,ball_to_via,under_maximum_body_breakout,under_maximum_body_breakout,0.459619408,0.459619408
figure_3H_to_DQS_CK_or_byte_CA,DDR_CAB5,DDR_CLKB_N,F19,F20,L1,0.358019408,0.3585,-0.000480592,ball_to_via,ball_to_via,under_maximum_body_breakout,under_maximum_body_breakout,0.459619408,0.459619408
figure_3H_to_DQS_CK_or_byte_CA,DDR_CLKB_N,DDR_CAB1,F20,G19,L1,0.358019408,0.3585,-0.000480592,ball_to_via,ball_to_via,under_maximum_body_breakout,under_maximum_body_breakout,0.459619408,0.459619408
figure_3H_to_DQS_CK_or_byte_CA,DDR_CAB1,DDR_CLKB_P,G19,G20,L1,0.358019408,0.3585,-0.000480592,ball_to_via,ball_to_via,under_maximum_body_breakout,under_maximum_body_breakout,0.459619408,0.459619408
figure_3H_to_DQS_CK_or_byte_CA,DDR_CKEA0,DDR_DQA10,N17,P16,L1,0.358019408,0.3585,-0.000480592,ball_to_via,ball_to_via,under_maximum_body_breakout,under_maximum_body_breakout,0.459619408,0.459619408
figure_3H_to_DQS_CK_or_byte_CA,DDR_CKEA0,DDR_DMIA1,N17,P17,L1,0.358019408,0.3585,-0.000480592,ball_to_via,ball_to_via,under_maximum_body_breakout,under_maximum_body_breakout,0.459619408,0.459619408
figure_3H_to_DQS_CK_or_byte_CA,DDR_CAA5,DDR_DQA12,P19,R18,L1,0.358019408,0.3585,-0.000480592,ball_to_via,ball_to_via,under_maximum_body_breakout,under_maximum_body_breakout,0.459619408,0.459619408
figure_3H_to_DQS_CK_or_byte_CA,DDR_CAA5,DDR_CLKA_P,P19,R19,L1,0.358019408,0.3585,-0.000480592,ball_to_via,ball_to_via,under_maximum_body_breakout,under_maximum_body_breakout,0.459619408,0.459619408
figure_3H_to_DQS_CK_or_byte_CA,DDR_DQA12,DDR_CLKA_P,R18,R19,L1,0.358019408,0.3585,-0.000480592,ball_to_via,ball_to_via,under_maximum_body_breakout,under_maximum_body_breakout,0.459619408,0.459619408
figure_3H_to_DQS_CK_or_byte_CA,DDR_CLKA_P,DDR_DQA13,R19,T18,L1,0.358019408,0.3585,-0.000480592,ball_to_via,ball_to_via,under_maximum_body_breakout,under_maximum_body_breakout,0.459619408,0.459619408
figure_3H_to_DQS_CK_or_byte_CA,DDR_CLKA_N,DDR_CSA0,R20,T20,L1,0.358019408,0.3585,-0.000480592,ball_to_via,ball_to_via,under_maximum_body_breakout,under_maximum_body_breakout,0.459619408,0.459619408
figure_3H_to_DQS_CK_or_byte_CA,DDR_CSA0,DDR_DQA15,T20,U20,L1,0.358019408,0.3585,-0.000480592,ball_to_via,ball_to_via,under_maximum_body_breakout,under_maximum_body_breakout,0.459619408,0.459619408
figure_3H_to_DQS_CK_or_byte_CA,DDR_DQA15,DDR_DQSA1_N,U20,V19,L1,0.358019408,0.3585,-0.000480592,ball_to_via,ball_to_via,under_maximum_body_breakout,under_maximum_body_breakout,0.459619408,0.459619408
figure_3H_to_DQS_CK_or_byte_CA,DDR_DQA15,DDR_DQSA1_P,U20,V20,L1,0.358019408,0.3585,-0.000480592,ball_to_via,ball_to_via,under_maximum_body_breakout,under_maximum_body_breakout,0.459619408,0.459619408
figure_3H_to_DQS_CK_or_byte_CA,DDR_DMIA0,DDR_DQSA0_P,V17,W17,L1,0.358019408,0.3585,-0.000480592,ball_to_via,ball_to_via,under_maximum_body_breakout,under_maximum_body_breakout,0.459619408,0.459619408
figure_3H_to_DQS_CK_or_byte_CA,DDR_DQA5,DDR_DQSA1_N,V18,V19,L1,0.358019408,0.3585,-0.000480592,ball_to_via,ball_to_via,under_maximum_body_breakout,under_maximum_body_breakout,0.459619408,0.459619408
figure_3H_to_DQS_CK_or_byte_CA,DDR_DQA5,DDR_DQSA0_P,V18,W17,L1,0.358019408,0.3585,-0.000480592,ball_to_via,ball_to_via,under_maximum_body_breakout,under_maximum_body_breakout,0.459619408,0.459619408
figure_3H_to_DQS_CK_or_byte_CA,DDR_DQSA1_N,DDR_DQA6,V19,W18,L1,0.358019408,0.3585,-0.000480592,ball_to_via,ball_to_via,under_maximum_body_breakout,under_maximum_body_breakout,0.459619408,0.459619408
figure_3H_to_DQS_CK_or_byte_CA,DDR_DQSA1_N,DDR_DQA8,V19,W19,L1,0.358019408,0.3585,-0.000480592,ball_to_via,ball_to_via,under_maximum_body_breakout,under_maximum_body_breakout,0.459619408,0.459619408
figure_3H_to_DQS_CK_or_byte_CA,DDR_DQSA1_P,DDR_DQA8,V20,W19,L1,0.358019408,0.3585,-0.000480592,ball_to_via,ball_to_via,under_maximum_body_breakout,under_maximum_body_breakout,0.459619408,0.459619408
figure_3H_to_DQS_CK_or_byte_CA,DDR_DQSA0_P,DDR_DQA6,W17,W18,L1,0.358019408,0.3585,-0.000480592,ball_to_via,ball_to_via,under_maximum_body_breakout,under_maximum_body_breakout,0.459619408,0.459619408
figure_3H_to_DQS_CK_or_byte_CA,DDR_DQSA0_P,DDR_DQA0,W17,Y16,L1,0.358019408,0.3585,-0.000480592,ball_to_via,ball_to_via,under_maximum_body_breakout,under_maximum_body_breakout,0.459619408,0.459619408
figure_3H_to_DQS_CK_or_byte_CA,DDR_DQA6,DDR_DQSA0_N,W18,Y17,L1,0.358019408,0.3585,-0.000480592,ball_to_via,ball_to_via,under_maximum_body_breakout,under_maximum_body_breakout,0.459619408,0.459619408
figure_3H_to_DQS_CK_or_byte_CA,DDR_DQA0,DDR_DQSA0_N,Y16,Y17,L1,0.358019408,0.3585,-0.000480592,ball_to_via,ball_to_via,under_maximum_body_breakout,under_maximum_body_breakout,0.459619408,0.459619408
figure_3H_to_DQS_CK_or_byte_CA,DDR_DQSA0_N,DDR_DQA7,Y17,Y18,L1,0.358019408,0.3585,-0.000480592,ball_to_via,ball_to_via,under_maximum_body_breakout,under_maximum_body_breakout,0.459619408,0.459619408
figure_3H_to_DQS_CK_or_byte_CA,DDR_DQSA0_P,DDR_DQA6,W17,W18,L3,0.30465,0.39,-0.08535,via_to_outside_body,via_to_outside_body,under_maximum_body_breakout,under_maximum_body_breakout,0.325,0.24375
figure_3H_to_DQS_CK_or_byte_CA,DDR_DQSA0_P,DDR_DQA6,W17,W18,L3,0.30465,0.39,-0.08535,via_to_outside_body,via_to_outside_body,under_maximum_body_breakout,under_maximum_body_breakout,0.325,0.08125
figure_3H_to_DQS_CK_or_byte_CA,DDR_DQSA0_P,DDR_DQA6,W17,W18,L3,0.233402332,0.39,-0.156597668,via_to_outside_body,via_to_outside_body,under_maximum_body_breakout,under_maximum_body_breakout,0.325,0.08125
figure_3H_to_DQS_CK_or_byte_CA,DDR_DQSA0_P,DDR_DQA6,W17,W18,L3,0.233402332,0.39,-0.156597668,via_to_outside_body,via_to_outside_body,under_maximum_body_breakout,under_maximum_body_breakout,0.325,0.94375
figure_3H_to_DQS_CK_or_byte_CA,DDR_DQSA0_P,DDR_DQA6,W17,W18,L3,0.30465,0.39,-0.08535,via_to_outside_body,via_to_outside_body,under_maximum_body_breakout,under_maximum_body_breakout,0.24375,0.24375
figure_3H_to_DQS_CK_or_byte_CA,DDR_DQSA0_P,DDR_DQA6,W17,W18,L3,0.30465,0.39,-0.08535,via_to_outside_body,via_to_outside_body,under_maximum_body_breakout,under_maximum_body_breakout,0.24375,0.08125
figure_3H_to_DQS_CK_or_byte_CA,DDR_DQSA0_P,DDR_DQA6,W17,W18,L3,0.233402332,0.39,-0.156597668,via_to_outside_body,via_to_outside_body,under_maximum_body_breakout,under_maximum_body_breakout,0.24375,0.08125
figure_3H_to_DQS_CK_or_byte_CA,DDR_DQSA0_P,DDR_DQA6,W17,W18,L3,0.233402332,0.39,-0.156597668,via_to_outside_body,via_to_outside_body,under_maximum_body_breakout,under_maximum_body_breakout,0.24375,0.94375
figure_3H_to_DQS_CK_or_byte_CA,DDR_DQSA0_P,DDR_DQA0,W17,Y16,L3,0.372164841,0.39,-0.017835159,via_to_outside_body,via_to_outside_body,under_maximum_body_breakout,under_maximum_body_breakout,0.08125,0.7
figure_3H_to_DQS_CK_or_byte_CA,DDR_DQSA0_P,DDR_DQA0,W17,Y16,L3,0.30465,0.39,-0.08535,via_to_outside_body,via_to_outside_body,under_maximum_body_breakout,under_maximum_body_breakout,0.08125,0.7
figure_3H_to_DQS_CK_or_byte_CA,DDR_DQSA0_P,DDR_DQA0,W17,Y16,L3,0.2234,0.39,-0.1666,via_to_outside_body,via_to_outside_body,under_maximum_body_breakout,under_maximum_body_breakout,0.94375,0.7
figure_3H_to_DQS_CK_or_byte_CA,DDR_DQSA0_P,DDR_DQA0,W17,Y16,L3,0.2234,0.39,-0.1666,via_to_outside_body,via_to_outside_body,under_maximum_body_breakout,local_extension_outside_body,0.94375,0.6
figure_3H_to_DQS_CK_or_byte_CA,DDR_DQSA0_P,DDR_DQA0,W17,Y16,L3,0.2234,0.39,-0.1666,via_to_outside_body,via_to_outside_body,local_extension_outside_body,under_maximum_body_breakout,0.6,0.7
figure_3H_to_DQS_CK_or_byte_CA,DDR_DQSA0_P,DDR_DQA0,W17,Y16,L3,0.2234,0.39,-0.1666,via_to_outside_body,via_to_outside_body,local_extension_outside_body,local_extension_outside_body,0.6,0.6
figure_3H_to_DQS_CK_or_byte_CA,DDR_DQSA0_N,DDR_DQA6,Y17,W18,L3,0.372164841,0.39,-0.017835159,via_to_outside_body,via_to_outside_body,under_maximum_body_breakout,under_maximum_body_breakout,0.7,0.08125
figure_3H_to_DQS_CK_or_byte_CA,DDR_DQSA0_N,DDR_DQA6,Y17,W18,L3,0.30465,0.39,-0.08535,via_to_outside_body,via_to_outside_body,under_maximum_body_breakout,under_maximum_body_breakout,0.7,0.08125
figure_3H_to_DQS_CK_or_byte_CA,DDR_DQSA0_N,DDR_DQA6,Y17,W18,L3,0.2234,0.39,-0.1666,via_to_outside_body,via_to_outside_body,under_maximum_body_breakout,under_maximum_body_breakout,0.7,0.94375
figure_3H_to_DQS_CK_or_byte_CA,DDR_DQSA0_N,DDR_DQA6,Y17,W18,L3,0.2234,0.39,-0.1666,via_to_outside_body,via_to_outside_body,under_maximum_body_breakout,local_extension_outside_body,0.7,0.6
figure_3H_to_DQS_CK_or_byte_CA,DDR_DQSA0_N,DDR_DQA6,Y17,W18,L3,0.2234,0.39,-0.1666,via_to_outside_body,via_to_outside_body,local_extension_outside_body,under_maximum_body_breakout,0.6,0.94375
figure_3H_to_DQS_CK_or_byte_CA,DDR_DQSA0_N,DDR_DQA6,Y17,W18,L3,0.2234,0.39,-0.1666,via_to_outside_body,via_to_outside_body,local_extension_outside_body,local_extension_outside_body,0.6,0.6
figure_3H_to_DQS_CK_or_byte_CA,DDR_DQSA1_P,DDR_DQA8,V20,W19,L8,0.30465,0.3585,-0.05385,via_to_outside_body,via_to_outside_body,under_maximum_body_breakout,under_maximum_body_breakout,0.05,0.08125
figure_3H_to_DQS_CK_or_byte_CA,DDR_DQSA1_P,DDR_DQA8,V20,W19,L8,0.2234,0.3585,-0.1351,via_to_outside_body,via_to_outside_body,under_maximum_body_breakout,under_maximum_body_breakout,0.05,0.29375
figure_3H_to_DQS_CK_or_byte_CA,DDR_DQSA1_P,DDR_DQA8,V20,W19,L8,0.2234,0.3585,-0.1351,via_to_outside_body,via_to_outside_body,under_maximum_body_breakout,local_extension_outside_body,0.05,0.6
figure_3H_to_DQS_CK_or_byte_CA,DDR_DQSA1_P,DDR_DQA8,V20,W19,L8,0.336479973,0.3585,-0.022020027,via_to_outside_body,via_to_outside_body,local_extension_outside_body,under_maximum_body_breakout,0.6,0.08125
figure_3H_to_DQS_CK_or_byte_CA,DDR_DQSA1_P,DDR_DQA8,V20,W19,L8,0.2234,0.3585,-0.1351,via_to_outside_body,via_to_outside_body,local_extension_outside_body,under_maximum_body_breakout,0.6,0.29375
figure_3H_to_DQS_CK_or_byte_CA,DDR_DQSA1_P,DDR_DQA8,V20,W19,L8,0.2234,0.3585,-0.1351,via_to_outside_body,via_to_outside_body,local_extension_outside_body,local_extension_outside_body,0.6,0.6
figure_3H_to_DQS_CK_or_byte_CA,DDR_DQSA1_N,DDR_DQA8,V19,W19,L8,0.30465,0.3585,-0.05385,via_to_outside_body,via_to_outside_body,under_maximum_body_breakout,under_maximum_body_breakout,0.325,0.24375
figure_3H_to_DQS_CK_or_byte_CA,DDR_DQSA1_N,DDR_DQA8,V19,W19,L8,0.30465,0.3585,-0.05385,via_to_outside_body,via_to_outside_body,under_maximum_body_breakout,under_maximum_body_breakout,0.325,0.08125
figure_3H_to_DQS_CK_or_byte_CA,DDR_DQSA1_N,DDR_DQA8,V19,W19,L8,0.233402332,0.3585,-0.125097668,via_to_outside_body,via_to_outside_body,under_maximum_body_breakout,under_maximum_body_breakout,0.325,0.08125
figure_3H_to_DQS_CK_or_byte_CA,DDR_DQSA1_N,DDR_DQA8,V19,W19,L8,0.233402332,0.3585,-0.125097668,via_to_outside_body,via_to_outside_body,under_maximum_body_breakout,under_maximum_body_breakout,0.325,0.29375
figure_3H_to_DQS_CK_or_byte_CA,DDR_DQSA1_N,DDR_DQA8,V19,W19,L8,0.30465,0.3585,-0.05385,via_to_outside_body,via_to_outside_body,under_maximum_body_breakout,under_maximum_body_breakout,0.24375,0.24375
figure_3H_to_DQS_CK_or_byte_CA,DDR_DQSA1_N,DDR_DQA8,V19,W19,L8,0.30465,0.3585,-0.05385,via_to_outside_body,via_to_outside_body,under_maximum_body_breakout,under_maximum_body_breakout,0.24375,0.08125
figure_3H_to_DQS_CK_or_byte_CA,DDR_DQSA1_N,DDR_DQA8,V19,W19,L8,0.233402332,0.3585,-0.125097668,via_to_outside_body,via_to_outside_body,under_maximum_body_breakout,under_maximum_body_breakout,0.24375,0.08125
figure_3H_to_DQS_CK_or_byte_CA,DDR_DQSA1_N,DDR_DQA8,V19,W19,L8,0.233402332,0.3585,-0.125097668,via_to_outside_body,via_to_outside_body,under_maximum_body_breakout,under_maximum_body_breakout,0.24375,0.29375
figure_3H_to_DQS_CK_or_byte_CA,DDR_DQSA1_N,DDR_DQA15,V19,U20,L8,0.30465,0.3585,-0.05385,via_to_outside_body,via_to_outside_body,under_maximum_body_breakout,under_maximum_body_breakout,0.08125,0.05
figure_3H_to_DQS_CK_or_byte_CA,DDR_DQSA1_N,DDR_DQA15,V19,U20,L8,0.336479973,0.3585,-0.022020027,via_to_outside_body,via_to_outside_body,under_maximum_body_breakout,local_extension_outside_body,0.08125,0.6
figure_3H_to_DQS_CK_or_byte_CA,DDR_DQSA1_N,DDR_DQA15,V19,U20,L8,0.2234,0.3585,-0.1351,via_to_outside_body,via_to_outside_body,under_maximum_body_breakout,under_maximum_body_breakout,0.29375,0.05
figure_3H_to_DQS_CK_or_byte_CA,DDR_DQSA1_N,DDR_DQA15,V19,U20,L8,0.2234,0.3585,-0.1351,via_to_outside_body,via_to_outside_body,under_maximum_body_breakout,local_extension_outside_body,0.29375,0.6
figure_3H_to_DQS_CK_or_byte_CA,DDR_DQSA1_N,DDR_DQA15,V19,U20,L8,0.2234,0.3585,-0.1351,via_to_outside_body,via_to_outside_body,local_extension_outside_body,under_maximum_body_breakout,0.6,0.05
figure_3H_to_DQS_CK_or_byte_CA,DDR_DQSA1_N,DDR_DQA15,V19,U20,L8,0.2234,0.3585,-0.1351,via_to_outside_body,via_to_outside_body,local_extension_outside_body,local_extension_outside_body,0.6,0.6
figure_3H_to_DQS_CK_or_byte_CA,DDR_DQSB0_P,DDR_DQB5,B15,B16,L8,0.30465,0.3585,-0.05385,via_to_outside_body,via_to_outside_body,under_maximum_body_breakout,under_maximum_body_breakout,0.325,0.24375
figure_3H_to_DQS_CK_or_byte_CA,DDR_DQSB0_P,DDR_DQB5,B15,B16,L8,0.30465,0.3585,-0.05385,via_to_outside_body,via_to_outside_body,under_maximum_body_breakout,under_maximum_body_breakout,0.325,0.08125
figure_3H_to_DQS_CK_or_byte_CA,DDR_DQSB0_P,DDR_DQB5,B15,B16,L8,0.233402332,0.3585,-0.125097668,via_to_outside_body,via_to_outside_body,under_maximum_body_breakout,under_maximum_body_breakout,0.325,0.08125
figure_3H_to_DQS_CK_or_byte_CA,DDR_DQSB0_P,DDR_DQB5,B15,B16,L8,0.233402332,0.3585,-0.125097668,via_to_outside_body,via_to_outside_body,under_maximum_body_breakout,under_maximum_body_breakout,0.325,0.29375
figure_3H_to_DQS_CK_or_byte_CA,DDR_DQSB0_P,DDR_DMIB0,B15,C15,L8,0.2234,0.3585,-0.1351,via_to_outside_body,via_to_outside_body,under_maximum_body_breakout,under_maximum_body_breakout,0.325,0.325
figure_3H_to_DQS_CK_or_byte_CA,DDR_DQSB0_P,DDR_DMIB0,B15,C15,L8,0.2234,0.3585,-0.1351,via_to_outside_body,via_to_outside_body,under_maximum_body_breakout,under_maximum_body_breakout,0.325,1.54375
figure_3H_to_DQS_CK_or_byte_CA,DDR_DQSB0_P,DDR_DQB3,B15,B14,L8,0.30465,0.3585,-0.05385,via_to_outside_body,via_to_outside_body,under_maximum_body_breakout,under_maximum_body_breakout,0.24375,0.325
figure_3H_to_DQS_CK_or_byte_CA,DDR_DQSB0_P,DDR_DQB3,B15,B14,L8,0.30465,0.3585,-0.05385,via_to_outside_body,via_to_outside_body,under_maximum_body_breakout,under_maximum_body_breakout,0.24375,0.24375
figure_3H_to_DQS_CK_or_byte_CA,DDR_DQSB0_P,DDR_DQB5,B15,B16,L8,0.30465,0.3585,-0.05385,via_to_outside_body,via_to_outside_body,under_maximum_body_breakout,under_maximum_body_breakout,0.24375,0.24375
figure_3H_to_DQS_CK_or_byte_CA,DDR_DQSB0_P,DDR_DQB5,B15,B16,L8,0.30465,0.3585,-0.05385,via_to_outside_body,via_to_outside_body,under_maximum_body_breakout,under_maximum_body_breakout,0.24375,0.08125
figure_3H_to_DQS_CK_or_byte_CA,DDR_DQSB0_P,DDR_DQB5,B15,B16,L8,0.233402332,0.3585,-0.125097668,via_to_outside_body,via_to_outside_body,under_maximum_body_breakout,under_maximum_body_breakout,0.24375,0.08125
figure_3H_to_DQS_CK_or_byte_CA,DDR_DQSB0_P,DDR_DQB5,B15,B16,L8,0.233402332,0.3585,-0.125097668,via_to_outside_body,via_to_outside_body,under_maximum_body_breakout,under_maximum_body_breakout,0.24375,0.29375
figure_3H_to_DQS_CK_or_byte_CA,DDR_DQSB0_P,DDR_DQB3,B15,B14,L8,0.30465,0.3585,-0.05385,via_to_outside_body,via_to_outside_body,under_maximum_body_breakout,under_maximum_body_breakout,0.08125,0.325
figure_3H_to_DQS_CK_or_byte_CA,DDR_DQSB0_P,DDR_DQB3,B15,B14,L8,0.30465,0.3585,-0.05385,via_to_outside_body,via_to_outside_body,under_maximum_body_breakout,under_maximum_body_breakout,0.08125,0.24375
figure_3H_to_DQS_CK_or_byte_CA,DDR_DQSB0_P,DDR_DQB0,B15,A14,L8,0.30465,0.3585,-0.05385,via_to_outside_body,via_to_outside_body,under_maximum_body_breakout,under_maximum_body_breakout,0.08125,0.05
figure_3H_to_DQS_CK_or_byte_CA,DDR_DQSB0_P,DDR_DQB0,B15,A14,L8,0.336479973,0.3585,-0.022020027,via_to_outside_body,via_to_outside_body,under_maximum_body_breakout,local_extension_outside_body,0.08125,0.6
figure_3H_to_DQS_CK_or_byte_CA,DDR_DQSB0_P,DDR_DQB3,B15,B14,L8,0.233402332,0.3585,-0.125097668,via_to_outside_body,via_to_outside_body,under_maximum_body_breakout,under_maximum_body_breakout,0.08125,0.325
figure_3H_to_DQS_CK_or_byte_CA,DDR_DQSB0_P,DDR_DQB3,B15,B14,L8,0.233402332,0.3585,-0.125097668,via_to_outside_body,via_to_outside_body,under_maximum_body_breakout,under_maximum_body_breakout,0.08125,0.24375
figure_3H_to_DQS_CK_or_byte_CA,DDR_DQSB0_P,DDR_DQB0,B15,A14,L8,0.2234,0.3585,-0.1351,via_to_outside_body,via_to_outside_body,under_maximum_body_breakout,under_maximum_body_breakout,0.29375,0.05
figure_3H_to_DQS_CK_or_byte_CA,DDR_DQSB0_P,DDR_DQB0,B15,A14,L8,0.2234,0.3585,-0.1351,via_to_outside_body,via_to_outside_body,under_maximum_body_breakout,local_extension_outside_body,0.29375,0.6
figure_3H_to_DQS_CK_or_byte_CA,DDR_DQSB0_P,DDR_DQB3,B15,B14,L8,0.233402332,0.3585,-0.125097668,via_to_outside_body,via_to_outside_body,under_maximum_body_breakout,under_maximum_body_breakout,0.29375,0.325
figure_3H_to_DQS_CK_or_byte_CA,DDR_DQSB0_P,DDR_DQB3,B15,B14,L8,0.233402332,0.3585,-0.125097668,via_to_outside_body,via_to_outside_body,under_maximum_body_breakout,under_maximum_body_breakout,0.29375,0.24375
figure_3H_to_DQS_CK_or_byte_CA,DDR_DQSB0_P,DDR_DQB0,B15,A14,L8,0.2234,0.3585,-0.1351,via_to_outside_body,via_to_outside_body,local_extension_outside_body,under_maximum_body_breakout,0.6,0.05
figure_3H_to_DQS_CK_or_byte_CA,DDR_DQSB0_P,DDR_DQB0,B15,A14,L8,0.2234,0.3585,-0.1351,via_to_outside_body,via_to_outside_body,local_extension_outside_body,local_extension_outside_body,0.6,0.6
figure_3H_to_DQS_CK_or_byte_CA,DDR_DQSB0_N,DDR_DQB5,A15,B16,L8,0.30465,0.3585,-0.05385,via_to_outside_body,via_to_outside_body,under_maximum_body_breakout,under_maximum_body_breakout,0.05,0.08125
figure_3H_to_DQS_CK_or_byte_CA,DDR_DQSB0_N,DDR_DQB5,A15,B16,L8,0.2234,0.3585,-0.1351,via_to_outside_body,via_to_outside_body,under_maximum_body_breakout,under_maximum_body_breakout,0.05,0.29375
figure_3H_to_DQS_CK_or_byte_CA,DDR_DQSB0_N,DDR_DQB5,A15,B16,L8,0.2234,0.3585,-0.1351,via_to_outside_body,via_to_outside_body,under_maximum_body_breakout,local_extension_outside_body,0.05,0.6
figure_3H_to_DQS_CK_or_byte_CA,DDR_DQSB0_N,DDR_DQB5,A15,B16,L8,0.336479973,0.3585,-0.022020027,via_to_outside_body,via_to_outside_body,local_extension_outside_body,under_maximum_body_breakout,0.6,0.08125
figure_3H_to_DQS_CK_or_byte_CA,DDR_DQSB0_N,DDR_DQB5,A15,B16,L8,0.2234,0.3585,-0.1351,via_to_outside_body,via_to_outside_body,local_extension_outside_body,under_maximum_body_breakout,0.6,0.29375
figure_3H_to_DQS_CK_or_byte_CA,DDR_DQSB0_N,DDR_DQB5,A15,B16,L8,0.2234,0.3585,-0.1351,via_to_outside_body,via_to_outside_body,local_extension_outside_body,local_extension_outside_body,0.6,0.6
figure_3H_to_DQS_CK_or_byte_CA,DDR_DQSB1_P,DDR_DQB15,B18,B19,L3,0.30465,0.39,-0.08535,via_to_outside_body,via_to_outside_body,under_maximum_body_breakout,under_maximum_body_breakout,0.325,0.24375
figure_3H_to_DQS_CK_or_byte_CA,DDR_DQSB1_P,DDR_DQB15,B18,B19,L3,0.30465,0.39,-0.08535,via_to_outside_body,via_to_outside_body,under_maximum_body_breakout,under_maximum_body_breakout,0.325,0.08125
figure_3H_to_DQS_CK_or_byte_CA,DDR_DQSB1_P,DDR_DQB15,B18,B19,L3,0.233402332,0.39,-0.156597668,via_to_outside_body,via_to_outside_body,under_maximum_body_breakout,under_maximum_body_breakout,0.325,0.08125
figure_3H_to_DQS_CK_or_byte_CA,DDR_DQSB1_P,DDR_DQB15,B18,B19,L3,0.233402332,0.39,-0.156597668,via_to_outside_body,via_to_outside_body,under_maximum_body_breakout,under_maximum_body_breakout,0.325,0.29375
figure_3H_to_DQS_CK_or_byte_CA,DDR_DQSB1_P,DDR_DQB15,B18,B19,L3,0.30465,0.39,-0.08535,via_to_outside_body,via_to_outside_body,under_maximum_body_breakout,under_maximum_body_breakout,0.24375,0.24375
figure_3H_to_DQS_CK_or_byte_CA,DDR_DQSB1_P,DDR_DQB15,B18,B19,L3,0.30465,0.39,-0.08535,via_to_outside_body,via_to_outside_body,under_maximum_body_breakout,under_maximum_body_breakout,0.24375,0.08125
figure_3H_to_DQS_CK_or_byte_CA,DDR_DQSB1_P,DDR_DQB15,B18,B19,L3,0.233402332,0.39,-0.156597668,via_to_outside_body,via_to_outside_body,under_maximum_body_breakout,under_maximum_body_breakout,0.24375,0.08125
figure_3H_to_DQS_CK_or_byte_CA,DDR_DQSB1_P,DDR_DQB15,B18,B19,L3,0.233402332,0.39,-0.156597668,via_to_outside_body,via_to_outside_body,under_maximum_body_breakout,under_maximum_body_breakout,0.24375,0.29375
figure_3H_to_DQS_CK_or_byte_CA,DDR_DQSB1_N,DDR_DQB15,A18,B19,L3,0.372164841,0.39,-0.017835159,via_to_outside_body,via_to_outside_body,under_maximum_body_breakout,under_maximum_body_breakout,0.05,0.08125
figure_3H_to_DQS_CK_or_byte_CA,DDR_DQSB1_N,DDR_DQB15,A18,B19,L3,0.30465,0.39,-0.08535,via_to_outside_body,via_to_outside_body,under_maximum_body_breakout,under_maximum_body_breakout,0.05,0.08125
figure_3H_to_DQS_CK_or_byte_CA,DDR_DQSB1_N,DDR_DQB15,A18,B19,L3,0.2234,0.39,-0.1666,via_to_outside_body,via_to_outside_body,under_maximum_body_breakout,under_maximum_body_breakout,0.05,0.29375
figure_3H_to_DQS_CK_or_byte_CA,DDR_DQSB1_N,DDR_DQB15,A18,B19,L3,0.2234,0.39,-0.1666,via_to_outside_body,via_to_outside_body,under_maximum_body_breakout,local_extension_outside_body,0.05,0.6
figure_3H_to_DQS_CK_or_byte_CA,DDR_DQSB1_N,DDR_DQB15,A18,B19,L3,0.336479973,0.39,-0.053520027,via_to_outside_body,via_to_outside_body,local_extension_outside_body,under_maximum_body_breakout,0.6,0.08125
figure_3H_to_DQS_CK_or_byte_CA,DDR_DQSB1_N,DDR_DQB15,A18,B19,L3,0.2234,0.39,-0.1666,via_to_outside_body,via_to_outside_body,local_extension_outside_body,under_maximum_body_breakout,0.6,0.29375
figure_3H_to_DQS_CK_or_byte_CA,DDR_DQSB1_N,DDR_DQB15,A18,B19,L3,0.2234,0.39,-0.1666,via_to_outside_body,via_to_outside_body,local_extension_outside_body,local_extension_outside_body,0.6,0.6
figure_3H_to_DQS_CK_or_byte_CA,DDR_CLKA_P,DDR_DQA3,R19,T16,L3,0.2234,0.39,-0.1666,via_to_outside_body,via_to_outside_body,under_maximum_body_breakout,under_maximum_body_breakout,0.325,2.24375
figure_3H_to_DQS_CK_or_byte_CA,DDR_CLKA_P,DDR_CAA5,R19,P19,L3,0.30465,0.39,-0.08535,via_to_outside_body,via_to_outside_body,under_maximum_body_breakout,under_maximum_body_breakout,0.24375,0.325
figure_3H_to_DQS_CK_or_byte_CA,DDR_CLKA_P,DDR_CAA5,R19,P19,L3,0.30465,0.39,-0.08535,via_to_outside_body,via_to_outside_body,under_maximum_body_breakout,under_maximum_body_breakout,0.24375,0.24375
figure_3H_to_DQS_CK_or_byte_CA,DDR_CLKA_P,DDR_DQA3,R19,T16,L3,0.2234,0.39,-0.1666,via_to_outside_body,via_to_outside_body,under_maximum_body_breakout,under_maximum_body_breakout,0.24375,2.24375
figure_3H_to_DQS_CK_or_byte_CA,DDR_CLKA_P,DDR_CAA5,R19,P19,L3,0.30465,0.39,-0.08535,via_to_outside_body,via_to_outside_body,under_maximum_body_breakout,under_maximum_body_breakout,0.08125,0.325
figure_3H_to_DQS_CK_or_byte_CA,DDR_CLKA_P,DDR_CAA5,R19,P19,L3,0.30465,0.39,-0.08535,via_to_outside_body,via_to_outside_body,under_maximum_body_breakout,under_maximum_body_breakout,0.08125,0.24375
figure_3H_to_DQS_CK_or_byte_CA,DDR_CLKA_P,DDR_CAA5,R19,P19,L3,0.233402332,0.39,-0.156597668,via_to_outside_body,via_to_outside_body,under_maximum_body_breakout,under_maximum_body_breakout,0.08125,0.325
figure_3H_to_DQS_CK_or_byte_CA,DDR_CLKA_P,DDR_CAA5,R19,P19,L3,0.233402332,0.39,-0.156597668,via_to_outside_body,via_to_outside_body,under_maximum_body_breakout,under_maximum_body_breakout,0.08125,0.24375
figure_3H_to_DQS_CK_or_byte_CA,DDR_CLKA_P,DDR_CAA5,R19,P19,L3,0.233402332,0.39,-0.156597668,via_to_outside_body,via_to_outside_body,under_maximum_body_breakout,under_maximum_body_breakout,0.29375,0.325
figure_3H_to_DQS_CK_or_byte_CA,DDR_CLKA_P,DDR_CAA5,R19,P19,L3,0.233402332,0.39,-0.156597668,via_to_outside_body,via_to_outside_body,under_maximum_body_breakout,under_maximum_body_breakout,0.29375,0.24375
figure_3H_to_DQS_CK_or_byte_CA,DDR_CLKA_N,DDR_DQA3,R20,T16,L3,0.2234,0.39,-0.1666,via_to_outside_body,via_to_outside_body,under_maximum_body_breakout,under_maximum_body_breakout,0.05,2.24375
figure_3H_to_DQS_CK_or_byte_CA,DDR_CLKA_N,DDR_DQA3,R20,T16,L3,0.2234,0.39,-0.1666,via_to_outside_body,via_to_outside_body,under_maximum_body_breakout,local_extension_outside_body,0.05,0.6
figure_3H_to_DQS_CK_or_byte_CA,DDR_CLKA_N,DDR_DQA3,R20,T16,L3,0.2234,0.39,-0.1666,via_to_outside_body,via_to_outside_body,local_extension_outside_body,under_maximum_body_breakout,0.6,2.24375
figure_3H_to_DQS_CK_or_byte_CA,DDR_CLKA_N,DDR_DQA3,R20,T16,L3,0.2234,0.39,-0.1666,via_to_outside_body,via_to_outside_body,local_extension_outside_body,local_extension_outside_body,0.6,0.6
figure_3H_to_DQS_CK_or_byte_CA,DDR_CLKB_P,DDR_CAB1,G20,G19,L8,0.2234,0.3585,-0.1351,via_to_outside_body,via_to_outside_body,under_maximum_body_breakout,under_maximum_body_breakout,0.05,0.325
figure_3H_to_DQS_CK_or_byte_CA,DDR_CLKB_P,DDR_CAB1,G20,G19,L8,0.2234,0.3585,-0.1351,via_to_outside_body,via_to_outside_body,under_maximum_body_breakout,under_maximum_body_breakout,0.05,0.24375
figure_3H_to_DQS_CK_or_byte_CA,DDR_CLKB_P,DDR_CAB1,G20,G19,L8,0.243114556,0.3585,-0.115385444,via_to_outside_body,via_to_outside_body,under_maximum_body_breakout,under_maximum_body_breakout,0.05,0.08125
figure_3H_to_DQS_CK_or_byte_CA,DDR_CLKB_P,DDR_CAB1,G20,G19,L8,0.243114556,0.3585,-0.115385444,via_to_outside_body,via_to_outside_body,under_maximum_body_breakout,under_maximum_body_breakout,0.05,0.08125
figure_3H_to_DQS_CK_or_byte_CA,DDR_CLKB_P,DDR_CAB1,G20,G19,L8,0.2234,0.3585,-0.1351,via_to_outside_body,via_to_outside_body,under_maximum_body_breakout,under_maximum_body_breakout,0.05,0.29375
figure_3H_to_DQS_CK_or_byte_CA,DDR_CLKB_P,DDR_CAB1,G20,G19,L8,0.2234,0.3585,-0.1351,via_to_outside_body,via_to_outside_body,under_maximum_body_breakout,local_extension_outside_body,0.05,0.6
figure_3H_to_DQS_CK_or_byte_CA,DDR_CLKB_P,DDR_CAB2,G20,G18,L8,0.2234,0.3585,-0.1351,via_to_outside_body,via_to_outside_body,under_maximum_body_breakout,under_maximum_body_breakout,0.05,0.94375
figure_3H_to_DQS_CK_or_byte_CA,DDR_CLKB_P,DDR_CAB2,G20,G18,L8,0.2234,0.3585,-0.1351,via_to_outside_body,via_to_outside_body,under_maximum_body_breakout,local_extension_outside_body,0.05,0.6
figure_3H_to_DQS_CK_or_byte_CA,DDR_CLKB_P,DDR_CAB1,G20,G19,L8,0.2734,0.3585,-0.0851,via_to_outside_body,via_to_outside_body,local_extension_outside_body,under_maximum_body_breakout,0.6,0.325
figure_3H_to_DQS_CK_or_byte_CA,DDR_CLKB_P,DDR_CAB1,G20,G19,L8,0.2734,0.3585,-0.0851,via_to_outside_body,via_to_outside_body,local_extension_outside_body,under_maximum_body_breakout,0.6,0.24375
figure_3H_to_DQS_CK_or_byte_CA,DDR_CLKB_P,DDR_CAB1,G20,G19,L8,0.280110787,0.3585,-0.078389213,via_to_outside_body,via_to_outside_body,local_extension_outside_body,under_maximum_body_breakout,0.6,0.08125
figure_3H_to_DQS_CK_or_byte_CA,DDR_CLKB_P,DDR_CAB1,G20,G19,L8,0.280110787,0.3585,-0.078389213,via_to_outside_body,via_to_outside_body,local_extension_outside_body,under_maximum_body_breakout,0.6,0.08125
figure_3H_to_DQS_CK_or_byte_CA,DDR_CLKB_P,DDR_CAB1,G20,G19,L8,0.2234,0.3585,-0.1351,via_to_outside_body,via_to_outside_body,local_extension_outside_body,under_maximum_body_breakout,0.6,0.29375
figure_3H_to_DQS_CK_or_byte_CA,DDR_CLKB_P,DDR_CAB1,G20,G19,L8,0.2234,0.3585,-0.1351,via_to_outside_body,via_to_outside_body,local_extension_outside_body,local_extension_outside_body,0.6,0.6
figure_3H_to_DQS_CK_or_byte_CA,DDR_CLKB_P,DDR_CAB2,G20,G18,L8,0.2234,0.3585,-0.1351,via_to_outside_body,via_to_outside_body,local_extension_outside_body,under_maximum_body_breakout,0.6,0.94375
figure_3H_to_DQS_CK_or_byte_CA,DDR_CLKB_P,DDR_CAB2,G20,G18,L8,0.2234,0.3585,-0.1351,via_to_outside_body,via_to_outside_body,local_extension_outside_body,local_extension_outside_body,0.6,0.6
figure_3H_to_DQS_CK_or_byte_CA,DDR_CLKB_N,DDR_CAB5,F20,F19,L8,0.2234,0.3585,-0.1351,via_to_outside_body,via_to_outside_body,under_maximum_body_breakout,under_maximum_body_breakout,0.05,0.325
figure_3H_to_DQS_CK_or_byte_CA,DDR_CLKB_N,DDR_CAB5,F20,F19,L8,0.2234,0.3585,-0.1351,via_to_outside_body,via_to_outside_body,under_maximum_body_breakout,under_maximum_body_breakout,0.05,0.24375
figure_3H_to_DQS_CK_or_byte_CA,DDR_CLKB_N,DDR_CAB5,F20,F19,L8,0.243114556,0.3585,-0.115385444,via_to_outside_body,via_to_outside_body,under_maximum_body_breakout,under_maximum_body_breakout,0.05,0.08125
figure_3H_to_DQS_CK_or_byte_CA,DDR_CLKB_N,DDR_CAB5,F20,F19,L8,0.243114556,0.3585,-0.115385444,via_to_outside_body,via_to_outside_body,under_maximum_body_breakout,under_maximum_body_breakout,0.05,0.08125
figure_3H_to_DQS_CK_or_byte_CA,DDR_CLKB_N,DDR_CAB5,F20,F19,L8,0.2234,0.3585,-0.1351,via_to_outside_body,via_to_outside_body,under_maximum_body_breakout,under_maximum_body_breakout,0.05,0.29375
figure_3H_to_DQS_CK_or_byte_CA,DDR_CLKB_N,DDR_CAB5,F20,F19,L8,0.2234,0.3585,-0.1351,via_to_outside_body,via_to_outside_body,under_maximum_body_breakout,local_extension_outside_body,0.05,0.6
figure_3H_to_DQS_CK_or_byte_CA,DDR_CLKB_N,DDR_CAB1,F20,G19,L8,0.30465,0.3585,-0.05385,via_to_outside_body,via_to_outside_body,under_maximum_body_breakout,under_maximum_body_breakout,0.05,0.08125
figure_3H_to_DQS_CK_or_byte_CA,DDR_CLKB_N,DDR_CAB1,F20,G19,L8,0.2234,0.3585,-0.1351,via_to_outside_body,via_to_outside_body,under_maximum_body_breakout,under_maximum_body_breakout,0.05,0.29375
figure_3H_to_DQS_CK_or_byte_CA,DDR_CLKB_N,DDR_CAB1,F20,G19,L8,0.2234,0.3585,-0.1351,via_to_outside_body,via_to_outside_body,under_maximum_body_breakout,local_extension_outside_body,0.05,0.6
figure_3H_to_DQS_CK_or_byte_CA,DDR_CLKB_N,DDR_CAB5,F20,F19,L8,0.2734,0.3585,-0.0851,via_to_outside_body,via_to_outside_body,local_extension_outside_body,under_maximum_body_breakout,0.6,0.325
figure_3H_to_DQS_CK_or_byte_CA,DDR_CLKB_N,DDR_CAB5,F20,F19,L8,0.2734,0.3585,-0.0851,via_to_outside_body,via_to_outside_body,local_extension_outside_body,under_maximum_body_breakout,0.6,0.24375
figure_3H_to_DQS_CK_or_byte_CA,DDR_CLKB_N,DDR_CAB5,F20,F19,L8,0.280110787,0.3585,-0.078389213,via_to_outside_body,via_to_outside_body,local_extension_outside_body,under_maximum_body_breakout,0.6,0.08125
figure_3H_to_DQS_CK_or_byte_CA,DDR_CLKB_N,DDR_CAB5,F20,F19,L8,0.280110787,0.3585,-0.078389213,via_to_outside_body,via_to_outside_body,local_extension_outside_body,under_maximum_body_breakout,0.6,0.08125
figure_3H_to_DQS_CK_or_byte_CA,DDR_CLKB_N,DDR_CAB5,F20,F19,L8,0.2234,0.3585,-0.1351,via_to_outside_body,via_to_outside_body,local_extension_outside_body,under_maximum_body_breakout,0.6,0.29375
figure_3H_to_DQS_CK_or_byte_CA,DDR_CLKB_N,DDR_CAB5,F20,F19,L8,0.2234,0.3585,-0.1351,via_to_outside_body,via_to_outside_body,local_extension_outside_body,local_extension_outside_body,0.6,0.6
figure_3H_to_DQS_CK_or_byte_CA,DDR_CLKB_N,DDR_CAB1,F20,G19,L8,0.336479973,0.3585,-0.022020027,via_to_outside_body,via_to_outside_body,local_extension_outside_body,under_maximum_body_breakout,0.6,0.08125
figure_3H_to_DQS_CK_or_byte_CA,DDR_CLKB_N,DDR_CAB1,F20,G19,L8,0.2234,0.3585,-0.1351,via_to_outside_body,via_to_outside_body,local_extension_outside_body,under_maximum_body_breakout,0.6,0.29375
figure_3H_to_DQS_CK_or_byte_CA,DDR_CLKB_N,DDR_CAB1,F20,G19,L8,0.2234,0.3585,-0.1351,via_to_outside_body,via_to_outside_body,local_extension_outside_body,local_extension_outside_body,0.6,0.6
figure_3H_to_DQS_CK_or_byte_CA,DDR_CSA0,DDR_DQA4,T20,U16,L3,0.2234,0.39,-0.1666,via_to_outside_body,via_to_outside_body,under_maximum_body_breakout,under_maximum_body_breakout,0.05,2.24375
figure_3H_to_DQS_CK_or_byte_CA,DDR_CSA0,DDR_DQA4,T20,U16,L3,0.2234,0.39,-0.1666,via_to_outside_body,via_to_outside_body,under_maximum_body_breakout,local_extension_outside_body,0.05,0.6
figure_3H_to_DQS_CK_or_byte_CA,DDR_CSA0,DDR_DQA3,T20,T16,L3,0.2234,0.39,-0.1666,via_to_outside_body,via_to_outside_body,under_maximum_body_breakout,under_maximum_body_breakout,0.05,2.24375
figure_3H_to_DQS_CK_or_byte_CA,DDR_CSA0,DDR_DQA3,T20,T16,L3,0.2234,0.39,-0.1666,via_to_outside_body,via_to_outside_body,under_maximum_body_breakout,local_extension_outside_body,0.05,0.6
figure_3H_to_DQS_CK_or_byte_CA,DDR_CSA0,DDR_DQA4,T20,U16,L3,0.2234,0.39,-0.1666,via_to_outside_body,via_to_outside_body,local_extension_outside_body,under_maximum_body_breakout,0.6,2.24375
figure_3H_to_DQS_CK_or_byte_CA,DDR_CSA0,DDR_DQA4,T20,U16,L3,0.2234,0.39,-0.1666,via_to_outside_body,via_to_outside_body,local_extension_outside_body,local_extension_outside_body,0.6,0.6
figure_3H_to_DQS_CK_or_byte_CA,DDR_CSA0,DDR_DQA3,T20,T16,L3,0.2234,0.39,-0.1666,via_to_outside_body,via_to_outside_body,local_extension_outside_body,under_maximum_body_breakout,0.6,2.24375
figure_3H_to_DQS_CK_or_byte_CA,DDR_CSA0,DDR_DQA3,T20,T16,L3,0.2234,0.39,-0.1666,via_to_outside_body,via_to_outside_body,local_extension_outside_body,local_extension_outside_body,0.6,0.6
additional_3H_between_other_groups,DDR_DQB7,DDR_DQB9,B17,C17,L1,0.358019408,0.3585,-0.000480592,ball_to_via,ball_to_via,under_maximum_body_breakout,under_maximum_body_breakout,0.459619408,0.459619408
additional_3H_between_other_groups,DDR_DQB6,DDR_DQB9,C16,C17,L1,0.358019408,0.3585,-0.000480592,ball_to_via,ball_to_via,under_maximum_body_breakout,under_maximum_body_breakout,0.459619408,0.459619408
additional_3H_between_other_groups,DDR_DQB6,DDR_DQB13,C16,D16,L1,0.358019408,0.3585,-0.000480592,ball_to_via,ball_to_via,under_maximum_body_breakout,under_maximum_body_breakout,0.459619408,0.459619408
additional_3H_between_other_groups,DDR_DQA11,DDR_DQA3,R17,T16,L1,0.358019408,0.3585,-0.000480592,ball_to_via,ball_to_via,under_maximum_body_breakout,under_maximum_body_breakout,0.459619408,0.459619408
additional_3H_between_other_groups,DDR_DQA3,DDR_DQA9,T16,T17,L1,0.358019408,0.3585,-0.000480592,ball_to_via,ball_to_via,under_maximum_body_breakout,under_maximum_body_breakout,0.459619408,0.459619408
additional_3H_between_other_groups,DDR_DQA9,DDR_DQA4,T17,U16,L1,0.358019408,0.3585,-0.000480592,ball_to_via,ball_to_via,under_maximum_body_breakout,under_maximum_body_breakout,0.459619408,0.459619408
additional_3H_between_other_groups,DDR_DQA9,DDR_DQA2,T17,U17,L1,0.358019408,0.3585,-0.000480592,ball_to_via,ball_to_via,under_maximum_body_breakout,under_maximum_body_breakout,0.459619408,0.459619408
additional_3H_between_other_groups,DDR_DQA13,DDR_DQA2,T18,U17,L1,0.358019408,0.3585,-0.000480592,ball_to_via,ball_to_via,under_maximum_body_breakout,under_maximum_body_breakout,0.459619408,0.459619408
additional_3H_between_other_groups,DDR_DQA2,DDR_DQA14,U17,U18,L1,0.358019408,0.3585,-0.000480592,ball_to_via,ball_to_via,under_maximum_body_breakout,under_maximum_body_breakout,0.459619408,0.459619408
additional_3H_between_other_groups,DDR_DQA14,DDR_DMIA0,U18,V17,L1,0.358019408,0.3585,-0.000480592,ball_to_via,ball_to_via,under_maximum_body_breakout,under_maximum_body_breakout,0.459619408,0.459619408
additional_3H_between_other_groups,DDR_DQA14,DDR_DQA5,U18,V18,L1,0.358019408,0.3585,-0.000480592,ball_to_via,ball_to_via,under_maximum_body_breakout,under_maximum_body_breakout,0.459619408,0.459619408
additional_3H_between_other_groups,DDR_DQA6,DDR_DQA8,W18,W19,L1,0.358019408,0.3585,-0.000480592,ball_to_via,ball_to_via,under_maximum_body_breakout,under_maximum_body_breakout,0.459619408,0.459619408
additional_3H_between_other_groups,DDR_DQA8,DDR_DQA7,W19,Y18,L1,0.358019408,0.3585,-0.000480592,ball_to_via,ball_to_via,under_maximum_body_breakout,under_maximum_body_breakout,0.459619408,0.459619408
3W_edge_gap_sensitivity_screen,DDR_DQSA0_P,DDR_DQA6,W17,W18,L3,0.30465,0.3048,-0.00015,via_to_outside_body,via_to_outside_body,under_maximum_body_breakout,under_maximum_body_breakout,0.325,0.24375
3W_edge_gap_sensitivity_screen,DDR_DQSA0_P,DDR_DQA6,W17,W18,L3,0.30465,0.3048,-0.00015,via_to_outside_body,via_to_outside_body,under_maximum_body_breakout,under_maximum_body_breakout,0.325,0.08125
3W_edge_gap_sensitivity_screen,DDR_DQSA0_P,DDR_DQA6,W17,W18,L3,0.233402332,0.3048,-0.071397668,via_to_outside_body,via_to_outside_body,under_maximum_body_breakout,under_maximum_body_breakout,0.325,0.08125
3W_edge_gap_sensitivity_screen,DDR_DQSA0_P,DDR_DQA6,W17,W18,L3,0.233402332,0.3048,-0.071397668,via_to_outside_body,via_to_outside_body,under_maximum_body_breakout,under_maximum_body_breakout,0.325,0.94375
3W_edge_gap_sensitivity_screen,DDR_DQSA0_P,DDR_DQA6,W17,W18,L3,0.30465,0.3048,-0.00015,via_to_outside_body,via_to_outside_body,under_maximum_body_breakout,under_maximum_body_breakout,0.24375,0.24375
3W_edge_gap_sensitivity_screen,DDR_DQSA0_P,DDR_DQA6,W17,W18,L3,0.30465,0.3048,-0.00015,via_to_outside_body,via_to_outside_body,under_maximum_body_breakout,under_maximum_body_breakout,0.24375,0.08125
3W_edge_gap_sensitivity_screen,DDR_DQSA0_P,DDR_DQA6,W17,W18,L3,0.233402332,0.3048,-0.071397668,via_to_outside_body,via_to_outside_body,under_maximum_body_breakout,under_maximum_body_breakout,0.24375,0.08125
3W_edge_gap_sensitivity_screen,DDR_DQSA0_P,DDR_DQA6,W17,W18,L3,0.233402332,0.3048,-0.071397668,via_to_outside_body,via_to_outside_body,under_maximum_body_breakout,under_maximum_body_breakout,0.24375,0.94375
3W_edge_gap_sensitivity_screen,DDR_DQSA0_P,DDR_DQA0,W17,Y16,L3,0.30465,0.3048,-0.00015,via_to_outside_body,via_to_outside_body,under_maximum_body_breakout,under_maximum_body_breakout,0.08125,0.7
3W_edge_gap_sensitivity_screen,DDR_DQSA0_P,DDR_DQA0,W17,Y16,L3,0.2234,0.3048,-0.0814,via_to_outside_body,via_to_outside_body,under_maximum_body_breakout,under_maximum_body_breakout,0.94375,0.7
3W_edge_gap_sensitivity_screen,DDR_DQSA0_P,DDR_DQA0,W17,Y16,L3,0.2234,0.3048,-0.0814,via_to_outside_body,via_to_outside_body,under_maximum_body_breakout,local_extension_outside_body,0.94375,0.6
3W_edge_gap_sensitivity_screen,DDR_DQSA0_P,DDR_DQA0,W17,Y16,L3,0.2234,0.3048,-0.0814,via_to_outside_body,via_to_outside_body,local_extension_outside_body,under_maximum_body_breakout,0.6,0.7
3W_edge_gap_sensitivity_screen,DDR_DQSA0_P,DDR_DQA0,W17,Y16,L3,0.2234,0.3048,-0.0814,via_to_outside_body,via_to_outside_body,local_extension_outside_body,local_extension_outside_body,0.6,0.6
3W_edge_gap_sensitivity_screen,DDR_DQSA0_N,DDR_DQA6,Y17,W18,L3,0.30465,0.3048,-0.00015,via_to_outside_body,via_to_outside_body,under_maximum_body_breakout,under_maximum_body_breakout,0.7,0.08125
3W_edge_gap_sensitivity_screen,DDR_DQSA0_N,DDR_DQA6,Y17,W18,L3,0.2234,0.3048,-0.0814,via_to_outside_body,via_to_outside_body,under_maximum_body_breakout,under_maximum_body_breakout,0.7,0.94375
3W_edge_gap_sensitivity_screen,DDR_DQSA0_N,DDR_DQA6,Y17,W18,L3,0.2234,0.3048,-0.0814,via_to_outside_body,via_to_outside_body,under_maximum_body_breakout,local_extension_outside_body,0.7,0.6
3W_edge_gap_sensitivity_screen,DDR_DQSA0_N,DDR_DQA6,Y17,W18,L3,0.2234,0.3048,-0.0814,via_to_outside_body,via_to_outside_body,local_extension_outside_body,under_maximum_body_breakout,0.6,0.94375
3W_edge_gap_sensitivity_screen,DDR_DQSA0_N,DDR_DQA6,Y17,W18,L3,0.2234,0.3048,-0.0814,via_to_outside_body,via_to_outside_body,local_extension_outside_body,local_extension_outside_body,0.6,0.6
3W_edge_gap_sensitivity_screen,DDR_DQSA1_P,DDR_DQA8,V20,W19,L8,0.30465,0.3048,-0.00015,via_to_outside_body,via_to_outside_body,under_maximum_body_breakout,under_maximum_body_breakout,0.05,0.08125
3W_edge_gap_sensitivity_screen,DDR_DQSA1_P,DDR_DQA8,V20,W19,L8,0.2234,0.3048,-0.0814,via_to_outside_body,via_to_outside_body,under_maximum_body_breakout,under_maximum_body_breakout,0.05,0.29375
3W_edge_gap_sensitivity_screen,DDR_DQSA1_P,DDR_DQA8,V20,W19,L8,0.2234,0.3048,-0.0814,via_to_outside_body,via_to_outside_body,under_maximum_body_breakout,local_extension_outside_body,0.05,0.6
3W_edge_gap_sensitivity_screen,DDR_DQSA1_P,DDR_DQA8,V20,W19,L8,0.2234,0.3048,-0.0814,via_to_outside_body,via_to_outside_body,local_extension_outside_body,under_maximum_body_breakout,0.6,0.29375
3W_edge_gap_sensitivity_screen,DDR_DQSA1_P,DDR_DQA8,V20,W19,L8,0.2234,0.3048,-0.0814,via_to_outside_body,via_to_outside_body,local_extension_outside_body,local_extension_outside_body,0.6,0.6
3W_edge_gap_sensitivity_screen,DDR_DQSA1_N,DDR_DQA8,V19,W19,L8,0.30465,0.3048,-0.00015,via_to_outside_body,via_to_outside_body,under_maximum_body_breakout,under_maximum_body_breakout,0.325,0.24375
3W_edge_gap_sensitivity_screen,DDR_DQSA1_N,DDR_DQA8,V19,W19,L8,0.30465,0.3048,-0.00015,via_to_outside_body,via_to_outside_body,under_maximum_body_breakout,under_maximum_body_breakout,0.325,0.08125
3W_edge_gap_sensitivity_screen,DDR_DQSA1_N,DDR_DQA8,V19,W19,L8,0.233402332,0.3048,-0.071397668,via_to_outside_body,via_to_outside_body,under_maximum_body_breakout,under_maximum_body_breakout,0.325,0.08125
3W_edge_gap_sensitivity_screen,DDR_DQSA1_N,DDR_DQA8,V19,W19,L8,0.233402332,0.3048,-0.071397668,via_to_outside_body,via_to_outside_body,under_maximum_body_breakout,under_maximum_body_breakout,0.325,0.29375
3W_edge_gap_sensitivity_screen,DDR_DQSA1_N,DDR_DQA8,V19,W19,L8,0.30465,0.3048,-0.00015,via_to_outside_body,via_to_outside_body,under_maximum_body_breakout,under_maximum_body_breakout,0.24375,0.24375
3W_edge_gap_sensitivity_screen,DDR_DQSA1_N,DDR_DQA8,V19,W19,L8,0.30465,0.3048,-0.00015,via_to_outside_body,via_to_outside_body,under_maximum_body_breakout,under_maximum_body_breakout,0.24375,0.08125
3W_edge_gap_sensitivity_screen,DDR_DQSA1_N,DDR_DQA8,V19,W19,L8,0.233402332,0.3048,-0.071397668,via_to_outside_body,via_to_outside_body,under_maximum_body_breakout,under_maximum_body_breakout,0.24375,0.08125
3W_edge_gap_sensitivity_screen,DDR_DQSA1_N,DDR_DQA8,V19,W19,L8,0.233402332,0.3048,-0.071397668,via_to_outside_body,via_to_outside_body,under_maximum_body_breakout,under_maximum_body_breakout,0.24375,0.29375
3W_edge_gap_sensitivity_screen,DDR_DQSA1_N,DDR_DQA15,V19,U20,L8,0.30465,0.3048,-0.00015,via_to_outside_body,via_to_outside_body,under_maximum_body_breakout,under_maximum_body_breakout,0.08125,0.05
3W_edge_gap_sensitivity_screen,DDR_DQSA1_N,DDR_DQA15,V19,U20,L8,0.2234,0.3048,-0.0814,via_to_outside_body,via_to_outside_body,under_maximum_body_breakout,under_maximum_body_breakout,0.29375,0.05
3W_edge_gap_sensitivity_screen,DDR_DQSA1_N,DDR_DQA15,V19,U20,L8,0.2234,0.3048,-0.0814,via_to_outside_body,via_to_outside_body,under_maximum_body_breakout,local_extension_outside_body,0.29375,0.6
3W_edge_gap_sensitivity_screen,DDR_DQSA1_N,DDR_DQA15,V19,U20,L8,0.2234,0.3048,-0.0814,via_to_outside_body,via_to_outside_body,local_extension_outside_body,under_maximum_body_breakout,0.6,0.05
3W_edge_gap_sensitivity_screen,DDR_DQSA1_N,DDR_DQA15,V19,U20,L8,0.2234,0.3048,-0.0814,via_to_outside_body,via_to_outside_body,local_extension_outside_body,local_extension_outside_body,0.6,0.6
3W_edge_gap_sensitivity_screen,DDR_DQSB0_P,DDR_DQB5,B15,B16,L8,0.30465,0.3048,-0.00015,via_to_outside_body,via_to_outside_body,under_maximum_body_breakout,under_maximum_body_breakout,0.325,0.24375
3W_edge_gap_sensitivity_screen,DDR_DQSB0_P,DDR_DQB5,B15,B16,L8,0.30465,0.3048,-0.00015,via_to_outside_body,via_to_outside_body,under_maximum_body_breakout,under_maximum_body_breakout,0.325,0.08125
3W_edge_gap_sensitivity_screen,DDR_DQSB0_P,DDR_DQB5,B15,B16,L8,0.233402332,0.3048,-0.071397668,via_to_outside_body,via_to_outside_body,under_maximum_body_breakout,under_maximum_body_breakout,0.325,0.08125
3W_edge_gap_sensitivity_screen,DDR_DQSB0_P,DDR_DQB5,B15,B16,L8,0.233402332,0.3048,-0.071397668,via_to_outside_body,via_to_outside_body,under_maximum_body_breakout,under_maximum_body_breakout,0.325,0.29375
3W_edge_gap_sensitivity_screen,DDR_DQSB0_P,DDR_DMIB0,B15,C15,L8,0.2234,0.3048,-0.0814,via_to_outside_body,via_to_outside_body,under_maximum_body_breakout,under_maximum_body_breakout,0.325,0.325
3W_edge_gap_sensitivity_screen,DDR_DQSB0_P,DDR_DMIB0,B15,C15,L8,0.2234,0.3048,-0.0814,via_to_outside_body,via_to_outside_body,under_maximum_body_breakout,under_maximum_body_breakout,0.325,1.54375
3W_edge_gap_sensitivity_screen,DDR_DQSB0_P,DDR_DQB3,B15,B14,L8,0.30465,0.3048,-0.00015,via_to_outside_body,via_to_outside_body,under_maximum_body_breakout,under_maximum_body_breakout,0.24375,0.325
3W_edge_gap_sensitivity_screen,DDR_DQSB0_P,DDR_DQB3,B15,B14,L8,0.30465,0.3048,-0.00015,via_to_outside_body,via_to_outside_body,under_maximum_body_breakout,under_maximum_body_breakout,0.24375,0.24375
3W_edge_gap_sensitivity_screen,DDR_DQSB0_P,DDR_DQB5,B15,B16,L8,0.30465,0.3048,-0.00015,via_to_outside_body,via_to_outside_body,under_maximum_body_breakout,under_maximum_body_breakout,0.24375,0.24375
3W_edge_gap_sensitivity_screen,DDR_DQSB0_P,DDR_DQB5,B15,B16,L8,0.30465,0.3048,-0.00015,via_to_outside_body,via_to_outside_body,under_maximum_body_breakout,under_maximum_body_breakout,0.24375,0.08125
3W_edge_gap_sensitivity_screen,DDR_DQSB0_P,DDR_DQB5,B15,B16,L8,0.233402332,0.3048,-0.071397668,via_to_outside_body,via_to_outside_body,under_maximum_body_breakout,under_maximum_body_breakout,0.24375,0.08125
3W_edge_gap_sensitivity_screen,DDR_DQSB0_P,DDR_DQB5,B15,B16,L8,0.233402332,0.3048,-0.071397668,via_to_outside_body,via_to_outside_body,under_maximum_body_breakout,under_maximum_body_breakout,0.24375,0.29375
3W_edge_gap_sensitivity_screen,DDR_DQSB0_P,DDR_DQB3,B15,B14,L8,0.30465,0.3048,-0.00015,via_to_outside_body,via_to_outside_body,under_maximum_body_breakout,under_maximum_body_breakout,0.08125,0.325
3W_edge_gap_sensitivity_screen,DDR_DQSB0_P,DDR_DQB3,B15,B14,L8,0.30465,0.3048,-0.00015,via_to_outside_body,via_to_outside_body,under_maximum_body_breakout,under_maximum_body_breakout,0.08125,0.24375
3W_edge_gap_sensitivity_screen,DDR_DQSB0_P,DDR_DQB0,B15,A14,L8,0.30465,0.3048,-0.00015,via_to_outside_body,via_to_outside_body,under_maximum_body_breakout,under_maximum_body_breakout,0.08125,0.05
3W_edge_gap_sensitivity_screen,DDR_DQSB0_P,DDR_DQB3,B15,B14,L8,0.233402332,0.3048,-0.071397668,via_to_outside_body,via_to_outside_body,under_maximum_body_breakout,under_maximum_body_breakout,0.08125,0.325
3W_edge_gap_sensitivity_screen,DDR_DQSB0_P,DDR_DQB3,B15,B14,L8,0.233402332,0.3048,-0.071397668,via_to_outside_body,via_to_outside_body,under_maximum_body_breakout,under_maximum_body_breakout,0.08125,0.24375
3W_edge_gap_sensitivity_screen,DDR_DQSB0_P,DDR_DQB0,B15,A14,L8,0.2234,0.3048,-0.0814,via_to_outside_body,via_to_outside_body,under_maximum_body_breakout,under_maximum_body_breakout,0.29375,0.05
3W_edge_gap_sensitivity_screen,DDR_DQSB0_P,DDR_DQB0,B15,A14,L8,0.2234,0.3048,-0.0814,via_to_outside_body,via_to_outside_body,under_maximum_body_breakout,local_extension_outside_body,0.29375,0.6
3W_edge_gap_sensitivity_screen,DDR_DQSB0_P,DDR_DQB3,B15,B14,L8,0.233402332,0.3048,-0.071397668,via_to_outside_body,via_to_outside_body,under_maximum_body_breakout,under_maximum_body_breakout,0.29375,0.325
3W_edge_gap_sensitivity_screen,DDR_DQSB0_P,DDR_DQB3,B15,B14,L8,0.233402332,0.3048,-0.071397668,via_to_outside_body,via_to_outside_body,under_maximum_body_breakout,under_maximum_body_breakout,0.29375,0.24375
3W_edge_gap_sensitivity_screen,DDR_DQSB0_P,DDR_DQB0,B15,A14,L8,0.2234,0.3048,-0.0814,via_to_outside_body,via_to_outside_body,local_extension_outside_body,under_maximum_body_breakout,0.6,0.05
3W_edge_gap_sensitivity_screen,DDR_DQSB0_P,DDR_DQB0,B15,A14,L8,0.2234,0.3048,-0.0814,via_to_outside_body,via_to_outside_body,local_extension_outside_body,local_extension_outside_body,0.6,0.6
3W_edge_gap_sensitivity_screen,DDR_DQSB0_N,DDR_DQB5,A15,B16,L8,0.30465,0.3048,-0.00015,via_to_outside_body,via_to_outside_body,under_maximum_body_breakout,under_maximum_body_breakout,0.05,0.08125
3W_edge_gap_sensitivity_screen,DDR_DQSB0_N,DDR_DQB5,A15,B16,L8,0.2234,0.3048,-0.0814,via_to_outside_body,via_to_outside_body,under_maximum_body_breakout,under_maximum_body_breakout,0.05,0.29375
3W_edge_gap_sensitivity_screen,DDR_DQSB0_N,DDR_DQB5,A15,B16,L8,0.2234,0.3048,-0.0814,via_to_outside_body,via_to_outside_body,under_maximum_body_breakout,local_extension_outside_body,0.05,0.6
3W_edge_gap_sensitivity_screen,DDR_DQSB0_N,DDR_DQB5,A15,B16,L8,0.2234,0.3048,-0.0814,via_to_outside_body,via_to_outside_body,local_extension_outside_body,under_maximum_body_breakout,0.6,0.29375
3W_edge_gap_sensitivity_screen,DDR_DQSB0_N,DDR_DQB5,A15,B16,L8,0.2234,0.3048,-0.0814,via_to_outside_body,via_to_outside_body,local_extension_outside_body,local_extension_outside_body,0.6,0.6
3W_edge_gap_sensitivity_screen,DDR_DQSB1_P,DDR_DQB15,B18,B19,L3,0.30465,0.3048,-0.00015,via_to_outside_body,via_to_outside_body,under_maximum_body_breakout,under_maximum_body_breakout,0.325,0.24375
3W_edge_gap_sensitivity_screen,DDR_DQSB1_P,DDR_DQB15,B18,B19,L3,0.30465,0.3048,-0.00015,via_to_outside_body,via_to_outside_body,under_maximum_body_breakout,under_maximum_body_breakout,0.325,0.08125
3W_edge_gap_sensitivity_screen,DDR_DQSB1_P,DDR_DQB15,B18,B19,L3,0.233402332,0.3048,-0.071397668,via_to_outside_body,via_to_outside_body,under_maximum_body_breakout,under_maximum_body_breakout,0.325,0.08125
3W_edge_gap_sensitivity_screen,DDR_DQSB1_P,DDR_DQB15,B18,B19,L3,0.233402332,0.3048,-0.071397668,via_to_outside_body,via_to_outside_body,under_maximum_body_breakout,under_maximum_body_breakout,0.325,0.29375
3W_edge_gap_sensitivity_screen,DDR_DQSB1_P,DDR_DQB15,B18,B19,L3,0.30465,0.3048,-0.00015,via_to_outside_body,via_to_outside_body,under_maximum_body_breakout,under_maximum_body_breakout,0.24375,0.24375
3W_edge_gap_sensitivity_screen,DDR_DQSB1_P,DDR_DQB15,B18,B19,L3,0.30465,0.3048,-0.00015,via_to_outside_body,via_to_outside_body,under_maximum_body_breakout,under_maximum_body_breakout,0.24375,0.08125
3W_edge_gap_sensitivity_screen,DDR_DQSB1_P,DDR_DQB15,B18,B19,L3,0.233402332,0.3048,-0.071397668,via_to_outside_body,via_to_outside_body,under_maximum_body_breakout,under_maximum_body_breakout,0.24375,0.08125
3W_edge_gap_sensitivity_screen,DDR_DQSB1_P,DDR_DQB15,B18,B19,L3,0.233402332,0.3048,-0.071397668,via_to_outside_body,via_to_outside_body,under_maximum_body_breakout,under_maximum_body_breakout,0.24375,0.29375
3W_edge_gap_sensitivity_screen,DDR_DQSB1_N,DDR_DQB15,A18,B19,L3,0.30465,0.3048,-0.00015,via_to_outside_body,via_to_outside_body,under_maximum_body_breakout,under_maximum_body_breakout,0.05,0.08125
3W_edge_gap_sensitivity_screen,DDR_DQSB1_N,DDR_DQB15,A18,B19,L3,0.2234,0.3048,-0.0814,via_to_outside_body,via_to_outside_body,under_maximum_body_breakout,under_maximum_body_breakout,0.05,0.29375
3W_edge_gap_sensitivity_screen,DDR_DQSB1_N,DDR_DQB15,A18,B19,L3,0.2234,0.3048,-0.0814,via_to_outside_body,via_to_outside_body,under_maximum_body_breakout,local_extension_outside_body,0.05,0.6
3W_edge_gap_sensitivity_screen,DDR_DQSB1_N,DDR_DQB15,A18,B19,L3,0.2234,0.3048,-0.0814,via_to_outside_body,via_to_outside_body,local_extension_outside_body,under_maximum_body_breakout,0.6,0.29375
3W_edge_gap_sensitivity_screen,DDR_DQSB1_N,DDR_DQB15,A18,B19,L3,0.2234,0.3048,-0.0814,via_to_outside_body,via_to_outside_body,local_extension_outside_body,local_extension_outside_body,0.6,0.6
3W_edge_gap_sensitivity_screen,DDR_CLKA_P,DDR_DQA3,R19,T16,L3,0.2234,0.3048,-0.0814,via_to_outside_body,via_to_outside_body,under_maximum_body_breakout,under_maximum_body_breakout,0.325,2.24375
3W_edge_gap_sensitivity_screen,DDR_CLKA_P,DDR_CAA5,R19,P19,L3,0.30465,0.3048,-0.00015,via_to_outside_body,via_to_outside_body,under_maximum_body_breakout,under_maximum_body_breakout,0.24375,0.325
3W_edge_gap_sensitivity_screen,DDR_CLKA_P,DDR_CAA5,R19,P19,L3,0.30465,0.3048,-0.00015,via_to_outside_body,via_to_outside_body,under_maximum_body_breakout,under_maximum_body_breakout,0.24375,0.24375
3W_edge_gap_sensitivity_screen,DDR_CLKA_P,DDR_DQA3,R19,T16,L3,0.2234,0.3048,-0.0814,via_to_outside_body,via_to_outside_body,under_maximum_body_breakout,under_maximum_body_breakout,0.24375,2.24375
3W_edge_gap_sensitivity_screen,DDR_CLKA_P,DDR_CAA5,R19,P19,L3,0.30465,0.3048,-0.00015,via_to_outside_body,via_to_outside_body,under_maximum_body_breakout,under_maximum_body_breakout,0.08125,0.325
3W_edge_gap_sensitivity_screen,DDR_CLKA_P,DDR_CAA5,R19,P19,L3,0.30465,0.3048,-0.00015,via_to_outside_body,via_to_outside_body,under_maximum_body_breakout,under_maximum_body_breakout,0.08125,0.24375
3W_edge_gap_sensitivity_screen,DDR_CLKA_P,DDR_CAA5,R19,P19,L3,0.233402332,0.3048,-0.071397668,via_to_outside_body,via_to_outside_body,under_maximum_body_breakout,under_maximum_body_breakout,0.08125,0.325
3W_edge_gap_sensitivity_screen,DDR_CLKA_P,DDR_CAA5,R19,P19,L3,0.233402332,0.3048,-0.071397668,via_to_outside_body,via_to_outside_body,under_maximum_body_breakout,under_maximum_body_breakout,0.08125,0.24375
3W_edge_gap_sensitivity_screen,DDR_CLKA_P,DDR_CAA5,R19,P19,L3,0.233402332,0.3048,-0.071397668,via_to_outside_body,via_to_outside_body,under_maximum_body_breakout,under_maximum_body_breakout,0.29375,0.325
3W_edge_gap_sensitivity_screen,DDR_CLKA_P,DDR_CAA5,R19,P19,L3,0.233402332,0.3048,-0.071397668,via_to_outside_body,via_to_outside_body,under_maximum_body_breakout,under_maximum_body_breakout,0.29375,0.24375
3W_edge_gap_sensitivity_screen,DDR_CLKA_N,DDR_DQA3,R20,T16,L3,0.2234,0.3048,-0.0814,via_to_outside_body,via_to_outside_body,under_maximum_body_breakout,under_maximum_body_breakout,0.05,2.24375
3W_edge_gap_sensitivity_screen,DDR_CLKA_N,DDR_DQA3,R20,T16,L3,0.2234,0.3048,-0.0814,via_to_outside_body,via_to_outside_body,under_maximum_body_breakout,local_extension_outside_body,0.05,0.6
3W_edge_gap_sensitivity_screen,DDR_CLKA_N,DDR_DQA3,R20,T16,L3,0.2234,0.3048,-0.0814,via_to_outside_body,via_to_outside_body,local_extension_outside_body,under_maximum_body_breakout,0.6,2.24375
3W_edge_gap_sensitivity_screen,DDR_CLKA_N,DDR_DQA3,R20,T16,L3,0.2234,0.3048,-0.0814,via_to_outside_body,via_to_outside_body,local_extension_outside_body,local_extension_outside_body,0.6,0.6
3W_edge_gap_sensitivity_screen,DDR_CLKB_P,DDR_CAB1,G20,G19,L8,0.2234,0.3048,-0.0814,via_to_outside_body,via_to_outside_body,under_maximum_body_breakout,under_maximum_body_breakout,0.05,0.325
3W_edge_gap_sensitivity_screen,DDR_CLKB_P,DDR_CAB1,G20,G19,L8,0.2234,0.3048,-0.0814,via_to_outside_body,via_to_outside_body,under_maximum_body_breakout,under_maximum_body_breakout,0.05,0.24375
3W_edge_gap_sensitivity_screen,DDR_CLKB_P,DDR_CAB1,G20,G19,L8,0.243114556,0.3048,-0.061685444,via_to_outside_body,via_to_outside_body,under_maximum_body_breakout,under_maximum_body_breakout,0.05,0.08125
3W_edge_gap_sensitivity_screen,DDR_CLKB_P,DDR_CAB1,G20,G19,L8,0.243114556,0.3048,-0.061685444,via_to_outside_body,via_to_outside_body,under_maximum_body_breakout,under_maximum_body_breakout,0.05,0.08125
3W_edge_gap_sensitivity_screen,DDR_CLKB_P,DDR_CAB1,G20,G19,L8,0.2234,0.3048,-0.0814,via_to_outside_body,via_to_outside_body,under_maximum_body_breakout,under_maximum_body_breakout,0.05,0.29375
3W_edge_gap_sensitivity_screen,DDR_CLKB_P,DDR_CAB1,G20,G19,L8,0.2234,0.3048,-0.0814,via_to_outside_body,via_to_outside_body,under_maximum_body_breakout,local_extension_outside_body,0.05,0.6
3W_edge_gap_sensitivity_screen,DDR_CLKB_P,DDR_CAB2,G20,G18,L8,0.2234,0.3048,-0.0814,via_to_outside_body,via_to_outside_body,under_maximum_body_breakout,under_maximum_body_breakout,0.05,0.94375
3W_edge_gap_sensitivity_screen,DDR_CLKB_P,DDR_CAB2,G20,G18,L8,0.2234,0.3048,-0.0814,via_to_outside_body,via_to_outside_body,under_maximum_body_breakout,local_extension_outside_body,0.05,0.6
3W_edge_gap_sensitivity_screen,DDR_CLKB_P,DDR_CAB1,G20,G19,L8,0.2734,0.3048,-0.0314,via_to_outside_body,via_to_outside_body,local_extension_outside_body,under_maximum_body_breakout,0.6,0.325
3W_edge_gap_sensitivity_screen,DDR_CLKB_P,DDR_CAB1,G20,G19,L8,0.2734,0.3048,-0.0314,via_to_outside_body,via_to_outside_body,local_extension_outside_body,under_maximum_body_breakout,0.6,0.24375
3W_edge_gap_sensitivity_screen,DDR_CLKB_P,DDR_CAB1,G20,G19,L8,0.280110787,0.3048,-0.024689213,via_to_outside_body,via_to_outside_body,local_extension_outside_body,under_maximum_body_breakout,0.6,0.08125
3W_edge_gap_sensitivity_screen,DDR_CLKB_P,DDR_CAB1,G20,G19,L8,0.280110787,0.3048,-0.024689213,via_to_outside_body,via_to_outside_body,local_extension_outside_body,under_maximum_body_breakout,0.6,0.08125
3W_edge_gap_sensitivity_screen,DDR_CLKB_P,DDR_CAB1,G20,G19,L8,0.2234,0.3048,-0.0814,via_to_outside_body,via_to_outside_body,local_extension_outside_body,under_maximum_body_breakout,0.6,0.29375
3W_edge_gap_sensitivity_screen,DDR_CLKB_P,DDR_CAB1,G20,G19,L8,0.2234,0.3048,-0.0814,via_to_outside_body,via_to_outside_body,local_extension_outside_body,local_extension_outside_body,0.6,0.6
3W_edge_gap_sensitivity_screen,DDR_CLKB_P,DDR_CAB2,G20,G18,L8,0.2234,0.3048,-0.0814,via_to_outside_body,via_to_outside_body,local_extension_outside_body,under_maximum_body_breakout,0.6,0.94375
3W_edge_gap_sensitivity_screen,DDR_CLKB_P,DDR_CAB2,G20,G18,L8,0.2234,0.3048,-0.0814,via_to_outside_body,via_to_outside_body,local_extension_outside_body,local_extension_outside_body,0.6,0.6
3W_edge_gap_sensitivity_screen,DDR_CLKB_N,DDR_CAB5,F20,F19,L8,0.2234,0.3048,-0.0814,via_to_outside_body,via_to_outside_body,under_maximum_body_breakout,under_maximum_body_breakout,0.05,0.325
3W_edge_gap_sensitivity_screen,DDR_CLKB_N,DDR_CAB5,F20,F19,L8,0.2234,0.3048,-0.0814,via_to_outside_body,via_to_outside_body,under_maximum_body_breakout,under_maximum_body_breakout,0.05,0.24375
3W_edge_gap_sensitivity_screen,DDR_CLKB_N,DDR_CAB5,F20,F19,L8,0.243114556,0.3048,-0.061685444,via_to_outside_body,via_to_outside_body,under_maximum_body_breakout,under_maximum_body_breakout,0.05,0.08125
3W_edge_gap_sensitivity_screen,DDR_CLKB_N,DDR_CAB5,F20,F19,L8,0.243114556,0.3048,-0.061685444,via_to_outside_body,via_to_outside_body,under_maximum_body_breakout,under_maximum_body_breakout,0.05,0.08125
3W_edge_gap_sensitivity_screen,DDR_CLKB_N,DDR_CAB5,F20,F19,L8,0.2234,0.3048,-0.0814,via_to_outside_body,via_to_outside_body,under_maximum_body_breakout,under_maximum_body_breakout,0.05,0.29375
3W_edge_gap_sensitivity_screen,DDR_CLKB_N,DDR_CAB5,F20,F19,L8,0.2234,0.3048,-0.0814,via_to_outside_body,via_to_outside_body,under_maximum_body_breakout,local_extension_outside_body,0.05,0.6
3W_edge_gap_sensitivity_screen,DDR_CLKB_N,DDR_CAB1,F20,G19,L8,0.30465,0.3048,-0.00015,via_to_outside_body,via_to_outside_body,under_maximum_body_breakout,under_maximum_body_breakout,0.05,0.08125
3W_edge_gap_sensitivity_screen,DDR_CLKB_N,DDR_CAB1,F20,G19,L8,0.2234,0.3048,-0.0814,via_to_outside_body,via_to_outside_body,under_maximum_body_breakout,under_maximum_body_breakout,0.05,0.29375
3W_edge_gap_sensitivity_screen,DDR_CLKB_N,DDR_CAB1,F20,G19,L8,0.2234,0.3048,-0.0814,via_to_outside_body,via_to_outside_body,under_maximum_body_breakout,local_extension_outside_body,0.05,0.6
3W_edge_gap_sensitivity_screen,DDR_CLKB_N,DDR_CAB5,F20,F19,L8,0.2734,0.3048,-0.0314,via_to_outside_body,via_to_outside_body,local_extension_outside_body,under_maximum_body_breakout,0.6,0.325
3W_edge_gap_sensitivity_screen,DDR_CLKB_N,DDR_CAB5,F20,F19,L8,0.2734,0.3048,-0.0314,via_to_outside_body,via_to_outside_body,local_extension_outside_body,under_maximum_body_breakout,0.6,0.24375
3W_edge_gap_sensitivity_screen,DDR_CLKB_N,DDR_CAB5,F20,F19,L8,0.280110787,0.3048,-0.024689213,via_to_outside_body,via_to_outside_body,local_extension_outside_body,under_maximum_body_breakout,0.6,0.08125
3W_edge_gap_sensitivity_screen,DDR_CLKB_N,DDR_CAB5,F20,F19,L8,0.280110787,0.3048,-0.024689213,via_to_outside_body,via_to_outside_body,local_extension_outside_body,under_maximum_body_breakout,0.6,0.08125
3W_edge_gap_sensitivity_screen,DDR_CLKB_N,DDR_CAB5,F20,F19,L8,0.2234,0.3048,-0.0814,via_to_outside_body,via_to_outside_body,local_extension_outside_body,under_maximum_body_breakout,0.6,0.29375
3W_edge_gap_sensitivity_screen,DDR_CLKB_N,DDR_CAB5,F20,F19,L8,0.2234,0.3048,-0.0814,via_to_outside_body,via_to_outside_body,local_extension_outside_body,local_extension_outside_body,0.6,0.6
3W_edge_gap_sensitivity_screen,DDR_CLKB_N,DDR_CAB1,F20,G19,L8,0.2234,0.3048,-0.0814,via_to_outside_body,via_to_outside_body,local_extension_outside_body,under_maximum_body_breakout,0.6,0.29375
3W_edge_gap_sensitivity_screen,DDR_CLKB_N,DDR_CAB1,F20,G19,L8,0.2234,0.3048,-0.0814,via_to_outside_body,via_to_outside_body,local_extension_outside_body,local_extension_outside_body,0.6,0.6
3W_edge_gap_sensitivity_screen,DDR_DQB0,DDR_DQB3,A14,B14,L8,0.2234,0.3048,-0.0814,via_to_outside_body,via_to_outside_body,under_maximum_body_breakout,under_maximum_body_breakout,0.05,0.325
3W_edge_gap_sensitivity_screen,DDR_DQB0,DDR_DQB3,A14,B14,L8,0.2234,0.3048,-0.0814,via_to_outside_body,via_to_outside_body,under_maximum_body_breakout,under_maximum_body_breakout,0.05,0.24375
3W_edge_gap_sensitivity_screen,DDR_DQB0,DDR_DQB3,A14,B14,L8,0.243114556,0.3048,-0.061685444,via_to_outside_body,via_to_outside_body,under_maximum_body_breakout,under_maximum_body_breakout,0.05,0.08125
3W_edge_gap_sensitivity_screen,DDR_DQB0,DDR_DQB3,A14,B14,L8,0.243114556,0.3048,-0.061685444,via_to_outside_body,via_to_outside_body,under_maximum_body_breakout,under_maximum_body_breakout,0.05,0.08125
3W_edge_gap_sensitivity_screen,DDR_DQB0,DDR_DQB3,A14,B14,L8,0.2234,0.3048,-0.0814,via_to_outside_body,via_to_outside_body,under_maximum_body_breakout,under_maximum_body_breakout,0.05,0.29375
3W_edge_gap_sensitivity_screen,DDR_DQB0,DDR_DQB3,A14,B14,L8,0.2234,0.3048,-0.0814,via_to_outside_body,via_to_outside_body,under_maximum_body_breakout,local_extension_outside_body,0.05,0.6
3W_edge_gap_sensitivity_screen,DDR_DQB0,DDR_DQB3,A14,B14,L8,0.2734,0.3048,-0.0314,via_to_outside_body,via_to_outside_body,local_extension_outside_body,under_maximum_body_breakout,0.6,0.325
3W_edge_gap_sensitivity_screen,DDR_DQB0,DDR_DQB3,A14,B14,L8,0.2734,0.3048,-0.0314,via_to_outside_body,via_to_outside_body,local_extension_outside_body,under_maximum_body_breakout,0.6,0.24375
3W_edge_gap_sensitivity_screen,DDR_DQB0,DDR_DQB3,A14,B14,L8,0.280110787,0.3048,-0.024689213,via_to_outside_body,via_to_outside_body,local_extension_outside_body,under_maximum_body_breakout,0.6,0.08125
3W_edge_gap_sensitivity_screen,DDR_DQB0,DDR_DQB3,A14,B14,L8,0.280110787,0.3048,-0.024689213,via_to_outside_body,via_to_outside_body,local_extension_outside_body,under_maximum_body_breakout,0.6,0.08125
3W_edge_gap_sensitivity_screen,DDR_DQB0,DDR_DQB3,A14,B14,L8,0.2234,0.3048,-0.0814,via_to_outside_body,via_to_outside_body,local_extension_outside_body,under_maximum_body_breakout,0.6,0.29375
3W_edge_gap_sensitivity_screen,DDR_DQB0,DDR_DQB3,A14,B14,L8,0.2234,0.3048,-0.0814,via_to_outside_body,via_to_outside_body,local_extension_outside_body,local_extension_outside_body,0.6,0.6
3W_edge_gap_sensitivity_screen,DDR_DQB1,DDR_DQB7,A17,B17,L8,0.2234,0.3048,-0.0814,via_to_outside_body,via_to_outside_body,under_maximum_body_breakout,under_maximum_body_breakout,0.05,0.325
3W_edge_gap_sensitivity_screen,DDR_DQB1,DDR_DQB7,A17,B17,L8,0.2234,0.3048,-0.0814,via_to_outside_body,via_to_outside_body,under_maximum_body_breakout,under_maximum_body_breakout,0.05,0.24375
3W_edge_gap_sensitivity_screen,DDR_DQB1,DDR_DQB7,A17,B17,L8,0.243114556,0.3048,-0.061685444,via_to_outside_body,via_to_outside_body,under_maximum_body_breakout,under_maximum_body_breakout,0.05,0.08125
3W_edge_gap_sensitivity_screen,DDR_DQB1,DDR_DQB7,A17,B17,L8,0.243114556,0.3048,-0.061685444,via_to_outside_body,via_to_outside_body,under_maximum_body_breakout,under_maximum_body_breakout,0.05,0.08125
3W_edge_gap_sensitivity_screen,DDR_DQB1,DDR_DQB7,A17,B17,L8,0.2234,0.3048,-0.0814,via_to_outside_body,via_to_outside_body,under_maximum_body_breakout,under_maximum_body_breakout,0.05,0.29375
3W_edge_gap_sensitivity_screen,DDR_DQB1,DDR_DQB7,A17,B17,L8,0.2234,0.3048,-0.0814,via_to_outside_body,via_to_outside_body,under_maximum_body_breakout,local_extension_outside_body,0.05,0.6
3W_edge_gap_sensitivity_screen,DDR_DQB1,DDR_DMIB0,A17,C15,L8,0.2234,0.3048,-0.0814,via_to_outside_body,via_to_outside_body,under_maximum_body_breakout,under_maximum_body_breakout,0.05,0.94375
3W_edge_gap_sensitivity_screen,DDR_DQB1,DDR_DMIB0,A17,C15,L8,0.2234,0.3048,-0.0814,via_to_outside_body,via_to_outside_body,under_maximum_body_breakout,local_extension_outside_body,0.05,0.6
3W_edge_gap_sensitivity_screen,DDR_DQB1,DDR_DQB7,A17,B17,L8,0.2734,0.3048,-0.0314,via_to_outside_body,via_to_outside_body,local_extension_outside_body,under_maximum_body_breakout,0.6,0.325
3W_edge_gap_sensitivity_screen,DDR_DQB1,DDR_DQB7,A17,B17,L8,0.2734,0.3048,-0.0314,via_to_outside_body,via_to_outside_body,local_extension_outside_body,under_maximum_body_breakout,0.6,0.24375
3W_edge_gap_sensitivity_screen,DDR_DQB1,DDR_DQB7,A17,B17,L8,0.280110787,0.3048,-0.024689213,via_to_outside_body,via_to_outside_body,local_extension_outside_body,under_maximum_body_breakout,0.6,0.08125
3W_edge_gap_sensitivity_screen,DDR_DQB1,DDR_DQB7,A17,B17,L8,0.280110787,0.3048,-0.024689213,via_to_outside_body,via_to_outside_body,local_extension_outside_body,under_maximum_body_breakout,0.6,0.08125
3W_edge_gap_sensitivity_screen,DDR_DQB1,DDR_DQB7,A17,B17,L8,0.2234,0.3048,-0.0814,via_to_outside_body,via_to_outside_body,local_extension_outside_body,under_maximum_body_breakout,0.6,0.29375
3W_edge_gap_sensitivity_screen,DDR_DQB1,DDR_DQB7,A17,B17,L8,0.2234,0.3048,-0.0814,via_to_outside_body,via_to_outside_body,local_extension_outside_body,local_extension_outside_body,0.6,0.6
3W_edge_gap_sensitivity_screen,DDR_DQB1,DDR_DMIB0,A17,C15,L8,0.2234,0.3048,-0.0814,via_to_outside_body,via_to_outside_body,local_extension_outside_body,under_maximum_body_breakout,0.6,0.94375
3W_edge_gap_sensitivity_screen,DDR_DQB1,DDR_DMIB0,A17,C15,L8,0.2234,0.3048,-0.0814,via_to_outside_body,via_to_outside_body,local_extension_outside_body,local_extension_outside_body,0.6,0.6
3W_edge_gap_sensitivity_screen,DDR_CAB0,DDR_CAB5,E20,F19,L8,0.30465,0.3048,-0.00015,via_to_outside_body,via_to_outside_body,under_maximum_body_breakout,under_maximum_body_breakout,0.05,0.08125
3W_edge_gap_sensitivity_screen,DDR_CAB0,DDR_CAB5,E20,F19,L8,0.2234,0.3048,-0.0814,via_to_outside_body,via_to_outside_body,under_maximum_body_breakout,under_maximum_body_breakout,0.05,0.29375
3W_edge_gap_sensitivity_screen,DDR_CAB0,DDR_CAB5,E20,F19,L8,0.2234,0.3048,-0.0814,via_to_outside_body,via_to_outside_body,under_maximum_body_breakout,local_extension_outside_body,0.05,0.6
3W_edge_gap_sensitivity_screen,DDR_CAB0,DDR_CAB4,E20,F17,L8,0.2234,0.3048,-0.0814,via_to_outside_body,via_to_outside_body,under_maximum_body_breakout,under_maximum_body_breakout,0.05,0.94375
3W_edge_gap_sensitivity_screen,DDR_CAB0,DDR_CAB4,E20,F17,L8,0.2234,0.3048,-0.0814,via_to_outside_body,via_to_outside_body,under_maximum_body_breakout,local_extension_outside_body,0.05,0.6
3W_edge_gap_sensitivity_screen,DDR_CAB0,DDR_CAB5,E20,F19,L8,0.2234,0.3048,-0.0814,via_to_outside_body,via_to_outside_body,local_extension_outside_body,under_maximum_body_breakout,0.6,0.29375
3W_edge_gap_sensitivity_screen,DDR_CAB0,DDR_CAB5,E20,F19,L8,0.2234,0.3048,-0.0814,via_to_outside_body,via_to_outside_body,local_extension_outside_body,local_extension_outside_body,0.6,0.6
3W_edge_gap_sensitivity_screen,DDR_CAB0,DDR_CAB4,E20,F17,L8,0.2234,0.3048,-0.0814,via_to_outside_body,via_to_outside_body,local_extension_outside_body,under_maximum_body_breakout,0.6,0.94375
3W_edge_gap_sensitivity_screen,DDR_CAB0,DDR_CAB4,E20,F17,L8,0.2234,0.3048,-0.0814,via_to_outside_body,via_to_outside_body,local_extension_outside_body,local_extension_outside_body,0.6,0.6
3W_edge_gap_sensitivity_screen,DDR_CSB0,DDR_CKEB0,J20,J18,L8,0.2234,0.3048,-0.0814,via_to_outside_body,via_to_outside_body,under_maximum_body_breakout,under_maximum_body_breakout,0.05,0.975
3W_edge_gap_sensitivity_screen,DDR_CSB0,DDR_CKEB0,J20,J18,L8,0.2234,0.3048,-0.0814,via_to_outside_body,via_to_outside_body,under_maximum_body_breakout,under_maximum_body_breakout,0.05,0.24375
3W_edge_gap_sensitivity_screen,DDR_CSB0,DDR_CKEB0,J20,J18,L8,0.243114556,0.3048,-0.061685444,via_to_outside_body,via_to_outside_body,under_maximum_body_breakout,under_maximum_body_breakout,0.05,0.08125
3W_edge_gap_sensitivity_screen,DDR_CSB0,DDR_CKEB0,J20,J18,L8,0.243114556,0.3048,-0.061685444,via_to_outside_body,via_to_outside_body,under_maximum_body_breakout,under_maximum_body_breakout,0.05,0.08125
3W_edge_gap_sensitivity_screen,DDR_CSB0,DDR_CKEB0,J20,J18,L8,0.2234,0.3048,-0.0814,via_to_outside_body,via_to_outside_body,under_maximum_body_breakout,under_maximum_body_breakout,0.05,0.29375
3W_edge_gap_sensitivity_screen,DDR_CSB0,DDR_CKEB0,J20,J18,L8,0.2234,0.3048,-0.0814,via_to_outside_body,via_to_outside_body,under_maximum_body_breakout,local_extension_outside_body,0.05,0.6
3W_edge_gap_sensitivity_screen,DDR_CSB0,DDR_CAB3,J20,H17,L8,0.2234,0.3048,-0.0814,via_to_outside_body,via_to_outside_body,under_maximum_body_breakout,under_maximum_body_breakout,0.05,1.59375
3W_edge_gap_sensitivity_screen,DDR_CSB0,DDR_CAB3,J20,H17,L8,0.2234,0.3048,-0.0814,via_to_outside_body,via_to_outside_body,under_maximum_body_breakout,local_extension_outside_body,0.05,0.6
3W_edge_gap_sensitivity_screen,DDR_CSB0,DDR_CKEB0,J20,J18,L8,0.2734,0.3048,-0.0314,via_to_outside_body,via_to_outside_body,local_extension_outside_body,under_maximum_body_breakout,0.6,0.975
3W_edge_gap_sensitivity_screen,DDR_CSB0,DDR_CKEB0,J20,J18,L8,0.2734,0.3048,-0.0314,via_to_outside_body,via_to_outside_body,local_extension_outside_body,under_maximum_body_breakout,0.6,0.24375
3W_edge_gap_sensitivity_screen,DDR_CSB0,DDR_CKEB0,J20,J18,L8,0.280110787,0.3048,-0.024689213,via_to_outside_body,via_to_outside_body,local_extension_outside_body,under_maximum_body_breakout,0.6,0.08125
3W_edge_gap_sensitivity_screen,DDR_CSB0,DDR_CKEB0,J20,J18,L8,0.280110787,0.3048,-0.024689213,via_to_outside_body,via_to_outside_body,local_extension_outside_body,under_maximum_body_breakout,0.6,0.08125
3W_edge_gap_sensitivity_screen,DDR_CSB0,DDR_CKEB0,J20,J18,L8,0.2234,0.3048,-0.0814,via_to_outside_body,via_to_outside_body,local_extension_outside_body,under_maximum_body_breakout,0.6,0.29375
3W_edge_gap_sensitivity_screen,DDR_CSB0,DDR_CKEB0,J20,J18,L8,0.2234,0.3048,-0.0814,via_to_outside_body,via_to_outside_body,local_extension_outside_body,local_extension_outside_body,0.6,0.6
3W_edge_gap_sensitivity_screen,DDR_CSB0,DDR_CAB3,J20,H17,L8,0.2234,0.3048,-0.0814,via_to_outside_body,via_to_outside_body,local_extension_outside_body,under_maximum_body_breakout,0.6,1.59375
3W_edge_gap_sensitivity_screen,DDR_CSB0,DDR_CAB3,J20,H17,L8,0.2234,0.3048,-0.0814,via_to_outside_body,via_to_outside_body,local_extension_outside_body,local_extension_outside_body,0.6,0.6
3W_edge_gap_sensitivity_screen,DDR_CAA3,DDR_CAA2,N20,N19,L3,0.2234,0.3048,-0.0814,via_to_outside_body,via_to_outside_body,under_maximum_body_breakout,under_maximum_body_breakout,0.05,0.325
3W_edge_gap_sensitivity_screen,DDR_CAA3,DDR_CAA2,N20,N19,L3,0.2234,0.3048,-0.0814,via_to_outside_body,via_to_outside_body,under_maximum_body_breakout,under_maximum_body_breakout,0.05,0.24375
3W_edge_gap_sensitivity_screen,DDR_CAA3,DDR_CAA2,N20,N19,L3,0.243114556,0.3048,-0.061685444,via_to_outside_body,via_to_outside_body,under_maximum_body_breakout,under_maximum_body_breakout,0.05,0.08125
3W_edge_gap_sensitivity_screen,DDR_CAA3,DDR_CAA2,N20,N19,L3,0.243114556,0.3048,-0.061685444,via_to_outside_body,via_to_outside_body,under_maximum_body_breakout,under_maximum_body_breakout,0.05,0.08125
3W_edge_gap_sensitivity_screen,DDR_CAA3,DDR_CAA2,N20,N19,L3,0.2234,0.3048,-0.0814,via_to_outside_body,via_to_outside_body,under_maximum_body_breakout,under_maximum_body_breakout,0.05,0.29375
3W_edge_gap_sensitivity_screen,DDR_CAA3,DDR_CAA2,N20,N19,L3,0.2234,0.3048,-0.0814,via_to_outside_body,via_to_outside_body,under_maximum_body_breakout,local_extension_outside_body,0.05,0.6
3W_edge_gap_sensitivity_screen,DDR_CAA3,DDR_CAA5,N20,P19,L3,0.30465,0.3048,-0.00015,via_to_outside_body,via_to_outside_body,under_maximum_body_breakout,under_maximum_body_breakout,0.05,0.08125
3W_edge_gap_sensitivity_screen,DDR_CAA3,DDR_CAA5,N20,P19,L3,0.2234,0.3048,-0.0814,via_to_outside_body,via_to_outside_body,under_maximum_body_breakout,under_maximum_body_breakout,0.05,0.29375
3W_edge_gap_sensitivity_screen,DDR_CAA3,DDR_CAA5,N20,P19,L3,0.2234,0.3048,-0.0814,via_to_outside_body,via_to_outside_body,under_maximum_body_breakout,local_extension_outside_body,0.05,0.6
3W_edge_gap_sensitivity_screen,DDR_CAA3,DDR_CAA2,N20,N19,L3,0.2734,0.3048,-0.0314,via_to_outside_body,via_to_outside_body,local_extension_outside_body,under_maximum_body_breakout,0.6,0.325
3W_edge_gap_sensitivity_screen,DDR_CAA3,DDR_CAA2,N20,N19,L3,0.2734,0.3048,-0.0314,via_to_outside_body,via_to_outside_body,local_extension_outside_body,under_maximum_body_breakout,0.6,0.24375
3W_edge_gap_sensitivity_screen,DDR_CAA3,DDR_CAA2,N20,N19,L3,0.280110787,0.3048,-0.024689213,via_to_outside_body,via_to_outside_body,local_extension_outside_body,under_maximum_body_breakout,0.6,0.08125
3W_edge_gap_sensitivity_screen,DDR_CAA3,DDR_CAA2,N20,N19,L3,0.280110787,0.3048,-0.024689213,via_to_outside_body,via_to_outside_body,local_extension_outside_body,under_maximum_body_breakout,0.6,0.08125
3W_edge_gap_sensitivity_screen,DDR_CAA3,DDR_CAA2,N20,N19,L3,0.2234,0.3048,-0.0814,via_to_outside_body,via_to_outside_body,local_extension_outside_body,under_maximum_body_breakout,0.6,0.29375
3W_edge_gap_sensitivity_screen,DDR_CAA3,DDR_CAA2,N20,N19,L3,0.2234,0.3048,-0.0814,via_to_outside_body,via_to_outside_body,local_extension_outside_body,local_extension_outside_body,0.6,0.6
3W_edge_gap_sensitivity_screen,DDR_CAA3,DDR_CAA5,N20,P19,L3,0.2234,0.3048,-0.0814,via_to_outside_body,via_to_outside_body,local_extension_outside_body,under_maximum_body_breakout,0.6,0.29375
3W_edge_gap_sensitivity_screen,DDR_CAA3,DDR_CAA5,N20,P19,L3,0.2234,0.3048,-0.0814,via_to_outside_body,via_to_outside_body,local_extension_outside_body,local_extension_outside_body,0.6,0.6
3W_edge_gap_sensitivity_screen,DDR_CSA0,DDR_DQA4,T20,U16,L3,0.2234,0.3048,-0.0814,via_to_outside_body,via_to_outside_body,under_maximum_body_breakout,under_maximum_body_breakout,0.05,2.24375
3W_edge_gap_sensitivity_screen,DDR_CSA0,DDR_DQA4,T20,U16,L3,0.2234,0.3048,-0.0814,via_to_outside_body,via_to_outside_body,under_maximum_body_breakout,local_extension_outside_body,0.05,0.6
3W_edge_gap_sensitivity_screen,DDR_CSA0,DDR_DQA3,T20,T16,L3,0.2234,0.3048,-0.0814,via_to_outside_body,via_to_outside_body,under_maximum_body_breakout,under_maximum_body_breakout,0.05,2.24375
3W_edge_gap_sensitivity_screen,DDR_CSA0,DDR_DQA3,T20,T16,L3,0.2234,0.3048,-0.0814,via_to_outside_body,via_to_outside_body,under_maximum_body_breakout,local_extension_outside_body,0.05,0.6
3W_edge_gap_sensitivity_screen,DDR_CSA0,DDR_DQA4,T20,U16,L3,0.2234,0.3048,-0.0814,via_to_outside_body,via_to_outside_body,local_extension_outside_body,under_maximum_body_breakout,0.6,2.24375
3W_edge_gap_sensitivity_screen,DDR_CSA0,DDR_DQA4,T20,U16,L3,0.2234,0.3048,-0.0814,via_to_outside_body,via_to_outside_body,local_extension_outside_body,local_extension_outside_body,0.6,0.6
3W_edge_gap_sensitivity_screen,DDR_CSA0,DDR_DQA3,T20,T16,L3,0.2234,0.3048,-0.0814,via_to_outside_body,via_to_outside_body,local_extension_outside_body,under_maximum_body_breakout,0.6,2.24375
3W_edge_gap_sensitivity_screen,DDR_CSA0,DDR_DQA3,T20,T16,L3,0.2234,0.3048,-0.0814,via_to_outside_body,via_to_outside_body,local_extension_outside_body,local_extension_outside_body,0.6,0.6
3W_edge_gap_sensitivity_screen,DDR_DQA15,DDR_DQA14,U20,U18,L8,0.2234,0.3048,-0.0814,via_to_outside_body,via_to_outside_body,under_maximum_body_breakout,under_maximum_body_breakout,0.05,0.94375
3W_edge_gap_sensitivity_screen,DDR_DQA15,DDR_DQA14,U20,U18,L8,0.2234,0.3048,-0.0814,via_to_outside_body,via_to_outside_body,under_maximum_body_breakout,local_extension_outside_body,0.05,0.6
3W_edge_gap_sensitivity_screen,DDR_DQA15,DDR_DQA14,U20,U18,L8,0.2234,0.3048,-0.0814,via_to_outside_body,via_to_outside_body,local_extension_outside_body,under_maximum_body_breakout,0.6,0.94375
3W_edge_gap_sensitivity_screen,DDR_DQA15,DDR_DQA14,U20,U18,L8,0.2234,0.3048,-0.0814,via_to_outside_body,via_to_outside_body,local_extension_outside_body,local_extension_outside_body,0.6,0.6
3W_edge_gap_sensitivity_screen,DDR_DQA0,DDR_DQA1,Y16,V16,L3,0.2234,0.3048,-0.0814,via_to_outside_body,via_to_outside_body,under_maximum_body_breakout,under_maximum_body_breakout,0.7,1.59375
3W_edge_gap_sensitivity_screen,DDR_DQA0,DDR_DQA1,Y16,V16,L3,0.2234,0.3048,-0.0814,via_to_outside_body,via_to_outside_body,under_maximum_body_breakout,local_extension_outside_body,0.7,0.6
3W_edge_gap_sensitivity_screen,DDR_DQA0,DDR_DQA1,Y16,V16,L3,0.2234,0.3048,-0.0814,via_to_outside_body,via_to_outside_body,local_extension_outside_body,under_maximum_body_breakout,0.6,1.59375
3W_edge_gap_sensitivity_screen,DDR_DQA0,DDR_DQA1,Y16,V16,L3,0.2234,0.3048,-0.0814,via_to_outside_body,via_to_outside_body,local_extension_outside_body,local_extension_outside_body,0.6,0.6
3W_edge_gap_sensitivity_screen,DDR_DQA7,DDR_DQA6,Y18,W18,L3,0.2234,0.3048,-0.0814,via_to_outside_body,via_to_outside_body,under_maximum_body_breakout,under_maximum_body_breakout,0.7,0.325
3W_edge_gap_sensitivity_screen,DDR_DQA7,DDR_DQA6,Y18,W18,L3,0.2234,0.3048,-0.0814,via_to_outside_body,via_to_outside_body,under_maximum_body_breakout,under_maximum_body_breakout,0.7,0.24375
3W_edge_gap_sensitivity_screen,DDR_DQA7,DDR_DQA6,Y18,W18,L3,0.243114556,0.3048,-0.061685444,via_to_outside_body,via_to_outside_body,under_maximum_body_breakout,under_maximum_body_breakout,0.7,0.08125
3W_edge_gap_sensitivity_screen,DDR_DQA7,DDR_DQA6,Y18,W18,L3,0.243114556,0.3048,-0.061685444,via_to_outside_body,via_to_outside_body,under_maximum_body_breakout,under_maximum_body_breakout,0.7,0.08125
3W_edge_gap_sensitivity_screen,DDR_DQA7,DDR_DQA6,Y18,W18,L3,0.2234,0.3048,-0.0814,via_to_outside_body,via_to_outside_body,under_maximum_body_breakout,under_maximum_body_breakout,0.7,0.94375
3W_edge_gap_sensitivity_screen,DDR_DQA7,DDR_DQA6,Y18,W18,L3,0.2234,0.3048,-0.0814,via_to_outside_body,via_to_outside_body,under_maximum_body_breakout,local_extension_outside_body,0.7,0.6
3W_edge_gap_sensitivity_screen,DDR_DQA7,DDR_DQA6,Y18,W18,L3,0.2234,0.3048,-0.0814,via_to_outside_body,via_to_outside_body,local_extension_outside_body,under_maximum_body_breakout,0.6,0.94375
3W_edge_gap_sensitivity_screen,DDR_DQA7,DDR_DQA6,Y18,W18,L3,0.2234,0.3048,-0.0814,via_to_outside_body,via_to_outside_body,local_extension_outside_body,local_extension_outside_body,0.6,0.6
3W_edge_gap_sensitivity_screen,DDR_DQB3,DDR_DQB2,B14,C14,L8,0.2234,0.3048,-0.0814,via_to_outside_body,via_to_outside_body,under_maximum_body_breakout,under_maximum_body_breakout,0.325,0.325
3W_edge_gap_sensitivity_screen,DDR_DQB3,DDR_DQB2,B14,C14,L8,0.2234,0.3048,-0.0814,via_to_outside_body,via_to_outside_body,under_maximum_body_breakout,under_maximum_body_breakout,0.325,0.89375
3W_edge_gap_sensitivity_screen,DDR_DQB5,DDR_DQB7,B16,B17,L8,0.30465,0.3048,-0.00015,via_to_outside_body,via_to_outside_body,under_maximum_body_breakout,under_maximum_body_breakout,0.325,0.24375
3W_edge_gap_sensitivity_screen,DDR_DQB5,DDR_DQB7,B16,B17,L8,0.30465,0.3048,-0.00015,via_to_outside_body,via_to_outside_body,under_maximum_body_breakout,under_maximum_body_breakout,0.325,0.08125
3W_edge_gap_sensitivity_screen,DDR_DQB5,DDR_DQB7,B16,B17,L8,0.233402332,0.3048,-0.071397668,via_to_outside_body,via_to_outside_body,under_maximum_body_breakout,under_maximum_body_breakout,0.325,0.08125
3W_edge_gap_sensitivity_screen,DDR_DQB5,DDR_DQB7,B16,B17,L8,0.233402332,0.3048,-0.071397668,via_to_outside_body,via_to_outside_body,under_maximum_body_breakout,under_maximum_body_breakout,0.325,0.29375
3W_edge_gap_sensitivity_screen,DDR_DQB5,DDR_DMIB0,B16,C15,L8,0.2234,0.3048,-0.0814,via_to_outside_body,via_to_outside_body,under_maximum_body_breakout,under_maximum_body_breakout,0.325,1.54375
3W_edge_gap_sensitivity_screen,DDR_DQB5,DDR_DQB7,B16,B17,L8,0.30465,0.3048,-0.00015,via_to_outside_body,via_to_outside_body,under_maximum_body_breakout,under_maximum_body_breakout,0.24375,0.24375
3W_edge_gap_sensitivity_screen,DDR_DQB5,DDR_DQB7,B16,B17,L8,0.30465,0.3048,-0.00015,via_to_outside_body,via_to_outside_body,under_maximum_body_breakout,under_maximum_body_breakout,0.24375,0.08125
3W_edge_gap_sensitivity_screen,DDR_DQB5,DDR_DQB7,B16,B17,L8,0.233402332,0.3048,-0.071397668,via_to_outside_body,via_to_outside_body,under_maximum_body_breakout,under_maximum_body_breakout,0.24375,0.08125
3W_edge_gap_sensitivity_screen,DDR_DQB5,DDR_DQB7,B16,B17,L8,0.233402332,0.3048,-0.071397668,via_to_outside_body,via_to_outside_body,under_maximum_body_breakout,under_maximum_body_breakout,0.24375,0.29375
3W_edge_gap_sensitivity_screen,DDR_DQB7,DDR_DMIB0,B17,C15,L8,0.2234,0.3048,-0.0814,via_to_outside_body,via_to_outside_body,under_maximum_body_breakout,under_maximum_body_breakout,0.325,1.54375
3W_edge_gap_sensitivity_screen,DDR_DQB7,DDR_DMIB0,B17,C15,L8,0.243114556,0.3048,-0.061685444,via_to_outside_body,via_to_outside_body,under_maximum_body_breakout,under_maximum_body_breakout,0.325,0.08125
3W_edge_gap_sensitivity_screen,DDR_DQB7,DDR_DMIB0,B17,C15,L8,0.243114556,0.3048,-0.061685444,via_to_outside_body,via_to_outside_body,under_maximum_body_breakout,under_maximum_body_breakout,0.325,0.08125
3W_edge_gap_sensitivity_screen,DDR_DQB7,DDR_DMIB0,B17,C15,L8,0.2234,0.3048,-0.0814,via_to_outside_body,via_to_outside_body,under_maximum_body_breakout,under_maximum_body_breakout,0.325,0.94375
3W_edge_gap_sensitivity_screen,DDR_DQB7,DDR_DMIB0,B17,C15,L8,0.2234,0.3048,-0.0814,via_to_outside_body,via_to_outside_body,under_maximum_body_breakout,under_maximum_body_breakout,0.24375,0.94375
3W_edge_gap_sensitivity_screen,DDR_DQB15,DDR_DQB8,B19,C18,L3,0.30465,0.3048,-0.00015,via_to_outside_body,via_to_outside_body,under_maximum_body_breakout,under_maximum_body_breakout,0.325,0.08125
3W_edge_gap_sensitivity_screen,DDR_DQB15,DDR_DQB8,B19,C18,L3,0.2234,0.3048,-0.0814,via_to_outside_body,via_to_outside_body,under_maximum_body_breakout,under_maximum_body_breakout,0.325,0.94375
3W_edge_gap_sensitivity_screen,DDR_DQB14,DDR_DQB8,C19,C18,L3,0.2234,0.3048,-0.0814,via_to_outside_body,via_to_outside_body,under_maximum_body_breakout,under_maximum_body_breakout,0.7,0.325
3W_edge_gap_sensitivity_screen,DDR_DQB14,DDR_DQB8,C19,C18,L3,0.2234,0.3048,-0.0814,via_to_outside_body,via_to_outside_body,under_maximum_body_breakout,under_maximum_body_breakout,0.7,0.24375
3W_edge_gap_sensitivity_screen,DDR_DQB14,DDR_DQB8,C19,C18,L3,0.243114556,0.3048,-0.061685444,via_to_outside_body,via_to_outside_body,under_maximum_body_breakout,under_maximum_body_breakout,0.7,0.08125
3W_edge_gap_sensitivity_screen,DDR_DQB14,DDR_DQB8,C19,C18,L3,0.243114556,0.3048,-0.061685444,via_to_outside_body,via_to_outside_body,under_maximum_body_breakout,under_maximum_body_breakout,0.7,0.08125
3W_edge_gap_sensitivity_screen,DDR_DQB14,DDR_DQB8,C19,C18,L3,0.2234,0.3048,-0.0814,via_to_outside_body,via_to_outside_body,under_maximum_body_breakout,under_maximum_body_breakout,0.7,0.94375
3W_edge_gap_sensitivity_screen,DDR_DQB14,DDR_DQB8,C19,C18,L3,0.2234,0.3048,-0.0814,via_to_outside_body,via_to_outside_body,under_maximum_body_breakout,local_extension_outside_body,0.7,0.6
3W_edge_gap_sensitivity_screen,DDR_DQB14,DDR_DQB10,C19,D17,L3,0.2234,0.3048,-0.0814,via_to_outside_body,via_to_outside_body,under_maximum_body_breakout,under_maximum_body_breakout,0.7,1.59375
3W_edge_gap_sensitivity_screen,DDR_DQB14,DDR_DQB10,C19,D17,L3,0.2234,0.3048,-0.0814,via_to_outside_body,via_to_outside_body,under_maximum_body_breakout,local_extension_outside_body,0.7,0.6
3W_edge_gap_sensitivity_screen,DDR_DQB14,DDR_DQB8,C19,C18,L3,0.2234,0.3048,-0.0814,via_to_outside_body,via_to_outside_body,local_extension_outside_body,under_maximum_body_breakout,0.6,0.94375
3W_edge_gap_sensitivity_screen,DDR_DQB14,DDR_DQB8,C19,C18,L3,0.2234,0.3048,-0.0814,via_to_outside_body,via_to_outside_body,local_extension_outside_body,local_extension_outside_body,0.6,0.6
3W_edge_gap_sensitivity_screen,DDR_DQB14,DDR_DQB10,C19,D17,L3,0.2234,0.3048,-0.0814,via_to_outside_body,via_to_outside_body,local_extension_outside_body,under_maximum_body_breakout,0.6,1.59375
3W_edge_gap_sensitivity_screen,DDR_DQB14,DDR_DQB10,C19,D17,L3,0.2234,0.3048,-0.0814,via_to_outside_body,via_to_outside_body,local_extension_outside_body,local_extension_outside_body,0.6,0.6
3W_edge_gap_sensitivity_screen,DDR_CAB5,DDR_CAB1,F19,G19,L8,0.30465,0.3048,-0.00015,via_to_outside_body,via_to_outside_body,under_maximum_body_breakout,under_maximum_body_breakout,0.325,0.24375
3W_edge_gap_sensitivity_screen,DDR_CAB5,DDR_CAB1,F19,G19,L8,0.30465,0.3048,-0.00015,via_to_outside_body,via_to_outside_body,under_maximum_body_breakout,under_maximum_body_breakout,0.325,0.08125
3W_edge_gap_sensitivity_screen,DDR_CAB5,DDR_CAB1,F19,G19,L8,0.233402332,0.3048,-0.071397668,via_to_outside_body,via_to_outside_body,under_maximum_body_breakout,under_maximum_body_breakout,0.325,0.08125
3W_edge_gap_sensitivity_screen,DDR_CAB5,DDR_CAB1,F19,G19,L8,0.233402332,0.3048,-0.071397668,via_to_outside_body,via_to_outside_body,under_maximum_body_breakout,under_maximum_body_breakout,0.325,0.29375
3W_edge_gap_sensitivity_screen,DDR_CAB5,DDR_CAB4,F19,F17,L8,0.2234,0.3048,-0.0814,via_to_outside_body,via_to_outside_body,under_maximum_body_breakout,under_maximum_body_breakout,0.325,0.975
3W_edge_gap_sensitivity_screen,DDR_CAB5,DDR_CAB4,F19,F17,L8,0.2234,0.3048,-0.0814,via_to_outside_body,via_to_outside_body,under_maximum_body_breakout,under_maximum_body_breakout,0.325,0.89375
3W_edge_gap_sensitivity_screen,DDR_CAB5,DDR_CAB1,F19,G19,L8,0.30465,0.3048,-0.00015,via_to_outside_body,via_to_outside_body,under_maximum_body_breakout,under_maximum_body_breakout,0.24375,0.24375
3W_edge_gap_sensitivity_screen,DDR_CAB5,DDR_CAB1,F19,G19,L8,0.30465,0.3048,-0.00015,via_to_outside_body,via_to_outside_body,under_maximum_body_breakout,under_maximum_body_breakout,0.24375,0.08125
3W_edge_gap_sensitivity_screen,DDR_CAB5,DDR_CAB1,F19,G19,L8,0.233402332,0.3048,-0.071397668,via_to_outside_body,via_to_outside_body,under_maximum_body_breakout,under_maximum_body_breakout,0.24375,0.08125
3W_edge_gap_sensitivity_screen,DDR_CAB5,DDR_CAB1,F19,G19,L8,0.233402332,0.3048,-0.071397668,via_to_outside_body,via_to_outside_body,under_maximum_body_breakout,under_maximum_body_breakout,0.24375,0.29375
3W_edge_gap_sensitivity_screen,DDR_CAB1,DDR_CAB2,G19,G18,L8,0.2234,0.3048,-0.0814,via_to_outside_body,via_to_outside_body,under_maximum_body_breakout,under_maximum_body_breakout,0.325,0.325
3W_edge_gap_sensitivity_screen,DDR_CAB1,DDR_CAB2,G19,G18,L8,0.2234,0.3048,-0.0814,via_to_outside_body,via_to_outside_body,under_maximum_body_breakout,under_maximum_body_breakout,0.325,0.24375
3W_edge_gap_sensitivity_screen,DDR_CAB1,DDR_CAB2,G19,G18,L8,0.243114556,0.3048,-0.061685444,via_to_outside_body,via_to_outside_body,under_maximum_body_breakout,under_maximum_body_breakout,0.325,0.08125
3W_edge_gap_sensitivity_screen,DDR_CAB1,DDR_CAB2,G19,G18,L8,0.243114556,0.3048,-0.061685444,via_to_outside_body,via_to_outside_body,under_maximum_body_breakout,under_maximum_body_breakout,0.325,0.08125
3W_edge_gap_sensitivity_screen,DDR_CAB1,DDR_CAB2,G19,G18,L8,0.2234,0.3048,-0.0814,via_to_outside_body,via_to_outside_body,under_maximum_body_breakout,under_maximum_body_breakout,0.325,0.94375
3W_edge_gap_sensitivity_screen,DDR_CAB1,DDR_CAB2,G19,G18,L8,0.2234,0.3048,-0.0814,via_to_outside_body,via_to_outside_body,under_maximum_body_breakout,under_maximum_body_breakout,0.24375,0.94375
3W_edge_gap_sensitivity_screen,DDR_CAA0,DDR_CAA2,M19,N19,L3,0.30465,0.3048,-0.00015,via_to_outside_body,via_to_outside_body,under_maximum_body_breakout,under_maximum_body_breakout,0.7,0.24375
3W_edge_gap_sensitivity_screen,DDR_CAA0,DDR_CAA2,M19,N19,L3,0.30465,0.3048,-0.00015,via_to_outside_body,via_to_outside_body,under_maximum_body_breakout,under_maximum_body_breakout,0.7,0.08125
3W_edge_gap_sensitivity_screen,DDR_CAA0,DDR_CAA2,M19,N19,L3,0.2234,0.3048,-0.0814,via_to_outside_body,via_to_outside_body,under_maximum_body_breakout,under_maximum_body_breakout,0.7,0.08125
3W_edge_gap_sensitivity_screen,DDR_CAA0,DDR_CAA2,M19,N19,L3,0.2234,0.3048,-0.0814,via_to_outside_body,via_to_outside_body,under_maximum_body_breakout,under_maximum_body_breakout,0.7,0.29375
3W_edge_gap_sensitivity_screen,DDR_CAA0,DDR_CAA2,M19,N19,L3,0.2234,0.3048,-0.0814,via_to_outside_body,via_to_outside_body,under_maximum_body_breakout,local_extension_outside_body,0.7,0.6
3W_edge_gap_sensitivity_screen,DDR_CAA0,DDR_CAA4,M19,M18,L3,0.2234,0.3048,-0.0814,via_to_outside_body,via_to_outside_body,under_maximum_body_breakout,under_maximum_body_breakout,0.7,0.325
3W_edge_gap_sensitivity_screen,DDR_CAA0,DDR_CAA4,M19,M18,L3,0.2234,0.3048,-0.0814,via_to_outside_body,via_to_outside_body,under_maximum_body_breakout,under_maximum_body_breakout,0.7,0.24375
3W_edge_gap_sensitivity_screen,DDR_CAA0,DDR_CAA4,M19,M18,L3,0.243114556,0.3048,-0.061685444,via_to_outside_body,via_to_outside_body,under_maximum_body_breakout,under_maximum_body_breakout,0.7,0.08125
3W_edge_gap_sensitivity_screen,DDR_CAA0,DDR_CAA4,M19,M18,L3,0.243114556,0.3048,-0.061685444,via_to_outside_body,via_to_outside_body,under_maximum_body_breakout,under_maximum_body_breakout,0.7,0.08125
3W_edge_gap_sensitivity_screen,DDR_CAA0,DDR_CAA4,M19,M18,L3,0.2234,0.3048,-0.0814,via_to_outside_body,via_to_outside_body,under_maximum_body_breakout,under_maximum_body_breakout,0.7,0.94375
3W_edge_gap_sensitivity_screen,DDR_CAA0,DDR_CAA4,M19,M18,L3,0.2234,0.3048,-0.0814,via_to_outside_body,via_to_outside_body,under_maximum_body_breakout,local_extension_outside_body,0.7,0.6
3W_edge_gap_sensitivity_screen,DDR_CAA0,DDR_CAA2,M19,N19,L3,0.2234,0.3048,-0.0814,via_to_outside_body,via_to_outside_body,local_extension_outside_body,under_maximum_body_breakout,0.6,0.29375
3W_edge_gap_sensitivity_screen,DDR_CAA0,DDR_CAA2,M19,N19,L3,0.2234,0.3048,-0.0814,via_to_outside_body,via_to_outside_body,local_extension_outside_body,local_extension_outside_body,0.6,0.6
3W_edge_gap_sensitivity_screen,DDR_CAA0,DDR_CAA4,M19,M18,L3,0.2234,0.3048,-0.0814,via_to_outside_body,via_to_outside_body,local_extension_outside_body,under_maximum_body_breakout,0.6,0.94375
3W_edge_gap_sensitivity_screen,DDR_CAA0,DDR_CAA4,M19,M18,L3,0.2234,0.3048,-0.0814,via_to_outside_body,via_to_outside_body,local_extension_outside_body,local_extension_outside_body,0.6,0.6
3W_edge_gap_sensitivity_screen,DDR_CAA2,DDR_CAA5,N19,P19,L3,0.30465,0.3048,-0.00015,via_to_outside_body,via_to_outside_body,under_maximum_body_breakout,under_maximum_body_breakout,0.325,0.24375
3W_edge_gap_sensitivity_screen,DDR_CAA2,DDR_CAA5,N19,P19,L3,0.30465,0.3048,-0.00015,via_to_outside_body,via_to_outside_body,under_maximum_body_breakout,under_maximum_body_breakout,0.325,0.08125
3W_edge_gap_sensitivity_screen,DDR_CAA2,DDR_CAA5,N19,P19,L3,0.233402332,0.3048,-0.071397668,via_to_outside_body,via_to_outside_body,under_maximum_body_breakout,under_maximum_body_breakout,0.325,0.08125
3W_edge_gap_sensitivity_screen,DDR_CAA2,DDR_CAA5,N19,P19,L3,0.233402332,0.3048,-0.071397668,via_to_outside_body,via_to_outside_body,under_maximum_body_breakout,under_maximum_body_breakout,0.325,0.29375
3W_edge_gap_sensitivity_screen,DDR_CAA2,DDR_CAA5,N19,P19,L3,0.30465,0.3048,-0.00015,via_to_outside_body,via_to_outside_body,under_maximum_body_breakout,under_maximum_body_breakout,0.24375,0.24375
3W_edge_gap_sensitivity_screen,DDR_CAA2,DDR_CAA5,N19,P19,L3,0.30465,0.3048,-0.00015,via_to_outside_body,via_to_outside_body,under_maximum_body_breakout,under_maximum_body_breakout,0.24375,0.08125
3W_edge_gap_sensitivity_screen,DDR_CAA2,DDR_CAA5,N19,P19,L3,0.233402332,0.3048,-0.071397668,via_to_outside_body,via_to_outside_body,under_maximum_body_breakout,under_maximum_body_breakout,0.24375,0.08125
3W_edge_gap_sensitivity_screen,DDR_CAA2,DDR_CAA5,N19,P19,L3,0.233402332,0.3048,-0.071397668,via_to_outside_body,via_to_outside_body,under_maximum_body_breakout,under_maximum_body_breakout,0.24375,0.29375
3W_edge_gap_sensitivity_screen,DDR_DQB2,DDR_DQB4,C14,D14,L8,0.2234,0.3048,-0.0814,via_to_outside_body,via_to_outside_body,under_maximum_body_breakout,under_maximum_body_breakout,0.325,0.325
3W_edge_gap_sensitivity_screen,DDR_DQB2,DDR_DQB4,C14,D14,L8,0.2234,0.3048,-0.0814,via_to_outside_body,via_to_outside_body,under_maximum_body_breakout,under_maximum_body_breakout,0.325,1.54375
3W_edge_gap_sensitivity_screen,DDR_DMIB0,DDR_DQB6,C15,C16,L8,0.2234,0.3048,-0.0814,via_to_outside_body,via_to_outside_body,under_maximum_body_breakout,under_maximum_body_breakout,1.54375,0.325
3W_edge_gap_sensitivity_screen,DDR_DMIB0,DDR_DQB6,C15,C16,L8,0.2234,0.3048,-0.0814,via_to_outside_body,via_to_outside_body,under_maximum_body_breakout,under_maximum_body_breakout,1.54375,0.24375
3W_edge_gap_sensitivity_screen,DDR_DQB8,DDR_DQB10,C18,D17,L3,0.30465,0.3048,-0.00015,via_to_outside_body,via_to_outside_body,under_maximum_body_breakout,under_maximum_body_breakout,0.325,0.08125
3W_edge_gap_sensitivity_screen,DDR_DQB8,DDR_DQB10,C18,D17,L3,0.2234,0.3048,-0.0814,via_to_outside_body,via_to_outside_body,under_maximum_body_breakout,under_maximum_body_breakout,0.325,1.59375
3W_edge_gap_sensitivity_screen,DDR_DQB8,DDR_DQB10,C18,D17,L3,0.2234,0.3048,-0.0814,via_to_outside_body,via_to_outside_body,under_maximum_body_breakout,under_maximum_body_breakout,0.24375,1.59375
3W_edge_gap_sensitivity_screen,DDR_DMIB1,DDR_DQB12,D18,E18,L3,0.30465,0.3048,-0.00015,via_to_outside_body,via_to_outside_body,under_maximum_body_breakout,under_maximum_body_breakout,1.35,0.24375
3W_edge_gap_sensitivity_screen,DDR_DMIB1,DDR_DQB12,D18,E18,L3,0.30465,0.3048,-0.00015,via_to_outside_body,via_to_outside_body,under_maximum_body_breakout,under_maximum_body_breakout,1.35,0.08125
3W_edge_gap_sensitivity_screen,DDR_DMIB1,DDR_DQB12,D18,E18,L3,0.2234,0.3048,-0.0814,via_to_outside_body,via_to_outside_body,under_maximum_body_breakout,under_maximum_body_breakout,1.35,0.08125
3W_edge_gap_sensitivity_screen,DDR_DMIB1,DDR_DQB12,D18,E18,L3,0.2234,0.3048,-0.0814,via_to_outside_body,via_to_outside_body,under_maximum_body_breakout,under_maximum_body_breakout,1.35,0.94375
3W_edge_gap_sensitivity_screen,DDR_DMIB1,DDR_DQB12,D18,E18,L3,0.2234,0.3048,-0.0814,via_to_outside_body,via_to_outside_body,under_maximum_body_breakout,local_extension_outside_body,1.35,0.6
3W_edge_gap_sensitivity_screen,DDR_DMIB1,DDR_DQB10,D18,D17,L3,0.2234,0.3048,-0.0814,via_to_outside_body,via_to_outside_body,under_maximum_body_breakout,under_maximum_body_breakout,1.35,0.325
3W_edge_gap_sensitivity_screen,DDR_DMIB1,DDR_DQB10,D18,D17,L3,0.2234,0.3048,-0.0814,via_to_outside_body,via_to_outside_body,under_maximum_body_breakout,under_maximum_body_breakout,1.35,0.24375
3W_edge_gap_sensitivity_screen,DDR_DMIB1,DDR_DQB10,D18,D17,L3,0.243114556,0.3048,-0.061685444,via_to_outside_body,via_to_outside_body,under_maximum_body_breakout,under_maximum_body_breakout,1.35,0.08125
3W_edge_gap_sensitivity_screen,DDR_DMIB1,DDR_DQB10,D18,D17,L3,0.243114556,0.3048,-0.061685444,via_to_outside_body,via_to_outside_body,under_maximum_body_breakout,under_maximum_body_breakout,1.35,0.08125
3W_edge_gap_sensitivity_screen,DDR_DMIB1,DDR_DQB10,D18,D17,L3,0.2234,0.3048,-0.0814,via_to_outside_body,via_to_outside_body,under_maximum_body_breakout,under_maximum_body_breakout,1.35,1.59375
3W_edge_gap_sensitivity_screen,DDR_DMIB1,DDR_DQB10,D18,D17,L3,0.2234,0.3048,-0.0814,via_to_outside_body,via_to_outside_body,under_maximum_body_breakout,local_extension_outside_body,1.35,0.6
3W_edge_gap_sensitivity_screen,DDR_DMIB1,DDR_DQB12,D18,E18,L3,0.2234,0.3048,-0.0814,via_to_outside_body,via_to_outside_body,local_extension_outside_body,under_maximum_body_breakout,0.6,0.94375
3W_edge_gap_sensitivity_screen,DDR_DMIB1,DDR_DQB12,D18,E18,L3,0.2234,0.3048,-0.0814,via_to_outside_body,via_to_outside_body,local_extension_outside_body,local_extension_outside_body,0.6,0.6
3W_edge_gap_sensitivity_screen,DDR_DMIB1,DDR_DQB10,D18,D17,L3,0.2234,0.3048,-0.0814,via_to_outside_body,via_to_outside_body,local_extension_outside_body,under_maximum_body_breakout,0.6,1.59375
3W_edge_gap_sensitivity_screen,DDR_DMIB1,DDR_DQB10,D18,D17,L3,0.2234,0.3048,-0.0814,via_to_outside_body,via_to_outside_body,local_extension_outside_body,local_extension_outside_body,0.6,0.6
3W_edge_gap_sensitivity_screen,DDR_DQB12,DDR_DQB11,E18,E17,L3,0.2234,0.3048,-0.0814,via_to_outside_body,via_to_outside_body,under_maximum_body_breakout,under_maximum_body_breakout,0.325,0.325
3W_edge_gap_sensitivity_screen,DDR_DQB12,DDR_DQB11,E18,E17,L3,0.2234,0.3048,-0.0814,via_to_outside_body,via_to_outside_body,under_maximum_body_breakout,under_maximum_body_breakout,0.325,0.24375
3W_edge_gap_sensitivity_screen,DDR_DQB12,DDR_DQB11,E18,E17,L3,0.243114556,0.3048,-0.061685444,via_to_outside_body,via_to_outside_body,under_maximum_body_breakout,under_maximum_body_breakout,0.325,0.08125
3W_edge_gap_sensitivity_screen,DDR_DQB12,DDR_DQB11,E18,E17,L3,0.243114556,0.3048,-0.061685444,via_to_outside_body,via_to_outside_body,under_maximum_body_breakout,under_maximum_body_breakout,0.325,0.08125
3W_edge_gap_sensitivity_screen,DDR_DQB12,DDR_DQB11,E18,E17,L3,0.2234,0.3048,-0.0814,via_to_outside_body,via_to_outside_body,under_maximum_body_breakout,under_maximum_body_breakout,0.325,1.59375
3W_edge_gap_sensitivity_screen,DDR_DQB12,DDR_DQB11,E18,E17,L3,0.2234,0.3048,-0.0814,via_to_outside_body,via_to_outside_body,under_maximum_body_breakout,under_maximum_body_breakout,0.24375,1.59375
3W_edge_gap_sensitivity_screen,DDR_CKEB0,DDR_CAB3,J18,H17,L8,0.2234,0.3048,-0.0814,via_to_outside_body,via_to_outside_body,under_maximum_body_breakout,under_maximum_body_breakout,0.975,0.89375
3W_edge_gap_sensitivity_screen,DDR_CKEB0,DDR_CAB3,J18,H17,L8,0.243114556,0.3048,-0.061685444,via_to_outside_body,via_to_outside_body,under_maximum_body_breakout,under_maximum_body_breakout,0.975,0.08125
3W_edge_gap_sensitivity_screen,DDR_CKEB0,DDR_CAB3,J18,H17,L8,0.243114556,0.3048,-0.061685444,via_to_outside_body,via_to_outside_body,under_maximum_body_breakout,under_maximum_body_breakout,0.975,0.08125
3W_edge_gap_sensitivity_screen,DDR_CKEB0,DDR_CAB3,J18,H17,L8,0.2234,0.3048,-0.0814,via_to_outside_body,via_to_outside_body,under_maximum_body_breakout,under_maximum_body_breakout,0.975,1.59375
3W_edge_gap_sensitivity_screen,DDR_CKEB0,DDR_CAB3,J18,H17,L8,0.2234,0.3048,-0.0814,via_to_outside_body,via_to_outside_body,under_maximum_body_breakout,under_maximum_body_breakout,0.24375,1.59375
3W_edge_gap_sensitivity_screen,DDR_CAA4,DDR_CKEA0,M18,N17,L3,0.2234,0.3048,-0.0814,via_to_outside_body,via_to_outside_body,under_maximum_body_breakout,under_maximum_body_breakout,0.325,0.89375
3W_edge_gap_sensitivity_screen,DDR_CAA4,DDR_CKEA0,M18,N17,L3,0.243114556,0.3048,-0.061685444,via_to_outside_body,via_to_outside_body,under_maximum_body_breakout,under_maximum_body_breakout,0.325,0.08125
3W_edge_gap_sensitivity_screen,DDR_CAA4,DDR_CKEA0,M18,N17,L3,0.243114556,0.3048,-0.061685444,via_to_outside_body,via_to_outside_body,under_maximum_body_breakout,under_maximum_body_breakout,0.325,0.08125
3W_edge_gap_sensitivity_screen,DDR_CAA4,DDR_CKEA0,M18,N17,L3,0.2234,0.3048,-0.0814,via_to_outside_body,via_to_outside_body,under_maximum_body_breakout,under_maximum_body_breakout,0.325,0.325
3W_edge_gap_sensitivity_screen,DDR_CAA4,DDR_CKEA0,M18,N17,L3,0.2234,0.3048,-0.0814,via_to_outside_body,via_to_outside_body,under_maximum_body_breakout,under_maximum_body_breakout,0.325,0.08125
3W_edge_gap_sensitivity_screen,DDR_CAA4,DDR_CKEA0,M18,N17,L3,0.30465,0.3048,-0.00015,via_to_outside_body,via_to_outside_body,under_maximum_body_breakout,under_maximum_body_breakout,0.325,0.08125
3W_edge_gap_sensitivity_screen,DDR_CAA4,DDR_CKEA0,M18,N17,L3,0.30465,0.3048,-0.00015,via_to_outside_body,via_to_outside_body,under_maximum_body_breakout,under_maximum_body_breakout,0.325,0.08125
3W_edge_gap_sensitivity_screen,DDR_CAA4,DDR_CKEA0,M18,N17,L3,0.15533506,0.3048,-0.14946494,via_to_outside_body,via_to_outside_body,under_maximum_body_breakout,under_maximum_body_breakout,0.24375,0.325
3W_edge_gap_sensitivity_screen,DDR_CAA4,DDR_CKEA0,M18,N17,L3,0.15533506,0.3048,-0.14946494,via_to_outside_body,via_to_outside_body,under_maximum_body_breakout,under_maximum_body_breakout,0.24375,0.08125
3W_edge_gap_sensitivity_screen,DDR_CAA4,DDR_CKEA0,M18,N17,L3,0.128209704,0.3048,-0.176590296,via_to_outside_body,via_to_outside_body,under_maximum_body_breakout,under_maximum_body_breakout,0.24375,0.08125
3W_edge_gap_sensitivity_screen,DDR_CAA4,DDR_CKEA0,M18,N17,L3,0.128209704,0.3048,-0.176590296,via_to_outside_body,via_to_outside_body,under_maximum_body_breakout,under_maximum_body_breakout,0.24375,0.08125
3W_edge_gap_sensitivity_screen,DDR_CAA4,DDR_CKEA0,M18,N17,L3,0.15533506,0.3048,-0.14946494,via_to_outside_body,via_to_outside_body,under_maximum_body_breakout,under_maximum_body_breakout,0.24375,0.08125
3W_edge_gap_sensitivity_screen,DDR_CAA4,DDR_CKEA0,M18,N17,L3,0.15533506,0.3048,-0.14946494,via_to_outside_body,via_to_outside_body,under_maximum_body_breakout,under_maximum_body_breakout,0.24375,0.08125
3W_edge_gap_sensitivity_screen,DDR_CAA4,DDR_CKEA0,M18,N17,L3,0.2234,0.3048,-0.0814,via_to_outside_body,via_to_outside_body,under_maximum_body_breakout,under_maximum_body_breakout,0.24375,0.08125
3W_edge_gap_sensitivity_screen,DDR_CAA4,DDR_CKEA0,M18,N17,L3,0.2234,0.3048,-0.0814,via_to_outside_body,via_to_outside_body,under_maximum_body_breakout,under_maximum_body_breakout,0.24375,0.325
3W_edge_gap_sensitivity_screen,DDR_CAA4,DDR_CKEA0,M18,N17,L3,0.15533506,0.3048,-0.14946494,via_to_outside_body,via_to_outside_body,under_maximum_body_breakout,under_maximum_body_breakout,0.08125,0.325
3W_edge_gap_sensitivity_screen,DDR_CAA4,DDR_CKEA0,M18,N17,L3,0.15533506,0.3048,-0.14946494,via_to_outside_body,via_to_outside_body,under_maximum_body_breakout,under_maximum_body_breakout,0.08125,0.08125
3W_edge_gap_sensitivity_screen,DDR_CAA4,DDR_CKEA0,M18,N17,L3,0.128209704,0.3048,-0.176590296,via_to_outside_body,via_to_outside_body,under_maximum_body_breakout,under_maximum_body_breakout,0.08125,0.08125
3W_edge_gap_sensitivity_screen,DDR_CAA4,DDR_CKEA0,M18,N17,L3,0.128209704,0.3048,-0.176590296,via_to_outside_body,via_to_outside_body,under_maximum_body_breakout,under_maximum_body_breakout,0.08125,0.08125
3W_edge_gap_sensitivity_screen,DDR_CAA4,DDR_CKEA0,M18,N17,L3,0.15533506,0.3048,-0.14946494,via_to_outside_body,via_to_outside_body,under_maximum_body_breakout,under_maximum_body_breakout,0.08125,0.08125
3W_edge_gap_sensitivity_screen,DDR_CAA4,DDR_CKEA0,M18,N17,L3,0.15533506,0.3048,-0.14946494,via_to_outside_body,via_to_outside_body,under_maximum_body_breakout,under_maximum_body_breakout,0.08125,0.08125
3W_edge_gap_sensitivity_screen,DDR_CAA4,DDR_CKEA0,M18,N17,L3,0.2234,0.3048,-0.0814,via_to_outside_body,via_to_outside_body,under_maximum_body_breakout,under_maximum_body_breakout,0.08125,0.08125
3W_edge_gap_sensitivity_screen,DDR_CAA4,DDR_CKEA0,M18,N17,L3,0.2234,0.3048,-0.0814,via_to_outside_body,via_to_outside_body,under_maximum_body_breakout,under_maximum_body_breakout,0.08125,0.325
3W_edge_gap_sensitivity_screen,DDR_CAA4,DDR_CKEA0,M18,N17,L3,0.2234,0.3048,-0.0814,via_to_outside_body,via_to_outside_body,under_maximum_body_breakout,under_maximum_body_breakout,0.08125,0.325
3W_edge_gap_sensitivity_screen,DDR_CAA4,DDR_CKEA0,M18,N17,L3,0.2234,0.3048,-0.0814,via_to_outside_body,via_to_outside_body,under_maximum_body_breakout,under_maximum_body_breakout,0.08125,0.08125
3W_edge_gap_sensitivity_screen,DDR_CAA4,DDR_CKEA0,M18,N17,L3,0.15533506,0.3048,-0.14946494,via_to_outside_body,via_to_outside_body,under_maximum_body_breakout,under_maximum_body_breakout,0.08125,0.08125
3W_edge_gap_sensitivity_screen,DDR_CAA4,DDR_CKEA0,M18,N17,L3,0.15533506,0.3048,-0.14946494,via_to_outside_body,via_to_outside_body,under_maximum_body_breakout,under_maximum_body_breakout,0.08125,0.08125
3W_edge_gap_sensitivity_screen,DDR_CAA4,DDR_CKEA0,M18,N17,L3,0.128209704,0.3048,-0.176590296,via_to_outside_body,via_to_outside_body,under_maximum_body_breakout,under_maximum_body_breakout,0.08125,0.08125
3W_edge_gap_sensitivity_screen,DDR_CAA4,DDR_CKEA0,M18,N17,L3,0.128209704,0.3048,-0.176590296,via_to_outside_body,via_to_outside_body,under_maximum_body_breakout,under_maximum_body_breakout,0.08125,0.08125
3W_edge_gap_sensitivity_screen,DDR_CAA4,DDR_CKEA0,M18,N17,L3,0.15533506,0.3048,-0.14946494,via_to_outside_body,via_to_outside_body,under_maximum_body_breakout,under_maximum_body_breakout,0.08125,0.08125
3W_edge_gap_sensitivity_screen,DDR_CAA4,DDR_CKEA0,M18,N17,L3,0.15533506,0.3048,-0.14946494,via_to_outside_body,via_to_outside_body,under_maximum_body_breakout,under_maximum_body_breakout,0.08125,0.325
3W_edge_gap_sensitivity_screen,DDR_CAA4,DDR_CKEA0,M18,N17,L3,0.2234,0.3048,-0.0814,via_to_outside_body,via_to_outside_body,under_maximum_body_breakout,under_maximum_body_breakout,0.94375,0.325
3W_edge_gap_sensitivity_screen,DDR_CAA4,DDR_CKEA0,M18,N17,L3,0.2234,0.3048,-0.0814,via_to_outside_body,via_to_outside_body,under_maximum_body_breakout,under_maximum_body_breakout,0.94375,0.08125
3W_edge_gap_sensitivity_screen,DDR_CAA4,DDR_CKEA0,M18,N17,L3,0.15533506,0.3048,-0.14946494,via_to_outside_body,via_to_outside_body,under_maximum_body_breakout,under_maximum_body_breakout,0.94375,0.08125
3W_edge_gap_sensitivity_screen,DDR_CAA4,DDR_CKEA0,M18,N17,L3,0.15533506,0.3048,-0.14946494,via_to_outside_body,via_to_outside_body,under_maximum_body_breakout,under_maximum_body_breakout,0.94375,0.08125
3W_edge_gap_sensitivity_screen,DDR_CAA4,DDR_CKEA0,M18,N17,L3,0.128209704,0.3048,-0.176590296,via_to_outside_body,via_to_outside_body,under_maximum_body_breakout,under_maximum_body_breakout,0.94375,0.08125
3W_edge_gap_sensitivity_screen,DDR_CAA4,DDR_CKEA0,M18,N17,L3,0.128209704,0.3048,-0.176590296,via_to_outside_body,via_to_outside_body,under_maximum_body_breakout,under_maximum_body_breakout,0.94375,0.08125
3W_edge_gap_sensitivity_screen,DDR_CAA4,DDR_CKEA0,M18,N17,L3,0.15533506,0.3048,-0.14946494,via_to_outside_body,via_to_outside_body,under_maximum_body_breakout,under_maximum_body_breakout,0.94375,0.08125
3W_edge_gap_sensitivity_screen,DDR_CAA4,DDR_CKEA0,M18,N17,L3,0.15533506,0.3048,-0.14946494,via_to_outside_body,via_to_outside_body,under_maximum_body_breakout,under_maximum_body_breakout,0.94375,0.325
3W_edge_gap_sensitivity_screen,DDR_DQA12,DDR_DMIA1,R18,P17,L8,0.30465,0.3048,-0.00015,via_to_outside_body,via_to_outside_body,under_maximum_body_breakout,under_maximum_body_breakout,0.24375,0.975
3W_edge_gap_sensitivity_screen,DDR_DQA12,DDR_DMIA1,R18,P17,L8,0.30465,0.3048,-0.00015,via_to_outside_body,via_to_outside_body,under_maximum_body_breakout,under_maximum_body_breakout,0.24375,0.24375
3W_edge_gap_sensitivity_screen,DDR_DQA12,DDR_DMIA1,R18,P17,L8,0.30465,0.3048,-0.00015,via_to_outside_body,via_to_outside_body,under_maximum_body_breakout,under_maximum_body_breakout,0.08125,0.975
3W_edge_gap_sensitivity_screen,DDR_DQA12,DDR_DMIA1,R18,P17,L8,0.30465,0.3048,-0.00015,via_to_outside_body,via_to_outside_body,under_maximum_body_breakout,under_maximum_body_breakout,0.08125,0.24375
3W_edge_gap_sensitivity_screen,DDR_DQA12,DDR_DMIA1,R18,P17,L8,0.233402332,0.3048,-0.071397668,via_to_outside_body,via_to_outside_body,under_maximum_body_breakout,under_maximum_body_breakout,0.08125,0.975
3W_edge_gap_sensitivity_screen,DDR_DQA12,DDR_DMIA1,R18,P17,L8,0.233402332,0.3048,-0.071397668,via_to_outside_body,via_to_outside_body,under_maximum_body_breakout,under_maximum_body_breakout,0.08125,0.24375
3W_edge_gap_sensitivity_screen,DDR_DQA12,DDR_DMIA1,R18,P17,L8,0.233402332,0.3048,-0.071397668,via_to_outside_body,via_to_outside_body,under_maximum_body_breakout,under_maximum_body_breakout,0.94375,0.975
3W_edge_gap_sensitivity_screen,DDR_DQA12,DDR_DMIA1,R18,P17,L8,0.233402332,0.3048,-0.071397668,via_to_outside_body,via_to_outside_body,under_maximum_body_breakout,under_maximum_body_breakout,0.94375,0.24375
3W_edge_gap_sensitivity_screen,DDR_DQA13,DDR_DQA14,T18,U18,L8,0.30465,0.3048,-0.00015,via_to_outside_body,via_to_outside_body,under_maximum_body_breakout,under_maximum_body_breakout,0.975,0.24375
3W_edge_gap_sensitivity_screen,DDR_DQA13,DDR_DQA14,T18,U18,L8,0.30465,0.3048,-0.00015,via_to_outside_body,via_to_outside_body,under_maximum_body_breakout,under_maximum_body_breakout,0.975,0.08125
3W_edge_gap_sensitivity_screen,DDR_DQA13,DDR_DQA14,T18,U18,L8,0.2234,0.3048,-0.0814,via_to_outside_body,via_to_outside_body,under_maximum_body_breakout,under_maximum_body_breakout,0.975,0.08125
3W_edge_gap_sensitivity_screen,DDR_DQA13,DDR_DQA14,T18,U18,L8,0.2234,0.3048,-0.0814,via_to_outside_body,via_to_outside_body,under_maximum_body_breakout,under_maximum_body_breakout,0.975,0.94375
3W_edge_gap_sensitivity_screen,DDR_DQA13,DDR_DQA9,T18,T17,L8,0.2234,0.3048,-0.0814,via_to_outside_body,via_to_outside_body,under_maximum_body_breakout,under_maximum_body_breakout,0.975,0.325
3W_edge_gap_sensitivity_screen,DDR_DQA13,DDR_DQA9,T18,T17,L8,0.2234,0.3048,-0.0814,via_to_outside_body,via_to_outside_body,under_maximum_body_breakout,under_maximum_body_breakout,0.975,3.3
3W_edge_gap_sensitivity_screen,DDR_DQA13,DDR_DQA14,T18,U18,L8,0.2234,0.3048,-0.0814,via_to_outside_body,via_to_outside_body,under_maximum_body_breakout,under_maximum_body_breakout,0.24375,0.94375
3W_edge_gap_sensitivity_screen,DDR_DQA14,DDR_DQA9,U18,T17,L8,0.2234,0.3048,-0.0814,via_to_outside_body,via_to_outside_body,under_maximum_body_breakout,under_maximum_body_breakout,0.325,3.3
3W_edge_gap_sensitivity_screen,DDR_DQA1,DDR_DQA2,V16,U17,L3,0.2234,0.3048,-0.0814,via_to_outside_body,via_to_outside_body,under_maximum_body_breakout,under_maximum_body_breakout,0.325,1.54375
3W_edge_gap_sensitivity_screen,DDR_DMIA0,DDR_DQA5,V17,V18,L3,0.2234,0.3048,-0.0814,via_to_outside_body,via_to_outside_body,under_maximum_body_breakout,under_maximum_body_breakout,0.325,0.325
3W_edge_gap_sensitivity_screen,DDR_DMIA0,DDR_DQA2,V17,U17,L3,0.2234,0.3048,-0.0814,via_to_outside_body,via_to_outside_body,under_maximum_body_breakout,under_maximum_body_breakout,0.325,0.325
3W_edge_gap_sensitivity_screen,DDR_DMIA0,DDR_DQA2,V17,U17,L3,0.2234,0.3048,-0.0814,via_to_outside_body,via_to_outside_body,under_maximum_body_breakout,under_maximum_body_breakout,0.325,1.54375
3W_edge_gap_sensitivity_screen,DDR_DMIA0,DDR_DQA5,V17,V18,L3,0.2234,0.3048,-0.0814,via_to_outside_body,via_to_outside_body,under_maximum_body_breakout,under_maximum_body_breakout,0.24375,0.325
3W_edge_gap_sensitivity_screen,DDR_DMIA0,DDR_DQA2,V17,U17,L3,0.233402332,0.3048,-0.071397668,via_to_outside_body,via_to_outside_body,under_maximum_body_breakout,under_maximum_body_breakout,0.24375,0.325
3W_edge_gap_sensitivity_screen,DDR_DMIA0,DDR_DQA2,V17,U17,L3,0.233402332,0.3048,-0.071397668,via_to_outside_body,via_to_outside_body,under_maximum_body_breakout,under_maximum_body_breakout,0.24375,1.54375
3W_edge_gap_sensitivity_screen,DDR_DMIA0,DDR_DQA5,V17,V18,L3,0.243114556,0.3048,-0.061685444,via_to_outside_body,via_to_outside_body,under_maximum_body_breakout,under_maximum_body_breakout,0.08125,0.325
3W_edge_gap_sensitivity_screen,DDR_DMIA0,DDR_DQA2,V17,U17,L3,0.233402332,0.3048,-0.071397668,via_to_outside_body,via_to_outside_body,under_maximum_body_breakout,under_maximum_body_breakout,0.08125,0.325
3W_edge_gap_sensitivity_screen,DDR_DMIA0,DDR_DQA2,V17,U17,L3,0.233402332,0.3048,-0.071397668,via_to_outside_body,via_to_outside_body,under_maximum_body_breakout,under_maximum_body_breakout,0.08125,1.54375
3W_edge_gap_sensitivity_screen,DDR_DMIA0,DDR_DQA5,V17,V18,L3,0.243114556,0.3048,-0.061685444,via_to_outside_body,via_to_outside_body,under_maximum_body_breakout,under_maximum_body_breakout,0.08125,0.325
3W_edge_gap_sensitivity_screen,DDR_DMIA0,DDR_DQA2,V17,U17,L3,0.30465,0.3048,-0.00015,via_to_outside_body,via_to_outside_body,under_maximum_body_breakout,under_maximum_body_breakout,0.08125,0.325
3W_edge_gap_sensitivity_screen,DDR_DMIA0,DDR_DQA2,V17,U17,L3,0.30465,0.3048,-0.00015,via_to_outside_body,via_to_outside_body,under_maximum_body_breakout,under_maximum_body_breakout,0.08125,1.54375
3W_edge_gap_sensitivity_screen,DDR_DMIA0,DDR_DQA5,V17,V18,L3,0.2234,0.3048,-0.0814,via_to_outside_body,via_to_outside_body,under_maximum_body_breakout,under_maximum_body_breakout,1.59375,0.325
3W_edge_gap_sensitivity_screen,DDR_DMIA0,DDR_DQA5,V17,V18,L3,0.2234,0.3048,-0.0814,via_to_outside_body,via_to_outside_body,under_maximum_body_breakout,under_maximum_body_breakout,1.59375,0.24375
3W_edge_gap_sensitivity_screen,DDR_DMIA0,DDR_DQA2,V17,U17,L3,0.30465,0.3048,-0.00015,via_to_outside_body,via_to_outside_body,under_maximum_body_breakout,under_maximum_body_breakout,1.59375,0.325
3W_edge_gap_sensitivity_screen,DDR_DMIA0,DDR_DQA2,V17,U17,L3,0.30465,0.3048,-0.00015,via_to_outside_body,via_to_outside_body,under_maximum_body_breakout,under_maximum_body_breakout,1.59375,1.54375
3W_edge_gap_sensitivity_screen,DDR_CKEA0,DDR_CAA1,N17,L16,L3,0.30465,0.3048,-0.00015,via_to_outside_body,via_to_outside_body,under_maximum_body_breakout,under_maximum_body_breakout,0.89375,0.975
3W_edge_gap_sensitivity_screen,DDR_CKEA0,DDR_CAA1,N17,L16,L3,0.30465,0.3048,-0.00015,via_to_outside_body,via_to_outside_body,under_maximum_body_breakout,under_maximum_body_breakout,0.89375,0.89375
3W_edge_gap_sensitivity_screen,DDR_CKEA0,DDR_CAA1,N17,L16,L3,0.30465,0.3048,-0.00015,via_to_outside_body,via_to_outside_body,under_maximum_body_breakout,under_maximum_body_breakout,0.08125,0.975
3W_edge_gap_sensitivity_screen,DDR_CKEA0,DDR_CAA1,N17,L16,L3,0.30465,0.3048,-0.00015,via_to_outside_body,via_to_outside_body,under_maximum_body_breakout,under_maximum_body_breakout,0.08125,0.89375
3W_edge_gap_sensitivity_screen,DDR_CKEA0,DDR_CAA1,N17,L16,L3,0.233402332,0.3048,-0.071397668,via_to_outside_body,via_to_outside_body,under_maximum_body_breakout,under_maximum_body_breakout,0.08125,0.975
3W_edge_gap_sensitivity_screen,DDR_CKEA0,DDR_CAA1,N17,L16,L3,0.233402332,0.3048,-0.071397668,via_to_outside_body,via_to_outside_body,under_maximum_body_breakout,under_maximum_body_breakout,0.08125,0.89375
3W_edge_gap_sensitivity_screen,DDR_CKEA0,DDR_CAA1,N17,L16,L3,0.233402332,0.3048,-0.071397668,via_to_outside_body,via_to_outside_body,under_maximum_body_breakout,under_maximum_body_breakout,0.325,0.975
3W_edge_gap_sensitivity_screen,DDR_CKEA0,DDR_CAA1,N17,L16,L3,0.233402332,0.3048,-0.071397668,via_to_outside_body,via_to_outside_body,under_maximum_body_breakout,under_maximum_body_breakout,0.325,0.89375
3W_edge_gap_sensitivity_screen,DDR_DMIA1,DDR_DQA10,P17,P16,L8,0.2234,0.3048,-0.0814,via_to_outside_body,via_to_outside_body,under_maximum_body_breakout,under_maximum_body_breakout,0.975,0.325
3W_edge_gap_sensitivity_screen,DDR_DMIA1,DDR_DQA10,P17,P16,L8,0.2234,0.3048,-0.0814,via_to_outside_body,via_to_outside_body,under_maximum_body_breakout,under_maximum_body_breakout,0.975,0.24375
3W_edge_gap_sensitivity_screen,DDR_DMIA1,DDR_DQA10,P17,P16,L8,0.243114556,0.3048,-0.061685444,via_to_outside_body,via_to_outside_body,under_maximum_body_breakout,under_maximum_body_breakout,0.975,0.08125
3W_edge_gap_sensitivity_screen,DDR_DMIA1,DDR_DQA10,P17,P16,L8,0.243114556,0.3048,-0.061685444,via_to_outside_body,via_to_outside_body,under_maximum_body_breakout,under_maximum_body_breakout,0.975,0.08125
3W_edge_gap_sensitivity_screen,DDR_DMIA1,DDR_DQA10,P17,P16,L8,0.2234,0.3048,-0.0814,via_to_outside_body,via_to_outside_body,under_maximum_body_breakout,under_maximum_body_breakout,0.975,0.975
3W_edge_gap_sensitivity_screen,DDR_DMIA1,DDR_DQA10,P17,P16,L8,0.2234,0.3048,-0.0814,via_to_outside_body,via_to_outside_body,under_maximum_body_breakout,under_maximum_body_breakout,0.975,0.08125
3W_edge_gap_sensitivity_screen,DDR_DMIA1,DDR_DQA10,P17,P16,L8,0.30465,0.3048,-0.00015,via_to_outside_body,via_to_outside_body,under_maximum_body_breakout,under_maximum_body_breakout,0.975,0.08125
3W_edge_gap_sensitivity_screen,DDR_DMIA1,DDR_DQA10,P17,P16,L8,0.30465,0.3048,-0.00015,via_to_outside_body,via_to_outside_body,under_maximum_body_breakout,under_maximum_body_breakout,0.975,0.08125
3W_edge_gap_sensitivity_screen,DDR_DMIA1,DDR_DQA10,P17,P16,L8,0.15533506,0.3048,-0.14946494,via_to_outside_body,via_to_outside_body,under_maximum_body_breakout,under_maximum_body_breakout,0.24375,0.975
3W_edge_gap_sensitivity_screen,DDR_DMIA1,DDR_DQA10,P17,P16,L8,0.15533506,0.3048,-0.14946494,via_to_outside_body,via_to_outside_body,under_maximum_body_breakout,under_maximum_body_breakout,0.24375,0.08125
3W_edge_gap_sensitivity_screen,DDR_DMIA1,DDR_DQA10,P17,P16,L8,0.128209704,0.3048,-0.176590296,via_to_outside_body,via_to_outside_body,under_maximum_body_breakout,under_maximum_body_breakout,0.24375,0.08125
3W_edge_gap_sensitivity_screen,DDR_DMIA1,DDR_DQA10,P17,P16,L8,0.128209704,0.3048,-0.176590296,via_to_outside_body,via_to_outside_body,under_maximum_body_breakout,under_maximum_body_breakout,0.24375,0.08125
3W_edge_gap_sensitivity_screen,DDR_DMIA1,DDR_DQA10,P17,P16,L8,0.15533506,0.3048,-0.14946494,via_to_outside_body,via_to_outside_body,under_maximum_body_breakout,under_maximum_body_breakout,0.24375,0.08125
3W_edge_gap_sensitivity_screen,DDR_DMIA1,DDR_DQA10,P17,P16,L8,0.15533506,0.3048,-0.14946494,via_to_outside_body,via_to_outside_body,under_maximum_body_breakout,under_maximum_body_breakout,0.24375,0.08125
3W_edge_gap_sensitivity_screen,DDR_DMIA1,DDR_DQA10,P17,P16,L8,0.2234,0.3048,-0.0814,via_to_outside_body,via_to_outside_body,under_maximum_body_breakout,under_maximum_body_breakout,0.24375,0.08125
3W_edge_gap_sensitivity_screen,DDR_DMIA1,DDR_DQA10,P17,P16,L8,0.2234,0.3048,-0.0814,via_to_outside_body,via_to_outside_body,under_maximum_body_breakout,under_maximum_body_breakout,0.24375,0.325
3W_edge_gap_sensitivity_screen,DDR_DMIA1,DDR_DQA10,P17,P16,L8,0.15533506,0.3048,-0.14946494,via_to_outside_body,via_to_outside_body,under_maximum_body_breakout,under_maximum_body_breakout,0.08125,0.975
3W_edge_gap_sensitivity_screen,DDR_DMIA1,DDR_DQA10,P17,P16,L8,0.15533506,0.3048,-0.14946494,via_to_outside_body,via_to_outside_body,under_maximum_body_breakout,under_maximum_body_breakout,0.08125,0.08125
3W_edge_gap_sensitivity_screen,DDR_DMIA1,DDR_DQA10,P17,P16,L8,0.128209704,0.3048,-0.176590296,via_to_outside_body,via_to_outside_body,under_maximum_body_breakout,under_maximum_body_breakout,0.08125,0.08125
3W_edge_gap_sensitivity_screen,DDR_DMIA1,DDR_DQA10,P17,P16,L8,0.128209704,0.3048,-0.176590296,via_to_outside_body,via_to_outside_body,under_maximum_body_breakout,under_maximum_body_breakout,0.08125,0.08125
3W_edge_gap_sensitivity_screen,DDR_DMIA1,DDR_DQA10,P17,P16,L8,0.15533506,0.3048,-0.14946494,via_to_outside_body,via_to_outside_body,under_maximum_body_breakout,under_maximum_body_breakout,0.08125,0.08125
3W_edge_gap_sensitivity_screen,DDR_DMIA1,DDR_DQA10,P17,P16,L8,0.15533506,0.3048,-0.14946494,via_to_outside_body,via_to_outside_body,under_maximum_body_breakout,under_maximum_body_breakout,0.08125,0.08125
3W_edge_gap_sensitivity_screen,DDR_DMIA1,DDR_DQA10,P17,P16,L8,0.2234,0.3048,-0.0814,via_to_outside_body,via_to_outside_body,under_maximum_body_breakout,under_maximum_body_breakout,0.08125,0.08125
3W_edge_gap_sensitivity_screen,DDR_DMIA1,DDR_DQA10,P17,P16,L8,0.2234,0.3048,-0.0814,via_to_outside_body,via_to_outside_body,under_maximum_body_breakout,under_maximum_body_breakout,0.08125,0.325
3W_edge_gap_sensitivity_screen,DDR_DMIA1,DDR_DQA10,P17,P16,L8,0.2234,0.3048,-0.0814,via_to_outside_body,via_to_outside_body,under_maximum_body_breakout,under_maximum_body_breakout,0.08125,0.975
3W_edge_gap_sensitivity_screen,DDR_DMIA1,DDR_DQA10,P17,P16,L8,0.2234,0.3048,-0.0814,via_to_outside_body,via_to_outside_body,under_maximum_body_breakout,under_maximum_body_breakout,0.08125,0.08125
3W_edge_gap_sensitivity_screen,DDR_DMIA1,DDR_DQA10,P17,P16,L8,0.15533506,0.3048,-0.14946494,via_to_outside_body,via_to_outside_body,under_maximum_body_breakout,under_maximum_body_breakout,0.08125,0.08125
3W_edge_gap_sensitivity_screen,DDR_DMIA1,DDR_DQA10,P17,P16,L8,0.15533506,0.3048,-0.14946494,via_to_outside_body,via_to_outside_body,under_maximum_body_breakout,under_maximum_body_breakout,0.08125,0.08125
3W_edge_gap_sensitivity_screen,DDR_DMIA1,DDR_DQA10,P17,P16,L8,0.128209704,0.3048,-0.176590296,via_to_outside_body,via_to_outside_body,under_maximum_body_breakout,under_maximum_body_breakout,0.08125,0.08125
3W_edge_gap_sensitivity_screen,DDR_DMIA1,DDR_DQA10,P17,P16,L8,0.128209704,0.3048,-0.176590296,via_to_outside_body,via_to_outside_body,under_maximum_body_breakout,under_maximum_body_breakout,0.08125,0.08125
3W_edge_gap_sensitivity_screen,DDR_DMIA1,DDR_DQA10,P17,P16,L8,0.15533506,0.3048,-0.14946494,via_to_outside_body,via_to_outside_body,under_maximum_body_breakout,under_maximum_body_breakout,0.08125,0.08125
3W_edge_gap_sensitivity_screen,DDR_DMIA1,DDR_DQA10,P17,P16,L8,0.15533506,0.3048,-0.14946494,via_to_outside_body,via_to_outside_body,under_maximum_body_breakout,under_maximum_body_breakout,0.08125,0.325
3W_edge_gap_sensitivity_screen,DDR_DMIA1,DDR_DQA10,P17,P16,L8,0.2234,0.3048,-0.0814,via_to_outside_body,via_to_outside_body,under_maximum_body_breakout,under_maximum_body_breakout,0.94375,0.975
3W_edge_gap_sensitivity_screen,DDR_DMIA1,DDR_DQA10,P17,P16,L8,0.2234,0.3048,-0.0814,via_to_outside_body,via_to_outside_body,under_maximum_body_breakout,under_maximum_body_breakout,0.94375,0.08125
3W_edge_gap_sensitivity_screen,DDR_DMIA1,DDR_DQA10,P17,P16,L8,0.15533506,0.3048,-0.14946494,via_to_outside_body,via_to_outside_body,under_maximum_body_breakout,under_maximum_body_breakout,0.94375,0.08125
3W_edge_gap_sensitivity_screen,DDR_DMIA1,DDR_DQA10,P17,P16,L8,0.15533506,0.3048,-0.14946494,via_to_outside_body,via_to_outside_body,under_maximum_body_breakout,under_maximum_body_breakout,0.94375,0.08125
3W_edge_gap_sensitivity_screen,DDR_DMIA1,DDR_DQA10,P17,P16,L8,0.128209704,0.3048,-0.176590296,via_to_outside_body,via_to_outside_body,under_maximum_body_breakout,under_maximum_body_breakout,0.94375,0.08125
3W_edge_gap_sensitivity_screen,DDR_DMIA1,DDR_DQA10,P17,P16,L8,0.128209704,0.3048,-0.176590296,via_to_outside_body,via_to_outside_body,under_maximum_body_breakout,under_maximum_body_breakout,0.94375,0.08125
3W_edge_gap_sensitivity_screen,DDR_DMIA1,DDR_DQA10,P17,P16,L8,0.15533506,0.3048,-0.14946494,via_to_outside_body,via_to_outside_body,under_maximum_body_breakout,under_maximum_body_breakout,0.94375,0.08125
3W_edge_gap_sensitivity_screen,DDR_DMIA1,DDR_DQA10,P17,P16,L8,0.15533506,0.3048,-0.14946494,via_to_outside_body,via_to_outside_body,under_maximum_body_breakout,under_maximum_body_breakout,0.94375,0.325
3W_edge_gap_sensitivity_screen,DDR_DQA11,DDR_DQA9,R17,T17,L8,0.2234,0.3048,-0.0814,via_to_outside_body,via_to_outside_body,under_maximum_body_breakout,under_maximum_body_breakout,0.325,0.325
3W_edge_gap_sensitivity_screen,DDR_DQA11,DDR_DQA9,R17,T17,L8,0.2234,0.3048,-0.0814,via_to_outside_body,via_to_outside_body,under_maximum_body_breakout,under_maximum_body_breakout,0.24375,0.325
3W_edge_gap_sensitivity_screen,DDR_DQA11,DDR_DQA9,R17,T17,L8,0.243114556,0.3048,-0.061685444,via_to_outside_body,via_to_outside_body,under_maximum_body_breakout,under_maximum_body_breakout,0.08125,0.325
3W_edge_gap_sensitivity_screen,DDR_DQA11,DDR_DQA9,R17,T17,L8,0.243114556,0.3048,-0.061685444,via_to_outside_body,via_to_outside_body,under_maximum_body_breakout,under_maximum_body_breakout,0.08125,0.325
3W_edge_gap_sensitivity_screen,DDR_DQA11,DDR_DQA9,R17,T17,L8,0.2234,0.3048,-0.0814,via_to_outside_body,via_to_outside_body,under_maximum_body_breakout,under_maximum_body_breakout,3.54375,0.325
3W_edge_gap_sensitivity_screen,DDR_DQA4,DDR_DQA2,U16,U17,L3,0.2234,0.3048,-0.0814,via_to_outside_body,via_to_outside_body,under_maximum_body_breakout,under_maximum_body_breakout,0.325,0.325
3W_edge_gap_sensitivity_screen,DDR_DQA4,DDR_DQA2,U16,U17,L3,0.2234,0.3048,-0.0814,via_to_outside_body,via_to_outside_body,under_maximum_body_breakout,under_maximum_body_breakout,0.325,1.54375
3W_edge_gap_sensitivity_screen,DDR_DQA4,DDR_DQA2,U16,U17,L3,0.2234,0.3048,-0.0814,via_to_outside_body,via_to_outside_body,under_maximum_body_breakout,under_maximum_body_breakout,0.24375,0.325
3W_edge_gap_sensitivity_screen,DDR_DQA4,DDR_DQA2,U16,U17,L3,0.2234,0.3048,-0.0814,via_to_outside_body,via_to_outside_body,under_maximum_body_breakout,under_maximum_body_breakout,0.24375,1.54375
3W_edge_gap_sensitivity_screen,DDR_DQA4,DDR_DQA3,U16,T16,L3,0.30465,0.3048,-0.00015,via_to_outside_body,via_to_outside_body,under_maximum_body_breakout,under_maximum_body_breakout,0.24375,0.325
3W_edge_gap_sensitivity_screen,DDR_DQA4,DDR_DQA3,U16,T16,L3,0.30465,0.3048,-0.00015,via_to_outside_body,via_to_outside_body,under_maximum_body_breakout,under_maximum_body_breakout,0.24375,0.24375
3W_edge_gap_sensitivity_screen,DDR_DQA4,DDR_DQA2,U16,U17,L3,0.243114556,0.3048,-0.061685444,via_to_outside_body,via_to_outside_body,under_maximum_body_breakout,under_maximum_body_breakout,0.08125,0.325
3W_edge_gap_sensitivity_screen,DDR_DQA4,DDR_DQA3,U16,T16,L3,0.30465,0.3048,-0.00015,via_to_outside_body,via_to_outside_body,under_maximum_body_breakout,under_maximum_body_breakout,0.08125,0.325
3W_edge_gap_sensitivity_screen,DDR_DQA4,DDR_DQA3,U16,T16,L3,0.30465,0.3048,-0.00015,via_to_outside_body,via_to_outside_body,under_maximum_body_breakout,under_maximum_body_breakout,0.08125,0.24375
3W_edge_gap_sensitivity_screen,DDR_DQA4,DDR_DQA2,U16,U17,L3,0.243114556,0.3048,-0.061685444,via_to_outside_body,via_to_outside_body,under_maximum_body_breakout,under_maximum_body_breakout,0.08125,0.325
3W_edge_gap_sensitivity_screen,DDR_DQA4,DDR_DQA3,U16,T16,L3,0.233402332,0.3048,-0.071397668,via_to_outside_body,via_to_outside_body,under_maximum_body_breakout,under_maximum_body_breakout,0.08125,0.325
3W_edge_gap_sensitivity_screen,DDR_DQA4,DDR_DQA3,U16,T16,L3,0.233402332,0.3048,-0.071397668,via_to_outside_body,via_to_outside_body,under_maximum_body_breakout,under_maximum_body_breakout,0.08125,0.24375
3W_edge_gap_sensitivity_screen,DDR_DQA4,DDR_DQA2,U16,U17,L3,0.2234,0.3048,-0.0814,via_to_outside_body,via_to_outside_body,under_maximum_body_breakout,under_maximum_body_breakout,2.24375,0.325
3W_edge_gap_sensitivity_screen,DDR_DQA4,DDR_DQA3,U16,T16,L3,0.233402332,0.3048,-0.071397668,via_to_outside_body,via_to_outside_body,under_maximum_body_breakout,under_maximum_body_breakout,2.24375,0.325
3W_edge_gap_sensitivity_screen,DDR_DQA4,DDR_DQA3,U16,T16,L3,0.233402332,0.3048,-0.071397668,via_to_outside_body,via_to_outside_body,under_maximum_body_breakout,under_maximum_body_breakout,2.24375,0.24375
3W_edge_gap_sensitivity_screen,DDR_CAA1,DDR_RESET,L16,J16,L3,0.30465,0.3048,-0.00015,via_to_outside_body,via_to_outside_body,under_maximum_body_breakout,under_maximum_body_breakout,0.89375,0.975
3W_edge_gap_sensitivity_screen,DDR_CAA1,DDR_RESET,L16,J16,L3,0.30465,0.3048,-0.00015,via_to_outside_body,via_to_outside_body,under_maximum_body_breakout,under_maximum_body_breakout,0.89375,0.24375
3W_edge_gap_sensitivity_screen,DDR_CAA1,DDR_RESET,L16,J16,L3,0.30465,0.3048,-0.00015,via_to_outside_body,via_to_outside_body,under_maximum_body_breakout,under_maximum_body_breakout,0.08125,0.975
3W_edge_gap_sensitivity_screen,DDR_CAA1,DDR_RESET,L16,J16,L3,0.30465,0.3048,-0.00015,via_to_outside_body,via_to_outside_body,under_maximum_body_breakout,under_maximum_body_breakout,0.08125,0.24375
3W_edge_gap_sensitivity_screen,DDR_CAA1,DDR_RESET,L16,J16,L3,0.233402332,0.3048,-0.071397668,via_to_outside_body,via_to_outside_body,under_maximum_body_breakout,under_maximum_body_breakout,0.08125,0.975
3W_edge_gap_sensitivity_screen,DDR_CAA1,DDR_RESET,L16,J16,L3,0.233402332,0.3048,-0.071397668,via_to_outside_body,via_to_outside_body,under_maximum_body_breakout,under_maximum_body_breakout,0.08125,0.24375
3W_edge_gap_sensitivity_screen,DDR_CAA1,DDR_RESET,L16,J16,L3,0.233402332,0.3048,-0.071397668,via_to_outside_body,via_to_outside_body,under_maximum_body_breakout,under_maximum_body_breakout,1.59375,0.975
3W_edge_gap_sensitivity_screen,DDR_CAA1,DDR_RESET,L16,J16,L3,0.233402332,0.3048,-0.071397668,via_to_outside_body,via_to_outside_body,under_maximum_body_breakout,under_maximum_body_breakout,1.59375,0.24375
figure_2H_within_byte,DDR_DQB0,DDR_DQB3,A14,B14,L8,0.2234,0.239,-0.0156,via_to_outside_body,via_to_outside_body,under_maximum_body_breakout,under_maximum_body_breakout,0.05,0.325
figure_2H_within_byte,DDR_DQB0,DDR_DQB3,A14,B14,L8,0.2234,0.239,-0.0156,via_to_outside_body,via_to_outside_body,under_maximum_body_breakout,under_maximum_body_breakout,0.05,0.24375
figure_2H_within_byte,DDR_DQB0,DDR_DQB3,A14,B14,L8,0.2234,0.239,-0.0156,via_to_outside_body,via_to_outside_body,under_maximum_body_breakout,under_maximum_body_breakout,0.05,0.29375
figure_2H_within_byte,DDR_DQB0,DDR_DQB3,A14,B14,L8,0.2234,0.239,-0.0156,via_to_outside_body,via_to_outside_body,under_maximum_body_breakout,local_extension_outside_body,0.05,0.6
figure_2H_within_byte,DDR_DQB0,DDR_DQB3,A14,B14,L8,0.2234,0.239,-0.0156,via_to_outside_body,via_to_outside_body,local_extension_outside_body,under_maximum_body_breakout,0.6,0.29375
figure_2H_within_byte,DDR_DQB0,DDR_DQB3,A14,B14,L8,0.2234,0.239,-0.0156,via_to_outside_body,via_to_outside_body,local_extension_outside_body,local_extension_outside_body,0.6,0.6
figure_2H_within_byte,DDR_DQB1,DDR_DQB7,A17,B17,L8,0.2234,0.239,-0.0156,via_to_outside_body,via_to_outside_body,under_maximum_body_breakout,under_maximum_body_breakout,0.05,0.325
figure_2H_within_byte,DDR_DQB1,DDR_DQB7,A17,B17,L8,0.2234,0.239,-0.0156,via_to_outside_body,via_to_outside_body,under_maximum_body_breakout,under_maximum_body_breakout,0.05,0.24375
figure_2H_within_byte,DDR_DQB1,DDR_DQB7,A17,B17,L8,0.2234,0.239,-0.0156,via_to_outside_body,via_to_outside_body,under_maximum_body_breakout,under_maximum_body_breakout,0.05,0.29375
figure_2H_within_byte,DDR_DQB1,DDR_DQB7,A17,B17,L8,0.2234,0.239,-0.0156,via_to_outside_body,via_to_outside_body,under_maximum_body_breakout,local_extension_outside_body,0.05,0.6
figure_2H_within_byte,DDR_DQB1,DDR_DMIB0,A17,C15,L8,0.2234,0.239,-0.0156,via_to_outside_body,via_to_outside_body,under_maximum_body_breakout,under_maximum_body_breakout,0.05,0.94375
figure_2H_within_byte,DDR_DQB1,DDR_DMIB0,A17,C15,L8,0.2234,0.239,-0.0156,via_to_outside_body,via_to_outside_body,under_maximum_body_breakout,local_extension_outside_body,0.05,0.6
figure_2H_within_byte,DDR_DQB1,DDR_DQB7,A17,B17,L8,0.2234,0.239,-0.0156,via_to_outside_body,via_to_outside_body,local_extension_outside_body,under_maximum_body_breakout,0.6,0.29375
figure_2H_within_byte,DDR_DQB1,DDR_DQB7,A17,B17,L8,0.2234,0.239,-0.0156,via_to_outside_body,via_to_outside_body,local_extension_outside_body,local_extension_outside_body,0.6,0.6
figure_2H_within_byte,DDR_DQB1,DDR_DMIB0,A17,C15,L8,0.2234,0.239,-0.0156,via_to_outside_body,via_to_outside_body,local_extension_outside_body,under_maximum_body_breakout,0.6,0.94375
figure_2H_within_byte,DDR_DQB1,DDR_DMIB0,A17,C15,L8,0.2234,0.239,-0.0156,via_to_outside_body,via_to_outside_body,local_extension_outside_body,local_extension_outside_body,0.6,0.6
figure_2H_within_byte,DDR_DQA15,DDR_DQA14,U20,U18,L8,0.2234,0.239,-0.0156,via_to_outside_body,via_to_outside_body,under_maximum_body_breakout,under_maximum_body_breakout,0.05,0.94375
figure_2H_within_byte,DDR_DQA15,DDR_DQA14,U20,U18,L8,0.2234,0.239,-0.0156,via_to_outside_body,via_to_outside_body,under_maximum_body_breakout,local_extension_outside_body,0.05,0.6
figure_2H_within_byte,DDR_DQA15,DDR_DQA14,U20,U18,L8,0.2234,0.239,-0.0156,via_to_outside_body,via_to_outside_body,local_extension_outside_body,under_maximum_body_breakout,0.6,0.94375
figure_2H_within_byte,DDR_DQA15,DDR_DQA14,U20,U18,L8,0.2234,0.239,-0.0156,via_to_outside_body,via_to_outside_body,local_extension_outside_body,local_extension_outside_body,0.6,0.6
figure_2H_within_byte,DDR_DQA0,DDR_DQA1,Y16,V16,L3,0.2234,0.26,-0.0366,via_to_outside_body,via_to_outside_body,under_maximum_body_breakout,under_maximum_body_breakout,0.7,1.59375
figure_2H_within_byte,DDR_DQA0,DDR_DQA1,Y16,V16,L3,0.2234,0.26,-0.0366,via_to_outside_body,via_to_outside_body,under_maximum_body_breakout,local_extension_outside_body,0.7,0.6
figure_2H_within_byte,DDR_DQA0,DDR_DQA1,Y16,V16,L3,0.2234,0.26,-0.0366,via_to_outside_body,via_to_outside_body,local_extension_outside_body,under_maximum_body_breakout,0.6,1.59375
figure_2H_within_byte,DDR_DQA0,DDR_DQA1,Y16,V16,L3,0.2234,0.26,-0.0366,via_to_outside_body,via_to_outside_body,local_extension_outside_body,local_extension_outside_body,0.6,0.6
figure_2H_within_byte,DDR_DQA7,DDR_DQA6,Y18,W18,L3,0.2234,0.26,-0.0366,via_to_outside_body,via_to_outside_body,under_maximum_body_breakout,under_maximum_body_breakout,0.7,0.325
figure_2H_within_byte,DDR_DQA7,DDR_DQA6,Y18,W18,L3,0.2234,0.26,-0.0366,via_to_outside_body,via_to_outside_body,under_maximum_body_breakout,under_maximum_body_breakout,0.7,0.24375
figure_2H_within_byte,DDR_DQA7,DDR_DQA6,Y18,W18,L3,0.243114556,0.26,-0.016885444,via_to_outside_body,via_to_outside_body,under_maximum_body_breakout,under_maximum_body_breakout,0.7,0.08125
figure_2H_within_byte,DDR_DQA7,DDR_DQA6,Y18,W18,L3,0.243114556,0.26,-0.016885444,via_to_outside_body,via_to_outside_body,under_maximum_body_breakout,under_maximum_body_breakout,0.7,0.08125
figure_2H_within_byte,DDR_DQA7,DDR_DQA6,Y18,W18,L3,0.2234,0.26,-0.0366,via_to_outside_body,via_to_outside_body,under_maximum_body_breakout,under_maximum_body_breakout,0.7,0.94375
figure_2H_within_byte,DDR_DQA7,DDR_DQA6,Y18,W18,L3,0.2234,0.26,-0.0366,via_to_outside_body,via_to_outside_body,under_maximum_body_breakout,local_extension_outside_body,0.7,0.6
figure_2H_within_byte,DDR_DQA7,DDR_DQA6,Y18,W18,L3,0.2234,0.26,-0.0366,via_to_outside_body,via_to_outside_body,local_extension_outside_body,under_maximum_body_breakout,0.6,0.94375
figure_2H_within_byte,DDR_DQA7,DDR_DQA6,Y18,W18,L3,0.2234,0.26,-0.0366,via_to_outside_body,via_to_outside_body,local_extension_outside_body,local_extension_outside_body,0.6,0.6
figure_2H_within_byte,DDR_DQB3,DDR_DQB2,B14,C14,L8,0.2234,0.239,-0.0156,via_to_outside_body,via_to_outside_body,under_maximum_body_breakout,under_maximum_body_breakout,0.325,0.325
figure_2H_within_byte,DDR_DQB3,DDR_DQB2,B14,C14,L8,0.2234,0.239,-0.0156,via_to_outside_body,via_to_outside_body,under_maximum_body_breakout,under_maximum_body_breakout,0.325,0.89375
figure_2H_within_byte,DDR_DQB5,DDR_DQB7,B16,B17,L8,0.233402332,0.239,-0.005597668,via_to_outside_body,via_to_outside_body,under_maximum_body_breakout,under_maximum_body_breakout,0.325,0.08125
figure_2H_within_byte,DDR_DQB5,DDR_DQB7,B16,B17,L8,0.233402332,0.239,-0.005597668,via_to_outside_body,via_to_outside_body,under_maximum_body_breakout,under_maximum_body_breakout,0.325,0.29375
figure_2H_within_byte,DDR_DQB5,DDR_DMIB0,B16,C15,L8,0.2234,0.239,-0.0156,via_to_outside_body,via_to_outside_body,under_maximum_body_breakout,under_maximum_body_breakout,0.325,1.54375
figure_2H_within_byte,DDR_DQB5,DDR_DQB7,B16,B17,L8,0.233402332,0.239,-0.005597668,via_to_outside_body,via_to_outside_body,under_maximum_body_breakout,under_maximum_body_breakout,0.24375,0.08125
figure_2H_within_byte,DDR_DQB5,DDR_DQB7,B16,B17,L8,0.233402332,0.239,-0.005597668,via_to_outside_body,via_to_outside_body,under_maximum_body_breakout,under_maximum_body_breakout,0.24375,0.29375
figure_2H_within_byte,DDR_DQB7,DDR_DMIB0,B17,C15,L8,0.2234,0.239,-0.0156,via_to_outside_body,via_to_outside_body,under_maximum_body_breakout,under_maximum_body_breakout,0.325,1.54375
figure_2H_within_byte,DDR_DQB7,DDR_DMIB0,B17,C15,L8,0.2234,0.239,-0.0156,via_to_outside_body,via_to_outside_body,under_maximum_body_breakout,under_maximum_body_breakout,0.325,0.94375
figure_2H_within_byte,DDR_DQB7,DDR_DMIB0,B17,C15,L8,0.2234,0.239,-0.0156,via_to_outside_body,via_to_outside_body,under_maximum_body_breakout,under_maximum_body_breakout,0.24375,0.94375
figure_2H_within_byte,DDR_DQB15,DDR_DQB8,B19,C18,L3,0.2234,0.26,-0.0366,via_to_outside_body,via_to_outside_body,under_maximum_body_breakout,under_maximum_body_breakout,0.325,0.94375
figure_2H_within_byte,DDR_DQB14,DDR_DQB8,C19,C18,L3,0.2234,0.26,-0.0366,via_to_outside_body,via_to_outside_body,under_maximum_body_breakout,under_maximum_body_breakout,0.7,0.325
figure_2H_within_byte,DDR_DQB14,DDR_DQB8,C19,C18,L3,0.2234,0.26,-0.0366,via_to_outside_body,via_to_outside_body,under_maximum_body_breakout,under_maximum_body_breakout,0.7,0.24375
figure_2H_within_byte,DDR_DQB14,DDR_DQB8,C19,C18,L3,0.243114556,0.26,-0.016885444,via_to_outside_body,via_to_outside_body,under_maximum_body_breakout,under_maximum_body_breakout,0.7,0.08125
figure_2H_within_byte,DDR_DQB14,DDR_DQB8,C19,C18,L3,0.243114556,0.26,-0.016885444,via_to_outside_body,via_to_outside_body,under_maximum_body_breakout,under_maximum_body_breakout,0.7,0.08125
figure_2H_within_byte,DDR_DQB14,DDR_DQB8,C19,C18,L3,0.2234,0.26,-0.0366,via_to_outside_body,via_to_outside_body,under_maximum_body_breakout,under_maximum_body_breakout,0.7,0.94375
figure_2H_within_byte,DDR_DQB14,DDR_DQB8,C19,C18,L3,0.2234,0.26,-0.0366,via_to_outside_body,via_to_outside_body,under_maximum_body_breakout,local_extension_outside_body,0.7,0.6
figure_2H_within_byte,DDR_DQB14,DDR_DQB10,C19,D17,L3,0.2234,0.26,-0.0366,via_to_outside_body,via_to_outside_body,under_maximum_body_breakout,under_maximum_body_breakout,0.7,1.59375
figure_2H_within_byte,DDR_DQB14,DDR_DQB10,C19,D17,L3,0.2234,0.26,-0.0366,via_to_outside_body,via_to_outside_body,under_maximum_body_breakout,local_extension_outside_body,0.7,0.6
figure_2H_within_byte,DDR_DQB14,DDR_DQB8,C19,C18,L3,0.2234,0.26,-0.0366,via_to_outside_body,via_to_outside_body,local_extension_outside_body,under_maximum_body_breakout,0.6,0.94375
figure_2H_within_byte,DDR_DQB14,DDR_DQB8,C19,C18,L3,0.2234,0.26,-0.0366,via_to_outside_body,via_to_outside_body,local_extension_outside_body,local_extension_outside_body,0.6,0.6
figure_2H_within_byte,DDR_DQB14,DDR_DQB10,C19,D17,L3,0.2234,0.26,-0.0366,via_to_outside_body,via_to_outside_body,local_extension_outside_body,under_maximum_body_breakout,0.6,1.59375
figure_2H_within_byte,DDR_DQB14,DDR_DQB10,C19,D17,L3,0.2234,0.26,-0.0366,via_to_outside_body,via_to_outside_body,local_extension_outside_body,local_extension_outside_body,0.6,0.6
figure_2H_within_byte,DDR_DQB2,DDR_DQB4,C14,D14,L8,0.2234,0.239,-0.0156,via_to_outside_body,via_to_outside_body,under_maximum_body_breakout,under_maximum_body_breakout,0.325,0.325
figure_2H_within_byte,DDR_DQB2,DDR_DQB4,C14,D14,L8,0.2234,0.239,-0.0156,via_to_outside_body,via_to_outside_body,under_maximum_body_breakout,under_maximum_body_breakout,0.325,1.54375
figure_2H_within_byte,DDR_DMIB0,DDR_DQB6,C15,C16,L8,0.2234,0.239,-0.0156,via_to_outside_body,via_to_outside_body,under_maximum_body_breakout,under_maximum_body_breakout,1.54375,0.325
figure_2H_within_byte,DDR_DMIB0,DDR_DQB6,C15,C16,L8,0.2234,0.239,-0.0156,via_to_outside_body,via_to_outside_body,under_maximum_body_breakout,under_maximum_body_breakout,1.54375,0.24375
figure_2H_within_byte,DDR_DQB8,DDR_DQB10,C18,D17,L3,0.2234,0.26,-0.0366,via_to_outside_body,via_to_outside_body,under_maximum_body_breakout,under_maximum_body_breakout,0.325,1.59375
figure_2H_within_byte,DDR_DQB8,DDR_DQB10,C18,D17,L3,0.2234,0.26,-0.0366,via_to_outside_body,via_to_outside_body,under_maximum_body_breakout,under_maximum_body_breakout,0.24375,1.59375
figure_2H_within_byte,DDR_DMIB1,DDR_DQB12,D18,E18,L3,0.2234,0.26,-0.0366,via_to_outside_body,via_to_outside_body,under_maximum_body_breakout,under_maximum_body_breakout,1.35,0.08125
figure_2H_within_byte,DDR_DMIB1,DDR_DQB12,D18,E18,L3,0.2234,0.26,-0.0366,via_to_outside_body,via_to_outside_body,under_maximum_body_breakout,under_maximum_body_breakout,1.35,0.94375
figure_2H_within_byte,DDR_DMIB1,DDR_DQB12,D18,E18,L3,0.2234,0.26,-0.0366,via_to_outside_body,via_to_outside_body,under_maximum_body_breakout,local_extension_outside_body,1.35,0.6
figure_2H_within_byte,DDR_DMIB1,DDR_DQB10,D18,D17,L3,0.2234,0.26,-0.0366,via_to_outside_body,via_to_outside_body,under_maximum_body_breakout,under_maximum_body_breakout,1.35,0.325
figure_2H_within_byte,DDR_DMIB1,DDR_DQB10,D18,D17,L3,0.2234,0.26,-0.0366,via_to_outside_body,via_to_outside_body,under_maximum_body_breakout,under_maximum_body_breakout,1.35,0.24375
figure_2H_within_byte,DDR_DMIB1,DDR_DQB10,D18,D17,L3,0.243114556,0.26,-0.016885444,via_to_outside_body,via_to_outside_body,under_maximum_body_breakout,under_maximum_body_breakout,1.35,0.08125
figure_2H_within_byte,DDR_DMIB1,DDR_DQB10,D18,D17,L3,0.243114556,0.26,-0.016885444,via_to_outside_body,via_to_outside_body,under_maximum_body_breakout,under_maximum_body_breakout,1.35,0.08125
figure_2H_within_byte,DDR_DMIB1,DDR_DQB10,D18,D17,L3,0.2234,0.26,-0.0366,via_to_outside_body,via_to_outside_body,under_maximum_body_breakout,under_maximum_body_breakout,1.35,1.59375
figure_2H_within_byte,DDR_DMIB1,DDR_DQB10,D18,D17,L3,0.2234,0.26,-0.0366,via_to_outside_body,via_to_outside_body,under_maximum_body_breakout,local_extension_outside_body,1.35,0.6
figure_2H_within_byte,DDR_DMIB1,DDR_DQB12,D18,E18,L3,0.2234,0.26,-0.0366,via_to_outside_body,via_to_outside_body,local_extension_outside_body,under_maximum_body_breakout,0.6,0.94375
figure_2H_within_byte,DDR_DMIB1,DDR_DQB12,D18,E18,L3,0.2234,0.26,-0.0366,via_to_outside_body,via_to_outside_body,local_extension_outside_body,local_extension_outside_body,0.6,0.6
figure_2H_within_byte,DDR_DMIB1,DDR_DQB10,D18,D17,L3,0.2234,0.26,-0.0366,via_to_outside_body,via_to_outside_body,local_extension_outside_body,under_maximum_body_breakout,0.6,1.59375
figure_2H_within_byte,DDR_DMIB1,DDR_DQB10,D18,D17,L3,0.2234,0.26,-0.0366,via_to_outside_body,via_to_outside_body,local_extension_outside_body,local_extension_outside_body,0.6,0.6
figure_2H_within_byte,DDR_DQB12,DDR_DQB11,E18,E17,L3,0.2234,0.26,-0.0366,via_to_outside_body,via_to_outside_body,under_maximum_body_breakout,under_maximum_body_breakout,0.325,0.325
figure_2H_within_byte,DDR_DQB12,DDR_DQB11,E18,E17,L3,0.2234,0.26,-0.0366,via_to_outside_body,via_to_outside_body,under_maximum_body_breakout,under_maximum_body_breakout,0.325,0.24375
figure_2H_within_byte,DDR_DQB12,DDR_DQB11,E18,E17,L3,0.243114556,0.26,-0.016885444,via_to_outside_body,via_to_outside_body,under_maximum_body_breakout,under_maximum_body_breakout,0.325,0.08125
figure_2H_within_byte,DDR_DQB12,DDR_DQB11,E18,E17,L3,0.243114556,0.26,-0.016885444,via_to_outside_body,via_to_outside_body,under_maximum_body_breakout,under_maximum_body_breakout,0.325,0.08125
figure_2H_within_byte,DDR_DQB12,DDR_DQB11,E18,E17,L3,0.2234,0.26,-0.0366,via_to_outside_body,via_to_outside_body,under_maximum_body_breakout,under_maximum_body_breakout,0.325,1.59375
figure_2H_within_byte,DDR_DQB12,DDR_DQB11,E18,E17,L3,0.2234,0.26,-0.0366,via_to_outside_body,via_to_outside_body,under_maximum_body_breakout,under_maximum_body_breakout,0.24375,1.59375
figure_2H_within_byte,DDR_DQA12,DDR_DMIA1,R18,P17,L8,0.233402332,0.239,-0.005597668,via_to_outside_body,via_to_outside_body,under_maximum_body_breakout,under_maximum_body_breakout,0.08125,0.975
figure_2H_within_byte,DDR_DQA12,DDR_DMIA1,R18,P17,L8,0.233402332,0.239,-0.005597668,via_to_outside_body,via_to_outside_body,under_maximum_body_breakout,under_maximum_body_breakout,0.08125,0.24375
figure_2H_within_byte,DDR_DQA12,DDR_DMIA1,R18,P17,L8,0.233402332,0.239,-0.005597668,via_to_outside_body,via_to_outside_body,under_maximum_body_breakout,under_maximum_body_breakout,0.94375,0.975
figure_2H_within_byte,DDR_DQA12,DDR_DMIA1,R18,P17,L8,0.233402332,0.239,-0.005597668,via_to_outside_body,via_to_outside_body,under_maximum_body_breakout,under_maximum_body_breakout,0.94375,0.24375
figure_2H_within_byte,DDR_DQA13,DDR_DQA14,T18,U18,L8,0.2234,0.239,-0.0156,via_to_outside_body,via_to_outside_body,under_maximum_body_breakout,under_maximum_body_breakout,0.975,0.08125
figure_2H_within_byte,DDR_DQA13,DDR_DQA14,T18,U18,L8,0.2234,0.239,-0.0156,via_to_outside_body,via_to_outside_body,under_maximum_body_breakout,under_maximum_body_breakout,0.975,0.94375
figure_2H_within_byte,DDR_DQA13,DDR_DQA9,T18,T17,L8,0.2234,0.239,-0.0156,via_to_outside_body,via_to_outside_body,under_maximum_body_breakout,under_maximum_body_breakout,0.975,0.325
figure_2H_within_byte,DDR_DQA13,DDR_DQA9,T18,T17,L8,0.2234,0.239,-0.0156,via_to_outside_body,via_to_outside_body,under_maximum_body_breakout,under_maximum_body_breakout,0.975,3.3
figure_2H_within_byte,DDR_DQA13,DDR_DQA14,T18,U18,L8,0.2234,0.239,-0.0156,via_to_outside_body,via_to_outside_body,under_maximum_body_breakout,under_maximum_body_breakout,0.24375,0.94375
figure_2H_within_byte,DDR_DQA14,DDR_DQA9,U18,T17,L8,0.2234,0.239,-0.0156,via_to_outside_body,via_to_outside_body,under_maximum_body_breakout,under_maximum_body_breakout,0.325,3.3
figure_2H_within_byte,DDR_DQA1,DDR_DQA2,V16,U17,L3,0.2234,0.26,-0.0366,via_to_outside_body,via_to_outside_body,under_maximum_body_breakout,under_maximum_body_breakout,0.325,1.54375
figure_2H_within_byte,DDR_DMIA0,DDR_DQA5,V17,V18,L3,0.2234,0.26,-0.0366,via_to_outside_body,via_to_outside_body,under_maximum_body_breakout,under_maximum_body_breakout,0.325,0.325
figure_2H_within_byte,DDR_DMIA0,DDR_DQA2,V17,U17,L3,0.2234,0.26,-0.0366,via_to_outside_body,via_to_outside_body,under_maximum_body_breakout,under_maximum_body_breakout,0.325,0.325
figure_2H_within_byte,DDR_DMIA0,DDR_DQA2,V17,U17,L3,0.2234,0.26,-0.0366,via_to_outside_body,via_to_outside_body,under_maximum_body_breakout,under_maximum_body_breakout,0.325,1.54375
figure_2H_within_byte,DDR_DMIA0,DDR_DQA5,V17,V18,L3,0.2234,0.26,-0.0366,via_to_outside_body,via_to_outside_body,under_maximum_body_breakout,under_maximum_body_breakout,0.24375,0.325
figure_2H_within_byte,DDR_DMIA0,DDR_DQA2,V17,U17,L3,0.233402332,0.26,-0.026597668,via_to_outside_body,via_to_outside_body,under_maximum_body_breakout,under_maximum_body_breakout,0.24375,0.325
figure_2H_within_byte,DDR_DMIA0,DDR_DQA2,V17,U17,L3,0.233402332,0.26,-0.026597668,via_to_outside_body,via_to_outside_body,under_maximum_body_breakout,under_maximum_body_breakout,0.24375,1.54375
figure_2H_within_byte,DDR_DMIA0,DDR_DQA5,V17,V18,L3,0.243114556,0.26,-0.016885444,via_to_outside_body,via_to_outside_body,under_maximum_body_breakout,under_maximum_body_breakout,0.08125,0.325
figure_2H_within_byte,DDR_DMIA0,DDR_DQA2,V17,U17,L3,0.233402332,0.26,-0.026597668,via_to_outside_body,via_to_outside_body,under_maximum_body_breakout,under_maximum_body_breakout,0.08125,0.325
figure_2H_within_byte,DDR_DMIA0,DDR_DQA2,V17,U17,L3,0.233402332,0.26,-0.026597668,via_to_outside_body,via_to_outside_body,under_maximum_body_breakout,under_maximum_body_breakout,0.08125,1.54375
figure_2H_within_byte,DDR_DMIA0,DDR_DQA5,V17,V18,L3,0.243114556,0.26,-0.016885444,via_to_outside_body,via_to_outside_body,under_maximum_body_breakout,under_maximum_body_breakout,0.08125,0.325
figure_2H_within_byte,DDR_DMIA0,DDR_DQA5,V17,V18,L3,0.2234,0.26,-0.0366,via_to_outside_body,via_to_outside_body,under_maximum_body_breakout,under_maximum_body_breakout,1.59375,0.325
figure_2H_within_byte,DDR_DMIA0,DDR_DQA5,V17,V18,L3,0.2234,0.26,-0.0366,via_to_outside_body,via_to_outside_body,under_maximum_body_breakout,under_maximum_body_breakout,1.59375,0.24375
figure_2H_within_byte,DDR_DMIA1,DDR_DQA10,P17,P16,L8,0.2234,0.239,-0.0156,via_to_outside_body,via_to_outside_body,under_maximum_body_breakout,under_maximum_body_breakout,0.975,0.325
figure_2H_within_byte,DDR_DMIA1,DDR_DQA10,P17,P16,L8,0.2234,0.239,-0.0156,via_to_outside_body,via_to_outside_body,under_maximum_body_breakout,under_maximum_body_breakout,0.975,0.24375
figure_2H_within_byte,DDR_DMIA1,DDR_DQA10,P17,P16,L8,0.2234,0.239,-0.0156,via_to_outside_body,via_to_outside_body,under_maximum_body_breakout,under_maximum_body_breakout,0.975,0.975
figure_2H_within_byte,DDR_DMIA1,DDR_DQA10,P17,P16,L8,0.2234,0.239,-0.0156,via_to_outside_body,via_to_outside_body,under_maximum_body_breakout,under_maximum_body_breakout,0.975,0.08125
figure_2H_within_byte,DDR_DMIA1,DDR_DQA10,P17,P16,L8,0.15533506,0.239,-0.08366494,via_to_outside_body,via_to_outside_body,under_maximum_body_breakout,under_maximum_body_breakout,0.24375,0.975
figure_2H_within_byte,DDR_DMIA1,DDR_DQA10,P17,P16,L8,0.15533506,0.239,-0.08366494,via_to_outside_body,via_to_outside_body,under_maximum_body_breakout,under_maximum_body_breakout,0.24375,0.08125
figure_2H_within_byte,DDR_DMIA1,DDR_DQA10,P17,P16,L8,0.128209704,0.239,-0.110790296,via_to_outside_body,via_to_outside_body,under_maximum_body_breakout,under_maximum_body_breakout,0.24375,0.08125
figure_2H_within_byte,DDR_DMIA1,DDR_DQA10,P17,P16,L8,0.128209704,0.239,-0.110790296,via_to_outside_body,via_to_outside_body,under_maximum_body_breakout,under_maximum_body_breakout,0.24375,0.08125
figure_2H_within_byte,DDR_DMIA1,DDR_DQA10,P17,P16,L8,0.15533506,0.239,-0.08366494,via_to_outside_body,via_to_outside_body,under_maximum_body_breakout,under_maximum_body_breakout,0.24375,0.08125
figure_2H_within_byte,DDR_DMIA1,DDR_DQA10,P17,P16,L8,0.15533506,0.239,-0.08366494,via_to_outside_body,via_to_outside_body,under_maximum_body_breakout,under_maximum_body_breakout,0.24375,0.08125
figure_2H_within_byte,DDR_DMIA1,DDR_DQA10,P17,P16,L8,0.2234,0.239,-0.0156,via_to_outside_body,via_to_outside_body,under_maximum_body_breakout,under_maximum_body_breakout,0.24375,0.08125
figure_2H_within_byte,DDR_DMIA1,DDR_DQA10,P17,P16,L8,0.2234,0.239,-0.0156,via_to_outside_body,via_to_outside_body,under_maximum_body_breakout,under_maximum_body_breakout,0.24375,0.325
figure_2H_within_byte,DDR_DMIA1,DDR_DQA10,P17,P16,L8,0.15533506,0.239,-0.08366494,via_to_outside_body,via_to_outside_body,under_maximum_body_breakout,under_maximum_body_breakout,0.08125,0.975
figure_2H_within_byte,DDR_DMIA1,DDR_DQA10,P17,P16,L8,0.15533506,0.239,-0.08366494,via_to_outside_body,via_to_outside_body,under_maximum_body_breakout,under_maximum_body_breakout,0.08125,0.08125
figure_2H_within_byte,DDR_DMIA1,DDR_DQA10,P17,P16,L8,0.128209704,0.239,-0.110790296,via_to_outside_body,via_to_outside_body,under_maximum_body_breakout,under_maximum_body_breakout,0.08125,0.08125
figure_2H_within_byte,DDR_DMIA1,DDR_DQA10,P17,P16,L8,0.128209704,0.239,-0.110790296,via_to_outside_body,via_to_outside_body,under_maximum_body_breakout,under_maximum_body_breakout,0.08125,0.08125
figure_2H_within_byte,DDR_DMIA1,DDR_DQA10,P17,P16,L8,0.15533506,0.239,-0.08366494,via_to_outside_body,via_to_outside_body,under_maximum_body_breakout,under_maximum_body_breakout,0.08125,0.08125
figure_2H_within_byte,DDR_DMIA1,DDR_DQA10,P17,P16,L8,0.15533506,0.239,-0.08366494,via_to_outside_body,via_to_outside_body,under_maximum_body_breakout,under_maximum_body_breakout,0.08125,0.08125
figure_2H_within_byte,DDR_DMIA1,DDR_DQA10,P17,P16,L8,0.2234,0.239,-0.0156,via_to_outside_body,via_to_outside_body,under_maximum_body_breakout,under_maximum_body_breakout,0.08125,0.08125
figure_2H_within_byte,DDR_DMIA1,DDR_DQA10,P17,P16,L8,0.2234,0.239,-0.0156,via_to_outside_body,via_to_outside_body,under_maximum_body_breakout,under_maximum_body_breakout,0.08125,0.325
figure_2H_within_byte,DDR_DMIA1,DDR_DQA10,P17,P16,L8,0.2234,0.239,-0.0156,via_to_outside_body,via_to_outside_body,under_maximum_body_breakout,under_maximum_body_breakout,0.08125,0.975
figure_2H_within_byte,DDR_DMIA1,DDR_DQA10,P17,P16,L8,0.2234,0.239,-0.0156,via_to_outside_body,via_to_outside_body,under_maximum_body_breakout,under_maximum_body_breakout,0.08125,0.08125
figure_2H_within_byte,DDR_DMIA1,DDR_DQA10,P17,P16,L8,0.15533506,0.239,-0.08366494,via_to_outside_body,via_to_outside_body,under_maximum_body_breakout,under_maximum_body_breakout,0.08125,0.08125
figure_2H_within_byte,DDR_DMIA1,DDR_DQA10,P17,P16,L8,0.15533506,0.239,-0.08366494,via_to_outside_body,via_to_outside_body,under_maximum_body_breakout,under_maximum_body_breakout,0.08125,0.08125
figure_2H_within_byte,DDR_DMIA1,DDR_DQA10,P17,P16,L8,0.128209704,0.239,-0.110790296,via_to_outside_body,via_to_outside_body,under_maximum_body_breakout,under_maximum_body_breakout,0.08125,0.08125
figure_2H_within_byte,DDR_DMIA1,DDR_DQA10,P17,P16,L8,0.128209704,0.239,-0.110790296,via_to_outside_body,via_to_outside_body,under_maximum_body_breakout,under_maximum_body_breakout,0.08125,0.08125
figure_2H_within_byte,DDR_DMIA1,DDR_DQA10,P17,P16,L8,0.15533506,0.239,-0.08366494,via_to_outside_body,via_to_outside_body,under_maximum_body_breakout,under_maximum_body_breakout,0.08125,0.08125
figure_2H_within_byte,DDR_DMIA1,DDR_DQA10,P17,P16,L8,0.15533506,0.239,-0.08366494,via_to_outside_body,via_to_outside_body,under_maximum_body_breakout,under_maximum_body_breakout,0.08125,0.325
figure_2H_within_byte,DDR_DMIA1,DDR_DQA10,P17,P16,L8,0.2234,0.239,-0.0156,via_to_outside_body,via_to_outside_body,under_maximum_body_breakout,under_maximum_body_breakout,0.94375,0.975
figure_2H_within_byte,DDR_DMIA1,DDR_DQA10,P17,P16,L8,0.2234,0.239,-0.0156,via_to_outside_body,via_to_outside_body,under_maximum_body_breakout,under_maximum_body_breakout,0.94375,0.08125
figure_2H_within_byte,DDR_DMIA1,DDR_DQA10,P17,P16,L8,0.15533506,0.239,-0.08366494,via_to_outside_body,via_to_outside_body,under_maximum_body_breakout,under_maximum_body_breakout,0.94375,0.08125
figure_2H_within_byte,DDR_DMIA1,DDR_DQA10,P17,P16,L8,0.15533506,0.239,-0.08366494,via_to_outside_body,via_to_outside_body,under_maximum_body_breakout,under_maximum_body_breakout,0.94375,0.08125
figure_2H_within_byte,DDR_DMIA1,DDR_DQA10,P17,P16,L8,0.128209704,0.239,-0.110790296,via_to_outside_body,via_to_outside_body,under_maximum_body_breakout,under_maximum_body_breakout,0.94375,0.08125
figure_2H_within_byte,DDR_DMIA1,DDR_DQA10,P17,P16,L8,0.128209704,0.239,-0.110790296,via_to_outside_body,via_to_outside_body,under_maximum_body_breakout,under_maximum_body_breakout,0.94375,0.08125
figure_2H_within_byte,DDR_DMIA1,DDR_DQA10,P17,P16,L8,0.15533506,0.239,-0.08366494,via_to_outside_body,via_to_outside_body,under_maximum_body_breakout,under_maximum_body_breakout,0.94375,0.08125
figure_2H_within_byte,DDR_DMIA1,DDR_DQA10,P17,P16,L8,0.15533506,0.239,-0.08366494,via_to_outside_body,via_to_outside_body,under_maximum_body_breakout,under_maximum_body_breakout,0.94375,0.325
figure_2H_within_byte,DDR_DQA11,DDR_DQA9,R17,T17,L8,0.2234,0.239,-0.0156,via_to_outside_body,via_to_outside_body,under_maximum_body_breakout,under_maximum_body_breakout,0.325,0.325
figure_2H_within_byte,DDR_DQA11,DDR_DQA9,R17,T17,L8,0.2234,0.239,-0.0156,via_to_outside_body,via_to_outside_body,under_maximum_body_breakout,under_maximum_body_breakout,0.24375,0.325
figure_2H_within_byte,DDR_DQA11,DDR_DQA9,R17,T17,L8,0.2234,0.239,-0.0156,via_to_outside_body,via_to_outside_body,under_maximum_body_breakout,under_maximum_body_breakout,3.54375,0.325
figure_2H_within_byte,DDR_DQA4,DDR_DQA2,U16,U17,L3,0.2234,0.26,-0.0366,via_to_outside_body,via_to_outside_body,under_maximum_body_breakout,under_maximum_body_breakout,0.325,0.325
figure_2H_within_byte,DDR_DQA4,DDR_DQA2,U16,U17,L3,0.2234,0.26,-0.0366,via_to_outside_body,via_to_outside_body,under_maximum_body_breakout,under_maximum_body_breakout,0.325,1.54375
figure_2H_within_byte,DDR_DQA4,DDR_DQA2,U16,U17,L3,0.2234,0.26,-0.0366,via_to_outside_body,via_to_outside_body,under_maximum_body_breakout,under_maximum_body_breakout,0.24375,0.325
figure_2H_within_byte,DDR_DQA4,DDR_DQA2,U16,U17,L3,0.2234,0.26,-0.0366,via_to_outside_body,via_to_outside_body,under_maximum_body_breakout,under_maximum_body_breakout,0.24375,1.54375
figure_2H_within_byte,DDR_DQA4,DDR_DQA2,U16,U17,L3,0.243114556,0.26,-0.016885444,via_to_outside_body,via_to_outside_body,under_maximum_body_breakout,under_maximum_body_breakout,0.08125,0.325
figure_2H_within_byte,DDR_DQA4,DDR_DQA2,U16,U17,L3,0.243114556,0.26,-0.016885444,via_to_outside_body,via_to_outside_body,under_maximum_body_breakout,under_maximum_body_breakout,0.08125,0.325
figure_2H_within_byte,DDR_DQA4,DDR_DQA3,U16,T16,L3,0.233402332,0.26,-0.026597668,via_to_outside_body,via_to_outside_body,under_maximum_body_breakout,under_maximum_body_breakout,0.08125,0.325
figure_2H_within_byte,DDR_DQA4,DDR_DQA3,U16,T16,L3,0.233402332,0.26,-0.026597668,via_to_outside_body,via_to_outside_body,under_maximum_body_breakout,under_maximum_body_breakout,0.08125,0.24375
figure_2H_within_byte,DDR_DQA4,DDR_DQA2,U16,U17,L3,0.2234,0.26,-0.0366,via_to_outside_body,via_to_outside_body,under_maximum_body_breakout,under_maximum_body_breakout,2.24375,0.325
figure_2H_within_byte,DDR_DQA4,DDR_DQA3,U16,T16,L3,0.233402332,0.26,-0.026597668,via_to_outside_body,via_to_outside_body,under_maximum_body_breakout,under_maximum_body_breakout,2.24375,0.325
figure_2H_within_byte,DDR_DQA4,DDR_DQA3,U16,T16,L3,0.233402332,0.26,-0.026597668,via_to_outside_body,via_to_outside_body,under_maximum_body_breakout,under_maximum_body_breakout,2.24375,0.24375
3W_centerline_reading_screen,DDR_CAA4,DDR_CKEA0,M18,N17,L3,0.15533506,0.2032,-0.04786494,via_to_outside_body,via_to_outside_body,under_maximum_body_breakout,under_maximum_body_breakout,0.24375,0.325
3W_centerline_reading_screen,DDR_CAA4,DDR_CKEA0,M18,N17,L3,0.15533506,0.2032,-0.04786494,via_to_outside_body,via_to_outside_body,under_maximum_body_breakout,under_maximum_body_breakout,0.24375,0.08125
3W_centerline_reading_screen,DDR_CAA4,DDR_CKEA0,M18,N17,L3,0.128209704,0.2032,-0.074990296,via_to_outside_body,via_to_outside_body,under_maximum_body_breakout,under_maximum_body_breakout,0.24375,0.08125
3W_centerline_reading_screen,DDR_CAA4,DDR_CKEA0,M18,N17,L3,0.128209704,0.2032,-0.074990296,via_to_outside_body,via_to_outside_body,under_maximum_body_breakout,under_maximum_body_breakout,0.24375,0.08125
3W_centerline_reading_screen,DDR_CAA4,DDR_CKEA0,M18,N17,L3,0.15533506,0.2032,-0.04786494,via_to_outside_body,via_to_outside_body,under_maximum_body_breakout,under_maximum_body_breakout,0.24375,0.08125
3W_centerline_reading_screen,DDR_CAA4,DDR_CKEA0,M18,N17,L3,0.15533506,0.2032,-0.04786494,via_to_outside_body,via_to_outside_body,under_maximum_body_breakout,under_maximum_body_breakout,0.24375,0.08125
3W_centerline_reading_screen,DDR_CAA4,DDR_CKEA0,M18,N17,L3,0.15533506,0.2032,-0.04786494,via_to_outside_body,via_to_outside_body,under_maximum_body_breakout,under_maximum_body_breakout,0.08125,0.325
3W_centerline_reading_screen,DDR_CAA4,DDR_CKEA0,M18,N17,L3,0.15533506,0.2032,-0.04786494,via_to_outside_body,via_to_outside_body,under_maximum_body_breakout,under_maximum_body_breakout,0.08125,0.08125
3W_centerline_reading_screen,DDR_CAA4,DDR_CKEA0,M18,N17,L3,0.128209704,0.2032,-0.074990296,via_to_outside_body,via_to_outside_body,under_maximum_body_breakout,under_maximum_body_breakout,0.08125,0.08125
3W_centerline_reading_screen,DDR_CAA4,DDR_CKEA0,M18,N17,L3,0.128209704,0.2032,-0.074990296,via_to_outside_body,via_to_outside_body,under_maximum_body_breakout,under_maximum_body_breakout,0.08125,0.08125
3W_centerline_reading_screen,DDR_CAA4,DDR_CKEA0,M18,N17,L3,0.15533506,0.2032,-0.04786494,via_to_outside_body,via_to_outside_body,under_maximum_body_breakout,under_maximum_body_breakout,0.08125,0.08125
3W_centerline_reading_screen,DDR_CAA4,DDR_CKEA0,M18,N17,L3,0.15533506,0.2032,-0.04786494,via_to_outside_body,via_to_outside_body,under_maximum_body_breakout,under_maximum_body_breakout,0.08125,0.08125
3W_centerline_reading_screen,DDR_CAA4,DDR_CKEA0,M18,N17,L3,0.15533506,0.2032,-0.04786494,via_to_outside_body,via_to_outside_body,under_maximum_body_breakout,under_maximum_body_breakout,0.08125,0.08125
3W_centerline_reading_screen,DDR_CAA4,DDR_CKEA0,M18,N17,L3,0.15533506,0.2032,-0.04786494,via_to_outside_body,via_to_outside_body,under_maximum_body_breakout,under_maximum_body_breakout,0.08125,0.08125
3W_centerline_reading_screen,DDR_CAA4,DDR_CKEA0,M18,N17,L3,0.128209704,0.2032,-0.074990296,via_to_outside_body,via_to_outside_body,under_maximum_body_breakout,under_maximum_body_breakout,0.08125,0.08125
3W_centerline_reading_screen,DDR_CAA4,DDR_CKEA0,M18,N17,L3,0.128209704,0.2032,-0.074990296,via_to_outside_body,via_to_outside_body,under_maximum_body_breakout,under_maximum_body_breakout,0.08125,0.08125
3W_centerline_reading_screen,DDR_CAA4,DDR_CKEA0,M18,N17,L3,0.15533506,0.2032,-0.04786494,via_to_outside_body,via_to_outside_body,under_maximum_body_breakout,under_maximum_body_breakout,0.08125,0.08125
3W_centerline_reading_screen,DDR_CAA4,DDR_CKEA0,M18,N17,L3,0.15533506,0.2032,-0.04786494,via_to_outside_body,via_to_outside_body,under_maximum_body_breakout,under_maximum_body_breakout,0.08125,0.325
3W_centerline_reading_screen,DDR_CAA4,DDR_CKEA0,M18,N17,L3,0.15533506,0.2032,-0.04786494,via_to_outside_body,via_to_outside_body,under_maximum_body_breakout,under_maximum_body_breakout,0.94375,0.08125
3W_centerline_reading_screen,DDR_CAA4,DDR_CKEA0,M18,N17,L3,0.15533506,0.2032,-0.04786494,via_to_outside_body,via_to_outside_body,under_maximum_body_breakout,under_maximum_body_breakout,0.94375,0.08125
3W_centerline_reading_screen,DDR_CAA4,DDR_CKEA0,M18,N17,L3,0.128209704,0.2032,-0.074990296,via_to_outside_body,via_to_outside_body,under_maximum_body_breakout,under_maximum_body_breakout,0.94375,0.08125
3W_centerline_reading_screen,DDR_CAA4,DDR_CKEA0,M18,N17,L3,0.128209704,0.2032,-0.074990296,via_to_outside_body,via_to_outside_body,under_maximum_body_breakout,under_maximum_body_breakout,0.94375,0.08125
3W_centerline_reading_screen,DDR_CAA4,DDR_CKEA0,M18,N17,L3,0.15533506,0.2032,-0.04786494,via_to_outside_body,via_to_outside_body,under_maximum_body_breakout,under_maximum_body_breakout,0.94375,0.08125
3W_centerline_reading_screen,DDR_CAA4,DDR_CKEA0,M18,N17,L3,0.15533506,0.2032,-0.04786494,via_to_outside_body,via_to_outside_body,under_maximum_body_breakout,under_maximum_body_breakout,0.94375,0.325
3W_centerline_reading_screen,DDR_DMIA1,DDR_DQA10,P17,P16,L8,0.15533506,0.2032,-0.04786494,via_to_outside_body,via_to_outside_body,under_maximum_body_breakout,under_maximum_body_breakout,0.24375,0.975
3W_centerline_reading_screen,DDR_DMIA1,DDR_DQA10,P17,P16,L8,0.15533506,0.2032,-0.04786494,via_to_outside_body,via_to_outside_body,under_maximum_body_breakout,under_maximum_body_breakout,0.24375,0.08125
3W_centerline_reading_screen,DDR_DMIA1,DDR_DQA10,P17,P16,L8,0.128209704,0.2032,-0.074990296,via_to_outside_body,via_to_outside_body,under_maximum_body_breakout,under_maximum_body_breakout,0.24375,0.08125
3W_centerline_reading_screen,DDR_DMIA1,DDR_DQA10,P17,P16,L8,0.128209704,0.2032,-0.074990296,via_to_outside_body,via_to_outside_body,under_maximum_body_breakout,under_maximum_body_breakout,0.24375,0.08125
3W_centerline_reading_screen,DDR_DMIA1,DDR_DQA10,P17,P16,L8,0.15533506,0.2032,-0.04786494,via_to_outside_body,via_to_outside_body,under_maximum_body_breakout,under_maximum_body_breakout,0.24375,0.08125
3W_centerline_reading_screen,DDR_DMIA1,DDR_DQA10,P17,P16,L8,0.15533506,0.2032,-0.04786494,via_to_outside_body,via_to_outside_body,under_maximum_body_breakout,under_maximum_body_breakout,0.24375,0.08125
3W_centerline_reading_screen,DDR_DMIA1,DDR_DQA10,P17,P16,L8,0.15533506,0.2032,-0.04786494,via_to_outside_body,via_to_outside_body,under_maximum_body_breakout,under_maximum_body_breakout,0.08125,0.975
3W_centerline_reading_screen,DDR_DMIA1,DDR_DQA10,P17,P16,L8,0.15533506,0.2032,-0.04786494,via_to_outside_body,via_to_outside_body,under_maximum_body_breakout,under_maximum_body_breakout,0.08125,0.08125
3W_centerline_reading_screen,DDR_DMIA1,DDR_DQA10,P17,P16,L8,0.128209704,0.2032,-0.074990296,via_to_outside_body,via_to_outside_body,under_maximum_body_breakout,under_maximum_body_breakout,0.08125,0.08125
3W_centerline_reading_screen,DDR_DMIA1,DDR_DQA10,P17,P16,L8,0.128209704,0.2032,-0.074990296,via_to_outside_body,via_to_outside_body,under_maximum_body_breakout,under_maximum_body_breakout,0.08125,0.08125
3W_centerline_reading_screen,DDR_DMIA1,DDR_DQA10,P17,P16,L8,0.15533506,0.2032,-0.04786494,via_to_outside_body,via_to_outside_body,under_maximum_body_breakout,under_maximum_body_breakout,0.08125,0.08125
3W_centerline_reading_screen,DDR_DMIA1,DDR_DQA10,P17,P16,L8,0.15533506,0.2032,-0.04786494,via_to_outside_body,via_to_outside_body,under_maximum_body_breakout,under_maximum_body_breakout,0.08125,0.08125
3W_centerline_reading_screen,DDR_DMIA1,DDR_DQA10,P17,P16,L8,0.15533506,0.2032,-0.04786494,via_to_outside_body,via_to_outside_body,under_maximum_body_breakout,under_maximum_body_breakout,0.08125,0.08125
3W_centerline_reading_screen,DDR_DMIA1,DDR_DQA10,P17,P16,L8,0.15533506,0.2032,-0.04786494,via_to_outside_body,via_to_outside_body,under_maximum_body_breakout,under_maximum_body_breakout,0.08125,0.08125
3W_centerline_reading_screen,DDR_DMIA1,DDR_DQA10,P17,P16,L8,0.128209704,0.2032,-0.074990296,via_to_outside_body,via_to_outside_body,under_maximum_body_breakout,under_maximum_body_breakout,0.08125,0.08125
3W_centerline_reading_screen,DDR_DMIA1,DDR_DQA10,P17,P16,L8,0.128209704,0.2032,-0.074990296,via_to_outside_body,via_to_outside_body,under_maximum_body_breakout,under_maximum_body_breakout,0.08125,0.08125
3W_centerline_reading_screen,DDR_DMIA1,DDR_DQA10,P17,P16,L8,0.15533506,0.2032,-0.04786494,via_to_outside_body,via_to_outside_body,under_maximum_body_breakout,under_maximum_body_breakout,0.08125,0.08125
3W_centerline_reading_screen,DDR_DMIA1,DDR_DQA10,P17,P16,L8,0.15533506,0.2032,-0.04786494,via_to_outside_body,via_to_outside_body,under_maximum_body_breakout,under_maximum_body_breakout,0.08125,0.325
3W_centerline_reading_screen,DDR_DMIA1,DDR_DQA10,P17,P16,L8,0.15533506,0.2032,-0.04786494,via_to_outside_body,via_to_outside_body,under_maximum_body_breakout,under_maximum_body_breakout,0.94375,0.08125
3W_centerline_reading_screen,DDR_DMIA1,DDR_DQA10,P17,P16,L8,0.15533506,0.2032,-0.04786494,via_to_outside_body,via_to_outside_body,under_maximum_body_breakout,under_maximum_body_breakout,0.94375,0.08125
3W_centerline_reading_screen,DDR_DMIA1,DDR_DQA10,P17,P16,L8,0.128209704,0.2032,-0.074990296,via_to_outside_body,via_to_outside_body,under_maximum_body_breakout,under_maximum_body_breakout,0.94375,0.08125
3W_centerline_reading_screen,DDR_DMIA1,DDR_DQA10,P17,P16,L8,0.128209704,0.2032,-0.074990296,via_to_outside_body,via_to_outside_body,under_maximum_body_breakout,under_maximum_body_breakout,0.94375,0.08125
3W_centerline_reading_screen,DDR_DMIA1,DDR_DQA10,P17,P16,L8,0.15533506,0.2032,-0.04786494,via_to_outside_body,via_to_outside_body,under_maximum_body_breakout,under_maximum_body_breakout,0.94375,0.08125
3W_centerline_reading_screen,DDR_DMIA1,DDR_DQA10,P17,P16,L8,0.15533506,0.2032,-0.04786494,via_to_outside_body,via_to_outside_body,under_maximum_body_breakout,under_maximum_body_breakout,0.94375,0.325
advisory_3H_supply_via_proximity_not_DRC,DDR_DQB0,GND,A14,A13,L1,0.246319408,0.3585,-0.112180592,ball_to_via,PG_via_annulus,under_maximum_body_breakout,under_maximum_body_breakout,0.459619408,0
advisory_3H_supply_via_proximity_not_DRC,DDR_DQB0,GND,A14,B13,L1,0.246319408,0.3585,-0.112180592,ball_to_via,PG_via_annulus,under_maximum_body_breakout,under_maximum_body_breakout,0.459619408,0
advisory_3H_supply_via_proximity_not_DRC,DDR_DQB1,GND,A17,A16,L1,0.246319408,0.3585,-0.112180592,ball_to_via,PG_via_annulus,under_maximum_body_breakout,under_maximum_body_breakout,0.459619408,0
advisory_3H_supply_via_proximity_not_DRC,DDR_DQB3,GND,B14,B13,L1,0.246319408,0.3585,-0.112180592,ball_to_via,PG_via_annulus,under_maximum_body_breakout,under_maximum_body_breakout,0.459619408,0
advisory_3H_supply_via_proximity_not_DRC,DDR_DQB3,GND,B14,C13,L1,0.246319408,0.3585,-0.112180592,ball_to_via,PG_via_annulus,under_maximum_body_breakout,under_maximum_body_breakout,0.459619408,0
advisory_3H_supply_via_proximity_not_DRC,DDR_DQB2,GND,C14,C13,L1,0.246319408,0.3585,-0.112180592,ball_to_via,PG_via_annulus,under_maximum_body_breakout,under_maximum_body_breakout,0.459619408,0
advisory_3H_supply_via_proximity_not_DRC,DDR_DQB2,GND,C14,D13,L1,0.246319408,0.3585,-0.112180592,ball_to_via,PG_via_annulus,under_maximum_body_breakout,under_maximum_body_breakout,0.459619408,0
advisory_3H_supply_via_proximity_not_DRC,DDR_DMIB0,GND,C15,D15,L1,0.246319408,0.3585,-0.112180592,ball_to_via,PG_via_annulus,under_maximum_body_breakout,under_maximum_body_breakout,0.459619408,0
advisory_3H_supply_via_proximity_not_DRC,DDR_DQB6,GND,C16,D15,L1,0.246319408,0.3585,-0.112180592,ball_to_via,PG_via_annulus,under_maximum_body_breakout,under_maximum_body_breakout,0.459619408,0
advisory_3H_supply_via_proximity_not_DRC,DDR_DQB4,GND,D14,D13,L1,0.246319408,0.3585,-0.112180592,ball_to_via,PG_via_annulus,under_maximum_body_breakout,under_maximum_body_breakout,0.459619408,0
advisory_3H_supply_via_proximity_not_DRC,DDR_DQB4,GND,D14,E13,L1,0.246319408,0.3585,-0.112180592,ball_to_via,PG_via_annulus,under_maximum_body_breakout,under_maximum_body_breakout,0.459619408,0
advisory_3H_supply_via_proximity_not_DRC,DDR_DQB4,GND,D14,E14,L1,0.246319408,0.3585,-0.112180592,ball_to_via,PG_via_annulus,under_maximum_body_breakout,under_maximum_body_breakout,0.459619408,0
advisory_3H_supply_via_proximity_not_DRC,DDR_DQB13,GND,D16,D15,L1,0.246319408,0.3585,-0.112180592,ball_to_via,PG_via_annulus,under_maximum_body_breakout,under_maximum_body_breakout,0.459619408,0
advisory_3H_supply_via_proximity_not_DRC,DDR_DQB13,GND,D16,E15,L1,0.246319408,0.3585,-0.112180592,ball_to_via,PG_via_annulus,under_maximum_body_breakout,under_maximum_body_breakout,0.459619408,0
advisory_3H_supply_via_proximity_not_DRC,DDR_DQB13,GND,D16,E16,L1,0.246319408,0.3585,-0.112180592,ball_to_via,PG_via_annulus,under_maximum_body_breakout,under_maximum_body_breakout,0.459619408,0
advisory_3H_supply_via_proximity_not_DRC,DDR_DQB10,GND,D17,E16,L1,0.246319408,0.3585,-0.112180592,ball_to_via,PG_via_annulus,under_maximum_body_breakout,under_maximum_body_breakout,0.459619408,0
advisory_3H_supply_via_proximity_not_DRC,DDR_DQB11,GND,E17,E16,L1,0.246319408,0.3585,-0.112180592,ball_to_via,PG_via_annulus,under_maximum_body_breakout,under_maximum_body_breakout,0.459619408,0
advisory_3H_supply_via_proximity_not_DRC,DDR_DQB11,GND,E17,F16,L1,0.246319408,0.3585,-0.112180592,ball_to_via,PG_via_annulus,under_maximum_body_breakout,under_maximum_body_breakout,0.459619408,0
advisory_3H_supply_via_proximity_not_DRC,DDR_CAB0,GND,E20,E19,L1,0.246319408,0.3585,-0.112180592,ball_to_via,PG_via_annulus,under_maximum_body_breakout,under_maximum_body_breakout,0.459619408,0
advisory_3H_supply_via_proximity_not_DRC,DDR_CAB4,GND,F17,F16,L1,0.246319408,0.3585,-0.112180592,ball_to_via,PG_via_annulus,under_maximum_body_breakout,under_maximum_body_breakout,0.459619408,0
advisory_3H_supply_via_proximity_not_DRC,DDR_CAB4,GND,F17,G16,L1,0.246319408,0.3585,-0.112180592,ball_to_via,PG_via_annulus,under_maximum_body_breakout,under_maximum_body_breakout,0.459619408,0
advisory_3H_supply_via_proximity_not_DRC,DDR_CLKB_P,GND,G20,H20,L1,0.246319408,0.3585,-0.112180592,ball_to_via,PG_via_annulus,under_maximum_body_breakout,under_maximum_body_breakout,0.459619408,0
advisory_3H_supply_via_proximity_not_DRC,DDR_CAB3,GND,H17,H16,L1,0.246319408,0.3585,-0.112180592,ball_to_via,PG_via_annulus,under_maximum_body_breakout,under_maximum_body_breakout,0.459619408,0
advisory_3H_supply_via_proximity_not_DRC,DDR_CKEB0,GND,J18,K18,L1,0.246319408,0.3585,-0.112180592,ball_to_via,PG_via_annulus,under_maximum_body_breakout,under_maximum_body_breakout,0.459619408,0
advisory_3H_supply_via_proximity_not_DRC,DDR_CAA1,GND,L16,L15,L1,0.246319408,0.3585,-0.112180592,ball_to_via,PG_via_annulus,under_maximum_body_breakout,under_maximum_body_breakout,0.459619408,0
advisory_3H_supply_via_proximity_not_DRC,DDR_CAA1,GND,L16,M15,L1,0.246319408,0.3585,-0.112180592,ball_to_via,PG_via_annulus,under_maximum_body_breakout,under_maximum_body_breakout,0.459619408,0
advisory_3H_supply_via_proximity_not_DRC,DDR_CAA1,GND,L16,M16,L1,0.246319408,0.3585,-0.112180592,ball_to_via,PG_via_annulus,under_maximum_body_breakout,under_maximum_body_breakout,0.459619408,0
advisory_3H_supply_via_proximity_not_DRC,DDR_CKEA0,GND,N17,N16,L1,0.246319408,0.3585,-0.112180592,ball_to_via,PG_via_annulus,under_maximum_body_breakout,under_maximum_body_breakout,0.459619408,0
advisory_3H_supply_via_proximity_not_DRC,DDR_CAA3,GND,N20,P20,L1,0.246319408,0.3585,-0.112180592,ball_to_via,PG_via_annulus,under_maximum_body_breakout,under_maximum_body_breakout,0.459619408,0
advisory_3H_supply_via_proximity_not_DRC,DDR_DQA10,GND,P16,P15,L1,0.246319408,0.3585,-0.112180592,ball_to_via,PG_via_annulus,under_maximum_body_breakout,under_maximum_body_breakout,0.459619408,0
advisory_3H_supply_via_proximity_not_DRC,DDR_DQA10,BANK5_VDDIO,P16,R15,L1,0.246319408,0.3585,-0.112180592,ball_to_via,PG_via_annulus,under_maximum_body_breakout,under_maximum_body_breakout,0.459619408,0
advisory_3H_supply_via_proximity_not_DRC,DDR_DQA10,GND,P16,R16,L1,0.246319408,0.3585,-0.112180592,ball_to_via,PG_via_annulus,under_maximum_body_breakout,under_maximum_body_breakout,0.459619408,0
advisory_3H_supply_via_proximity_not_DRC,DDR_DMIA1,GND,P17,R16,L1,0.246319408,0.3585,-0.112180592,ball_to_via,PG_via_annulus,under_maximum_body_breakout,under_maximum_body_breakout,0.459619408,0
advisory_3H_supply_via_proximity_not_DRC,DDR_DQA11,GND,R17,R16,L1,0.246319408,0.3585,-0.112180592,ball_to_via,PG_via_annulus,under_maximum_body_breakout,under_maximum_body_breakout,0.459619408,0
advisory_3H_supply_via_proximity_not_DRC,DDR_DQA3,GND,T16,T15,L1,0.246319408,0.3585,-0.112180592,ball_to_via,PG_via_annulus,under_maximum_body_breakout,under_maximum_body_breakout,0.459619408,0
advisory_3H_supply_via_proximity_not_DRC,DDR_CSA0,GND,T20,U19,L1,0.246319408,0.3585,-0.112180592,ball_to_via,PG_via_annulus,under_maximum_body_breakout,under_maximum_body_breakout,0.459619408,0
advisory_3H_supply_via_proximity_not_DRC,DDR_DQA15,GND,U20,U19,L1,0.246319408,0.3585,-0.112180592,ball_to_via,PG_via_annulus,under_maximum_body_breakout,under_maximum_body_breakout,0.459619408,0
advisory_3H_supply_via_proximity_not_DRC,DDR_DQA1,GND,V16,W16,L1,0.246319408,0.3585,-0.112180592,ball_to_via,PG_via_annulus,under_maximum_body_breakout,under_maximum_body_breakout,0.459619408,0
advisory_3H_supply_via_proximity_not_DRC,DDR_DMIA0,GND,V17,W16,L1,0.246319408,0.3585,-0.112180592,ball_to_via,PG_via_annulus,under_maximum_body_breakout,under_maximum_body_breakout,0.459619408,0
advisory_3H_supply_via_proximity_not_DRC,DDR_DQSA1_P,GND,V20,W20,L1,0.246319408,0.3585,-0.112180592,ball_to_via,PG_via_annulus,under_maximum_body_breakout,under_maximum_body_breakout,0.459619408,0
advisory_3H_supply_via_proximity_not_DRC,DDR_DQSA0_P,GND,W17,W16,L1,0.246319408,0.3585,-0.112180592,ball_to_via,PG_via_annulus,under_maximum_body_breakout,under_maximum_body_breakout,0.459619408,0
advisory_3H_supply_via_proximity_not_DRC,DDR_DQA8,GND,W19,Y19,L1,0.246319408,0.3585,-0.112180592,ball_to_via,PG_via_annulus,under_maximum_body_breakout,under_maximum_body_breakout,0.459619408,0
advisory_3H_supply_via_proximity_not_DRC,DDR_DQSA0_P,GND,W17,W16,L3,0.306953844,0.39,-0.083046156,via_to_outside_body,PG_via_annulus,under_maximum_body_breakout,under_maximum_body_breakout,0.24375,0
advisory_3H_supply_via_proximity_not_DRC,DDR_DQSA0_P,GND,W17,W16,L3,0.306953844,0.39,-0.083046156,via_to_outside_body,PG_via_annulus,under_maximum_body_breakout,under_maximum_body_breakout,0.08125,0
advisory_3H_supply_via_proximity_not_DRC,DDR_DQSA0_P,GND,W17,W16,L3,0.306953844,0.39,-0.083046156,via_to_outside_body,PG_via_annulus,under_maximum_body_breakout,under_maximum_body_breakout,0.08125,0
advisory_3H_supply_via_proximity_not_DRC,DDR_DQSA0_P,GND,W17,W16,L3,0.306953844,0.39,-0.083046156,via_to_outside_body,PG_via_annulus,under_maximum_body_breakout,under_maximum_body_breakout,0.94375,0
advisory_3H_supply_via_proximity_not_DRC,DDR_DQSA1_N,GND,V19,U19,L8,0.306953844,0.3585,-0.051546156,via_to_outside_body,PG_via_annulus,under_maximum_body_breakout,under_maximum_body_breakout,0.24375,0
advisory_3H_supply_via_proximity_not_DRC,DDR_DQSA1_N,GND,V19,U19,L8,0.306953844,0.3585,-0.051546156,via_to_outside_body,PG_via_annulus,under_maximum_body_breakout,under_maximum_body_breakout,0.08125,0
advisory_3H_supply_via_proximity_not_DRC,DDR_DQSA1_N,GND,V19,U19,L8,0.306953844,0.3585,-0.051546156,via_to_outside_body,PG_via_annulus,under_maximum_body_breakout,under_maximum_body_breakout,0.08125,0
advisory_3H_supply_via_proximity_not_DRC,DDR_DQSA1_N,GND,V19,U19,L8,0.306953844,0.3585,-0.051546156,via_to_outside_body,PG_via_annulus,under_maximum_body_breakout,under_maximum_body_breakout,0.29375,0
advisory_3H_supply_via_proximity_not_DRC,DDR_CLKA_P,GND,R19,P20,L3,0.306953844,0.39,-0.083046156,via_to_outside_body,PG_via_annulus,under_maximum_body_breakout,under_maximum_body_breakout,0.24375,0
advisory_3H_supply_via_proximity_not_DRC,DDR_CLKA_P,GND,R19,P20,L3,0.260464841,0.39,-0.129535159,via_to_outside_body,PG_via_annulus,under_maximum_body_breakout,under_maximum_body_breakout,0.08125,0
advisory_3H_supply_via_proximity_not_DRC,DDR_CLKA_P,GND,R19,P20,L3,0.19295,0.39,-0.19705,via_to_outside_body,PG_via_annulus,under_maximum_body_breakout,under_maximum_body_breakout,0.08125,0
advisory_3H_supply_via_proximity_not_DRC,DDR_CLKA_P,GND,R19,P20,L3,0.1117,0.39,-0.2783,via_to_outside_body,PG_via_annulus,under_maximum_body_breakout,under_maximum_body_breakout,0.29375,0
advisory_3H_supply_via_proximity_not_DRC,DDR_CLKA_P,GND,R19,P20,L3,0.115523661,0.39,-0.274476339,via_to_outside_body,PG_via_annulus,local_extension_outside_body,under_maximum_body_breakout,0.6,0
advisory_3H_supply_via_proximity_not_DRC,DDR_DQB3,GND,B14,A13,L8,0.306953844,0.3585,-0.051546156,via_to_outside_body,PG_via_annulus,under_maximum_body_breakout,under_maximum_body_breakout,0.24375,0
advisory_3H_supply_via_proximity_not_DRC,DDR_DQB3,GND,B14,B13,L8,0.306953844,0.3585,-0.051546156,via_to_outside_body,PG_via_annulus,under_maximum_body_breakout,under_maximum_body_breakout,0.24375,0
advisory_3H_supply_via_proximity_not_DRC,DDR_DQB3,GND,B14,A13,L8,0.260464841,0.3585,-0.098035159,via_to_outside_body,PG_via_annulus,under_maximum_body_breakout,under_maximum_body_breakout,0.08125,0
advisory_3H_supply_via_proximity_not_DRC,DDR_DQB3,GND,B14,B13,L8,0.306953844,0.3585,-0.051546156,via_to_outside_body,PG_via_annulus,under_maximum_body_breakout,under_maximum_body_breakout,0.08125,0
advisory_3H_supply_via_proximity_not_DRC,DDR_DQB3,GND,B14,A13,L8,0.19295,0.3585,-0.16555,via_to_outside_body,PG_via_annulus,under_maximum_body_breakout,under_maximum_body_breakout,0.08125,0
advisory_3H_supply_via_proximity_not_DRC,DDR_DQB3,GND,B14,B13,L8,0.306953844,0.3585,-0.051546156,via_to_outside_body,PG_via_annulus,under_maximum_body_breakout,under_maximum_body_breakout,0.08125,0
advisory_3H_supply_via_proximity_not_DRC,DDR_DQB3,GND,B14,A13,L8,0.1117,0.3585,-0.2468,via_to_outside_body,PG_via_annulus,under_maximum_body_breakout,under_maximum_body_breakout,0.29375,0
advisory_3H_supply_via_proximity_not_DRC,DDR_DQB3,GND,B14,B13,L8,0.306953844,0.3585,-0.051546156,via_to_outside_body,PG_via_annulus,under_maximum_body_breakout,under_maximum_body_breakout,0.29375,0
advisory_3H_supply_via_proximity_not_DRC,DDR_DQB3,GND,B14,A13,L8,0.115523661,0.3585,-0.242976339,via_to_outside_body,PG_via_annulus,local_extension_outside_body,under_maximum_body_breakout,0.6,0
advisory_3H_supply_via_proximity_not_DRC,DDR_DQB5,GND,B16,A16,L8,0.1117,0.3585,-0.2468,via_to_outside_body,PG_via_annulus,under_maximum_body_breakout,under_maximum_body_breakout,0.325,0
advisory_3H_supply_via_proximity_not_DRC,DDR_DQB5,GND,B16,A16,L8,0.1117,0.3585,-0.2468,via_to_outside_body,PG_via_annulus,under_maximum_body_breakout,under_maximum_body_breakout,0.24375,0
advisory_3H_supply_via_proximity_not_DRC,DDR_DQB5,GND,B16,A16,L8,0.131414556,0.3585,-0.227085444,via_to_outside_body,PG_via_annulus,under_maximum_body_breakout,under_maximum_body_breakout,0.08125,0
advisory_3H_supply_via_proximity_not_DRC,DDR_DQB5,GND,B16,A16,L8,0.131414556,0.3585,-0.227085444,via_to_outside_body,PG_via_annulus,under_maximum_body_breakout,under_maximum_body_breakout,0.08125,0
advisory_3H_supply_via_proximity_not_DRC,DDR_DQB5,GND,B16,A16,L8,0.1117,0.3585,-0.2468,via_to_outside_body,PG_via_annulus,under_maximum_body_breakout,under_maximum_body_breakout,0.29375,0
advisory_3H_supply_via_proximity_not_DRC,DDR_DQB5,GND,B16,A16,L8,0.115523661,0.3585,-0.242976339,via_to_outside_body,PG_via_annulus,local_extension_outside_body,under_maximum_body_breakout,0.6,0
advisory_3H_supply_via_proximity_not_DRC,DDR_DQB7,GND,B17,A16,L8,0.306953844,0.3585,-0.051546156,via_to_outside_body,PG_via_annulus,under_maximum_body_breakout,under_maximum_body_breakout,0.24375,0
advisory_3H_supply_via_proximity_not_DRC,DDR_DQB7,GND,B17,A16,L8,0.260464841,0.3585,-0.098035159,via_to_outside_body,PG_via_annulus,under_maximum_body_breakout,under_maximum_body_breakout,0.08125,0
advisory_3H_supply_via_proximity_not_DRC,DDR_DQB7,GND,B17,A16,L8,0.19295,0.3585,-0.16555,via_to_outside_body,PG_via_annulus,under_maximum_body_breakout,under_maximum_body_breakout,0.08125,0
advisory_3H_supply_via_proximity_not_DRC,DDR_DQB7,GND,B17,A16,L8,0.1117,0.3585,-0.2468,via_to_outside_body,PG_via_annulus,under_maximum_body_breakout,under_maximum_body_breakout,0.29375,0
advisory_3H_supply_via_proximity_not_DRC,DDR_DQB7,GND,B17,A16,L8,0.115523661,0.3585,-0.242976339,via_to_outside_body,PG_via_annulus,local_extension_outside_body,under_maximum_body_breakout,0.6,0
advisory_3H_supply_via_proximity_not_DRC,DDR_DQB15,GND,B19,A19,L3,0.1117,0.39,-0.2783,via_to_outside_body,PG_via_annulus,under_maximum_body_breakout,under_maximum_body_breakout,0.325,0
advisory_3H_supply_via_proximity_not_DRC,DDR_DQB15,GND,B19,A19,L3,0.1117,0.39,-0.2783,via_to_outside_body,PG_via_annulus,under_maximum_body_breakout,under_maximum_body_breakout,0.24375,0
advisory_3H_supply_via_proximity_not_DRC,DDR_DQB15,GND,B19,A19,L3,0.131414556,0.39,-0.258585444,via_to_outside_body,PG_via_annulus,under_maximum_body_breakout,under_maximum_body_breakout,0.08125,0
advisory_3H_supply_via_proximity_not_DRC,DDR_DQB15,GND,B19,A19,L3,0.131414556,0.39,-0.258585444,via_to_outside_body,PG_via_annulus,under_maximum_body_breakout,under_maximum_body_breakout,0.08125,0
advisory_3H_supply_via_proximity_not_DRC,DDR_DQB15,GND,B19,A19,L3,0.1117,0.39,-0.2783,via_to_outside_body,PG_via_annulus,under_maximum_body_breakout,under_maximum_body_breakout,0.29375,0
advisory_3H_supply_via_proximity_not_DRC,DDR_DQB15,GND,B19,A19,L3,0.115523661,0.39,-0.274476339,via_to_outside_body,PG_via_annulus,local_extension_outside_body,under_maximum_body_breakout,0.6,0
advisory_3H_supply_via_proximity_not_DRC,DDR_CAB5,GND,F19,E19,L8,0.306953844,0.3585,-0.051546156,via_to_outside_body,PG_via_annulus,under_maximum_body_breakout,under_maximum_body_breakout,0.24375,0
advisory_3H_supply_via_proximity_not_DRC,DDR_CAB5,GND,F19,E19,L8,0.306953844,0.3585,-0.051546156,via_to_outside_body,PG_via_annulus,under_maximum_body_breakout,under_maximum_body_breakout,0.08125,0
advisory_3H_supply_via_proximity_not_DRC,DDR_CAB5,GND,F19,E19,L8,0.306953844,0.3585,-0.051546156,via_to_outside_body,PG_via_annulus,under_maximum_body_breakout,under_maximum_body_breakout,0.08125,0
advisory_3H_supply_via_proximity_not_DRC,DDR_CAB5,GND,F19,E19,L8,0.306953844,0.3585,-0.051546156,via_to_outside_body,PG_via_annulus,under_maximum_body_breakout,under_maximum_body_breakout,0.29375,0
advisory_3H_supply_via_proximity_not_DRC,DDR_CAA5,GND,P19,P20,L3,0.1117,0.39,-0.2783,via_to_outside_body,PG_via_annulus,under_maximum_body_breakout,under_maximum_body_breakout,0.325,0
advisory_3H_supply_via_proximity_not_DRC,DDR_CAA5,GND,P19,P20,L3,0.1117,0.39,-0.2783,via_to_outside_body,PG_via_annulus,under_maximum_body_breakout,under_maximum_body_breakout,0.24375,0
advisory_3H_supply_via_proximity_not_DRC,DDR_CAA5,GND,P19,P20,L3,0.131414556,0.39,-0.258585444,via_to_outside_body,PG_via_annulus,under_maximum_body_breakout,under_maximum_body_breakout,0.08125,0
advisory_3H_supply_via_proximity_not_DRC,DDR_CAA5,GND,P19,P20,L3,0.131414556,0.39,-0.258585444,via_to_outside_body,PG_via_annulus,under_maximum_body_breakout,under_maximum_body_breakout,0.08125,0
advisory_3H_supply_via_proximity_not_DRC,DDR_CAA5,GND,P19,P20,L3,0.1117,0.39,-0.2783,via_to_outside_body,PG_via_annulus,under_maximum_body_breakout,under_maximum_body_breakout,0.29375,0
advisory_3H_supply_via_proximity_not_DRC,DDR_CAA5,GND,P19,P20,L3,0.115523661,0.39,-0.274476339,via_to_outside_body,PG_via_annulus,local_extension_outside_body,under_maximum_body_breakout,0.6,0
advisory_3H_supply_via_proximity_not_DRC,DDR_DQA8,GND,W19,W20,L8,0.1117,0.3585,-0.2468,via_to_outside_body,PG_via_annulus,under_maximum_body_breakout,under_maximum_body_breakout,0.325,0
advisory_3H_supply_via_proximity_not_DRC,DDR_DQA8,GND,W19,W20,L8,0.1117,0.3585,-0.2468,via_to_outside_body,PG_via_annulus,under_maximum_body_breakout,under_maximum_body_breakout,0.24375,0
advisory_3H_supply_via_proximity_not_DRC,DDR_DQA8,GND,W19,W20,L8,0.131414556,0.3585,-0.227085444,via_to_outside_body,PG_via_annulus,under_maximum_body_breakout,under_maximum_body_breakout,0.08125,0
advisory_3H_supply_via_proximity_not_DRC,DDR_DQA8,GND,W19,W20,L8,0.131414556,0.3585,-0.227085444,via_to_outside_body,PG_via_annulus,under_maximum_body_breakout,under_maximum_body_breakout,0.08125,0
advisory_3H_supply_via_proximity_not_DRC,DDR_DQA8,GND,W19,W20,L8,0.1117,0.3585,-0.2468,via_to_outside_body,PG_via_annulus,under_maximum_body_breakout,under_maximum_body_breakout,0.29375,0
advisory_3H_supply_via_proximity_not_DRC,DDR_DQA8,GND,W19,W20,L8,0.115523661,0.3585,-0.242976339,via_to_outside_body,PG_via_annulus,local_extension_outside_body,under_maximum_body_breakout,0.6,0
advisory_3H_supply_via_proximity_not_DRC,DDR_DQB2,GND,C14,B13,L8,0.1117,0.3585,-0.2468,via_to_outside_body,PG_via_annulus,under_maximum_body_breakout,under_maximum_body_breakout,0.89375,0
advisory_3H_supply_via_proximity_not_DRC,DDR_DQB2,GND,C14,C13,L8,0.1117,0.3585,-0.2468,via_to_outside_body,PG_via_annulus,under_maximum_body_breakout,under_maximum_body_breakout,0.89375,0
advisory_3H_supply_via_proximity_not_DRC,DDR_DQB2,GND,C14,B13,L8,0.131414556,0.3585,-0.227085444,via_to_outside_body,PG_via_annulus,under_maximum_body_breakout,under_maximum_body_breakout,0.08125,0
advisory_3H_supply_via_proximity_not_DRC,DDR_DQB2,GND,C14,C13,L8,0.19295,0.3585,-0.16555,via_to_outside_body,PG_via_annulus,under_maximum_body_breakout,under_maximum_body_breakout,0.08125,0
advisory_3H_supply_via_proximity_not_DRC,DDR_DQB2,GND,C14,B13,L8,0.131414556,0.3585,-0.227085444,via_to_outside_body,PG_via_annulus,under_maximum_body_breakout,under_maximum_body_breakout,0.08125,0
advisory_3H_supply_via_proximity_not_DRC,DDR_DQB2,GND,C14,C13,L8,0.260464841,0.3585,-0.098035159,via_to_outside_body,PG_via_annulus,under_maximum_body_breakout,under_maximum_body_breakout,0.08125,0
advisory_3H_supply_via_proximity_not_DRC,DDR_DQB2,GND,C14,A13,L8,0.1117,0.3585,-0.2468,via_to_outside_body,PG_via_annulus,under_maximum_body_breakout,under_maximum_body_breakout,0.94375,0
advisory_3H_supply_via_proximity_not_DRC,DDR_DQB2,GND,C14,B13,L8,0.1117,0.3585,-0.2468,via_to_outside_body,PG_via_annulus,under_maximum_body_breakout,under_maximum_body_breakout,0.94375,0
advisory_3H_supply_via_proximity_not_DRC,DDR_DQB2,GND,C14,C13,L8,0.306953844,0.3585,-0.051546156,via_to_outside_body,PG_via_annulus,under_maximum_body_breakout,under_maximum_body_breakout,0.94375,0
advisory_3H_supply_via_proximity_not_DRC,DDR_DQB2,GND,C14,A13,L8,0.115523661,0.3585,-0.242976339,via_to_outside_body,PG_via_annulus,local_extension_outside_body,under_maximum_body_breakout,0.6,0
advisory_3H_supply_via_proximity_not_DRC,DDR_DQB9,GND,C17,A16,L3,0.1117,0.39,-0.2783,via_to_outside_body,PG_via_annulus,under_maximum_body_breakout,under_maximum_body_breakout,0.94375,0
advisory_3H_supply_via_proximity_not_DRC,DDR_DQB9,GND,C17,A16,L3,0.115523661,0.39,-0.274476339,via_to_outside_body,PG_via_annulus,local_extension_outside_body,under_maximum_body_breakout,0.6,0
advisory_3H_supply_via_proximity_not_DRC,DDR_DQB8,GND,C18,B20,L3,0.1117,0.39,-0.2783,via_to_outside_body,PG_via_annulus,under_maximum_body_breakout,under_maximum_body_breakout,0.94375,0
advisory_3H_supply_via_proximity_not_DRC,DDR_DQB8,GND,C18,B20,L3,0.115523661,0.39,-0.274476339,via_to_outside_body,PG_via_annulus,local_extension_outside_body,under_maximum_body_breakout,0.6,0
advisory_3H_supply_via_proximity_not_DRC,DDR_DQB12,GND,E18,E19,L3,0.1117,0.39,-0.2783,via_to_outside_body,PG_via_annulus,under_maximum_body_breakout,under_maximum_body_breakout,0.325,0
advisory_3H_supply_via_proximity_not_DRC,DDR_DQB12,GND,E18,E19,L3,0.1117,0.39,-0.2783,via_to_outside_body,PG_via_annulus,under_maximum_body_breakout,under_maximum_body_breakout,0.24375,0
advisory_3H_supply_via_proximity_not_DRC,DDR_DQB12,GND,E18,E19,L3,0.131414556,0.39,-0.258585444,via_to_outside_body,PG_via_annulus,under_maximum_body_breakout,under_maximum_body_breakout,0.08125,0
advisory_3H_supply_via_proximity_not_DRC,DDR_DQB12,GND,E18,E19,L3,0.131414556,0.39,-0.258585444,via_to_outside_body,PG_via_annulus,under_maximum_body_breakout,under_maximum_body_breakout,0.08125,0
advisory_3H_supply_via_proximity_not_DRC,DDR_DQB12,GND,E18,E19,L3,0.1117,0.39,-0.2783,via_to_outside_body,PG_via_annulus,under_maximum_body_breakout,under_maximum_body_breakout,0.94375,0
advisory_3H_supply_via_proximity_not_DRC,DDR_CAB2,GND,G18,H20,L8,0.1117,0.3585,-0.2468,via_to_outside_body,PG_via_annulus,under_maximum_body_breakout,under_maximum_body_breakout,0.94375,0
advisory_3H_supply_via_proximity_not_DRC,DDR_CAB2,GND,G18,H20,L8,0.115523661,0.3585,-0.242976339,via_to_outside_body,PG_via_annulus,local_extension_outside_body,under_maximum_body_breakout,0.6,0
advisory_3H_supply_via_proximity_not_DRC,DDR_CKEB0,GND,J18,H20,L8,0.306953844,0.3585,-0.051546156,via_to_outside_body,PG_via_annulus,under_maximum_body_breakout,under_maximum_body_breakout,0.24375,0
advisory_3H_supply_via_proximity_not_DRC,DDR_CKEB0,GND,J18,H20,L8,0.260464841,0.3585,-0.098035159,via_to_outside_body,PG_via_annulus,under_maximum_body_breakout,under_maximum_body_breakout,0.08125,0
advisory_3H_supply_via_proximity_not_DRC,DDR_CKEB0,GND,J18,H20,L8,0.19295,0.3585,-0.16555,via_to_outside_body,PG_via_annulus,under_maximum_body_breakout,under_maximum_body_breakout,0.08125,0
advisory_3H_supply_via_proximity_not_DRC,DDR_CKEB0,GND,J18,H20,L8,0.1117,0.3585,-0.2468,via_to_outside_body,PG_via_annulus,under_maximum_body_breakout,under_maximum_body_breakout,0.29375,0
advisory_3H_supply_via_proximity_not_DRC,DDR_CKEB0,GND,J18,H20,L8,0.115523661,0.3585,-0.242976339,via_to_outside_body,PG_via_annulus,local_extension_outside_body,under_maximum_body_breakout,0.6,0
advisory_3H_supply_via_proximity_not_DRC,DDR_CAA4,GND,M18,L19,L3,0.306953844,0.39,-0.083046156,via_to_outside_body,PG_via_annulus,under_maximum_body_breakout,under_maximum_body_breakout,0.24375,0
advisory_3H_supply_via_proximity_not_DRC,DDR_CAA4,GND,M18,L19,L3,0.260464841,0.39,-0.129535159,via_to_outside_body,PG_via_annulus,under_maximum_body_breakout,under_maximum_body_breakout,0.08125,0
advisory_3H_supply_via_proximity_not_DRC,DDR_CAA4,GND,M18,L19,L3,0.19295,0.39,-0.19705,via_to_outside_body,PG_via_annulus,under_maximum_body_breakout,under_maximum_body_breakout,0.08125,0
advisory_3H_supply_via_proximity_not_DRC,DDR_CAA4,GND,M18,L19,L3,0.1117,0.39,-0.2783,via_to_outside_body,PG_via_annulus,under_maximum_body_breakout,under_maximum_body_breakout,0.94375,0
advisory_3H_supply_via_proximity_not_DRC,DDR_DQA12,GND,R18,P20,L8,0.1117,0.3585,-0.2468,via_to_outside_body,PG_via_annulus,under_maximum_body_breakout,under_maximum_body_breakout,0.94375,0
advisory_3H_supply_via_proximity_not_DRC,DDR_DQA12,GND,R18,P20,L8,0.115523661,0.3585,-0.242976339,via_to_outside_body,PG_via_annulus,local_extension_outside_body,under_maximum_body_breakout,0.6,0
advisory_3H_supply_via_proximity_not_DRC,DDR_DQA14,GND,U18,U19,L8,0.1117,0.3585,-0.2468,via_to_outside_body,PG_via_annulus,under_maximum_body_breakout,under_maximum_body_breakout,0.325,0
advisory_3H_supply_via_proximity_not_DRC,DDR_DQA14,GND,U18,U19,L8,0.1117,0.3585,-0.2468,via_to_outside_body,PG_via_annulus,under_maximum_body_breakout,under_maximum_body_breakout,0.24375,0
advisory_3H_supply_via_proximity_not_DRC,DDR_DQA14,GND,U18,U19,L8,0.131414556,0.3585,-0.227085444,via_to_outside_body,PG_via_annulus,under_maximum_body_breakout,under_maximum_body_breakout,0.08125,0
advisory_3H_supply_via_proximity_not_DRC,DDR_DQA14,GND,U18,U19,L8,0.131414556,0.3585,-0.227085444,via_to_outside_body,PG_via_annulus,under_maximum_body_breakout,under_maximum_body_breakout,0.08125,0
advisory_3H_supply_via_proximity_not_DRC,DDR_DQA14,GND,U18,U19,L8,0.1117,0.3585,-0.2468,via_to_outside_body,PG_via_annulus,under_maximum_body_breakout,under_maximum_body_breakout,0.94375,0
advisory_3H_supply_via_proximity_not_DRC,DDR_DQA1,GND,V16,W16,L3,0.1117,0.39,-0.2783,via_to_outside_body,PG_via_annulus,under_maximum_body_breakout,under_maximum_body_breakout,0.325,0
advisory_3H_supply_via_proximity_not_DRC,DDR_DQA1,GND,V16,W16,L3,0.1117,0.39,-0.2783,via_to_outside_body,PG_via_annulus,under_maximum_body_breakout,under_maximum_body_breakout,0.24375,0
advisory_3H_supply_via_proximity_not_DRC,DDR_DQA1,GND,V16,W16,L3,0.131414556,0.39,-0.258585444,via_to_outside_body,PG_via_annulus,under_maximum_body_breakout,under_maximum_body_breakout,0.08125,0
advisory_3H_supply_via_proximity_not_DRC,DDR_DQA1,GND,V16,W16,L3,0.131414556,0.39,-0.258585444,via_to_outside_body,PG_via_annulus,under_maximum_body_breakout,under_maximum_body_breakout,0.08125,0
advisory_3H_supply_via_proximity_not_DRC,DDR_DQA1,GND,V16,W16,L3,0.1117,0.39,-0.2783,via_to_outside_body,PG_via_annulus,under_maximum_body_breakout,under_maximum_body_breakout,1.59375,0
advisory_3H_supply_via_proximity_not_DRC,DDR_DMIA0,GND,V17,U19,L3,0.1117,0.39,-0.2783,via_to_outside_body,PG_via_annulus,under_maximum_body_breakout,under_maximum_body_breakout,1.59375,0
advisory_3H_supply_via_proximity_not_DRC,DDR_DQA5,GND,V18,W20,L3,0.1117,0.39,-0.2783,via_to_outside_body,PG_via_annulus,under_maximum_body_breakout,under_maximum_body_breakout,0.94375,0
advisory_3H_supply_via_proximity_not_DRC,DDR_DQA5,GND,V18,W20,L3,0.115523661,0.39,-0.274476339,via_to_outside_body,PG_via_annulus,local_extension_outside_body,under_maximum_body_breakout,0.6,0
advisory_3H_supply_via_proximity_not_DRC,DDR_DQB4,GND,D14,C13,L8,0.1117,0.3585,-0.2468,via_to_outside_body,PG_via_annulus,under_maximum_body_breakout,under_maximum_body_breakout,1.54375,0
advisory_3H_supply_via_proximity_not_DRC,DDR_DQB4,GND,D14,D11,L8,0.306953844,0.3585,-0.051546156,via_to_outside_body,PG_via_annulus,under_maximum_body_breakout,under_maximum_body_breakout,1.54375,0
advisory_3H_supply_via_proximity_not_DRC,DDR_DQB4,GND,D14,D13,L8,0.1117,0.3585,-0.2468,via_to_outside_body,PG_via_annulus,under_maximum_body_breakout,under_maximum_body_breakout,1.54375,0
advisory_3H_supply_via_proximity_not_DRC,DDR_DQB4,GND,D14,D11,L8,0.306953844,0.3585,-0.051546156,via_to_outside_body,PG_via_annulus,under_maximum_body_breakout,under_maximum_body_breakout,0.08125,0
advisory_3H_supply_via_proximity_not_DRC,DDR_DQB4,GND,D14,D11,L8,0.306953844,0.3585,-0.051546156,via_to_outside_body,PG_via_annulus,under_maximum_body_breakout,under_maximum_body_breakout,0.08125,0
advisory_3H_supply_via_proximity_not_DRC,DDR_DQB4,GND,D14,D11,L8,0.306953844,0.3585,-0.051546156,via_to_outside_body,PG_via_annulus,under_maximum_body_breakout,under_maximum_body_breakout,1.59375,0
advisory_3H_supply_via_proximity_not_DRC,DDR_DQB13,GND,D16,D15,L3,0.306953844,0.39,-0.083046156,via_to_outside_body,PG_via_annulus,under_maximum_body_breakout,under_maximum_body_breakout,0.24375,0
advisory_3H_supply_via_proximity_not_DRC,DDR_DQB13,GND,D16,D15,L3,0.306953844,0.39,-0.083046156,via_to_outside_body,PG_via_annulus,under_maximum_body_breakout,under_maximum_body_breakout,0.08125,0
advisory_3H_supply_via_proximity_not_DRC,DDR_DQB13,GND,D16,D15,L3,0.306953844,0.39,-0.083046156,via_to_outside_body,PG_via_annulus,under_maximum_body_breakout,under_maximum_body_breakout,0.08125,0
advisory_3H_supply_via_proximity_not_DRC,DDR_DQB13,GND,D16,A16,L3,0.1117,0.39,-0.2783,via_to_outside_body,PG_via_annulus,under_maximum_body_breakout,under_maximum_body_breakout,1.59375,0
advisory_3H_supply_via_proximity_not_DRC,DDR_DQB13,GND,D16,D15,L3,0.306953844,0.39,-0.083046156,via_to_outside_body,PG_via_annulus,under_maximum_body_breakout,under_maximum_body_breakout,1.59375,0
advisory_3H_supply_via_proximity_not_DRC,DDR_DQB13,GND,D16,A16,L3,0.115523661,0.39,-0.274476339,via_to_outside_body,PG_via_annulus,local_extension_outside_body,under_maximum_body_breakout,0.6,0
advisory_3H_supply_via_proximity_not_DRC,DDR_DQB11,GND,E17,E19,L3,0.1117,0.39,-0.2783,via_to_outside_body,PG_via_annulus,under_maximum_body_breakout,under_maximum_body_breakout,1.59375,0
advisory_3H_supply_via_proximity_not_DRC,DDR_CAB4,GND,F17,E19,L8,0.1117,0.3585,-0.2468,via_to_outside_body,PG_via_annulus,under_maximum_body_breakout,under_maximum_body_breakout,0.89375,0
advisory_3H_supply_via_proximity_not_DRC,DDR_CAB4,GND,F17,E19,L8,0.131414556,0.3585,-0.227085444,via_to_outside_body,PG_via_annulus,under_maximum_body_breakout,under_maximum_body_breakout,0.08125,0
advisory_3H_supply_via_proximity_not_DRC,DDR_CAB4,GND,F17,E19,L8,0.131414556,0.3585,-0.227085444,via_to_outside_body,PG_via_annulus,under_maximum_body_breakout,under_maximum_body_breakout,0.08125,0
advisory_3H_supply_via_proximity_not_DRC,DDR_CAB4,GND,F17,E19,L8,0.1117,0.3585,-0.2468,via_to_outside_body,PG_via_annulus,under_maximum_body_breakout,under_maximum_body_breakout,0.94375,0
advisory_3H_supply_via_proximity_not_DRC,DDR_CAB3,GND,H17,K18,L8,0.306953844,0.3585,-0.051546156,via_to_outside_body,PG_via_annulus,under_maximum_body_breakout,under_maximum_body_breakout,0.89375,0
advisory_3H_supply_via_proximity_not_DRC,DDR_CAB3,GND,H17,K18,L8,0.260464841,0.3585,-0.098035159,via_to_outside_body,PG_via_annulus,under_maximum_body_breakout,under_maximum_body_breakout,0.08125,0
advisory_3H_supply_via_proximity_not_DRC,DDR_CAB3,GND,H17,K18,L8,0.19295,0.3585,-0.16555,via_to_outside_body,PG_via_annulus,under_maximum_body_breakout,under_maximum_body_breakout,0.08125,0
advisory_3H_supply_via_proximity_not_DRC,DDR_CAB3,GND,H17,K18,L8,0.1117,0.3585,-0.2468,via_to_outside_body,PG_via_annulus,under_maximum_body_breakout,under_maximum_body_breakout,1.59375,0
advisory_3H_supply_via_proximity_not_DRC,DDR_CKEA0,GND,N17,L19,L3,0.33174157,0.39,-0.05825843,via_to_outside_body,PG_via_annulus,under_maximum_body_breakout,under_maximum_body_breakout,0.08125,0
advisory_3H_supply_via_proximity_not_DRC,DDR_CKEA0,GND,N17,L19,L3,0.30057012,0.39,-0.08942988,via_to_outside_body,PG_via_annulus,under_maximum_body_breakout,under_maximum_body_breakout,0.08125,0
advisory_3H_supply_via_proximity_not_DRC,DDR_CKEA0,GND,N17,L19,L3,0.224244641,0.39,-0.165755359,via_to_outside_body,PG_via_annulus,under_maximum_body_breakout,under_maximum_body_breakout,0.08125,0
advisory_3H_supply_via_proximity_not_DRC,DDR_CKEA0,GND,N17,L19,L3,0.200995335,0.39,-0.189004665,via_to_outside_body,PG_via_annulus,under_maximum_body_breakout,under_maximum_body_breakout,0.08125,0
advisory_3H_supply_via_proximity_not_DRC,DDR_CKEA0,GND,N17,L19,L3,0.121702332,0.39,-0.268297668,via_to_outside_body,PG_via_annulus,under_maximum_body_breakout,under_maximum_body_breakout,0.08125,0
advisory_3H_supply_via_proximity_not_DRC,DDR_CKEA0,GND,N17,K18,L3,0.306953844,0.39,-0.083046156,via_to_outside_body,PG_via_annulus,under_maximum_body_breakout,under_maximum_body_breakout,0.325,0
advisory_3H_supply_via_proximity_not_DRC,DDR_CKEA0,GND,N17,L19,L3,0.1117,0.39,-0.2783,via_to_outside_body,PG_via_annulus,under_maximum_body_breakout,under_maximum_body_breakout,0.325,0
advisory_3H_supply_via_proximity_not_DRC,DDR_CKEA0,GND,N17,K18,L3,0.306953844,0.39,-0.083046156,via_to_outside_body,PG_via_annulus,under_maximum_body_breakout,under_maximum_body_breakout,0.08125,0
advisory_3H_supply_via_proximity_not_DRC,DDR_CKEA0,GND,N17,L19,L3,0.131414556,0.39,-0.258585444,via_to_outside_body,PG_via_annulus,under_maximum_body_breakout,under_maximum_body_breakout,0.08125,0
advisory_3H_supply_via_proximity_not_DRC,DDR_CKEA0,GND,N17,K18,L3,0.306953844,0.39,-0.083046156,via_to_outside_body,PG_via_annulus,under_maximum_body_breakout,under_maximum_body_breakout,0.08125,0
advisory_3H_supply_via_proximity_not_DRC,DDR_CKEA0,GND,N17,L19,L3,0.131414556,0.39,-0.258585444,via_to_outside_body,PG_via_annulus,under_maximum_body_breakout,under_maximum_body_breakout,0.08125,0
advisory_3H_supply_via_proximity_not_DRC,DDR_CKEA0,GND,N17,K18,L3,0.306953844,0.39,-0.083046156,via_to_outside_body,PG_via_annulus,under_maximum_body_breakout,under_maximum_body_breakout,0.94375,0
advisory_3H_supply_via_proximity_not_DRC,DDR_CKEA0,GND,N17,L19,L3,0.1117,0.39,-0.2783,via_to_outside_body,PG_via_annulus,under_maximum_body_breakout,under_maximum_body_breakout,0.94375,0
advisory_3H_supply_via_proximity_not_DRC,DDR_DMIA1,GND,P17,P20,L8,0.1117,0.3585,-0.2468,via_to_outside_body,PG_via_annulus,under_maximum_body_breakout,under_maximum_body_breakout,0.94375,0
advisory_3H_supply_via_proximity_not_DRC,DDR_DMIA1,GND,P17,P20,L8,0.115523661,0.3585,-0.242976339,via_to_outside_body,PG_via_annulus,local_extension_outside_body,under_maximum_body_breakout,0.6,0
advisory_3H_supply_via_proximity_not_DRC,DDR_DQA11,GND,R17,R16,L8,0.306953844,0.3585,-0.051546156,via_to_outside_body,PG_via_annulus,under_maximum_body_breakout,under_maximum_body_breakout,0.24375,0
advisory_3H_supply_via_proximity_not_DRC,DDR_DQA11,GND,R17,R16,L8,0.306953844,0.3585,-0.051546156,via_to_outside_body,PG_via_annulus,under_maximum_body_breakout,under_maximum_body_breakout,0.08125,0
advisory_3H_supply_via_proximity_not_DRC,DDR_DQA11,GND,R17,R16,L8,0.306953844,0.3585,-0.051546156,via_to_outside_body,PG_via_annulus,under_maximum_body_breakout,under_maximum_body_breakout,0.08125,0
advisory_3H_supply_via_proximity_not_DRC,DDR_DQA11,GND,R17,R16,L8,0.306953844,0.3585,-0.051546156,via_to_outside_body,PG_via_annulus,under_maximum_body_breakout,under_maximum_body_breakout,3.54375,0
advisory_3H_supply_via_proximity_not_DRC,DDR_DQA11,GND,R17,W16,L8,0.1117,0.3585,-0.2468,via_to_outside_body,PG_via_annulus,under_maximum_body_breakout,under_maximum_body_breakout,3.54375,0
advisory_3H_supply_via_proximity_not_DRC,DDR_DQA4,GND,U16,U19,L3,0.1117,0.39,-0.2783,via_to_outside_body,PG_via_annulus,under_maximum_body_breakout,under_maximum_body_breakout,2.24375,0
advisory_3H_supply_via_proximity_not_DRC,DDR_CAA1,GND,L16,K18,L3,0.1117,0.39,-0.2783,via_to_outside_body,PG_via_annulus,under_maximum_body_breakout,under_maximum_body_breakout,0.89375,0
advisory_3H_supply_via_proximity_not_DRC,DDR_CAA1,GND,L16,K18,L3,0.131414556,0.39,-0.258585444,via_to_outside_body,PG_via_annulus,under_maximum_body_breakout,under_maximum_body_breakout,0.08125,0
advisory_3H_supply_via_proximity_not_DRC,DDR_CAA1,GND,L16,K18,L3,0.131414556,0.39,-0.258585444,via_to_outside_body,PG_via_annulus,under_maximum_body_breakout,under_maximum_body_breakout,0.08125,0
advisory_3H_supply_via_proximity_not_DRC,DDR_CAA1,GND,L16,K18,L3,0.1117,0.39,-0.2783,via_to_outside_body,PG_via_annulus,under_maximum_body_breakout,under_maximum_body_breakout,1.59375,0
advisory_3H_supply_via_proximity_not_DRC,DDR_DQA10,GND,P16,N16,L8,0.306953844,0.3585,-0.051546156,via_to_outside_body,PG_via_annulus,under_maximum_body_breakout,under_maximum_body_breakout,0.24375,0
advisory_3H_supply_via_proximity_not_DRC,DDR_DQA10,GND,P16,N16,L8,0.306953844,0.3585,-0.051546156,via_to_outside_body,PG_via_annulus,under_maximum_body_breakout,under_maximum_body_breakout,0.08125,0
advisory_3H_supply_via_proximity_not_DRC,DDR_DQA10,GND,P16,N16,L8,0.306953844,0.3585,-0.051546156,via_to_outside_body,PG_via_annulus,under_maximum_body_breakout,under_maximum_body_breakout,0.08125,0
advisory_3H_supply_via_proximity_not_DRC,DDR_DQA10,GND,P16,N16,L8,0.306953844,0.3585,-0.051546156,via_to_outside_body,PG_via_annulus,under_maximum_body_breakout,under_maximum_body_breakout,0.975,0
advisory_3H_supply_via_proximity_not_DRC,DDR_DQA3,GND,T16,R16,L3,0.306953844,0.39,-0.083046156,via_to_outside_body,PG_via_annulus,under_maximum_body_breakout,under_maximum_body_breakout,0.24375,0
advisory_3H_supply_via_proximity_not_DRC,DDR_DQA3,GND,T16,R16,L3,0.306953844,0.39,-0.083046156,via_to_outside_body,PG_via_annulus,under_maximum_body_breakout,under_maximum_body_breakout,0.08125,0
advisory_3H_supply_via_proximity_not_DRC,DDR_DQA3,GND,T16,R16,L3,0.306953844,0.39,-0.083046156,via_to_outside_body,PG_via_annulus,under_maximum_body_breakout,under_maximum_body_breakout,0.08125,0
advisory_3H_supply_via_proximity_not_DRC,DDR_DQA3,GND,T16,R16,L3,0.306953844,0.39,-0.083046156,via_to_outside_body,PG_via_annulus,under_maximum_body_breakout,under_maximum_body_breakout,2.24375,0
figure_3H_to_supply_trace_screen,DDR_DQB0,GND,A14,A13,L1,0.358019408,0.3585,-0.000480592,ball_to_via,ball_to_via,under_maximum_body_breakout,under_maximum_body_breakout,0.459619408,0.459619408
figure_3H_to_supply_trace_screen,DDR_DQB0,GND,A14,B13,L1,0.358019408,0.3585,-0.000480592,ball_to_via,ball_to_via,under_maximum_body_breakout,under_maximum_body_breakout,0.459619408,0.459619408
figure_3H_to_supply_trace_screen,DDR_DQSB0_N,GND,A15,A16,L1,0.358019408,0.3585,-0.000480592,ball_to_via,ball_to_via,under_maximum_body_breakout,under_maximum_body_breakout,0.459619408,0.459619408
figure_3H_to_supply_trace_screen,DDR_DQB1,GND,A17,A16,L1,0.358019408,0.3585,-0.000480592,ball_to_via,ball_to_via,under_maximum_body_breakout,under_maximum_body_breakout,0.459619408,0.459619408
figure_3H_to_supply_trace_screen,DDR_DQSB1_N,GND,A18,A19,L1,0.358019408,0.3585,-0.000480592,ball_to_via,ball_to_via,under_maximum_body_breakout,under_maximum_body_breakout,0.459619408,0.459619408
figure_3H_to_supply_trace_screen,DDR_DQB3,GND,B14,B13,L1,0.358019408,0.3585,-0.000480592,ball_to_via,ball_to_via,under_maximum_body_breakout,under_maximum_body_breakout,0.459619408,0.459619408
figure_3H_to_supply_trace_screen,DDR_DQB3,GND,B14,C13,L1,0.358019408,0.3585,-0.000480592,ball_to_via,ball_to_via,under_maximum_body_breakout,under_maximum_body_breakout,0.459619408,0.459619408
figure_3H_to_supply_trace_screen,DDR_DQSB0_P,GND,B15,A16,L1,0.358019408,0.3585,-0.000480592,ball_to_via,ball_to_via,under_maximum_body_breakout,under_maximum_body_breakout,0.459619408,0.459619408
figure_3H_to_supply_trace_screen,DDR_DQB5,GND,B16,A16,L1,0.358019408,0.3585,-0.000480592,ball_to_via,ball_to_via,under_maximum_body_breakout,under_maximum_body_breakout,0.459619408,0.459619408
figure_3H_to_supply_trace_screen,DDR_DQSB1_P,GND,B18,A19,L1,0.358019408,0.3585,-0.000480592,ball_to_via,ball_to_via,under_maximum_body_breakout,under_maximum_body_breakout,0.459619408,0.459619408
figure_3H_to_supply_trace_screen,DDR_DQB15,GND,B19,A19,L1,0.358019408,0.3585,-0.000480592,ball_to_via,ball_to_via,under_maximum_body_breakout,under_maximum_body_breakout,0.459619408,0.459619408
figure_3H_to_supply_trace_screen,DDR_DQB15,GND,B19,B20,L1,0.358019408,0.3585,-0.000480592,ball_to_via,ball_to_via,under_maximum_body_breakout,under_maximum_body_breakout,0.459619408,0.459619408
figure_3H_to_supply_trace_screen,DDR_DQB2,GND,C14,C13,L1,0.358019408,0.3585,-0.000480592,ball_to_via,ball_to_via,under_maximum_body_breakout,under_maximum_body_breakout,0.459619408,0.459619408
figure_3H_to_supply_trace_screen,DDR_DQB2,GND,C14,D13,L1,0.358019408,0.3585,-0.000480592,ball_to_via,ball_to_via,under_maximum_body_breakout,under_maximum_body_breakout,0.459619408,0.459619408
figure_3H_to_supply_trace_screen,DDR_DMIB0,GND,C15,D15,L1,0.358019408,0.3585,-0.000480592,ball_to_via,ball_to_via,under_maximum_body_breakout,under_maximum_body_breakout,0.459619408,0.459619408
figure_3H_to_supply_trace_screen,DDR_DQB6,GND,C16,D15,L1,0.358019408,0.3585,-0.000480592,ball_to_via,ball_to_via,under_maximum_body_breakout,under_maximum_body_breakout,0.459619408,0.459619408
figure_3H_to_supply_trace_screen,DDR_DQB14,GND,C19,B20,L1,0.358019408,0.3585,-0.000480592,ball_to_via,ball_to_via,under_maximum_body_breakout,under_maximum_body_breakout,0.459619408,0.459619408
figure_3H_to_supply_trace_screen,DDR_DQB4,GND,D14,D13,L1,0.358019408,0.3585,-0.000480592,ball_to_via,ball_to_via,under_maximum_body_breakout,under_maximum_body_breakout,0.459619408,0.459619408
figure_3H_to_supply_trace_screen,DDR_DQB4,GND,D14,D15,L1,0.358019408,0.3585,-0.000480592,ball_to_via,ball_to_via,under_maximum_body_breakout,under_maximum_body_breakout,0.459619408,0.459619408
figure_3H_to_supply_trace_screen,DDR_DQB4,GND,D14,E13,L1,0.358019408,0.3585,-0.000480592,ball_to_via,ball_to_via,under_maximum_body_breakout,under_maximum_body_breakout,0.459619408,0.459619408
figure_3H_to_supply_trace_screen,DDR_DQB4,GND,D14,E14,L1,0.358019408,0.3585,-0.000480592,ball_to_via,ball_to_via,under_maximum_body_breakout,under_maximum_body_breakout,0.459619408,0.459619408
figure_3H_to_supply_trace_screen,DDR_DQB13,GND,D16,D15,L1,0.358019408,0.3585,-0.000480592,ball_to_via,ball_to_via,under_maximum_body_breakout,under_maximum_body_breakout,0.459619408,0.459619408
figure_3H_to_supply_trace_screen,DDR_DQB13,GND,D16,E15,L1,0.358019408,0.3585,-0.000480592,ball_to_via,ball_to_via,under_maximum_body_breakout,under_maximum_body_breakout,0.459619408,0.459619408
figure_3H_to_supply_trace_screen,DDR_DQB13,GND,D16,E16,L1,0.358019408,0.3585,-0.000480592,ball_to_via,ball_to_via,under_maximum_body_breakout,under_maximum_body_breakout,0.459619408,0.459619408
figure_3H_to_supply_trace_screen,DDR_DQB10,GND,D17,E16,L1,0.358019408,0.3585,-0.000480592,ball_to_via,ball_to_via,under_maximum_body_breakout,under_maximum_body_breakout,0.459619408,0.459619408
figure_3H_to_supply_trace_screen,DDR_DQB11,GND,E17,E16,L1,0.358019408,0.3585,-0.000480592,ball_to_via,ball_to_via,under_maximum_body_breakout,under_maximum_body_breakout,0.459619408,0.459619408
figure_3H_to_supply_trace_screen,DDR_DQB11,GND,E17,F16,L1,0.358019408,0.3585,-0.000480592,ball_to_via,ball_to_via,under_maximum_body_breakout,under_maximum_body_breakout,0.459619408,0.459619408
figure_3H_to_supply_trace_screen,DDR_DQB12,GND,E18,E19,L1,0.358019408,0.3585,-0.000480592,ball_to_via,ball_to_via,under_maximum_body_breakout,under_maximum_body_breakout,0.459619408,0.459619408
figure_3H_to_supply_trace_screen,DDR_CAB0,GND,E20,E19,L1,0.358019408,0.3585,-0.000480592,ball_to_via,ball_to_via,under_maximum_body_breakout,under_maximum_body_breakout,0.459619408,0.459619408
figure_3H_to_supply_trace_screen,DDR_CAB4,GND,F17,F16,L1,0.358019408,0.3585,-0.000480592,ball_to_via,ball_to_via,under_maximum_body_breakout,under_maximum_body_breakout,0.459619408,0.459619408
figure_3H_to_supply_trace_screen,DDR_CAB4,GND,F17,G16,L1,0.358019408,0.3585,-0.000480592,ball_to_via,ball_to_via,under_maximum_body_breakout,under_maximum_body_breakout,0.459619408,0.459619408
figure_3H_to_supply_trace_screen,DDR_CAB5,GND,F19,E19,L1,0.358019408,0.3585,-0.000480592,ball_to_via,ball_to_via,under_maximum_body_breakout,under_maximum_body_breakout,0.459619408,0.459619408
figure_3H_to_supply_trace_screen,DDR_CLKB_P,GND,G20,H20,L1,0.358019408,0.3585,-0.000480592,ball_to_via,ball_to_via,under_maximum_body_breakout,under_maximum_body_breakout,0.459619408,0.459619408
figure_3H_to_supply_trace_screen,DDR_CAB3,GND,H17,H16,L1,0.358019408,0.3585,-0.000480592,ball_to_via,ball_to_via,under_maximum_body_breakout,under_maximum_body_breakout,0.459619408,0.459619408
figure_3H_to_supply_trace_screen,DDR_CKEB0,GND,J18,K18,L1,0.358019408,0.3585,-0.000480592,ball_to_via,ball_to_via,under_maximum_body_breakout,under_maximum_body_breakout,0.459619408,0.459619408
figure_3H_to_supply_trace_screen,DDR_CSB0,GND,J20,H20,L1,0.358019408,0.3585,-0.000480592,ball_to_via,ball_to_via,under_maximum_body_breakout,under_maximum_body_breakout,0.459619408,0.459619408
figure_3H_to_supply_trace_screen,DDR_CAA1,GND,L16,K16,L1,0.358019408,0.3585,-0.000480592,ball_to_via,ball_to_via,under_maximum_body_breakout,under_maximum_body_breakout,0.459619408,0.459619408
figure_3H_to_supply_trace_screen,DDR_CAA1,GND,L16,L15,L1,0.358019408,0.3585,-0.000480592,ball_to_via,ball_to_via,under_maximum_body_breakout,under_maximum_body_breakout,0.459619408,0.459619408
figure_3H_to_supply_trace_screen,DDR_CAA1,GND,L16,M15,L1,0.358019408,0.3585,-0.000480592,ball_to_via,ball_to_via,under_maximum_body_breakout,under_maximum_body_breakout,0.459619408,0.459619408
figure_3H_to_supply_trace_screen,DDR_CAA1,GND,L16,M16,L1,0.358019408,0.3585,-0.000480592,ball_to_via,ball_to_via,under_maximum_body_breakout,under_maximum_body_breakout,0.459619408,0.459619408
figure_3H_to_supply_trace_screen,DDR_CAA4,GND,M18,L19,L1,0.358019408,0.3585,-0.000480592,ball_to_via,ball_to_via,under_maximum_body_breakout,under_maximum_body_breakout,0.459619408,0.459619408
figure_3H_to_supply_trace_screen,DDR_CAA0,GND,M19,L19,L1,0.358019408,0.3585,-0.000480592,ball_to_via,ball_to_via,under_maximum_body_breakout,under_maximum_body_breakout,0.459619408,0.459619408
figure_3H_to_supply_trace_screen,DDR_CKEA0,GND,N17,N16,L1,0.358019408,0.3585,-0.000480592,ball_to_via,ball_to_via,under_maximum_body_breakout,under_maximum_body_breakout,0.459619408,0.459619408
figure_3H_to_supply_trace_screen,DDR_CAA3,GND,N20,P20,L1,0.358019408,0.3585,-0.000480592,ball_to_via,ball_to_via,under_maximum_body_breakout,under_maximum_body_breakout,0.459619408,0.459619408
figure_3H_to_supply_trace_screen,DDR_DQA10,GND,P16,N16,L1,0.358019408,0.3585,-0.000480592,ball_to_via,ball_to_via,under_maximum_body_breakout,under_maximum_body_breakout,0.459619408,0.459619408
figure_3H_to_supply_trace_screen,DDR_DQA10,GND,P16,P15,L1,0.358019408,0.3585,-0.000480592,ball_to_via,ball_to_via,under_maximum_body_breakout,under_maximum_body_breakout,0.459619408,0.459619408
figure_3H_to_supply_trace_screen,DDR_DQA10,BANK5_VDDIO,P16,R15,L1,0.358019408,0.3585,-0.000480592,ball_to_via,ball_to_via,under_maximum_body_breakout,under_maximum_body_breakout,0.459619408,0.459619408
figure_3H_to_supply_trace_screen,DDR_DQA10,GND,P16,R16,L1,0.358019408,0.3585,-0.000480592,ball_to_via,ball_to_via,under_maximum_body_breakout,under_maximum_body_breakout,0.459619408,0.459619408
figure_3H_to_supply_trace_screen,DDR_DMIA1,GND,P17,R16,L1,0.358019408,0.3585,-0.000480592,ball_to_via,ball_to_via,under_maximum_body_breakout,under_maximum_body_breakout,0.459619408,0.459619408
figure_3H_to_supply_trace_screen,DDR_CAA5,GND,P19,P20,L1,0.358019408,0.3585,-0.000480592,ball_to_via,ball_to_via,under_maximum_body_breakout,under_maximum_body_breakout,0.459619408,0.459619408
figure_3H_to_supply_trace_screen,DDR_DQA11,GND,R17,R16,L1,0.358019408,0.3585,-0.000480592,ball_to_via,ball_to_via,under_maximum_body_breakout,under_maximum_body_breakout,0.459619408,0.459619408
figure_3H_to_supply_trace_screen,DDR_CLKA_P,GND,R19,P20,L1,0.358019408,0.3585,-0.000480592,ball_to_via,ball_to_via,under_maximum_body_breakout,under_maximum_body_breakout,0.459619408,0.459619408
figure_3H_to_supply_trace_screen,DDR_CLKA_N,GND,R20,P20,L1,0.358019408,0.3585,-0.000480592,ball_to_via,ball_to_via,under_maximum_body_breakout,under_maximum_body_breakout,0.459619408,0.459619408
figure_3H_to_supply_trace_screen,DDR_DQA3,GND,T16,R16,L1,0.358019408,0.3585,-0.000480592,ball_to_via,ball_to_via,under_maximum_body_breakout,under_maximum_body_breakout,0.459619408,0.459619408
figure_3H_to_supply_trace_screen,DDR_DQA3,GND,T16,T15,L1,0.358019408,0.3585,-0.000480592,ball_to_via,ball_to_via,under_maximum_body_breakout,under_maximum_body_breakout,0.459619408,0.459619408
figure_3H_to_supply_trace_screen,DDR_CSA0,GND,T20,U19,L1,0.358019408,0.3585,-0.000480592,ball_to_via,ball_to_via,under_maximum_body_breakout,under_maximum_body_breakout,0.459619408,0.459619408
figure_3H_to_supply_trace_screen,DDR_DQA14,GND,U18,U19,L1,0.358019408,0.3585,-0.000480592,ball_to_via,ball_to_via,under_maximum_body_breakout,under_maximum_body_breakout,0.459619408,0.459619408
figure_3H_to_supply_trace_screen,DDR_DQA15,GND,U20,U19,L1,0.358019408,0.3585,-0.000480592,ball_to_via,ball_to_via,under_maximum_body_breakout,under_maximum_body_breakout,0.459619408,0.459619408
figure_3H_to_supply_trace_screen,DDR_DQA1,GND,V16,W16,L1,0.358019408,0.3585,-0.000480592,ball_to_via,ball_to_via,under_maximum_body_breakout,under_maximum_body_breakout,0.459619408,0.459619408
figure_3H_to_supply_trace_screen,DDR_DMIA0,GND,V17,W16,L1,0.358019408,0.3585,-0.000480592,ball_to_via,ball_to_via,under_maximum_body_breakout,under_maximum_body_breakout,0.459619408,0.459619408
figure_3H_to_supply_trace_screen,DDR_DQA5,GND,V18,U19,L1,0.358019408,0.3585,-0.000480592,ball_to_via,ball_to_via,under_maximum_body_breakout,under_maximum_body_breakout,0.459619408,0.459619408
figure_3H_to_supply_trace_screen,DDR_DQSA1_N,GND,V19,U19,L1,0.358019408,0.3585,-0.000480592,ball_to_via,ball_to_via,under_maximum_body_breakout,under_maximum_body_breakout,0.459619408,0.459619408
figure_3H_to_supply_trace_screen,DDR_DQSA1_P,GND,V20,W20,L1,0.358019408,0.3585,-0.000480592,ball_to_via,ball_to_via,under_maximum_body_breakout,under_maximum_body_breakout,0.459619408,0.459619408
figure_3H_to_supply_trace_screen,DDR_DQSA0_P,GND,W17,W16,L1,0.358019408,0.3585,-0.000480592,ball_to_via,ball_to_via,under_maximum_body_breakout,under_maximum_body_breakout,0.459619408,0.459619408
figure_3H_to_supply_trace_screen,DDR_DQA8,GND,W19,W20,L1,0.358019408,0.3585,-0.000480592,ball_to_via,ball_to_via,under_maximum_body_breakout,under_maximum_body_breakout,0.459619408,0.459619408
figure_3H_to_supply_trace_screen,DDR_DQA8,GND,W19,Y19,L1,0.358019408,0.3585,-0.000480592,ball_to_via,ball_to_via,under_maximum_body_breakout,under_maximum_body_breakout,0.459619408,0.459619408
figure_3H_to_supply_trace_screen,DDR_DQA0,GND,Y16,W16,L1,0.358019408,0.3585,-0.000480592,ball_to_via,ball_to_via,under_maximum_body_breakout,under_maximum_body_breakout,0.459619408,0.459619408
figure_3H_to_supply_trace_screen,DDR_DQA7,GND,Y18,Y19,L1,0.358019408,0.3585,-0.000480592,ball_to_via,ball_to_via,under_maximum_body_breakout,under_maximum_body_breakout,0.459619408,0.459619408
