net_a,net_b,group_a,group_b,layer,scope,closest_segment_a,closest_segment_b,minimum_centerline_mm,minimum_copper_edge_mm,pair_internal,figure054_factor,nominal_H_mm,figure054_edge_gap_target_mm,below_figure054_edge_gap,text3W_edge_interpretation_below,text3W_center_interpretation_below,within_pair_gap_qualified
DDR_CAA0,DDR_CAB0,A_ADDRESS_COMMAND,B_ADDRESS_COMMAND,L8,actual_interconnect_only,track:DDR_CAA0:L8:656:0,track:DDR_CAB0:L8:671:21,2.6287176056,2.5271176056,False,3,0.1195,0.3585,False,False,False,
DDR_CAA0,DDR_CAB0,A_ADDRESS_COMMAND,B_ADDRESS_COMMAND,L8,all_inner_layer_traces,track:DDR_CAA0:L8:656:0,track:DDR_CAB0:L8:671:21,2.6287176056,2.5271176056,False,3,0.1195,0.3585,False,False,False,
DDR_CAA0,DDR_CAB1,A_ADDRESS_COMMAND,B_ADDRESS_COMMAND,L8,actual_interconnect_only,track:DDR_CAA0:L8:656:0,track:DDR_CAB1:L8:666:15,0.325,0.2234,False,3,0.1195,0.3585,True,True,False,
DDR_CAA0,DDR_CAB1,A_ADDRESS_COMMAND,B_ADDRESS_COMMAND,L8,all_inner_layer_traces,track:DDR_CAA0:L8:656:0,track:DDR_CAB1:L8:666:15,0.325,0.2234,False,3,0.1195,0.3585,True,True,False,
DDR_CAA0,DDR_CAB3,A_ADDRESS_COMMAND,B_ADDRESS_COMMAND,L8,actual_interconnect_only,track:DDR_CAA0:L8:656:0,track:DDR_CAB3:L8:695:21,1.625,1.5234,False,3,0.1195,0.3585,False,False,False,
DDR_CAA0,DDR_CAB3,A_ADDRESS_COMMAND,B_ADDRESS_COMMAND,L8,all_inner_layer_traces,track:DDR_CAA0:L8:656:0,track:DDR_CAB3:L8:695:21,1.625,1.5234,False,3,0.1195,0.3585,False,False,False,
DDR_CAA0,DDR_CAB4,A_ADDRESS_COMMAND,B_ADDRESS_COMMAND,L8,actual_interconnect_only,track:DDR_CAA0:L8:656:0,track:DDR_CAB4:L8:682:19,2.6,2.4984,False,3,0.1195,0.3585,False,False,False,
DDR_CAA0,DDR_CAB4,A_ADDRESS_COMMAND,B_ADDRESS_COMMAND,L8,all_inner_layer_traces,track:DDR_CAA0:L8:656:0,track:DDR_CAB4:L8:682:19,2.6,2.4984,False,3,0.1195,0.3585,False,False,False,
DDR_CAA0,DDR_CAB5,A_ADDRESS_COMMAND,B_ADDRESS_COMMAND,L8,actual_interconnect_only,track:DDR_CAA0:L8:656:0,track:DDR_CAB5:L8:707:23,1.95,1.8484,False,3,0.1195,0.3585,False,False,False,
DDR_CAA0,DDR_CAB5,A_ADDRESS_COMMAND,B_ADDRESS_COMMAND,L8,all_inner_layer_traces,track:DDR_CAA0:L8:656:0,track:DDR_CAB5:L8:707:23,1.95,1.8484,False,3,0.1195,0.3585,False,False,False,
DDR_CAA0,DDR_CKEA0,A_ADDRESS_COMMAND,A_ADDRESS_COMMAND,L8,actual_interconnect_only,track:DDR_CAA0:L8:656:1,track:DDR_CKEA0:L8:670:79,0.2298097039,0.1282097039,False,3,0.1195,0.3585,True,True,True,
DDR_CAA0,DDR_CKEA0,A_ADDRESS_COMMAND,A_ADDRESS_COMMAND,L8,all_inner_layer_traces,track:DDR_CAA0:L8:656:1,track:DDR_CKEA0:L8:670:79,0.2298097039,0.1282097039,False,3,0.1195,0.3585,True,True,True,
DDR_CAA0,DDR_CKEB0,A_ADDRESS_COMMAND,B_ADDRESS_COMMAND,L8,actual_interconnect_only,track:DDR_CAA0:L8:656:0,track:DDR_CKEB0:L8:672:14,0.73125,0.62965,False,3,0.1195,0.3585,False,False,False,
DDR_CAA0,DDR_CKEB0,A_ADDRESS_COMMAND,B_ADDRESS_COMMAND,L8,all_inner_layer_traces,track:DDR_CAA0:L8:656:0,track:DDR_CKEB0:L8:672:14,0.73125,0.62965,False,3,0.1195,0.3585,False,False,False,
DDR_CAA0,DDR_CSB0,A_ADDRESS_COMMAND,B_ADDRESS_COMMAND,L8,actual_interconnect_only,track:DDR_CAA0:L8:656:0,track:DDR_CSB0:L8:677:13,0.975,0.8734,False,3,0.1195,0.3585,False,False,False,
DDR_CAA0,DDR_CSB0,A_ADDRESS_COMMAND,B_ADDRESS_COMMAND,L8,all_inner_layer_traces,track:DDR_CAA0:L8:656:0,track:DDR_CSB0:L8:677:13,0.975,0.8734,False,3,0.1195,0.3585,False,False,False,
DDR_CAA0,DDR_DMIA1,A_ADDRESS_COMMAND,A_BYTE1,L8,actual_interconnect_only,track:DDR_CAA0:L8:656:0,track:DDR_DMIA1:L8:675:0,1.8384776311,1.7368776311,False,3,0.1195,0.3585,False,False,False,
DDR_CAA0,DDR_DMIA1,A_ADDRESS_COMMAND,A_BYTE1,L8,all_inner_layer_traces,track:DDR_CAA0:L8:656:0,track:DDR_DMIA1:L8:675:0,1.8384776311,1.7368776311,False,3,0.1195,0.3585,False,False,False,
DDR_CAA0,DDR_DMIB0,A_ADDRESS_COMMAND,B_BYTE0,L8,actual_interconnect_only,track:DDR_CAA0:L8:656:0,track:DDR_DMIB0:L8:654:8,4.875,4.7734,False,3,0.1195,0.3585,False,False,False,
DDR_CAA0,DDR_DMIB0,A_ADDRESS_COMMAND,B_BYTE0,L8,all_inner_layer_traces,track:DDR_CAA0:L8:656:0,track:DDR_DMIB0:L8:654:8,4.875,4.7734,False,3,0.1195,0.3585,False,False,False,
DDR_CAA0,DDR_DMIB1,A_ADDRESS_COMMAND,B_BYTE1,L8,actual_interconnect_only,track:DDR_CAA0:L8:656:0,track:DDR_DMIB1:L8:684:0,5.2,5.0984,False,3,0.1195,0.3585,False,False,False,
DDR_CAA0,DDR_DMIB1,A_ADDRESS_COMMAND,B_BYTE1,L8,all_inner_layer_traces,track:DDR_CAA0:L8:656:0,track:DDR_DMIB1:L8:684:0,5.2,5.0984,False,3,0.1195,0.3585,False,False,False,
DDR_CAA0,DDR_DQA10,A_ADDRESS_COMMAND,A_BYTE1,L8,actual_interconnect_only,track:DDR_CAA0:L8:656:0,track:DDR_DQA10:L8:678:8,0.975,0.8734,False,3,0.1195,0.3585,False,False,False,
DDR_CAA0,DDR_DQA10,A_ADDRESS_COMMAND,A_BYTE1,L8,all_inner_layer_traces,track:DDR_CAA0:L8:656:0,track:DDR_DQA10:L8:678:8,0.975,0.8734,False,3,0.1195,0.3585,False,False,False,
DDR_CAA0,DDR_DQA11,A_ADDRESS_COMMAND,A_BYTE1,L8,actual_interconnect_only,track:DDR_CAA0:L8:656:0,track:DDR_DQA11:L8:705:10,1.625,1.5234,False,3,0.1195,0.3585,False,False,False,
DDR_CAA0,DDR_DQA11,A_ADDRESS_COMMAND,A_BYTE1,L8,all_inner_layer_traces,track:DDR_CAA0:L8:656:0,track:DDR_DQA11:L8:705:10,1.625,1.5234,False,3,0.1195,0.3585,False,False,False,
DDR_CAA0,DDR_DQA12,A_ADDRESS_COMMAND,A_BYTE1,L8,actual_interconnect_only,track:DDR_CAA0:L8:656:0,track:DDR_DQA12:L8:688:10,0.325,0.2234,False,3,0.1195,0.3585,True,True,False,
DDR_CAA0,DDR_DQA12,A_ADDRESS_COMMAND,A_BYTE1,L8,all_inner_layer_traces,track:DDR_CAA0:L8:656:0,track:DDR_DQA12:L8:688:10,0.325,0.2234,False,3,0.1195,0.3585,True,True,False,
DDR_CAA0,DDR_DQA13,A_ADDRESS_COMMAND,A_BYTE1,L8,actual_interconnect_only,track:DDR_CAA0:L8:656:0,track:DDR_DQA13:L8:693:11,0.975,0.8734,False,3,0.1195,0.3585,False,False,False,
DDR_CAA0,DDR_DQA13,A_ADDRESS_COMMAND,A_BYTE1,L8,all_inner_layer_traces,track:DDR_CAA0:L8:656:0,track:DDR_DQA13:L8:693:11,0.975,0.8734,False,3,0.1195,0.3585,False,False,False,
DDR_CAA0,DDR_DQA14,A_ADDRESS_COMMAND,A_BYTE1,L8,actual_interconnect_only,track:DDR_CAA0:L8:656:0,track:DDR_DQA14:L8:683:4,2.925,2.8234,False,3,0.1195,0.3585,False,False,False,
DDR_CAA0,DDR_DQA14,A_ADDRESS_COMMAND,A_BYTE1,L8,all_inner_layer_traces,track:DDR_CAA0:L8:656:0,track:DDR_DQA14:L8:683:4,2.925,2.8234,False,3,0.1195,0.3585,False,False,False,
DDR_CAA0,DDR_DQA15,A_ADDRESS_COMMAND,A_BYTE1,L8,actual_interconnect_only,track:DDR_CAA0:L8:656:0,track:DDR_DQA15:L8:698:1,3.16875,3.06715,False,3,0.1195,0.3585,False,False,False,
DDR_CAA0,DDR_DQA15,A_ADDRESS_COMMAND,A_BYTE1,L8,all_inner_layer_traces,track:DDR_CAA0:L8:656:0,track:DDR_DQA15:L8:698:1,3.16875,3.06715,False,3,0.1195,0.3585,False,False,False,
DDR_CAA0,DDR_DQA3,A_ADDRESS_COMMAND,A_BYTE0,L8,actual_interconnect_only,track:DDR_CAA0:L8:656:5,track:DDR_DQA3:L8:649:49,1.3,1.1984,False,3,0.1195,0.3585,False,False,False,
DDR_CAA0,DDR_DQA3,A_ADDRESS_COMMAND,A_BYTE0,L8,all_inner_layer_traces,track:DDR_CAA0:L8:656:5,track:DDR_DQA3:L8:649:49,1.3,1.1984,False,3,0.1195,0.3585,False,False,False,
DDR_CAA0,DDR_DQA7,A_ADDRESS_COMMAND,A_BYTE0,L8,actual_interconnect_only,track:DDR_CAA0:L8:656:5,track:DDR_DQA7:L8:669:31,4.2154477817,4.1138477817,False,3,0.1195,0.3585,False,False,False,
DDR_CAA0,DDR_DQA7,A_ADDRESS_COMMAND,A_BYTE0,L8,all_inner_layer_traces,track:DDR_CAA0:L8:656:5,track:DDR_DQA7:L8:669:31,4.2154477817,4.1138477817,False,3,0.1195,0.3585,False,False,False,
DDR_CAA0,DDR_DQA9,A_ADDRESS_COMMAND,A_BYTE1,L8,actual_interconnect_only,track:DDR_CAA0:L8:656:0,track:DDR_DQA9:L8:686:0,2.8379404944,2.7363404944,False,3,0.1195,0.3585,False,False,False,
DDR_CAA0,DDR_DQA9,A_ADDRESS_COMMAND,A_BYTE1,L8,all_inner_layer_traces,track:DDR_CAA0:L8:656:0,track:DDR_DQA9:L8:686:0,2.8379404944,2.7363404944,False,3,0.1195,0.3585,False,False,False,
DDR_CAA0,DDR_DQB0,A_ADDRESS_COMMAND,B_BYTE0,L8,actual_interconnect_only,track:DDR_CAA0:L8:656:0,track:DDR_DQB0:L8:653:11,6.5115402364,6.4099402364,False,3,0.1195,0.3585,False,False,False,
DDR_CAA0,DDR_DQB0,A_ADDRESS_COMMAND,B_BYTE0,L8,all_inner_layer_traces,track:DDR_CAA0:L8:656:0,track:DDR_DQB0:L8:653:11,6.5115402364,6.4099402364,False,3,0.1195,0.3585,False,False,False,
DDR_CAA0,DDR_DQB1,A_ADDRESS_COMMAND,B_BYTE0,L8,actual_interconnect_only,track:DDR_CAA0:L8:656:0,track:DDR_DQB1:L8:662:17,5.8628198207,5.7612198207,False,3,0.1195,0.3585,False,False,False,
DDR_CAA0,DDR_DQB1,A_ADDRESS_COMMAND,B_BYTE0,L8,all_inner_layer_traces,track:DDR_CAA0:L8:656:0,track:DDR_DQB1:L8:662:17,5.8628198207,5.7612198207,False,3,0.1195,0.3585,False,False,False,
DDR_CAA0,DDR_DQB11,A_ADDRESS_COMMAND,B_BYTE1,L8,actual_interconnect_only,track:DDR_CAA0:L8:656:0,track:DDR_DQB11:L8:694:54,2.2807961877,2.1791961877,False,3,0.1195,0.3585,False,False,False,
DDR_CAA0,DDR_DQB11,A_ADDRESS_COMMAND,B_BYTE1,L8,all_inner_layer_traces,track:DDR_CAA0:L8:656:0,track:DDR_DQB11:L8:694:54,2.2807961877,2.1791961877,False,3,0.1195,0.3585,False,False,False,
DDR_CAA0,DDR_DQB3,A_ADDRESS_COMMAND,B_BYTE0,L8,actual_interconnect_only,track:DDR_CAA0:L8:656:0,track:DDR_DQB3:L8:646:28,3.9192035224,3.8176035224,False,3,0.1195,0.3585,False,False,False,
DDR_CAA0,DDR_DQB3,A_ADDRESS_COMMAND,B_BYTE0,L8,all_inner_layer_traces,track:DDR_CAA0:L8:656:0,track:DDR_DQB3:L8:646:28,3.9192035224,3.8176035224,False,3,0.1195,0.3585,False,False,False,
DDR_CAA0,DDR_DQB5,A_ADDRESS_COMMAND,B_BYTE0,L8,actual_interconnect_only,track:DDR_CAA0:L8:656:0,track:DDR_DQB5:L8:665:39,3.5786912762,3.4770912762,False,3,0.1195,0.3585,False,False,False,
DDR_CAA0,DDR_DQB5,A_ADDRESS_COMMAND,B_BYTE0,L8,all_inner_layer_traces,track:DDR_CAA0:L8:656:0,track:DDR_DQB5:L8:665:39,3.5786912762,3.4770912762,False,3,0.1195,0.3585,False,False,False,
DDR_CAA0,DDR_DQB6,A_ADDRESS_COMMAND,B_BYTE0,L8,actual_interconnect_only,track:DDR_CAA0:L8:656:0,track:DDR_DQB6:L8:664:5,5.85,5.7484,False,3,0.1195,0.3585,False,False,False,
DDR_CAA0,DDR_DQB6,A_ADDRESS_COMMAND,B_BYTE0,L8,all_inner_layer_traces,track:DDR_CAA0:L8:656:0,track:DDR_DQB6:L8:664:5,5.85,5.7484,False,3,0.1195,0.3585,False,False,False,
DDR_CAA0,DDR_DQB7,A_ADDRESS_COMMAND,B_BYTE0,L8,actual_interconnect_only,track:DDR_CAA0:L8:656:0,track:DDR_DQB7:L8:660:7,6.5,6.3984,False,3,0.1195,0.3585,False,False,False,
DDR_CAA0,DDR_DQB7,A_ADDRESS_COMMAND,B_BYTE0,L8,all_inner_layer_traces,track:DDR_CAA0:L8:656:0,track:DDR_DQB7:L8:660:7,6.5,6.3984,False,3,0.1195,0.3585,False,False,False,
DDR_CAA0,DDR_DQSA1_N,A_ADDRESS_COMMAND,A_BYTE1,L8,actual_interconnect_only,track:DDR_CAA0:L8:656:0,track:DDR_DQSA1_N:L8:687:0,3.9,3.7984,False,3,0.1195,0.3585,False,False,False,
DDR_CAA0,DDR_DQSA1_N,A_ADDRESS_COMMAND,A_BYTE1,L8,all_inner_layer_traces,track:DDR_CAA0:L8:656:0,track:DDR_DQSA1_N:L8:687:0,3.9,3.7984,False,3,0.1195,0.3585,False,False,False,
DDR_CAA0,DDR_DQSA1_P,A_ADDRESS_COMMAND,A_BYTE1,L8,actual_interconnect_only,track:DDR_CAA0:L8:656:0,track:DDR_DQSA1_P:L8:710:0,3.9,3.7984,False,3,0.1195,0.3585,False,False,False,
DDR_CAA0,DDR_DQSA1_P,A_ADDRESS_COMMAND,A_BYTE1,L8,all_inner_layer_traces,track:DDR_CAA0:L8:656:0,track:DDR_DQSA1_P:L8:710:0,3.9,3.7984,False,3,0.1195,0.3585,False,False,False,
DDR_CAA1,DDR_CAA2,A_ADDRESS_COMMAND,A_ADDRESS_COMMAND,L3,actual_interconnect_only,track:DDR_CAA1:L3:647:4,track:DDR_CAA2:L3:689:9,1.05625,0.95465,False,3,0.13,0.39,False,False,False,
DDR_CAA1,DDR_CAA2,A_ADDRESS_COMMAND,A_ADDRESS_COMMAND,L3,all_inner_layer_traces,track:DDR_CAA1:L3:647:4,track:DDR_CAA2:L3:689:9,1.05625,0.95465,False,3,0.13,0.39,False,False,False,
DDR_CAA1,DDR_CAA3,A_ADDRESS_COMMAND,A_ADDRESS_COMMAND,L3,actual_interconnect_only,track:DDR_CAA1:L3:647:4,track:DDR_CAA3:L3:709:3,1.3,1.1984,False,3,0.13,0.39,False,False,False,
DDR_CAA1,DDR_CAA3,A_ADDRESS_COMMAND,A_ADDRESS_COMMAND,L3,all_inner_layer_traces,track:DDR_CAA1:L3:647:4,track:DDR_CAA3:L3:709:3,1.3,1.1984,False,3,0.13,0.39,False,False,False,
DDR_CAA1,DDR_CAA4,A_ADDRESS_COMMAND,A_ADDRESS_COMMAND,L3,actual_interconnect_only,track:DDR_CAA1:L3:647:0,track:DDR_CAA4:L3:702:0,0.65,0.5484,False,3,0.13,0.39,False,False,False,
DDR_CAA1,DDR_CAA4,A_ADDRESS_COMMAND,A_ADDRESS_COMMAND,L3,all_inner_layer_traces,track:DDR_CAA1:L3:647:0,track:DDR_CAA4:L3:702:0,0.65,0.5484,False,3,0.13,0.39,False,False,False,
DDR_CAA1,DDR_CAA5,A_ADDRESS_COMMAND,A_ADDRESS_COMMAND,L3,actual_interconnect_only,track:DDR_CAA1:L3:647:0,track:DDR_CAA5:L3:699:3,1.7819516162,1.6803516162,False,3,0.13,0.39,False,False,False,
DDR_CAA1,DDR_CAA5,A_ADDRESS_COMMAND,A_ADDRESS_COMMAND,L3,all_inner_layer_traces,track:DDR_CAA1:L3:647:0,track:DDR_CAA5:L3:699:3,1.7819516162,1.6803516162,False,3,0.13,0.39,False,False,False,
DDR_CAA1,DDR_CAB2,A_ADDRESS_COMMAND,B_ADDRESS_COMMAND,L3,actual_interconnect_only,track:DDR_CAA1:L3:647:4,track:DDR_CAB2:L3:696:19,1.625,1.5234,False,3,0.13,0.39,False,False,False,
DDR_CAA1,DDR_CAB2,A_ADDRESS_COMMAND,B_ADDRESS_COMMAND,L3,all_inner_layer_traces,track:DDR_CAA1:L3:647:4,track:DDR_CAB2:L3:696:19,1.625,1.5234,False,3,0.13,0.39,False,False,False,
DDR_CAA1,DDR_CLKA_N,A_ADDRESS_COMMAND,A_ADDRESS_COMMAND,L3,actual_interconnect_only,track:DDR_CAA1:L3:647:5,track:DDR_CLKA_N:L3:680:17,2.2195597114,2.1179597114,False,3,0.13,0.39,False,False,False,
DDR_CAA1,DDR_CLKA_N,A_ADDRESS_COMMAND,A_ADDRESS_COMMAND,L3,all_inner_layer_traces,track:DDR_CAA1:L3:647:5,track:DDR_CLKA_N:L3:680:17,2.2195597114,2.1179597114,False,3,0.13,0.39,False,False,False,
DDR_CAA1,DDR_CLKA_P,A_ADDRESS_COMMAND,A_ADDRESS_COMMAND,L3,actual_interconnect_only,track:DDR_CAA1:L3:647:0,track:DDR_CLKA_P:L3:676:8,0.325,0.2234,False,3,0.13,0.39,True,True,False,
DDR_CAA1,DDR_CLKA_P,A_ADDRESS_COMMAND,A_ADDRESS_COMMAND,L3,all_inner_layer_traces,track:DDR_CAA1:L3:647:0,track:DDR_CLKA_P:L3:676:8,0.325,0.2234,False,3,0.13,0.39,True,True,False,
DDR_CAA1,DDR_CLKB_N,A_ADDRESS_COMMAND,B_ADDRESS_COMMAND,L3,actual_interconnect_only,track:DDR_CAA1:L3:647:4,track:DDR_CLKB_N:L3:701:13,0.975,0.8734,False,3,0.13,0.39,False,False,False,
DDR_CAA1,DDR_CLKB_N,A_ADDRESS_COMMAND,B_ADDRESS_COMMAND,L3,all_inner_layer_traces,track:DDR_CAA1:L3:647:4,track:DDR_CLKB_N:L3:701:13,0.975,0.8734,False,3,0.13,0.39,False,False,False,
DDR_CAA1,DDR_CLKB_P,A_ADDRESS_COMMAND,B_ADDRESS_COMMAND,L3,actual_interconnect_only,track:DDR_CAA1:L3:647:3,track:DDR_CLKB_P:L3:700:11,0.65,0.5484,False,3,0.13,0.39,False,False,False,
DDR_CAA1,DDR_CLKB_P,A_ADDRESS_COMMAND,B_ADDRESS_COMMAND,L3,all_inner_layer_traces,track:DDR_CAA1:L3:647:3,track:DDR_CLKB_P:L3:700:11,0.65,0.5484,False,3,0.13,0.39,False,False,False,
DDR_CAA1,DDR_CSA0,A_ADDRESS_COMMAND,A_ADDRESS_COMMAND,L3,actual_interconnect_only,track:DDR_CAA1:L3:647:7,track:DDR_CSA0:L3:679:13,1.6080486039,1.5064486039,False,3,0.13,0.39,False,False,False,
DDR_CAA1,DDR_CSA0,A_ADDRESS_COMMAND,A_ADDRESS_COMMAND,L3,all_inner_layer_traces,track:DDR_CAA1:L3:647:7,track:DDR_CSA0:L3:679:13,1.6080486039,1.5064486039,False,3,0.13,0.39,False,False,False,
DDR_CAA1,DDR_DMIA0,A_ADDRESS_COMMAND,A_BYTE0,L3,actual_interconnect_only,track:DDR_CAA1:L3:647:11,track:DDR_DMIA0:L3:661:50,3.9812058475,3.8796058475,False,3,0.13,0.39,False,False,False,
DDR_CAA1,DDR_DMIA0,A_ADDRESS_COMMAND,A_BYTE0,L3,all_inner_layer_traces,track:DDR_CAA1:L3:647:11,track:DDR_DMIA0:L3:661:50,3.9812058475,3.8796058475,False,3,0.13,0.39,False,False,False,
DDR_CAA1,DDR_DQA0,A_ADDRESS_COMMAND,A_BYTE0,L3,actual_interconnect_only,track:DDR_CAA1:L3:647:11,track:DDR_DQA0:L3:648:38,4.55,4.4484,False,3,0.13,0.39,False,False,False,
DDR_CAA1,DDR_DQA0,A_ADDRESS_COMMAND,A_BYTE0,L3,all_inner_layer_traces,track:DDR_CAA1:L3:647:11,track:DDR_DQA0:L3:648:38,4.55,4.4484,False,3,0.13,0.39,False,False,False,
DDR_CAA1,DDR_DQA1,A_ADDRESS_COMMAND,A_BYTE0,L3,actual_interconnect_only,track:DDR_CAA1:L3:647:11,track:DDR_DQA1:L3:658:14,2.3227896079,2.2211896079,False,3,0.13,0.39,False,False,False,
DDR_CAA1,DDR_DQA1,A_ADDRESS_COMMAND,A_BYTE0,L3,all_inner_layer_traces,track:DDR_CAA1:L3:647:11,track:DDR_DQA1:L3:658:14,2.3227896079,2.2211896079,False,3,0.13,0.39,False,False,False,
DDR_CAA1,DDR_DQA2,A_ADDRESS_COMMAND,A_BYTE0,L3,actual_interconnect_only,track:DDR_CAA1:L3:647:11,track:DDR_DQA2:L3:668:76,2.6,2.4984,False,3,0.13,0.39,False,False,False,
DDR_CAA1,DDR_DQA2,A_ADDRESS_COMMAND,A_BYTE0,L3,all_inner_layer_traces,track:DDR_CAA1:L3:647:11,track:DDR_DQA2:L3:668:76,2.6,2.4984,False,3,0.13,0.39,False,False,False,
DDR_CAA1,DDR_DQA4,A_ADDRESS_COMMAND,A_BYTE0,L3,actual_interconnect_only,track:DDR_CAA1:L3:647:11,track:DDR_DQA4:L3:659:66,0.975,0.8734,False,3,0.13,0.39,False,False,False,
DDR_CAA1,DDR_DQA4,A_ADDRESS_COMMAND,A_BYTE0,L3,all_inner_layer_traces,track:DDR_CAA1:L3:647:11,track:DDR_DQA4:L3:659:66,0.975,0.8734,False,3,0.13,0.39,False,False,False,
DDR_CAA1,DDR_DQA5,A_ADDRESS_COMMAND,A_BYTE0,L3,actual_interconnect_only,track:DDR_CAA1:L3:647:11,track:DDR_DQA5:L3:667:20,3.0528675045,2.9512675045,False,3,0.13,0.39,False,False,False,
DDR_CAA1,DDR_DQA5,A_ADDRESS_COMMAND,A_BYTE0,L3,all_inner_layer_traces,track:DDR_CAA1:L3:647:11,track:DDR_DQA5:L3:667:20,3.0528675045,2.9512675045,False,3,0.13,0.39,False,False,False,
DDR_CAA1,DDR_DQA6,A_ADDRESS_COMMAND,A_BYTE0,L3,actual_interconnect_only,track:DDR_CAA1:L3:647:11,track:DDR_DQA6:L3:674:10,4.102533516,4.000933516,False,3,0.13,0.39,False,False,False,
DDR_CAA1,DDR_DQA6,A_ADDRESS_COMMAND,A_BYTE0,L3,all_inner_layer_traces,track:DDR_CAA1:L3:647:11,track:DDR_DQA6:L3:674:10,4.102533516,4.000933516,False,3,0.13,0.39,False,False,False,
DDR_CAA1,DDR_DQA8,A_ADDRESS_COMMAND,A_BYTE1,L3,actual_interconnect_only,track:DDR_CAA1:L3:647:0,track:DDR_DQA8:L3:708:0,5.2101463511,5.1085463511,False,3,0.13,0.39,False,False,False,
DDR_CAA1,DDR_DQA8,A_ADDRESS_COMMAND,A_BYTE1,L3,all_inner_layer_traces,track:DDR_CAA1:L3:647:0,track:DDR_DQA8:L3:708:0,5.2101463511,5.1085463511,False,3,0.13,0.39,False,False,False,
DDR_CAA1,DDR_DQB10,A_ADDRESS_COMMAND,B_BYTE1,L3,actual_interconnect_only,track:DDR_CAA1:L3:647:4,track:DDR_DQB10:L3:703:5,3.575,3.4734,False,3,0.13,0.39,False,False,False,
DDR_CAA1,DDR_DQB10,A_ADDRESS_COMMAND,B_BYTE1,L3,all_inner_layer_traces,track:DDR_CAA1:L3:647:4,track:DDR_DQB10:L3:703:5,3.575,3.4734,False,3,0.13,0.39,False,False,False,
DDR_CAA1,DDR_DQB12,A_ADDRESS_COMMAND,B_BYTE1,L3,actual_interconnect_only,track:DDR_CAA1:L3:647:4,track:DDR_DQB12:L3:691:7,2.925,2.8234,False,3,0.13,0.39,False,False,False,
DDR_CAA1,DDR_DQB12,A_ADDRESS_COMMAND,B_BYTE1,L3,all_inner_layer_traces,track:DDR_CAA1:L3:647:4,track:DDR_DQB12:L3:691:7,2.925,2.8234,False,3,0.13,0.39,False,False,False,
DDR_CAA1,DDR_DQB13,A_ADDRESS_COMMAND,B_BYTE1,L3,actual_interconnect_only,track:DDR_CAA1:L3:647:4,track:DDR_DQB13:L3:673:31,3.575,3.4734,False,3,0.13,0.39,False,False,False,
DDR_CAA1,DDR_DQB13,A_ADDRESS_COMMAND,B_BYTE1,L3,all_inner_layer_traces,track:DDR_CAA1:L3:647:4,track:DDR_DQB13:L3:673:31,3.575,3.4734,False,3,0.13,0.39,False,False,False,
DDR_CAA1,DDR_DQB14,A_ADDRESS_COMMAND,B_BYTE1,L3,actual_interconnect_only,track:DDR_CAA1:L3:647:4,track:DDR_DQB14:L3:681:0,4.875,4.7734,False,3,0.13,0.39,False,False,False,
DDR_CAA1,DDR_DQB14,A_ADDRESS_COMMAND,B_BYTE1,L3,all_inner_layer_traces,track:DDR_CAA1:L3:647:4,track:DDR_DQB14:L3:681:0,4.875,4.7734,False,3,0.13,0.39,False,False,False,
DDR_CAA1,DDR_DQB15,A_ADDRESS_COMMAND,B_BYTE1,L3,actual_interconnect_only,track:DDR_CAA1:L3:647:4,track:DDR_DQB15:L3:692:0,5.525,5.4234,False,3,0.13,0.39,False,False,False,
DDR_CAA1,DDR_DQB15,A_ADDRESS_COMMAND,B_BYTE1,L3,all_inner_layer_traces,track:DDR_CAA1:L3:647:4,track:DDR_DQB15:L3:692:0,5.525,5.4234,False,3,0.13,0.39,False,False,False,
DDR_CAA1,DDR_DQB2,A_ADDRESS_COMMAND,B_BYTE0,L3,actual_interconnect_only,track:DDR_CAA1:L3:647:6,track:DDR_DQB2:L3:655:75,1.38125,1.27965,False,3,0.13,0.39,False,False,False,
DDR_CAA1,DDR_DQB2,A_ADDRESS_COMMAND,B_BYTE0,L3,all_inner_layer_traces,track:DDR_CAA1:L3:647:6,track:DDR_DQB2:L3:655:75,1.38125,1.27965,False,3,0.13,0.39,False,False,False,
DDR_CAA1,DDR_DQB4,A_ADDRESS_COMMAND,B_BYTE0,L3,actual_interconnect_only,track:DDR_CAA1:L3:647:6,track:DDR_DQB4:L3:663:91,0.73125,0.62965,False,3,0.13,0.39,False,False,False,
DDR_CAA1,DDR_DQB4,A_ADDRESS_COMMAND,B_BYTE0,L3,all_inner_layer_traces,track:DDR_CAA1:L3:647:6,track:DDR_DQB4:L3:663:91,0.73125,0.62965,False,3,0.13,0.39,False,False,False,
DDR_CAA1,DDR_DQB8,A_ADDRESS_COMMAND,B_BYTE1,L3,actual_interconnect_only,track:DDR_CAA1:L3:647:3,track:DDR_DQB8:L3:706:0,4.8756770363,4.7740770363,False,3,0.13,0.39,False,False,False,
DDR_CAA1,DDR_DQB8,A_ADDRESS_COMMAND,B_BYTE1,L3,all_inner_layer_traces,track:DDR_CAA1:L3:647:3,track:DDR_DQB8:L3:706:0,4.8756770363,4.7740770363,False,3,0.13,0.39,False,False,False,
DDR_CAA1,DDR_DQB9,A_ADDRESS_COMMAND,B_BYTE1,L3,actual_interconnect_only,track:DDR_CAA1:L3:647:3,track:DDR_DQB9:L3:704:4,4.55,4.4484,False,3,0.13,0.39,False,False,False,
DDR_CAA1,DDR_DQB9,A_ADDRESS_COMMAND,B_BYTE1,L3,all_inner_layer_traces,track:DDR_CAA1:L3:647:3,track:DDR_DQB9:L3:704:4,4.55,4.4484,False,3,0.13,0.39,False,False,False,
DDR_CAA1,DDR_DQSA0_N,A_ADDRESS_COMMAND,A_BYTE0,L3,actual_interconnect_only,track:DDR_CAA1:L3:647:11,track:DDR_DQSA0_N:L3:657:29,2.7202941017,2.6186941017,False,3,0.13,0.39,False,False,False,
DDR_CAA1,DDR_DQSA0_N,A_ADDRESS_COMMAND,A_BYTE0,L3,all_inner_layer_traces,track:DDR_CAA1:L3:647:11,track:DDR_DQSA0_N:L3:657:29,2.7202941017,2.6186941017,False,3,0.13,0.39,False,False,False,
DDR_CAA1,DDR_DQSA0_P,A_ADDRESS_COMMAND,A_BYTE0,L3,actual_interconnect_only,track:DDR_CAA1:L3:647:11,track:DDR_DQSA0_P:L3:652:51,3.3470135942,3.2454135942,False,3,0.13,0.39,False,False,False,
DDR_CAA1,DDR_DQSA0_P,A_ADDRESS_COMMAND,A_BYTE0,L3,all_inner_layer_traces,track:DDR_CAA1:L3:647:11,track:DDR_DQSA0_P:L3:652:51,3.3470135942,3.2454135942,False,3,0.13,0.39,False,False,False,
DDR_CAA1,DDR_DQSB0_N,A_ADDRESS_COMMAND,B_BYTE0,L3,actual_interconnect_only,track:DDR_CAA1:L3:647:6,track:DDR_DQSB0_N:L3:650:44,2.68125,2.57965,False,3,0.13,0.39,False,False,False,
DDR_CAA1,DDR_DQSB0_N,A_ADDRESS_COMMAND,B_BYTE0,L3,all_inner_layer_traces,track:DDR_CAA1:L3:647:6,track:DDR_DQSB0_N:L3:650:44,2.68125,2.57965,False,3,0.13,0.39,False,False,False,
DDR_CAA1,DDR_DQSB0_P,A_ADDRESS_COMMAND,B_BYTE0,L3,actual_interconnect_only,track:DDR_CAA1:L3:647:6,track:DDR_DQSB0_P:L3:651:67,2.03125,1.92965,False,3,0.13,0.39,False,False,False,
DDR_CAA1,DDR_DQSB0_P,A_ADDRESS_COMMAND,B_BYTE0,L3,all_inner_layer_traces,track:DDR_CAA1:L3:647:6,track:DDR_DQSB0_P:L3:651:67,2.03125,1.92965,False,3,0.13,0.39,False,False,False,
DDR_CAA1,DDR_DQSB1_N,A_ADDRESS_COMMAND,B_BYTE1,L3,actual_interconnect_only,track:DDR_CAA1:L3:647:4,track:DDR_DQSB1_N:L3:697:36,2.6,2.4984,False,3,0.13,0.39,False,False,False,
DDR_CAA1,DDR_DQSB1_N,A_ADDRESS_COMMAND,B_BYTE1,L3,all_inner_layer_traces,track:DDR_CAA1:L3:647:4,track:DDR_DQSB1_N:L3:697:36,2.6,2.4984,False,3,0.13,0.39,False,False,False,
DDR_CAA1,DDR_DQSB1_P,A_ADDRESS_COMMAND,B_BYTE1,L3,actual_interconnect_only,track:DDR_CAA1:L3:647:4,track:DDR_DQSB1_P:L3:690:13,4.225,4.1234,False,3,0.13,0.39,False,False,False,
DDR_CAA1,DDR_DQSB1_P,A_ADDRESS_COMMAND,B_BYTE1,L3,all_inner_layer_traces,track:DDR_CAA1:L3:647:4,track:DDR_DQSB1_P:L3:690:13,4.225,4.1234,False,3,0.13,0.39,False,False,False,
DDR_CAA2,DDR_CAA3,A_ADDRESS_COMMAND,A_ADDRESS_COMMAND,L3,actual_interconnect_only,track:DDR_CAA2:L3:689:8,track:DDR_CAA3:L3:709:3,0.2088846871,0.1072846871,False,3,0.13,0.39,True,True,True,
DDR_CAA2,DDR_CAA3,A_ADDRESS_COMMAND,A_ADDRESS_COMMAND,L3,all_inner_layer_traces,track:DDR_CAA2:L3:689:8,track:DDR_CAA3:L3:709:3,0.2088846871,0.1072846871,False,3,0.13,0.39,True,True,True,
DDR_CAA2,DDR_CAA4,A_ADDRESS_COMMAND,A_ADDRESS_COMMAND,L3,actual_interconnect_only,track:DDR_CAA2:L3:689:0,track:DDR_CAA4:L3:702:1,0.325,0.2234,False,3,0.13,0.39,True,True,False,
DDR_CAA2,DDR_CAA4,A_ADDRESS_COMMAND,A_ADDRESS_COMMAND,L3,all_inner_layer_traces,track:DDR_CAA2:L3:689:0,track:DDR_CAA4:L3:702:1,0.325,0.2234,False,3,0.13,0.39,True,True,False,
DDR_CAA2,DDR_CAA5,A_ADDRESS_COMMAND,A_ADDRESS_COMMAND,L3,actual_interconnect_only,track:DDR_CAA2:L3:689:0,track:DDR_CAA5:L3:699:3,0.3350023321,0.2334023321,False,3,0.13,0.39,True,True,False,
DDR_CAA2,DDR_CAA5,A_ADDRESS_COMMAND,A_ADDRESS_COMMAND,L3,all_inner_layer_traces,track:DDR_CAA2:L3:689:0,track:DDR_CAA5:L3:699:3,0.3350023321,0.2334023321,False,3,0.13,0.39,True,True,False,
DDR_CAA2,DDR_CAB2,A_ADDRESS_COMMAND,B_ADDRESS_COMMAND,L3,actual_interconnect_only,track:DDR_CAA2:L3:689:10,track:DDR_CAB2:L3:696:19,2.7100074954,2.6084074954,False,3,0.13,0.39,False,False,False,
DDR_CAA2,DDR_CAB2,A_ADDRESS_COMMAND,B_ADDRESS_COMMAND,L3,all_inner_layer_traces,track:DDR_CAA2:L3:689:10,track:DDR_CAB2:L3:696:19,2.7100074954,2.6084074954,False,3,0.13,0.39,False,False,False,
DDR_CAA2,DDR_CLKA_N,A_ADDRESS_COMMAND,A_ADDRESS_COMMAND,L3,actual_interconnect_only,track:DDR_CAA2:L3:689:22,track:DDR_CLKA_N:L3:680:16,0.24375,0.14215,False,3,0.13,0.39,True,True,True,
DDR_CAA2,DDR_CLKA_N,A_ADDRESS_COMMAND,A_ADDRESS_COMMAND,L3,all_inner_layer_traces,track:DDR_CAA2:L3:689:22,track:DDR_CLKA_N:L3:680:16,0.24375,0.14215,False,3,0.13,0.39,True,True,True,
DDR_CAA2,DDR_CLKA_P,A_ADDRESS_COMMAND,A_ADDRESS_COMMAND,L3,actual_interconnect_only,track:DDR_CAA2:L3:689:9,track:DDR_CLKA_P:L3:676:9,0.40625,0.30465,False,3,0.13,0.39,True,True,False,
DDR_CAA2,DDR_CLKA_P,A_ADDRESS_COMMAND,A_ADDRESS_COMMAND,L3,all_inner_layer_traces,track:DDR_CAA2:L3:689:9,track:DDR_CLKA_P:L3:676:9,0.40625,0.30465,False,3,0.13,0.39,True,True,False,
DDR_CAA2,DDR_CLKB_N,A_ADDRESS_COMMAND,B_ADDRESS_COMMAND,L3,actual_interconnect_only,track:DDR_CAA2:L3:689:10,track:DDR_CLKB_N:L3:701:13,2.0690615324,1.9674615324,False,3,0.13,0.39,False,False,False,
DDR_CAA2,DDR_CLKB_N,A_ADDRESS_COMMAND,B_ADDRESS_COMMAND,L3,all_inner_layer_traces,track:DDR_CAA2:L3:689:10,track:DDR_CLKB_N:L3:701:13,2.0690615324,1.9674615324,False,3,0.13,0.39,False,False,False,
DDR_CAA2,DDR_CLKB_P,A_ADDRESS_COMMAND,B_ADDRESS_COMMAND,L3,actual_interconnect_only,track:DDR_CAA2:L3:689:9,track:DDR_CLKB_P:L3:700:11,1.70625,1.60465,False,3,0.13,0.39,False,False,False,
DDR_CAA2,DDR_CLKB_P,A_ADDRESS_COMMAND,B_ADDRESS_COMMAND,L3,all_inner_layer_traces,track:DDR_CAA2:L3:689:9,track:DDR_CLKB_P:L3:700:11,1.70625,1.60465,False,3,0.13,0.39,False,False,False,
DDR_CAA2,DDR_CSA0,A_ADDRESS_COMMAND,A_ADDRESS_COMMAND,L3,actual_interconnect_only,track:DDR_CAA2:L3:689:23,track:DDR_CSA0:L3:679:4,0.975,0.8734,False,3,0.13,0.39,False,False,False,
DDR_CAA2,DDR_CSA0,A_ADDRESS_COMMAND,A_ADDRESS_COMMAND,L3,all_inner_layer_traces,track:DDR_CAA2:L3:689:23,track:DDR_CSA0:L3:679:4,0.975,0.8734,False,3,0.13,0.39,False,False,False,
DDR_CAA2,DDR_DMIA0,A_ADDRESS_COMMAND,A_BYTE0,L3,actual_interconnect_only,track:DDR_CAA2:L3:689:0,track:DDR_DMIA0:L3:661:0,3.5003571246,3.3987571246,False,3,0.13,0.39,False,False,False,
DDR_CAA2,DDR_DMIA0,A_ADDRESS_COMMAND,A_BYTE0,L3,all_inner_layer_traces,track:DDR_CAA2:L3:689:0,track:DDR_DMIA0:L3:661:0,3.5003571246,3.3987571246,False,3,0.13,0.39,False,False,False,
DDR_CAA2,DDR_DQA0,A_ADDRESS_COMMAND,A_BYTE0,L3,actual_interconnect_only,track:DDR_CAA2:L3:689:23,track:DDR_DQA0:L3:648:11,4.9298873276,4.8282873276,False,3,0.13,0.39,False,False,False,
DDR_CAA2,DDR_DQA0,A_ADDRESS_COMMAND,A_BYTE0,L3,all_inner_layer_traces,track:DDR_CAA2:L3:689:23,track:DDR_DQA0:L3:648:11,4.9298873276,4.8282873276,False,3,0.13,0.39,False,False,False,
DDR_CAA2,DDR_DQA1,A_ADDRESS_COMMAND,A_BYTE0,L3,actual_interconnect_only,track:DDR_CAA2:L3:689:23,track:DDR_DQA1:L3:658:14,1.625,1.5234,False,3,0.13,0.39,False,False,False,
DDR_CAA2,DDR_DQA1,A_ADDRESS_COMMAND,A_BYTE0,L3,all_inner_layer_traces,track:DDR_CAA2:L3:689:23,track:DDR_DQA1:L3:658:14,1.625,1.5234,False,3,0.13,0.39,False,False,False,
DDR_CAA2,DDR_DQA2,A_ADDRESS_COMMAND,A_BYTE0,L3,actual_interconnect_only,track:DDR_CAA2:L3:689:0,track:DDR_DQA2:L3:668:1,2.7957557118,2.6941557118,False,3,0.13,0.39,False,False,False,
DDR_CAA2,DDR_DQA2,A_ADDRESS_COMMAND,A_BYTE0,L3,all_inner_layer_traces,track:DDR_CAA2:L3:689:0,track:DDR_DQA2:L3:668:1,2.7957557118,2.6941557118,False,3,0.13,0.39,False,False,False,
DDR_CAA2,DDR_DQA4,A_ADDRESS_COMMAND,A_BYTE0,L3,actual_interconnect_only,track:DDR_CAA2:L3:689:0,track:DDR_DQA4:L3:659:0,3.25,3.1484,False,3,0.13,0.39,False,False,False,
DDR_CAA2,DDR_DQA4,A_ADDRESS_COMMAND,A_BYTE0,L3,all_inner_layer_traces,track:DDR_CAA2:L3:689:0,track:DDR_DQA4:L3:659:0,3.25,3.1484,False,3,0.13,0.39,False,False,False,
DDR_CAA2,DDR_DQA5,A_ADDRESS_COMMAND,A_BYTE0,L3,actual_interconnect_only,track:DDR_CAA2:L3:689:23,track:DDR_DQA5:L3:667:14,2.275,2.1734,False,3,0.13,0.39,False,False,False,
DDR_CAA2,DDR_DQA5,A_ADDRESS_COMMAND,A_BYTE0,L3,all_inner_layer_traces,track:DDR_CAA2:L3:689:23,track:DDR_DQA5:L3:667:14,2.275,2.1734,False,3,0.13,0.39,False,False,False,
DDR_CAA2,DDR_DQA6,A_ADDRESS_COMMAND,A_BYTE0,L3,actual_interconnect_only,track:DDR_CAA2:L3:689:23,track:DDR_DQA6:L3:674:10,2.925,2.8234,False,3,0.13,0.39,False,False,False,
DDR_CAA2,DDR_DQA6,A_ADDRESS_COMMAND,A_BYTE0,L3,all_inner_layer_traces,track:DDR_CAA2:L3:689:23,track:DDR_DQA6:L3:674:10,2.925,2.8234,False,3,0.13,0.39,False,False,False,
DDR_CAA2,DDR_DQA8,A_ADDRESS_COMMAND,A_BYTE1,L3,actual_interconnect_only,track:DDR_CAA2:L3:689:0,track:DDR_DQA8:L3:708:0,3.9,3.7984,False,3,0.13,0.39,False,False,False,
DDR_CAA2,DDR_DQA8,A_ADDRESS_COMMAND,A_BYTE1,L3,all_inner_layer_traces,track:DDR_CAA2:L3:689:0,track:DDR_DQA8:L3:708:0,3.9,3.7984,False,3,0.13,0.39,False,False,False,
DDR_CAA2,DDR_DQB10,A_ADDRESS_COMMAND,B_BYTE1,L3,actual_interconnect_only,track:DDR_CAA2:L3:689:10,track:DDR_DQB10:L3:703:5,4.63125,4.52965,False,3,0.13,0.39,False,False,False,
DDR_CAA2,DDR_DQB10,A_ADDRESS_COMMAND,B_BYTE1,L3,all_inner_layer_traces,track:DDR_CAA2:L3:689:10,track:DDR_DQB10:L3:703:5,4.63125,4.52965,False,3,0.13,0.39,False,False,False,
DDR_CAA2,DDR_DQB12,A_ADDRESS_COMMAND,B_BYTE1,L3,actual_interconnect_only,track:DDR_CAA2:L3:689:10,track:DDR_DQB12:L3:691:7,4.0006737714,3.8990737714,False,3,0.13,0.39,False,False,False,
DDR_CAA2,DDR_DQB12,A_ADDRESS_COMMAND,B_BYTE1,L3,all_inner_layer_traces,track:DDR_CAA2:L3:689:10,track:DDR_DQB12:L3:691:7,4.0006737714,3.8990737714,False,3,0.13,0.39,False,False,False,
DDR_CAA2,DDR_DQB13,A_ADDRESS_COMMAND,B_BYTE1,L3,actual_interconnect_only,track:DDR_CAA2:L3:689:10,track:DDR_DQB13:L3:673:31,4.6479582211,4.5463582211,False,3,0.13,0.39,False,False,False,
DDR_CAA2,DDR_DQB13,A_ADDRESS_COMMAND,B_BYTE1,L3,all_inner_layer_traces,track:DDR_CAA2:L3:689:10,track:DDR_DQB13:L3:673:31,4.6479582211,4.5463582211,False,3,0.13,0.39,False,False,False,
DDR_CAA2,DDR_DQB14,A_ADDRESS_COMMAND,B_BYTE1,L3,actual_interconnect_only,track:DDR_CAA2:L3:689:10,track:DDR_DQB14:L3:681:9,5.9443053105,5.8427053105,False,3,0.13,0.39,False,False,False,
DDR_CAA2,DDR_DQB14,A_ADDRESS_COMMAND,B_BYTE1,L3,all_inner_layer_traces,track:DDR_CAA2:L3:689:10,track:DDR_DQB14:L3:681:9,5.9443053105,5.8427053105,False,3,0.13,0.39,False,False,False,
DDR_CAA2,DDR_DQB15,A_ADDRESS_COMMAND,B_BYTE1,L3,actual_interconnect_only,track:DDR_CAA2:L3:689:10,track:DDR_DQB15:L3:692:5,6.5930183243,6.4914183243,False,3,0.13,0.39,False,False,False,
DDR_CAA2,DDR_DQB15,A_ADDRESS_COMMAND,B_BYTE1,L3,all_inner_layer_traces,track:DDR_CAA2:L3:689:10,track:DDR_DQB15:L3:692:5,6.5930183243,6.4914183243,False,3,0.13,0.39,False,False,False,
DDR_CAA2,DDR_DQB2,A_ADDRESS_COMMAND,B_BYTE0,L3,actual_interconnect_only,track:DDR_CAA2:L3:689:10,track:DDR_DQB2:L3:655:87,4.4827621228,4.3811621228,False,3,0.13,0.39,False,False,False,
DDR_CAA2,DDR_DQB2,A_ADDRESS_COMMAND,B_BYTE0,L3,all_inner_layer_traces,track:DDR_CAA2:L3:689:10,track:DDR_DQB2:L3:655:87,4.4827621228,4.3811621228,False,3,0.13,0.39,False,False,False,
DDR_CAA2,DDR_DQB4,A_ADDRESS_COMMAND,B_BYTE0,L3,actual_interconnect_only,track:DDR_CAA2:L3:689:10,track:DDR_DQB4:L3:663:103,4.0625,3.9609,False,3,0.13,0.39,False,False,False,
DDR_CAA2,DDR_DQB4,A_ADDRESS_COMMAND,B_BYTE0,L3,all_inner_layer_traces,track:DDR_CAA2:L3:689:10,track:DDR_DQB4:L3:663:103,4.0625,3.9609,False,3,0.13,0.39,False,False,False,
DDR_CAA2,DDR_DQB8,A_ADDRESS_COMMAND,B_BYTE1,L3,actual_interconnect_only,track:DDR_CAA2:L3:689:3,track:DDR_DQB8:L3:706:0,6.2181469557,6.1165469557,False,3,0.13,0.39,False,False,False,
DDR_CAA2,DDR_DQB8,A_ADDRESS_COMMAND,B_BYTE1,L3,all_inner_layer_traces,track:DDR_CAA2:L3:689:3,track:DDR_DQB8:L3:706:0,6.2181469557,6.1165469557,False,3,0.13,0.39,False,False,False,
DDR_CAA2,DDR_DQB9,A_ADDRESS_COMMAND,B_BYTE1,L3,actual_interconnect_only,track:DDR_CAA2:L3:689:9,track:DDR_DQB9:L3:704:4,5.60625,5.50465,False,3,0.13,0.39,False,False,False,
DDR_CAA2,DDR_DQB9,A_ADDRESS_COMMAND,B_BYTE1,L3,all_inner_layer_traces,track:DDR_CAA2:L3:689:9,track:DDR_DQB9:L3:704:4,5.60625,5.50465,False,3,0.13,0.39,False,False,False,
DDR_CAA2,DDR_DQSA0_N,A_ADDRESS_COMMAND,A_BYTE0,L3,actual_interconnect_only,track:DDR_CAA2:L3:689:23,track:DDR_DQSA0_N:L3:657:12,4.225,4.1234,False,3,0.13,0.39,False,False,False,
DDR_CAA2,DDR_DQSA0_N,A_ADDRESS_COMMAND,A_BYTE0,L3,all_inner_layer_traces,track:DDR_CAA2:L3:689:23,track:DDR_DQSA0_N:L3:657:12,4.225,4.1234,False,3,0.13,0.39,False,False,False,
DDR_CAA2,DDR_DQSA0_P,A_ADDRESS_COMMAND,A_BYTE0,L3,actual_interconnect_only,track:DDR_CAA2:L3:689:0,track:DDR_DQSA0_P:L3:652:1,3.9269899414,3.8253899414,False,3,0.13,0.39,False,False,False,
DDR_CAA2,DDR_DQSA0_P,A_ADDRESS_COMMAND,A_BYTE0,L3,all_inner_layer_traces,track:DDR_CAA2:L3:689:0,track:DDR_DQSA0_P:L3:652:1,3.9269899414,3.8253899414,False,3,0.13,0.39,False,False,False,
DDR_CAA2,DDR_DQSB0_N,A_ADDRESS_COMMAND,B_BYTE0,L3,actual_interconnect_only,track:DDR_CAA2:L3:689:10,track:DDR_DQSB0_N:L3:650:46,5.5202185192,5.4186185192,False,3,0.13,0.39,False,False,False,
DDR_CAA2,DDR_DQSB0_N,A_ADDRESS_COMMAND,B_BYTE0,L3,all_inner_layer_traces,track:DDR_CAA2:L3:689:10,track:DDR_DQSB0_N:L3:650:46,5.5202185192,5.4186185192,False,3,0.13,0.39,False,False,False,
DDR_CAA2,DDR_DQSB0_P,A_ADDRESS_COMMAND,B_BYTE0,L3,actual_interconnect_only,track:DDR_CAA2:L3:689:10,track:DDR_DQSB0_P:L3:651:77,4.9462501579,4.8446501579,False,3,0.13,0.39,False,False,False,
DDR_CAA2,DDR_DQSB0_P,A_ADDRESS_COMMAND,B_BYTE0,L3,all_inner_layer_traces,track:DDR_CAA2:L3:689:10,track:DDR_DQSB0_P:L3:651:77,4.9462501579,4.8446501579,False,3,0.13,0.39,False,False,False,
DDR_CAA2,DDR_DQSB1_N,A_ADDRESS_COMMAND,B_BYTE1,L3,actual_interconnect_only,track:DDR_CAA2:L3:689:10,track:DDR_DQSB1_N:L3:697:37,3.6598593296,3.5582593296,False,3,0.13,0.39,False,False,False,
DDR_CAA2,DDR_DQSB1_N,A_ADDRESS_COMMAND,B_BYTE1,L3,all_inner_layer_traces,track:DDR_CAA2:L3:689:10,track:DDR_DQSB1_N:L3:697:37,3.6598593296,3.5582593296,False,3,0.13,0.39,False,False,False,
DDR_CAA2,DDR_DQSB1_P,A_ADDRESS_COMMAND,B_BYTE1,L3,actual_interconnect_only,track:DDR_CAA2:L3:689:10,track:DDR_DQSB1_P:L3:690:13,5.28125,5.17965,False,3,0.13,0.39,False,False,False,
DDR_CAA2,DDR_DQSB1_P,A_ADDRESS_COMMAND,B_BYTE1,L3,all_inner_layer_traces,track:DDR_CAA2:L3:689:10,track:DDR_DQSB1_P:L3:690:13,5.28125,5.17965,False,3,0.13,0.39,False,False,False,
DDR_CAA3,DDR_CAA4,A_ADDRESS_COMMAND,A_ADDRESS_COMMAND,L3,actual_interconnect_only,track:DDR_CAA3:L3:709:5,track:DDR_CAA4:L3:702:11,0.6250312492,0.5234312492,False,3,0.13,0.39,False,False,False,
DDR_CAA3,DDR_CAA4,A_ADDRESS_COMMAND,A_ADDRESS_COMMAND,L3,all_inner_layer_traces,track:DDR_CAA3:L3:709:5,track:DDR_CAA4:L3:702:11,0.6250312492,0.5234312492,False,3,0.13,0.39,False,False,False,
DDR_CAA3,DDR_CAA5,A_ADDRESS_COMMAND,A_ADDRESS_COMMAND,L3,actual_interconnect_only,track:DDR_CAA3:L3:709:0,track:DDR_CAA5:L3:699:4,0.325,0.2234,False,3,0.13,0.39,True,True,False,
DDR_CAA3,DDR_CAA5,A_ADDRESS_COMMAND,A_ADDRESS_COMMAND,L3,all_inner_layer_traces,track:DDR_CAA3:L3:709:0,track:DDR_CAA5:L3:699:4,0.325,0.2234,False,3,0.13,0.39,True,True,False,
DDR_CAA3,DDR_CAB2,A_ADDRESS_COMMAND,B_ADDRESS_COMMAND,L3,actual_interconnect_only,track:DDR_CAA3:L3:709:4,track:DDR_CAB2:L3:696:19,3.1338873624,3.0322873624,False,3,0.13,0.39,False,False,False,
DDR_CAA3,DDR_CAB2,A_ADDRESS_COMMAND,B_ADDRESS_COMMAND,L3,all_inner_layer_traces,track:DDR_CAA3:L3:709:4,track:DDR_CAB2:L3:696:19,3.1338873624,3.0322873624,False,3,0.13,0.39,False,False,False,
DDR_CAA3,DDR_CLKA_N,A_ADDRESS_COMMAND,A_ADDRESS_COMMAND,L3,actual_interconnect_only,track:DDR_CAA3:L3:709:7,track:DDR_CLKA_N:L3:680:6,0.22543361,0.12383361,False,3,0.13,0.39,True,True,True,
DDR_CAA3,DDR_CLKA_N,A_ADDRESS_COMMAND,A_ADDRESS_COMMAND,L3,all_inner_layer_traces,track:DDR_CAA3:L3:709:7,track:DDR_CLKA_N:L3:680:6,0.22543361,0.12383361,False,3,0.13,0.39,True,True,True,
DDR_CAA3,DDR_CLKA_P,A_ADDRESS_COMMAND,A_ADDRESS_COMMAND,L3,actual_interconnect_only,track:DDR_CAA3:L3:709:3,track:DDR_CLKA_P:L3:676:9,0.65,0.5484,False,3,0.13,0.39,False,False,False,
DDR_CAA3,DDR_CLKA_P,A_ADDRESS_COMMAND,A_ADDRESS_COMMAND,L3,all_inner_layer_traces,track:DDR_CAA3:L3:709:3,track:DDR_CLKA_P:L3:676:9,0.65,0.5484,False,3,0.13,0.39,False,False,False,
DDR_CAA3,DDR_CLKB_N,A_ADDRESS_COMMAND,B_ADDRESS_COMMAND,L3,actual_interconnect_only,track:DDR_CAA3:L3:709:4,track:DDR_CLKB_N:L3:701:13,2.5379617806,2.4363617806,False,3,0.13,0.39,False,False,False,
DDR_CAA3,DDR_CLKB_N,A_ADDRESS_COMMAND,B_ADDRESS_COMMAND,L3,all_inner_layer_traces,track:DDR_CAA3:L3:709:4,track:DDR_CLKB_N:L3:701:13,2.5379617806,2.4363617806,False,3,0.13,0.39,False,False,False,
DDR_CAA3,DDR_CLKB_P,A_ADDRESS_COMMAND,B_ADDRESS_COMMAND,L3,actual_interconnect_only,track:DDR_CAA3:L3:709:3,track:DDR_CLKB_P:L3:700:11,1.95,1.8484,False,3,0.13,0.39,False,False,False,
DDR_CAA3,DDR_CLKB_P,A_ADDRESS_COMMAND,B_ADDRESS_COMMAND,L3,all_inner_layer_traces,track:DDR_CAA3:L3:709:3,track:DDR_CLKB_P:L3:700:11,1.95,1.8484,False,3,0.13,0.39,False,False,False,
DDR_CAA3,DDR_CSA0,A_ADDRESS_COMMAND,A_ADDRESS_COMMAND,L3,actual_interconnect_only,track:DDR_CAA3:L3:709:9,track:DDR_CSA0:L3:679:4,0.975,0.8734,False,3,0.13,0.39,False,False,False,
DDR_CAA3,DDR_CSA0,A_ADDRESS_COMMAND,A_ADDRESS_COMMAND,L3,all_inner_layer_traces,track:DDR_CAA3:L3:709:9,track:DDR_CSA0:L3:679:4,0.975,0.8734,False,3,0.13,0.39,False,False,False,
DDR_CAA3,DDR_DMIA0,A_ADDRESS_COMMAND,A_BYTE0,L3,actual_interconnect_only,track:DDR_CAA3:L3:709:0,track:DDR_DMIA0:L3:661:0,3.7901187316,3.6885187316,False,3,0.13,0.39,False,False,False,
DDR_CAA3,DDR_DMIA0,A_ADDRESS_COMMAND,A_BYTE0,L3,all_inner_layer_traces,track:DDR_CAA3:L3:709:0,track:DDR_DMIA0:L3:661:0,3.7901187316,3.6885187316,False,3,0.13,0.39,False,False,False,
DDR_CAA3,DDR_DQA0,A_ADDRESS_COMMAND,A_BYTE0,L3,actual_interconnect_only,track:DDR_CAA3:L3:709:9,track:DDR_DQA0:L3:648:11,4.5662227963,4.4646227963,False,3,0.13,0.39,False,False,False,
DDR_CAA3,DDR_DQA0,A_ADDRESS_COMMAND,A_BYTE0,L3,all_inner_layer_traces,track:DDR_CAA3:L3:709:9,track:DDR_DQA0:L3:648:11,4.5662227963,4.4646227963,False,3,0.13,0.39,False,False,False,
DDR_CAA3,DDR_DQA1,A_ADDRESS_COMMAND,A_BYTE0,L3,actual_interconnect_only,track:DDR_CAA3:L3:709:9,track:DDR_DQA1:L3:658:14,1.625,1.5234,False,3,0.13,0.39,False,False,False,
DDR_CAA3,DDR_DQA1,A_ADDRESS_COMMAND,A_BYTE0,L3,all_inner_layer_traces,track:DDR_CAA3:L3:709:9,track:DDR_DQA1:L3:658:14,1.625,1.5234,False,3,0.13,0.39,False,False,False,
DDR_CAA3,DDR_DQA2,A_ADDRESS_COMMAND,A_BYTE0,L3,actual_interconnect_only,track:DDR_CAA3:L3:709:0,track:DDR_DQA2:L3:668:1,3.2173358544,3.1157358544,False,3,0.13,0.39,False,False,False,
DDR_CAA3,DDR_DQA2,A_ADDRESS_COMMAND,A_BYTE0,L3,all_inner_layer_traces,track:DDR_CAA3:L3:709:0,track:DDR_DQA2:L3:668:1,3.2173358544,3.1157358544,False,3,0.13,0.39,False,False,False,
DDR_CAA3,DDR_DQA4,A_ADDRESS_COMMAND,A_BYTE0,L3,actual_interconnect_only,track:DDR_CAA3:L3:709:0,track:DDR_DQA4:L3:659:0,3.6769552622,3.5753552622,False,3,0.13,0.39,False,False,False,
DDR_CAA3,DDR_DQA4,A_ADDRESS_COMMAND,A_BYTE0,L3,all_inner_layer_traces,track:DDR_CAA3:L3:709:0,track:DDR_DQA4:L3:659:0,3.6769552622,3.5753552622,False,3,0.13,0.39,False,False,False,
DDR_CAA3,DDR_DQA5,A_ADDRESS_COMMAND,A_BYTE0,L3,actual_interconnect_only,track:DDR_CAA3:L3:709:9,track:DDR_DQA5:L3:667:14,2.275,2.1734,False,3,0.13,0.39,False,False,False,
DDR_CAA3,DDR_DQA5,A_ADDRESS_COMMAND,A_BYTE0,L3,all_inner_layer_traces,track:DDR_CAA3:L3:709:9,track:DDR_DQA5:L3:667:14,2.275,2.1734,False,3,0.13,0.39,False,False,False,
DDR_CAA3,DDR_DQA6,A_ADDRESS_COMMAND,A_BYTE0,L3,actual_interconnect_only,track:DDR_CAA3:L3:709:9,track:DDR_DQA6:L3:674:10,2.925,2.8234,False,3,0.13,0.39,False,False,False,
DDR_CAA3,DDR_DQA6,A_ADDRESS_COMMAND,A_BYTE0,L3,all_inner_layer_traces,track:DDR_CAA3:L3:709:9,track:DDR_DQA6:L3:674:10,2.925,2.8234,False,3,0.13,0.39,False,False,False,
DDR_CAA3,DDR_DQA8,A_ADDRESS_COMMAND,A_BYTE1,L3,actual_interconnect_only,track:DDR_CAA3:L3:709:9,track:DDR_DQA8:L3:708:10,3.6465362418,3.5449362418,False,3,0.13,0.39,False,False,False,
DDR_CAA3,DDR_DQA8,A_ADDRESS_COMMAND,A_BYTE1,L3,all_inner_layer_traces,track:DDR_CAA3:L3:709:9,track:DDR_DQA8:L3:708:10,3.6465362418,3.5449362418,False,3,0.13,0.39,False,False,False,
DDR_CAA3,DDR_DQB10,A_ADDRESS_COMMAND,B_BYTE1,L3,actual_interconnect_only,track:DDR_CAA3:L3:709:4,track:DDR_DQB10:L3:703:5,4.875,4.7734,False,3,0.13,0.39,False,False,False,
DDR_CAA3,DDR_DQB10,A_ADDRESS_COMMAND,B_BYTE1,L3,all_inner_layer_traces,track:DDR_CAA3:L3:709:4,track:DDR_DQB10:L3:703:5,4.875,4.7734,False,3,0.13,0.39,False,False,False,
DDR_CAA3,DDR_DQB12,A_ADDRESS_COMMAND,B_BYTE1,L3,actual_interconnect_only,track:DDR_CAA3:L3:709:4,track:DDR_DQB12:L3:691:7,4.3722133983,4.2706133983,False,3,0.13,0.39,False,False,False,
DDR_CAA3,DDR_DQB12,A_ADDRESS_COMMAND,B_BYTE1,L3,all_inner_layer_traces,track:DDR_CAA3:L3:709:4,track:DDR_DQB12:L3:691:7,4.3722133983,4.2706133983,False,3,0.13,0.39,False,False,False,
DDR_CAA3,DDR_DQB13,A_ADDRESS_COMMAND,B_BYTE1,L3,actual_interconnect_only,track:DDR_CAA3:L3:709:4,track:DDR_DQB13:L3:673:31,5.003124024,4.901524024,False,3,0.13,0.39,False,False,False,
DDR_CAA3,DDR_DQB13,A_ADDRESS_COMMAND,B_BYTE1,L3,all_inner_layer_traces,track:DDR_CAA3:L3:709:4,track:DDR_DQB13:L3:673:31,5.003124024,4.901524024,False,3,0.13,0.39,False,False,False,
DDR_CAA3,DDR_DQB14,A_ADDRESS_COMMAND,B_BYTE1,L3,actual_interconnect_only,track:DDR_CAA3:L3:709:3,track:DDR_DQB14:L3:681:0,6.2091162817,6.1075162817,False,3,0.13,0.39,False,False,False,
DDR_CAA3,DDR_DQB14,A_ADDRESS_COMMAND,B_BYTE1,L3,all_inner_layer_traces,track:DDR_CAA3:L3:709:3,track:DDR_DQB14:L3:681:0,6.2091162817,6.1075162817,False,3,0.13,0.39,False,False,False,
DDR_CAA3,DDR_DQB15,A_ADDRESS_COMMAND,B_BYTE1,L3,actual_interconnect_only,track:DDR_CAA3:L3:709:4,track:DDR_DQB15:L3:692:5,6.9170983801,6.8154983801,False,3,0.13,0.39,False,False,False,
DDR_CAA3,DDR_DQB15,A_ADDRESS_COMMAND,B_BYTE1,L3,all_inner_layer_traces,track:DDR_CAA3:L3:709:4,track:DDR_DQB15:L3:692:5,6.9170983801,6.8154983801,False,3,0.13,0.39,False,False,False,
DDR_CAA3,DDR_DQB2,A_ADDRESS_COMMAND,B_BYTE0,L3,actual_interconnect_only,track:DDR_CAA3:L3:709:4,track:DDR_DQB2:L3:655:87,5.1911056746,5.0895056746,False,3,0.13,0.39,False,False,False,
DDR_CAA3,DDR_DQB2,A_ADDRESS_COMMAND,B_BYTE0,L3,all_inner_layer_traces,track:DDR_CAA3:L3:709:4,track:DDR_DQB2:L3:655:87,5.1911056746,5.0895056746,False,3,0.13,0.39,False,False,False,
DDR_CAA3,DDR_DQB4,A_ADDRESS_COMMAND,B_BYTE0,L3,actual_interconnect_only,track:DDR_CAA3:L3:709:4,track:DDR_DQB4:L3:663:103,4.7999430335,4.6983430335,False,3,0.13,0.39,False,False,False,
DDR_CAA3,DDR_DQB4,A_ADDRESS_COMMAND,B_BYTE0,L3,all_inner_layer_traces,track:DDR_CAA3:L3:709:4,track:DDR_DQB4:L3:663:103,4.7999430335,4.6983430335,False,3,0.13,0.39,False,False,False,
DDR_CAA3,DDR_DQB8,A_ADDRESS_COMMAND,B_BYTE1,L3,actual_interconnect_only,track:DDR_CAA3:L3:709:3,track:DDR_DQB8:L3:706:2,6.5324191537,6.4308191537,False,3,0.13,0.39,False,False,False,
DDR_CAA3,DDR_DQB8,A_ADDRESS_COMMAND,B_BYTE1,L3,all_inner_layer_traces,track:DDR_CAA3:L3:709:3,track:DDR_DQB8:L3:706:2,6.5324191537,6.4308191537,False,3,0.13,0.39,False,False,False,
DDR_CAA3,DDR_DQB9,A_ADDRESS_COMMAND,B_BYTE1,L3,actual_interconnect_only,track:DDR_CAA3:L3:709:3,track:DDR_DQB9:L3:704:4,5.85,5.7484,False,3,0.13,0.39,False,False,False,
DDR_CAA3,DDR_DQB9,A_ADDRESS_COMMAND,B_BYTE1,L3,all_inner_layer_traces,track:DDR_CAA3:L3:709:3,track:DDR_DQB9:L3:704:4,5.85,5.7484,False,3,0.13,0.39,False,False,False,
DDR_CAA3,DDR_DQSA0_N,A_ADDRESS_COMMAND,A_BYTE0,L3,actual_interconnect_only,track:DDR_CAA3:L3:709:9,track:DDR_DQSA0_N:L3:657:8,3.9621352356,3.8605352356,False,3,0.13,0.39,False,False,False,
DDR_CAA3,DDR_DQSA0_N,A_ADDRESS_COMMAND,A_BYTE0,L3,all_inner_layer_traces,track:DDR_CAA3:L3:709:9,track:DDR_DQSA0_N:L3:657:8,3.9621352356,3.8605352356,False,3,0.13,0.39,False,False,False,
DDR_CAA3,DDR_DQSA0_P,A_ADDRESS_COMMAND,A_BYTE0,L3,actual_interconnect_only,track:DDR_CAA3:L3:709:0,track:DDR_DQSA0_P:L3:652:1,4.2374815634,4.1358815634,False,3,0.13,0.39,False,False,False,
DDR_CAA3,DDR_DQSA0_P,A_ADDRESS_COMMAND,A_BYTE0,L3,all_inner_layer_traces,track:DDR_CAA3:L3:709:0,track:DDR_DQSA0_P:L3:652:1,4.2374815634,4.1358815634,False,3,0.13,0.39,False,False,False,
DDR_CAA3,DDR_DQSB0_N,A_ADDRESS_COMMAND,B_BYTE0,L3,actual_interconnect_only,track:DDR_CAA3:L3:709:4,track:DDR_DQSB0_N:L3:650:46,6.2314035839,6.1298035839,False,3,0.13,0.39,False,False,False,
DDR_CAA3,DDR_DQSB0_N,A_ADDRESS_COMMAND,B_BYTE0,L3,all_inner_layer_traces,track:DDR_CAA3:L3:709:4,track:DDR_DQSB0_N:L3:650:46,6.2314035839,6.1298035839,False,3,0.13,0.39,False,False,False,
DDR_CAA3,DDR_DQSB0_P,A_ADDRESS_COMMAND,B_BYTE0,L3,actual_interconnect_only,track:DDR_CAA3:L3:709:4,track:DDR_DQSB0_P:L3:651:79,5.6303377452,5.5287377452,False,3,0.13,0.39,False,False,False,
DDR_CAA3,DDR_DQSB0_P,A_ADDRESS_COMMAND,B_BYTE0,L3,all_inner_layer_traces,track:DDR_CAA3:L3:709:4,track:DDR_DQSB0_P:L3:651:79,5.6303377452,5.5287377452,False,3,0.13,0.39,False,False,False,
DDR_CAA3,DDR_DQSB1_N,A_ADDRESS_COMMAND,B_BYTE1,L3,actual_interconnect_only,track:DDR_CAA3:L3:709:4,track:DDR_DQSB1_N:L3:697:37,4.001098482,3.899498482,False,3,0.13,0.39,False,False,False,
DDR_CAA3,DDR_DQSB1_N,A_ADDRESS_COMMAND,B_BYTE1,L3,all_inner_layer_traces,track:DDR_CAA3:L3:709:4,track:DDR_DQSB1_N:L3:697:37,4.001098482,3.899498482,False,3,0.13,0.39,False,False,False,
DDR_CAA3,DDR_DQSB1_P,A_ADDRESS_COMMAND,B_BYTE1,L3,actual_interconnect_only,track:DDR_CAA3:L3:709:4,track:DDR_DQSB1_P:L3:690:14,5.5345505689,5.4329505689,False,3,0.13,0.39,False,False,False,
DDR_CAA3,DDR_DQSB1_P,A_ADDRESS_COMMAND,B_BYTE1,L3,all_inner_layer_traces,track:DDR_CAA3:L3:709:4,track:DDR_DQSB1_P:L3:690:14,5.5345505689,5.4329505689,False,3,0.13,0.39,False,False,False,
DDR_CAA4,DDR_CAA5,A_ADDRESS_COMMAND,A_ADDRESS_COMMAND,L3,actual_interconnect_only,track:DDR_CAA4:L3:702:4,track:DDR_CAA5:L3:699:0,0.325,0.2234,False,3,0.13,0.39,True,True,False,
DDR_CAA4,DDR_CAA5,A_ADDRESS_COMMAND,A_ADDRESS_COMMAND,L3,all_inner_layer_traces,track:DDR_CAA4:L3:702:4,track:DDR_CAA5:L3:699:0,0.325,0.2234,False,3,0.13,0.39,True,True,False,
DDR_CAA4,DDR_CAB2,A_ADDRESS_COMMAND,B_ADDRESS_COMMAND,L3,actual_interconnect_only,track:DDR_CAA4:L3:702:0,track:DDR_CAB2:L3:696:0,3.25,3.1484,False,3,0.13,0.39,False,False,False,
DDR_CAA4,DDR_CAB2,A_ADDRESS_COMMAND,B_ADDRESS_COMMAND,L3,all_inner_layer_traces,track:DDR_CAA4:L3:702:0,track:DDR_CAB2:L3:696:0,3.25,3.1484,False,3,0.13,0.39,False,False,False,
DDR_CAA4,DDR_CLKA_N,A_ADDRESS_COMMAND,A_ADDRESS_COMMAND,L3,actual_interconnect_only,track:DDR_CAA4:L3:702:7,track:DDR_CLKA_N:L3:680:0,0.325,0.2234,False,3,0.13,0.39,True,True,False,
DDR_CAA4,DDR_CLKA_N,A_ADDRESS_COMMAND,A_ADDRESS_COMMAND,L3,all_inner_layer_traces,track:DDR_CAA4:L3:702:7,track:DDR_CLKA_N:L3:680:0,0.325,0.2234,False,3,0.13,0.39,True,True,False,
DDR_CAA4,DDR_CLKA_P,A_ADDRESS_COMMAND,A_ADDRESS_COMMAND,L3,actual_interconnect_only,track:DDR_CAA4:L3:702:0,track:DDR_CLKA_P:L3:676:6,0.325,0.2234,False,3,0.13,0.39,True,True,False,
DDR_CAA4,DDR_CLKA_P,A_ADDRESS_COMMAND,A_ADDRESS_COMMAND,L3,all_inner_layer_traces,track:DDR_CAA4:L3:702:0,track:DDR_CLKA_P:L3:676:6,0.325,0.2234,False,3,0.13,0.39,True,True,False,
DDR_CAA4,DDR_CLKB_N,A_ADDRESS_COMMAND,B_ADDRESS_COMMAND,L3,actual_interconnect_only,track:DDR_CAA4:L3:702:0,track:DDR_CLKB_N:L3:701:0,4.020027985,3.918427985,False,3,0.13,0.39,False,False,False,
DDR_CAA4,DDR_CLKB_N,A_ADDRESS_COMMAND,B_ADDRESS_COMMAND,L3,all_inner_layer_traces,track:DDR_CAA4:L3:702:0,track:DDR_CLKB_N:L3:701:0,4.020027985,3.918427985,False,3,0.13,0.39,False,False,False,
DDR_CAA4,DDR_CLKB_P,A_ADDRESS_COMMAND,B_ADDRESS_COMMAND,L3,actual_interconnect_only,track:DDR_CAA4:L3:702:0,track:DDR_CLKB_P:L3:700:11,1.625,1.5234,False,3,0.13,0.39,False,False,False,
DDR_CAA4,DDR_CLKB_P,A_ADDRESS_COMMAND,B_ADDRESS_COMMAND,L3,all_inner_layer_traces,track:DDR_CAA4:L3:702:0,track:DDR_CLKB_P:L3:700:11,1.625,1.5234,False,3,0.13,0.39,False,False,False,
DDR_CAA4,DDR_CSA0,A_ADDRESS_COMMAND,A_ADDRESS_COMMAND,L3,actual_interconnect_only,track:DDR_CAA4:L3:702:10,track:DDR_CSA0:L3:679:0,0.325,0.2234,False,3,0.13,0.39,True,True,False,
DDR_CAA4,DDR_CSA0,A_ADDRESS_COMMAND,A_ADDRESS_COMMAND,L3,all_inner_layer_traces,track:DDR_CAA4:L3:702:10,track:DDR_CSA0:L3:679:0,0.325,0.2234,False,3,0.13,0.39,True,True,False,
DDR_CAA4,DDR_DMIA0,A_ADDRESS_COMMAND,A_BYTE0,L3,actual_interconnect_only,track:DDR_CAA4:L3:702:7,track:DDR_DMIA0:L3:661:0,2.35625,2.25465,False,3,0.13,0.39,False,False,False,
DDR_CAA4,DDR_DMIA0,A_ADDRESS_COMMAND,A_BYTE0,L3,all_inner_layer_traces,track:DDR_CAA4:L3:702:7,track:DDR_DMIA0:L3:661:0,2.35625,2.25465,False,3,0.13,0.39,False,False,False,
DDR_CAA4,DDR_DQA0,A_ADDRESS_COMMAND,A_BYTE0,L3,actual_interconnect_only,track:DDR_CAA4:L3:702:9,track:DDR_DQA0:L3:648:5,3.7375,3.6359,False,3,0.13,0.39,False,False,False,
DDR_CAA4,DDR_DQA0,A_ADDRESS_COMMAND,A_BYTE0,L3,all_inner_layer_traces,track:DDR_CAA4:L3:702:9,track:DDR_DQA0:L3:648:5,3.7375,3.6359,False,3,0.13,0.39,False,False,False,
DDR_CAA4,DDR_DQA1,A_ADDRESS_COMMAND,A_BYTE0,L3,actual_interconnect_only,track:DDR_CAA4:L3:702:9,track:DDR_DQA1:L3:658:8,0.65,0.5484,False,3,0.13,0.39,False,False,False,
DDR_CAA4,DDR_DQA1,A_ADDRESS_COMMAND,A_BYTE0,L3,all_inner_layer_traces,track:DDR_CAA4:L3:702:9,track:DDR_DQA1:L3:658:8,0.65,0.5484,False,3,0.13,0.39,False,False,False,
DDR_CAA4,DDR_DQA2,A_ADDRESS_COMMAND,A_BYTE0,L3,actual_interconnect_only,track:DDR_CAA4:L3:702:1,track:DDR_DQA2:L3:668:1,1.8968003486,1.7952003486,False,3,0.13,0.39,False,False,False,
DDR_CAA4,DDR_DQA2,A_ADDRESS_COMMAND,A_BYTE0,L3,all_inner_layer_traces,track:DDR_CAA4:L3:702:1,track:DDR_DQA2:L3:668:1,1.8968003486,1.7952003486,False,3,0.13,0.39,False,False,False,
DDR_CAA4,DDR_DQA4,A_ADDRESS_COMMAND,A_BYTE0,L3,actual_interconnect_only,track:DDR_CAA4:L3:702:1,track:DDR_DQA4:L3:659:0,2.35625,2.25465,False,3,0.13,0.39,False,False,False,
DDR_CAA4,DDR_DQA4,A_ADDRESS_COMMAND,A_BYTE0,L3,all_inner_layer_traces,track:DDR_CAA4:L3:702:1,track:DDR_DQA4:L3:659:0,2.35625,2.25465,False,3,0.13,0.39,False,False,False,
DDR_CAA4,DDR_DQA5,A_ADDRESS_COMMAND,A_BYTE0,L3,actual_interconnect_only,track:DDR_CAA4:L3:702:9,track:DDR_DQA5:L3:667:4,1.3,1.1984,False,3,0.13,0.39,False,False,False,
DDR_CAA4,DDR_DQA5,A_ADDRESS_COMMAND,A_BYTE0,L3,all_inner_layer_traces,track:DDR_CAA4:L3:702:9,track:DDR_DQA5:L3:667:4,1.3,1.1984,False,3,0.13,0.39,False,False,False,
DDR_CAA4,DDR_DQA6,A_ADDRESS_COMMAND,A_BYTE0,L3,actual_interconnect_only,track:DDR_CAA4:L3:702:9,track:DDR_DQA6:L3:674:4,1.95,1.8484,False,3,0.13,0.39,False,False,False,
DDR_CAA4,DDR_DQA6,A_ADDRESS_COMMAND,A_BYTE0,L3,all_inner_layer_traces,track:DDR_CAA4:L3:702:9,track:DDR_DQA6:L3:674:4,1.95,1.8484,False,3,0.13,0.39,False,False,False,
DDR_CAA4,DDR_DQA8,A_ADDRESS_COMMAND,A_BYTE1,L3,actual_interconnect_only,track:DDR_CAA4:L3:702:9,track:DDR_DQA8:L3:708:0,2.2980970389,2.1964970389,False,3,0.13,0.39,False,False,False,
DDR_CAA4,DDR_DQA8,A_ADDRESS_COMMAND,A_BYTE1,L3,all_inner_layer_traces,track:DDR_CAA4:L3:702:9,track:DDR_DQA8:L3:708:0,2.2980970389,2.1964970389,False,3,0.13,0.39,False,False,False,
DDR_CAA4,DDR_DQB10,A_ADDRESS_COMMAND,B_BYTE1,L3,actual_interconnect_only,track:DDR_CAA4:L3:702:0,track:DDR_DQB10:L3:703:4,4.875,4.7734,False,3,0.13,0.39,False,False,False,
DDR_CAA4,DDR_DQB10,A_ADDRESS_COMMAND,B_BYTE1,L3,all_inner_layer_traces,track:DDR_CAA4:L3:702:0,track:DDR_DQB10:L3:703:4,4.875,4.7734,False,3,0.13,0.39,False,False,False,
DDR_CAA4,DDR_DQB12,A_ADDRESS_COMMAND,B_BYTE1,L3,actual_interconnect_only,track:DDR_CAA4:L3:702:0,track:DDR_DQB12:L3:691:3,4.2257811778,4.1241811778,False,3,0.13,0.39,False,False,False,
DDR_CAA4,DDR_DQB12,A_ADDRESS_COMMAND,B_BYTE1,L3,all_inner_layer_traces,track:DDR_CAA4:L3:702:0,track:DDR_DQB12:L3:691:3,4.2257811778,4.1241811778,False,3,0.13,0.39,False,False,False,
DDR_CAA4,DDR_DQB13,A_ADDRESS_COMMAND,B_BYTE1,L3,actual_interconnect_only,track:DDR_CAA4:L3:702:0,track:DDR_DQB13:L3:673:0,5.2906166937,5.1890166937,False,3,0.13,0.39,False,False,False,
DDR_CAA4,DDR_DQB13,A_ADDRESS_COMMAND,B_BYTE1,L3,all_inner_layer_traces,track:DDR_CAA4:L3:702:0,track:DDR_DQB13:L3:673:0,5.2906166937,5.1890166937,False,3,0.13,0.39,False,False,False,
DDR_CAA4,DDR_DQB14,A_ADDRESS_COMMAND,B_BYTE1,L3,actual_interconnect_only,track:DDR_CAA4:L3:702:0,track:DDR_DQB14:L3:681:0,5.8590208226,5.7574208226,False,3,0.13,0.39,False,False,False,
DDR_CAA4,DDR_DQB14,A_ADDRESS_COMMAND,B_BYTE1,L3,all_inner_layer_traces,track:DDR_CAA4:L3:702:0,track:DDR_DQB14:L3:681:0,5.8590208226,5.7574208226,False,3,0.13,0.39,False,False,False,
DDR_CAA4,DDR_DQB15,A_ADDRESS_COMMAND,B_BYTE1,L3,actual_interconnect_only,track:DDR_CAA4:L3:702:0,track:DDR_DQB15:L3:692:0,6.5081199282,6.4065199282,False,3,0.13,0.39,False,False,False,
DDR_CAA4,DDR_DQB15,A_ADDRESS_COMMAND,B_BYTE1,L3,all_inner_layer_traces,track:DDR_CAA4:L3:702:0,track:DDR_DQB15:L3:692:0,6.5081199282,6.4065199282,False,3,0.13,0.39,False,False,False,
DDR_CAA4,DDR_DQB2,A_ADDRESS_COMMAND,B_BYTE0,L3,actual_interconnect_only,track:DDR_CAA4:L3:702:0,track:DDR_DQB2:L3:655:0,6.4017575712,6.3001575712,False,3,0.13,0.39,False,False,False,
DDR_CAA4,DDR_DQB2,A_ADDRESS_COMMAND,B_BYTE0,L3,all_inner_layer_traces,track:DDR_CAA4:L3:702:0,track:DDR_DQB2:L3:655:0,6.4017575712,6.3001575712,False,3,0.13,0.39,False,False,False,
DDR_CAA4,DDR_DQB4,A_ADDRESS_COMMAND,B_BYTE0,L3,actual_interconnect_only,track:DDR_CAA4:L3:702:0,track:DDR_DQB4:L3:663:0,5.8137767415,5.7121767415,False,3,0.13,0.39,False,False,False,
DDR_CAA4,DDR_DQB4,A_ADDRESS_COMMAND,B_BYTE0,L3,all_inner_layer_traces,track:DDR_CAA4:L3:702:0,track:DDR_DQB4:L3:663:0,5.8137767415,5.7121767415,False,3,0.13,0.39,False,False,False,
DDR_CAA4,DDR_DQB8,A_ADDRESS_COMMAND,B_BYTE1,L3,actual_interconnect_only,track:DDR_CAA4:L3:702:0,track:DDR_DQB8:L3:706:0,5.85,5.7484,False,3,0.13,0.39,False,False,False,
DDR_CAA4,DDR_DQB8,A_ADDRESS_COMMAND,B_BYTE1,L3,all_inner_layer_traces,track:DDR_CAA4:L3:702:0,track:DDR_DQB8:L3:706:0,5.85,5.7484,False,3,0.13,0.39,False,False,False,
DDR_CAA4,DDR_DQB9,A_ADDRESS_COMMAND,B_BYTE1,L3,actual_interconnect_only,track:DDR_CAA4:L3:702:0,track:DDR_DQB9:L3:704:4,5.525,5.4234,False,3,0.13,0.39,False,False,False,
DDR_CAA4,DDR_DQB9,A_ADDRESS_COMMAND,B_BYTE1,L3,all_inner_layer_traces,track:DDR_CAA4:L3:702:0,track:DDR_DQB9:L3:704:4,5.525,5.4234,False,3,0.13,0.39,False,False,False,
DDR_CAA4,DDR_DQSA0_N,A_ADDRESS_COMMAND,A_BYTE0,L3,actual_interconnect_only,track:DDR_CAA4:L3:702:9,track:DDR_DQSA0_N:L3:657:0,3.2347297511,3.1331297511,False,3,0.13,0.39,False,False,False,
DDR_CAA4,DDR_DQSA0_N,A_ADDRESS_COMMAND,A_BYTE0,L3,all_inner_layer_traces,track:DDR_CAA4:L3:702:9,track:DDR_DQSA0_N:L3:657:0,3.2347297511,3.1331297511,False,3,0.13,0.39,False,False,False,
DDR_CAA4,DDR_DQSA0_P,A_ADDRESS_COMMAND,A_BYTE0,L3,actual_interconnect_only,track:DDR_CAA4:L3:702:7,track:DDR_DQSA0_P:L3:652:1,2.8157550608,2.7141550608,False,3,0.13,0.39,False,False,False,
DDR_CAA4,DDR_DQSA0_P,A_ADDRESS_COMMAND,A_BYTE0,L3,all_inner_layer_traces,track:DDR_CAA4:L3:702:7,track:DDR_DQSA0_P:L3:652:1,2.8157550608,2.7141550608,False,3,0.13,0.39,False,False,False,
DDR_CAA4,DDR_DQSB0_N,A_ADDRESS_COMMAND,B_BYTE0,L3,actual_interconnect_only,track:DDR_CAA4:L3:702:0,track:DDR_DQSB0_N:L3:650:0,7.3507679233,7.2491679233,False,3,0.13,0.39,False,False,False,
DDR_CAA4,DDR_DQSB0_N,A_ADDRESS_COMMAND,B_BYTE0,L3,all_inner_layer_traces,track:DDR_CAA4:L3:702:0,track:DDR_DQSB0_N:L3:650:0,7.3507679233,7.2491679233,False,3,0.13,0.39,False,False,False,
DDR_CAA4,DDR_DQSB0_P,A_ADDRESS_COMMAND,B_BYTE0,L3,actual_interconnect_only,track:DDR_CAA4:L3:702:0,track:DDR_DQSB0_P:L3:651:0,6.7861992308,6.6845992308,False,3,0.13,0.39,False,False,False,
DDR_CAA4,DDR_DQSB0_P,A_ADDRESS_COMMAND,B_BYTE0,L3,all_inner_layer_traces,track:DDR_CAA4:L3:702:0,track:DDR_DQSB0_P:L3:651:0,6.7861992308,6.6845992308,False,3,0.13,0.39,False,False,False,
DDR_CAA4,DDR_DQSB1_N,A_ADDRESS_COMMAND,B_BYTE1,L3,actual_interconnect_only,track:DDR_CAA4:L3:702:11,track:DDR_DQSB1_N:L3:697:37,5.6920208681,5.5904208681,False,3,0.13,0.39,False,False,False,
DDR_CAA4,DDR_DQSB1_N,A_ADDRESS_COMMAND,B_BYTE1,L3,all_inner_layer_traces,track:DDR_CAA4:L3:702:11,track:DDR_DQSB1_N:L3:697:37,5.6920208681,5.5904208681,False,3,0.13,0.39,False,False,False,
DDR_CAA4,DDR_DQSB1_P,A_ADDRESS_COMMAND,B_BYTE1,L3,actual_interconnect_only,track:DDR_CAA4:L3:702:0,track:DDR_DQSB1_P:L3:690:0,6.5,6.3984,False,3,0.13,0.39,False,False,False,
DDR_CAA4,DDR_DQSB1_P,A_ADDRESS_COMMAND,B_BYTE1,L3,all_inner_layer_traces,track:DDR_CAA4:L3:702:0,track:DDR_DQSB1_P:L3:690:0,6.5,6.3984,False,3,0.13,0.39,False,False,False,
DDR_CAA5,DDR_CAB2,A_ADDRESS_COMMAND,B_ADDRESS_COMMAND,L3,actual_interconnect_only,track:DDR_CAA5:L3:699:4,track:DDR_CAB2:L3:696:11,3.9,3.7984,False,3,0.13,0.39,False,False,False,
DDR_CAA5,DDR_CAB2,A_ADDRESS_COMMAND,B_ADDRESS_COMMAND,L3,all_inner_layer_traces,track:DDR_CAA5:L3:699:4,track:DDR_CAB2:L3:696:11,3.9,3.7984,False,3,0.13,0.39,False,False,False,
DDR_CAA5,DDR_CLKA_N,A_ADDRESS_COMMAND,A_ADDRESS_COMMAND,L3,actual_interconnect_only,track:DDR_CAA5:L3:699:5,track:DDR_CLKA_N:L3:680:2,0.325,0.2234,False,3,0.13,0.39,True,True,False,
DDR_CAA5,DDR_CLKA_N,A_ADDRESS_COMMAND,A_ADDRESS_COMMAND,L3,all_inner_layer_traces,track:DDR_CAA5:L3:699:5,track:DDR_CLKA_N:L3:680:2,0.325,0.2234,False,3,0.13,0.39,True,True,False,
DDR_CAA5,DDR_CLKA_P,A_ADDRESS_COMMAND,A_ADDRESS_COMMAND,L3,actual_interconnect_only,track:DDR_CAA5:L3:699:0,track:DDR_CLKA_P:L3:676:0,0.65,0.5484,False,3,0.13,0.39,False,False,False,
DDR_CAA5,DDR_CLKA_P,A_ADDRESS_COMMAND,A_ADDRESS_COMMAND,L3,all_inner_layer_traces,track:DDR_CAA5:L3:699:0,track:DDR_CLKA_P:L3:676:0,0.65,0.5484,False,3,0.13,0.39,False,False,False,
DDR_CAA5,DDR_CLKB_N,A_ADDRESS_COMMAND,B_ADDRESS_COMMAND,L3,actual_interconnect_only,track:DDR_CAA5:L3:699:4,track:DDR_CLKB_N:L3:701:13,3.3340103479,3.2324103479,False,3,0.13,0.39,False,False,False,
DDR_CAA5,DDR_CLKB_N,A_ADDRESS_COMMAND,B_ADDRESS_COMMAND,L3,all_inner_layer_traces,track:DDR_CAA5:L3:699:4,track:DDR_CLKB_N:L3:701:13,3.3340103479,3.2324103479,False,3,0.13,0.39,False,False,False,
DDR_CAA5,DDR_CLKB_P,A_ADDRESS_COMMAND,B_ADDRESS_COMMAND,L3,actual_interconnect_only,track:DDR_CAA5:L3:699:3,track:DDR_CLKB_P:L3:700:11,2.6,2.4984,False,3,0.13,0.39,False,False,False,
DDR_CAA5,DDR_CLKB_P,A_ADDRESS_COMMAND,B_ADDRESS_COMMAND,L3,all_inner_layer_traces,track:DDR_CAA5:L3:699:3,track:DDR_CLKB_P:L3:700:11,2.6,2.4984,False,3,0.13,0.39,False,False,False,
DDR_CAA5,DDR_CSA0,A_ADDRESS_COMMAND,A_ADDRESS_COMMAND,L3,actual_interconnect_only,track:DDR_CAA5:L3:699:0,track:DDR_CSA0:L3:679:0,1.3400093283,1.2384093283,False,3,0.13,0.39,False,False,False,
DDR_CAA5,DDR_CSA0,A_ADDRESS_COMMAND,A_ADDRESS_COMMAND,L3,all_inner_layer_traces,track:DDR_CAA5:L3:699:0,track:DDR_CSA0:L3:679:0,1.3400093283,1.2384093283,False,3,0.13,0.39,False,False,False,
DDR_CAA5,DDR_DMIA0,A_ADDRESS_COMMAND,A_BYTE0,L3,actual_interconnect_only,track:DDR_CAA5:L3:699:0,track:DDR_DMIA0:L3:661:0,2.9068883707,2.8052883707,False,3,0.13,0.39,False,False,False,
DDR_CAA5,DDR_DMIA0,A_ADDRESS_COMMAND,A_BYTE0,L3,all_inner_layer_traces,track:DDR_CAA5:L3:699:0,track:DDR_DMIA0:L3:661:0,2.9068883707,2.8052883707,False,3,0.13,0.39,False,False,False,
DDR_CAA5,DDR_DQA0,A_ADDRESS_COMMAND,A_BYTE0,L3,actual_interconnect_only,track:DDR_CAA5:L3:699:0,track:DDR_DQA0:L3:648:0,4.3603325561,4.2587325561,False,3,0.13,0.39,False,False,False,
DDR_CAA5,DDR_DQA0,A_ADDRESS_COMMAND,A_BYTE0,L3,all_inner_layer_traces,track:DDR_CAA5:L3:699:0,track:DDR_DQA0:L3:648:0,4.3603325561,4.2587325561,False,3,0.13,0.39,False,False,False,
DDR_CAA5,DDR_DQA1,A_ADDRESS_COMMAND,A_BYTE0,L3,actual_interconnect_only,track:DDR_CAA5:L3:699:0,track:DDR_DQA1:L3:658:8,1.625,1.5234,False,3,0.13,0.39,False,False,False,
DDR_CAA5,DDR_DQA1,A_ADDRESS_COMMAND,A_BYTE0,L3,all_inner_layer_traces,track:DDR_CAA5:L3:699:0,track:DDR_DQA1:L3:658:8,1.625,1.5234,False,3,0.13,0.39,False,False,False,
DDR_CAA5,DDR_DQA2,A_ADDRESS_COMMAND,A_BYTE0,L3,actual_interconnect_only,track:DDR_CAA5:L3:699:0,track:DDR_DQA2:L3:668:1,2.2980970389,2.1964970389,False,3,0.13,0.39,False,False,False,
DDR_CAA5,DDR_DQA2,A_ADDRESS_COMMAND,A_BYTE0,L3,all_inner_layer_traces,track:DDR_CAA5:L3:699:0,track:DDR_DQA2:L3:668:1,2.2980970389,2.1964970389,False,3,0.13,0.39,False,False,False,
DDR_CAA5,DDR_DQA4,A_ADDRESS_COMMAND,A_BYTE0,L3,actual_interconnect_only,track:DDR_CAA5:L3:699:0,track:DDR_DQA4:L3:659:0,2.7577164466,2.6561164466,False,3,0.13,0.39,False,False,False,
DDR_CAA5,DDR_DQA4,A_ADDRESS_COMMAND,A_BYTE0,L3,all_inner_layer_traces,track:DDR_CAA5:L3:699:0,track:DDR_DQA4:L3:659:0,2.7577164466,2.6561164466,False,3,0.13,0.39,False,False,False,
DDR_CAA5,DDR_DQA5,A_ADDRESS_COMMAND,A_BYTE0,L3,actual_interconnect_only,track:DDR_CAA5:L3:699:0,track:DDR_DQA5:L3:667:4,2.275,2.1734,False,3,0.13,0.39,False,False,False,
DDR_CAA5,DDR_DQA5,A_ADDRESS_COMMAND,A_BYTE0,L3,all_inner_layer_traces,track:DDR_CAA5:L3:699:0,track:DDR_DQA5:L3:667:4,2.275,2.1734,False,3,0.13,0.39,False,False,False,
DDR_CAA5,DDR_DQA6,A_ADDRESS_COMMAND,A_BYTE0,L3,actual_interconnect_only,track:DDR_CAA5:L3:699:0,track:DDR_DQA6:L3:674:4,2.925,2.8234,False,3,0.13,0.39,False,False,False,
DDR_CAA5,DDR_DQA6,A_ADDRESS_COMMAND,A_BYTE0,L3,all_inner_layer_traces,track:DDR_CAA5:L3:699:0,track:DDR_DQA6:L3:674:4,2.925,2.8234,False,3,0.13,0.39,False,False,False,
DDR_CAA5,DDR_DQA8,A_ADDRESS_COMMAND,A_BYTE1,L3,actual_interconnect_only,track:DDR_CAA5:L3:699:0,track:DDR_DQA8:L3:708:0,3.25,3.1484,False,3,0.13,0.39,False,False,False,
DDR_CAA5,DDR_DQA8,A_ADDRESS_COMMAND,A_BYTE1,L3,all_inner_layer_traces,track:DDR_CAA5:L3:699:0,track:DDR_DQA8:L3:708:0,3.25,3.1484,False,3,0.13,0.39,False,False,False,
DDR_CAA5,DDR_DQB10,A_ADDRESS_COMMAND,B_BYTE1,L3,actual_interconnect_only,track:DDR_CAA5:L3:699:4,track:DDR_DQB10:L3:703:5,5.525,5.4234,False,3,0.13,0.39,False,False,False,
DDR_CAA5,DDR_DQB10,A_ADDRESS_COMMAND,B_BYTE1,L3,all_inner_layer_traces,track:DDR_CAA5:L3:699:4,track:DDR_DQB10:L3:703:5,5.525,5.4234,False,3,0.13,0.39,False,False,False,
DDR_CAA5,DDR_DQB12,A_ADDRESS_COMMAND,B_BYTE1,L3,actual_interconnect_only,track:DDR_CAA5:L3:699:4,track:DDR_DQB12:L3:691:7,5.1308503194,5.0292503194,False,3,0.13,0.39,False,False,False,
DDR_CAA5,DDR_DQB12,A_ADDRESS_COMMAND,B_BYTE1,L3,all_inner_layer_traces,track:DDR_CAA5:L3:699:4,track:DDR_DQB12:L3:691:7,5.1308503194,5.0292503194,False,3,0.13,0.39,False,False,False,
DDR_CAA5,DDR_DQB13,A_ADDRESS_COMMAND,B_BYTE1,L3,actual_interconnect_only,track:DDR_CAA5:L3:699:4,track:DDR_DQB13:L3:673:31,5.7520105181,5.6504105181,False,3,0.13,0.39,False,False,False,
DDR_CAA5,DDR_DQB13,A_ADDRESS_COMMAND,B_BYTE1,L3,all_inner_layer_traces,track:DDR_CAA5:L3:699:4,track:DDR_DQB13:L3:673:31,5.7520105181,5.6504105181,False,3,0.13,0.39,False,False,False,
DDR_CAA5,DDR_DQB14,A_ADDRESS_COMMAND,B_BYTE1,L3,actual_interconnect_only,track:DDR_CAA5:L3:699:3,track:DDR_DQB14:L3:681:0,6.825,6.7234,False,3,0.13,0.39,False,False,False,
DDR_CAA5,DDR_DQB14,A_ADDRESS_COMMAND,B_BYTE1,L3,all_inner_layer_traces,track:DDR_CAA5:L3:699:3,track:DDR_DQB14:L3:681:0,6.825,6.7234,False,3,0.13,0.39,False,False,False,
DDR_CAA5,DDR_DQB15,A_ADDRESS_COMMAND,B_BYTE1,L3,actual_interconnect_only,track:DDR_CAA5:L3:699:3,track:DDR_DQB15:L3:692:0,7.4789731289,7.3773731289,False,3,0.13,0.39,False,False,False,
DDR_CAA5,DDR_DQB15,A_ADDRESS_COMMAND,B_BYTE1,L3,all_inner_layer_traces,track:DDR_CAA5:L3:699:3,track:DDR_DQB15:L3:692:0,7.4789731289,7.3773731289,False,3,0.13,0.39,False,False,False,
DDR_CAA5,DDR_DQB2,A_ADDRESS_COMMAND,B_BYTE0,L3,actual_interconnect_only,track:DDR_CAA5:L3:699:4,track:DDR_DQB2:L3:655:87,5.9756602669,5.8740602669,False,3,0.13,0.39,False,False,False,
DDR_CAA5,DDR_DQB2,A_ADDRESS_COMMAND,B_BYTE0,L3,all_inner_layer_traces,track:DDR_CAA5:L3:699:4,track:DDR_DQB2:L3:655:87,5.9756602669,5.8740602669,False,3,0.13,0.39,False,False,False,
DDR_CAA5,DDR_DQB4,A_ADDRESS_COMMAND,B_BYTE0,L3,actual_interconnect_only,track:DDR_CAA5:L3:699:4,track:DDR_DQB4:L3:663:103,5.5637568805,5.4621568805,False,3,0.13,0.39,False,False,False,
DDR_CAA5,DDR_DQB4,A_ADDRESS_COMMAND,B_BYTE0,L3,all_inner_layer_traces,track:DDR_CAA5:L3:699:4,track:DDR_DQB4:L3:663:103,5.5637568805,5.4621568805,False,3,0.13,0.39,False,False,False,
DDR_CAA5,DDR_DQB8,A_ADDRESS_COMMAND,B_BYTE1,L3,actual_interconnect_only,track:DDR_CAA5:L3:699:3,track:DDR_DQB8:L3:706:0,6.8640623222,6.7624623222,False,3,0.13,0.39,False,False,False,
DDR_CAA5,DDR_DQB8,A_ADDRESS_COMMAND,B_BYTE1,L3,all_inner_layer_traces,track:DDR_CAA5:L3:699:3,track:DDR_DQB8:L3:706:0,6.8640623222,6.7624623222,False,3,0.13,0.39,False,False,False,
DDR_CAA5,DDR_DQB9,A_ADDRESS_COMMAND,B_BYTE1,L3,actual_interconnect_only,track:DDR_CAA5:L3:699:3,track:DDR_DQB9:L3:704:4,6.5,6.3984,False,3,0.13,0.39,False,False,False,
DDR_CAA5,DDR_DQB9,A_ADDRESS_COMMAND,B_BYTE1,L3,all_inner_layer_traces,track:DDR_CAA5:L3:699:3,track:DDR_DQB9:L3:704:4,6.5,6.3984,False,3,0.13,0.39,False,False,False,
DDR_CAA5,DDR_DQSA0_N,A_ADDRESS_COMMAND,A_BYTE0,L3,actual_interconnect_only,track:DDR_CAA5:L3:699:0,track:DDR_DQSA0_N:L3:657:0,4.020027985,3.918427985,False,3,0.13,0.39,False,False,False,
DDR_CAA5,DDR_DQSA0_N,A_ADDRESS_COMMAND,A_BYTE0,L3,all_inner_layer_traces,track:DDR_CAA5:L3:699:0,track:DDR_DQSA0_N:L3:657:0,4.020027985,3.918427985,False,3,0.13,0.39,False,False,False,
DDR_CAA5,DDR_DQSA0_P,A_ADDRESS_COMMAND,A_BYTE0,L3,actual_interconnect_only,track:DDR_CAA5:L3:699:0,track:DDR_DQSA0_P:L3:652:1,3.3460797958,3.2444797958,False,3,0.13,0.39,False,False,False,
DDR_CAA5,DDR_DQSA0_P,A_ADDRESS_COMMAND,A_BYTE0,L3,all_inner_layer_traces,track:DDR_CAA5:L3:699:0,track:DDR_DQSA0_P:L3:652:1,3.3460797958,3.2444797958,False,3,0.13,0.39,False,False,False,
DDR_CAA5,DDR_DQSB0_N,A_ADDRESS_COMMAND,B_BYTE0,L3,actual_interconnect_only,track:DDR_CAA5:L3:699:4,track:DDR_DQSB0_N:L3:650:46,7.0148558877,6.9132558877,False,3,0.13,0.39,False,False,False,
DDR_CAA5,DDR_DQSB0_N,A_ADDRESS_COMMAND,B_BYTE0,L3,all_inner_layer_traces,track:DDR_CAA5:L3:699:4,track:DDR_DQSB0_N:L3:650:46,7.0148558877,6.9132558877,False,3,0.13,0.39,False,False,False,
DDR_CAA5,DDR_DQSB0_P,A_ADDRESS_COMMAND,B_BYTE0,L3,actual_interconnect_only,track:DDR_CAA5:L3:699:4,track:DDR_DQSB0_P:L3:651:77,6.425838953,6.324238953,False,3,0.13,0.39,False,False,False,
DDR_CAA5,DDR_DQSB0_P,A_ADDRESS_COMMAND,B_BYTE0,L3,all_inner_layer_traces,track:DDR_CAA5:L3:699:4,track:DDR_DQSB0_P:L3:651:77,6.425838953,6.324238953,False,3,0.13,0.39,False,False,False,
DDR_CAA5,DDR_DQSB1_N,A_ADDRESS_COMMAND,B_BYTE1,L3,actual_interconnect_only,track:DDR_CAA5:L3:699:4,track:DDR_DQSB1_N:L3:697:37,4.7514183738,4.6498183738,False,3,0.13,0.39,False,False,False,
DDR_CAA5,DDR_DQSB1_N,A_ADDRESS_COMMAND,B_BYTE1,L3,all_inner_layer_traces,track:DDR_CAA5:L3:699:4,track:DDR_DQSB1_N:L3:697:37,4.7514183738,4.6498183738,False,3,0.13,0.39,False,False,False,
DDR_CAA5,DDR_DQSB1_P,A_ADDRESS_COMMAND,B_BYTE1,L3,actual_interconnect_only,track:DDR_CAA5:L3:699:4,track:DDR_DQSB1_P:L3:690:14,6.2266062185,6.1250062185,False,3,0.13,0.39,False,False,False,
DDR_CAA5,DDR_DQSB1_P,A_ADDRESS_COMMAND,B_BYTE1,L3,all_inner_layer_traces,track:DDR_CAA5:L3:699:4,track:DDR_DQSB1_P:L3:690:14,6.2266062185,6.1250062185,False,3,0.13,0.39,False,False,False,
DDR_CAB0,DDR_CAB1,B_ADDRESS_COMMAND,B_ADDRESS_COMMAND,L8,actual_interconnect_only,track:DDR_CAB0:L8:671:21,track:DDR_CAB1:L8:666:34,0.65,0.5484,False,3,0.1195,0.3585,False,False,False,
DDR_CAB0,DDR_CAB1,B_ADDRESS_COMMAND,B_ADDRESS_COMMAND,L8,all_inner_layer_traces,track:DDR_CAB0:L8:671:21,track:DDR_CAB1:L8:666:34,0.65,0.5484,False,3,0.1195,0.3585,False,False,False,
DDR_CAB0,DDR_CAB3,B_ADDRESS_COMMAND,B_ADDRESS_COMMAND,L8,actual_interconnect_only,track:DDR_CAB0:L8:671:4,track:DDR_CAB3:L8:695:27,1.625,1.5234,False,3,0.1195,0.3585,False,False,False,
DDR_CAB0,DDR_CAB3,B_ADDRESS_COMMAND,B_ADDRESS_COMMAND,L8,all_inner_layer_traces,track:DDR_CAB0:L8:671:4,track:DDR_CAB3:L8:695:27,1.625,1.5234,False,3,0.1195,0.3585,False,False,False,
DDR_CAB0,DDR_CAB4,B_ADDRESS_COMMAND,B_ADDRESS_COMMAND,L8,actual_interconnect_only,track:DDR_CAB0:L8:671:3,track:DDR_CAB4:L8:682:8,0.2088846871,0.1072846871,False,3,0.1195,0.3585,True,True,True,
DDR_CAB0,DDR_CAB4,B_ADDRESS_COMMAND,B_ADDRESS_COMMAND,L8,all_inner_layer_traces,track:DDR_CAB0:L8:671:3,track:DDR_CAB4:L8:682:8,0.2088846871,0.1072846871,False,3,0.1195,0.3585,True,True,True,
DDR_CAB0,DDR_CAB5,B_ADDRESS_COMMAND,B_ADDRESS_COMMAND,L8,actual_interconnect_only,track:DDR_CAB0:L8:671:3,track:DDR_CAB5:L8:707:4,0.7267220927,0.6251220927,False,3,0.1195,0.3585,False,False,False,
DDR_CAB0,DDR_CAB5,B_ADDRESS_COMMAND,B_ADDRESS_COMMAND,L8,all_inner_layer_traces,track:DDR_CAB0:L8:671:3,track:DDR_CAB5:L8:707:4,0.7267220927,0.6251220927,False,3,0.1195,0.3585,False,False,False,
DDR_CAB0,DDR_CKEA0,B_ADDRESS_COMMAND,A_ADDRESS_COMMAND,L8,actual_interconnect_only,track:DDR_CAB0:L8:671:21,track:DDR_CKEA0:L8:670:85,4.0804411526,3.9788411526,False,3,0.1195,0.3585,False,False,False,
DDR_CAB0,DDR_CKEA0,B_ADDRESS_COMMAND,A_ADDRESS_COMMAND,L8,all_inner_layer_traces,track:DDR_CAB0:L8:671:21,track:DDR_CKEA0:L8:670:85,4.0804411526,3.9788411526,False,3,0.1195,0.3585,False,False,False,
DDR_CAB0,DDR_CKEB0,B_ADDRESS_COMMAND,B_ADDRESS_COMMAND,L8,actual_interconnect_only,track:DDR_CAB0:L8:671:13,track:DDR_CKEB0:L8:672:24,1.7196020615,1.6180020615,False,3,0.1195,0.3585,False,False,False,
DDR_CAB0,DDR_CKEB0,B_ADDRESS_COMMAND,B_ADDRESS_COMMAND,L8,all_inner_layer_traces,track:DDR_CAB0:L8:671:13,track:DDR_CKEB0:L8:672:24,1.7196020615,1.6180020615,False,3,0.1195,0.3585,False,False,False,
DDR_CAB0,DDR_CSB0,B_ADDRESS_COMMAND,B_ADDRESS_COMMAND,L8,actual_interconnect_only,track:DDR_CAB0:L8:671:13,track:DDR_CSB0:L8:677:23,1.1256248265,1.0240248265,False,3,0.1195,0.3585,False,False,False,
DDR_CAB0,DDR_CSB0,B_ADDRESS_COMMAND,B_ADDRESS_COMMAND,L8,all_inner_layer_traces,track:DDR_CAB0:L8:671:13,track:DDR_CSB0:L8:677:23,1.1256248265,1.0240248265,False,3,0.1195,0.3585,False,False,False,
DDR_CAB0,DDR_DMIA1,B_ADDRESS_COMMAND,A_BYTE1,L8,actual_interconnect_only,track:DDR_CAB0:L8:671:0,track:DDR_DMIA1:L8:675:0,6.1664414373,6.0648414373,False,3,0.1195,0.3585,False,False,False,
DDR_CAB0,DDR_DMIA1,B_ADDRESS_COMMAND,A_BYTE1,L8,all_inner_layer_traces,track:DDR_CAB0:L8:671:0,track:DDR_DMIA1:L8:675:0,6.1664414373,6.0648414373,False,3,0.1195,0.3585,False,False,False,
DDR_CAB0,DDR_DMIB0,B_ADDRESS_COMMAND,B_BYTE0,L8,actual_interconnect_only,track:DDR_CAB0:L8:671:0,track:DDR_DMIB0:L8:654:8,0.325,0.2234,False,3,0.1195,0.3585,True,True,False,
DDR_CAB0,DDR_DMIB0,B_ADDRESS_COMMAND,B_BYTE0,L8,all_inner_layer_traces,track:DDR_CAB0:L8:671:0,track:DDR_DMIB0:L8:654:8,0.325,0.2234,False,3,0.1195,0.3585,True,True,False,
DDR_CAB0,DDR_DMIB1,B_ADDRESS_COMMAND,B_BYTE1,L8,actual_interconnect_only,track:DDR_CAB0:L8:671:0,track:DDR_DMIB1:L8:684:0,0.65,0.5484,False,3,0.1195,0.3585,False,False,False,
DDR_CAB0,DDR_DMIB1,B_ADDRESS_COMMAND,B_BYTE1,L8,all_inner_layer_traces,track:DDR_CAB0:L8:671:0,track:DDR_DMIB1:L8:684:0,0.65,0.5484,False,3,0.1195,0.3585,False,False,False,
DDR_CAB0,DDR_DQA10,B_ADDRESS_COMMAND,A_BYTE1,L8,actual_interconnect_only,track:DDR_CAB0:L8:671:3,track:DDR_DQA10:L8:678:8,5.2906166937,5.1890166937,False,3,0.1195,0.3585,False,False,False,
DDR_CAB0,DDR_DQA10,B_ADDRESS_COMMAND,A_BYTE1,L8,all_inner_layer_traces,track:DDR_CAB0:L8:671:3,track:DDR_DQA10:L8:678:8,5.2906166937,5.1890166937,False,3,0.1195,0.3585,False,False,False,
DDR_CAB0,DDR_DQA11,B_ADDRESS_COMMAND,A_BYTE1,L8,actual_interconnect_only,track:DDR_CAB0:L8:671:3,track:DDR_DQA11:L8:705:10,6.0108528149,5.9092528149,False,3,0.1195,0.3585,False,False,False,
DDR_CAB0,DDR_DQA11,B_ADDRESS_COMMAND,A_BYTE1,L8,all_inner_layer_traces,track:DDR_CAB0:L8:671:3,track:DDR_DQA11:L8:705:10,6.0108528149,5.9092528149,False,3,0.1195,0.3585,False,False,False,
DDR_CAB0,DDR_DQA12,B_ADDRESS_COMMAND,A_BYTE1,L8,actual_interconnect_only,track:DDR_CAB0:L8:671:3,track:DDR_DQA12:L8:688:10,4.55,4.4484,False,3,0.1195,0.3585,False,False,False,
DDR_CAB0,DDR_DQA12,B_ADDRESS_COMMAND,A_BYTE1,L8,all_inner_layer_traces,track:DDR_CAB0:L8:671:3,track:DDR_DQA12:L8:688:10,4.55,4.4484,False,3,0.1195,0.3585,False,False,False,
DDR_CAB0,DDR_DQA13,B_ADDRESS_COMMAND,A_BYTE1,L8,actual_interconnect_only,track:DDR_CAB0:L8:671:3,track:DDR_DQA13:L8:693:11,5.2,5.0984,False,3,0.1195,0.3585,False,False,False,
DDR_CAB0,DDR_DQA13,B_ADDRESS_COMMAND,A_BYTE1,L8,all_inner_layer_traces,track:DDR_CAB0:L8:671:3,track:DDR_DQA13:L8:693:11,5.2,5.0984,False,3,0.1195,0.3585,False,False,False,
DDR_CAB0,DDR_DQA14,B_ADDRESS_COMMAND,A_BYTE1,L8,actual_interconnect_only,track:DDR_CAB0:L8:671:3,track:DDR_DQA14:L8:683:4,7.15,7.0484,False,3,0.1195,0.3585,False,False,False,
DDR_CAB0,DDR_DQA14,B_ADDRESS_COMMAND,A_BYTE1,L8,all_inner_layer_traces,track:DDR_CAB0:L8:671:3,track:DDR_DQA14:L8:683:4,7.15,7.0484,False,3,0.1195,0.3585,False,False,False,
DDR_CAB0,DDR_DQA15,B_ADDRESS_COMMAND,A_BYTE1,L8,actual_interconnect_only,track:DDR_CAB0:L8:671:3,track:DDR_DQA15:L8:698:2,7.4382588899,7.3366588899,False,3,0.1195,0.3585,False,False,False,
DDR_CAB0,DDR_DQA15,B_ADDRESS_COMMAND,A_BYTE1,L8,all_inner_layer_traces,track:DDR_CAB0:L8:671:3,track:DDR_DQA15:L8:698:2,7.4382588899,7.3366588899,False,3,0.1195,0.3585,False,False,False,
DDR_CAB0,DDR_DQA3,B_ADDRESS_COMMAND,A_BYTE0,L8,actual_interconnect_only,track:DDR_CAB0:L8:671:21,track:DDR_DQA3:L8:649:49,5.85,5.7484,False,3,0.1195,0.3585,False,False,False,
DDR_CAB0,DDR_DQA3,B_ADDRESS_COMMAND,A_BYTE0,L8,all_inner_layer_traces,track:DDR_CAB0:L8:671:21,track:DDR_DQA3:L8:649:49,5.85,5.7484,False,3,0.1195,0.3585,False,False,False,
DDR_CAB0,DDR_DQA7,B_ADDRESS_COMMAND,A_BYTE0,L8,actual_interconnect_only,track:DDR_CAB0:L8:671:21,track:DDR_DQA7:L8:669:31,8.6001453476,8.4985453476,False,3,0.1195,0.3585,False,False,False,
DDR_CAB0,DDR_DQA7,B_ADDRESS_COMMAND,A_BYTE0,L8,all_inner_layer_traces,track:DDR_CAB0:L8:671:21,track:DDR_DQA7:L8:669:31,8.6001453476,8.4985453476,False,3,0.1195,0.3585,False,False,False,
DDR_CAB0,DDR_DQA9,B_ADDRESS_COMMAND,A_BYTE1,L8,actual_interconnect_only,track:DDR_CAB0:L8:671:0,track:DDR_DQA9:L8:686:0,7.3700513058,7.2684513058,False,3,0.1195,0.3585,False,False,False,
DDR_CAB0,DDR_DQA9,B_ADDRESS_COMMAND,A_BYTE1,L8,all_inner_layer_traces,track:DDR_CAB0:L8:671:0,track:DDR_DQA9:L8:686:0,7.3700513058,7.2684513058,False,3,0.1195,0.3585,False,False,False,
DDR_CAB0,DDR_DQB0,B_ADDRESS_COMMAND,B_BYTE0,L8,actual_interconnect_only,track:DDR_CAB0:L8:671:4,track:DDR_DQB0:L8:653:11,2.6517977393,2.5501977393,False,3,0.1195,0.3585,False,False,False,
DDR_CAB0,DDR_DQB0,B_ADDRESS_COMMAND,B_BYTE0,L8,all_inner_layer_traces,track:DDR_CAB0:L8:671:4,track:DDR_DQB0:L8:653:11,2.6517977393,2.5501977393,False,3,0.1195,0.3585,False,False,False,
DDR_CAB0,DDR_DQB1,B_ADDRESS_COMMAND,B_BYTE0,L8,actual_interconnect_only,track:DDR_CAB0:L8:671:4,track:DDR_DQB1:L8:662:17,2.120620487,2.019020487,False,3,0.1195,0.3585,False,False,False,
DDR_CAB0,DDR_DQB1,B_ADDRESS_COMMAND,B_BYTE0,L8,all_inner_layer_traces,track:DDR_CAB0:L8:671:4,track:DDR_DQB1:L8:662:17,2.120620487,2.019020487,False,3,0.1195,0.3585,False,False,False,
DDR_CAB0,DDR_DQB11,B_ADDRESS_COMMAND,B_BYTE1,L8,actual_interconnect_only,track:DDR_CAB0:L8:671:9,track:DDR_DQB11:L8:694:69,0.2298097039,0.1282097039,False,3,0.1195,0.3585,True,True,True,
DDR_CAB0,DDR_DQB11,B_ADDRESS_COMMAND,B_BYTE1,L8,all_inner_layer_traces,track:DDR_CAB0:L8:671:9,track:DDR_DQB11:L8:694:69,0.2298097039,0.1282097039,False,3,0.1195,0.3585,True,True,True,
DDR_CAB0,DDR_DQB3,B_ADDRESS_COMMAND,B_BYTE0,L8,actual_interconnect_only,track:DDR_CAB0:L8:671:20,track:DDR_DQB3:L8:646:28,0.56875,0.46715,False,3,0.1195,0.3585,False,False,False,
DDR_CAB0,DDR_DQB3,B_ADDRESS_COMMAND,B_BYTE0,L8,all_inner_layer_traces,track:DDR_CAB0:L8:671:20,track:DDR_DQB3:L8:646:28,0.56875,0.46715,False,3,0.1195,0.3585,False,False,False,
DDR_CAB0,DDR_DQB5,B_ADDRESS_COMMAND,B_BYTE0,L8,actual_interconnect_only,track:DDR_CAB0:L8:671:6,track:DDR_DQB5:L8:665:51,0.2298097039,0.1282097039,False,3,0.1195,0.3585,True,True,True,
DDR_CAB0,DDR_DQB5,B_ADDRESS_COMMAND,B_BYTE0,L8,all_inner_layer_traces,track:DDR_CAB0:L8:671:6,track:DDR_DQB5:L8:665:51,0.2298097039,0.1282097039,False,3,0.1195,0.3585,True,True,True,
DDR_CAB0,DDR_DQB6,B_ADDRESS_COMMAND,B_BYTE0,L8,actual_interconnect_only,track:DDR_CAB0:L8:671:0,track:DDR_DQB6:L8:664:4,1.625,1.5234,False,3,0.1195,0.3585,False,False,False,
DDR_CAB0,DDR_DQB6,B_ADDRESS_COMMAND,B_BYTE0,L8,all_inner_layer_traces,track:DDR_CAB0:L8:671:0,track:DDR_DQB6:L8:664:4,1.625,1.5234,False,3,0.1195,0.3585,False,False,False,
DDR_CAB0,DDR_DQB7,B_ADDRESS_COMMAND,B_BYTE0,L8,actual_interconnect_only,track:DDR_CAB0:L8:671:0,track:DDR_DQB7:L8:660:4,2.275,2.1734,False,3,0.1195,0.3585,False,False,False,
DDR_CAB0,DDR_DQB7,B_ADDRESS_COMMAND,B_BYTE0,L8,all_inner_layer_traces,track:DDR_CAB0:L8:671:0,track:DDR_DQB7:L8:660:4,2.275,2.1734,False,3,0.1195,0.3585,False,False,False,
DDR_CAB0,DDR_DQSA1_N,B_ADDRESS_COMMAND,A_BYTE1,L8,actual_interconnect_only,track:DDR_CAB0:L8:671:4,track:DDR_DQSA1_N:L8:687:29,8.125,8.0234,False,3,0.1195,0.3585,False,False,False,
DDR_CAB0,DDR_DQSA1_N,B_ADDRESS_COMMAND,A_BYTE1,L8,all_inner_layer_traces,track:DDR_CAB0:L8:671:4,track:DDR_DQSA1_N:L8:687:29,8.125,8.0234,False,3,0.1195,0.3585,False,False,False,
DDR_CAB0,DDR_DQSA1_P,B_ADDRESS_COMMAND,A_BYTE1,L8,actual_interconnect_only,track:DDR_CAB0:L8:671:3,track:DDR_DQSA1_P:L8:710:1,8.2639678159,8.1623678159,False,3,0.1195,0.3585,False,False,False,
DDR_CAB0,DDR_DQSA1_P,B_ADDRESS_COMMAND,A_BYTE1,L8,all_inner_layer_traces,track:DDR_CAB0:L8:671:3,track:DDR_DQSA1_P:L8:710:1,8.2639678159,8.1623678159,False,3,0.1195,0.3585,False,False,False,
DDR_CAB1,DDR_CAB3,B_ADDRESS_COMMAND,B_ADDRESS_COMMAND,L8,actual_interconnect_only,track:DDR_CAB1:L8:666:7,track:DDR_CAB3:L8:695:0,0.89375,0.79215,False,3,0.1195,0.3585,False,False,False,
DDR_CAB1,DDR_CAB3,B_ADDRESS_COMMAND,B_ADDRESS_COMMAND,L8,all_inner_layer_traces,track:DDR_CAB1:L8:666:7,track:DDR_CAB3:L8:695:0,0.89375,0.79215,False,3,0.1195,0.3585,False,False,False,
DDR_CAB1,DDR_CAB4,B_ADDRESS_COMMAND,B_ADDRESS_COMMAND,L8,actual_interconnect_only,track:DDR_CAB1:L8:666:4,track:DDR_CAB4:L8:682:0,0.325,0.2234,False,3,0.1195,0.3585,True,True,False,
DDR_CAB1,DDR_CAB4,B_ADDRESS_COMMAND,B_ADDRESS_COMMAND,L8,all_inner_layer_traces,track:DDR_CAB1:L8:666:4,track:DDR_CAB4:L8:682:0,0.325,0.2234,False,3,0.1195,0.3585,True,True,False,
DDR_CAB1,DDR_CAB5,B_ADDRESS_COMMAND,B_ADDRESS_COMMAND,L8,actual_interconnect_only,track:DDR_CAB1:L8:666:0,track:DDR_CAB5:L8:707:3,0.2298097039,0.1282097039,False,3,0.1195,0.3585,True,True,True,
DDR_CAB1,DDR_CAB5,B_ADDRESS_COMMAND,B_ADDRESS_COMMAND,L8,all_inner_layer_traces,track:DDR_CAB1:L8:666:0,track:DDR_CAB5:L8:707:3,0.2298097039,0.1282097039,False,3,0.1195,0.3585,True,True,True,
DDR_CAB1,DDR_CKEA0,B_ADDRESS_COMMAND,A_ADDRESS_COMMAND,L8,actual_interconnect_only,track:DDR_CAB1:L8:666:14,track:DDR_CKEA0:L8:670:2,0.65,0.5484,False,3,0.1195,0.3585,False,False,False,
DDR_CAB1,DDR_CKEA0,B_ADDRESS_COMMAND,A_ADDRESS_COMMAND,L8,all_inner_layer_traces,track:DDR_CAB1:L8:666:14,track:DDR_CKEA0:L8:670:2,0.65,0.5484,False,3,0.1195,0.3585,False,False,False,
DDR_CAB1,DDR_CKEB0,B_ADDRESS_COMMAND,B_ADDRESS_COMMAND,L8,actual_interconnect_only,track:DDR_CAB1:L8:666:18,track:DDR_CKEB0:L8:672:15,0.24375,0.14215,False,3,0.1195,0.3585,True,True,True,
DDR_CAB1,DDR_CKEB0,B_ADDRESS_COMMAND,B_ADDRESS_COMMAND,L8,all_inner_layer_traces,track:DDR_CAB1:L8:666:18,track:DDR_CKEB0:L8:672:15,0.24375,0.14215,False,3,0.1195,0.3585,True,True,True,
DDR_CAB1,DDR_CSB0,B_ADDRESS_COMMAND,B_ADDRESS_COMMAND,L8,actual_interconnect_only,track:DDR_CAB1:L8:666:18,track:DDR_CSB0:L8:677:14,0.4875,0.3859,False,3,0.1195,0.3585,False,False,False,
DDR_CAB1,DDR_CSB0,B_ADDRESS_COMMAND,B_ADDRESS_COMMAND,L8,all_inner_layer_traces,track:DDR_CAB1:L8:666:18,track:DDR_CSB0:L8:677:14,0.4875,0.3859,False,3,0.1195,0.3585,False,False,False,
DDR_CAB1,DDR_DMIA1,B_ADDRESS_COMMAND,A_BYTE1,L8,actual_interconnect_only,track:DDR_CAB1:L8:666:15,track:DDR_DMIA1:L8:675:0,1.625,1.5234,False,3,0.1195,0.3585,False,False,False,
DDR_CAB1,DDR_DMIA1,B_ADDRESS_COMMAND,A_BYTE1,L8,all_inner_layer_traces,track:DDR_CAB1:L8:666:15,track:DDR_DMIA1:L8:675:0,1.625,1.5234,False,3,0.1195,0.3585,False,False,False,
DDR_CAB1,DDR_DMIB0,B_ADDRESS_COMMAND,B_BYTE0,L8,actual_interconnect_only,track:DDR_CAB1:L8:666:4,track:DDR_DMIB0:L8:654:8,1.3,1.1984,False,3,0.1195,0.3585,False,False,False,
DDR_CAB1,DDR_DMIB0,B_ADDRESS_COMMAND,B_BYTE0,L8,all_inner_layer_traces,track:DDR_CAB1:L8:666:4,track:DDR_DMIB0:L8:654:8,1.3,1.1984,False,3,0.1195,0.3585,False,False,False,
DDR_CAB1,DDR_DMIB1,B_ADDRESS_COMMAND,B_BYTE1,L8,actual_interconnect_only,track:DDR_CAB1:L8:666:4,track:DDR_DMIB1:L8:684:0,1.625,1.5234,False,3,0.1195,0.3585,False,False,False,
DDR_CAB1,DDR_DMIB1,B_ADDRESS_COMMAND,B_BYTE1,L8,all_inner_layer_traces,track:DDR_CAB1:L8:666:4,track:DDR_DMIB1:L8:684:0,1.625,1.5234,False,3,0.1195,0.3585,False,False,False,
DDR_CAB1,DDR_DQA10,B_ADDRESS_COMMAND,A_BYTE1,L8,actual_interconnect_only,track:DDR_CAB1:L8:666:15,track:DDR_DQA10:L8:678:3,1.3,1.1984,False,3,0.1195,0.3585,False,False,False,
DDR_CAB1,DDR_DQA10,B_ADDRESS_COMMAND,A_BYTE1,L8,all_inner_layer_traces,track:DDR_CAB1:L8:666:15,track:DDR_DQA10:L8:678:3,1.3,1.1984,False,3,0.1195,0.3585,False,False,False,
DDR_CAB1,DDR_DQA11,B_ADDRESS_COMMAND,A_BYTE1,L8,actual_interconnect_only,track:DDR_CAB1:L8:666:15,track:DDR_DQA11:L8:705:9,1.95,1.8484,False,3,0.1195,0.3585,False,False,False,
DDR_CAB1,DDR_DQA11,B_ADDRESS_COMMAND,A_BYTE1,L8,all_inner_layer_traces,track:DDR_CAB1:L8:666:15,track:DDR_DQA11:L8:705:9,1.95,1.8484,False,3,0.1195,0.3585,False,False,False,
DDR_CAB1,DDR_DQA12,B_ADDRESS_COMMAND,A_BYTE1,L8,actual_interconnect_only,track:DDR_CAB1:L8:666:15,track:DDR_DQA12:L8:688:9,0.65,0.5484,False,3,0.1195,0.3585,False,False,False,
DDR_CAB1,DDR_DQA12,B_ADDRESS_COMMAND,A_BYTE1,L8,all_inner_layer_traces,track:DDR_CAB1:L8:666:15,track:DDR_DQA12:L8:688:9,0.65,0.5484,False,3,0.1195,0.3585,False,False,False,
DDR_CAB1,DDR_DQA13,B_ADDRESS_COMMAND,A_BYTE1,L8,actual_interconnect_only,track:DDR_CAB1:L8:666:15,track:DDR_DQA13:L8:693:11,1.3,1.1984,False,3,0.1195,0.3585,False,False,False,
DDR_CAB1,DDR_DQA13,B_ADDRESS_COMMAND,A_BYTE1,L8,all_inner_layer_traces,track:DDR_CAB1:L8:666:15,track:DDR_DQA13:L8:693:11,1.3,1.1984,False,3,0.1195,0.3585,False,False,False,
DDR_CAB1,DDR_DQA14,B_ADDRESS_COMMAND,A_BYTE1,L8,actual_interconnect_only,track:DDR_CAB1:L8:666:15,track:DDR_DQA14:L8:683:3,3.25,3.1484,False,3,0.1195,0.3585,False,False,False,
DDR_CAB1,DDR_DQA14,B_ADDRESS_COMMAND,A_BYTE1,L8,all_inner_layer_traces,track:DDR_CAB1:L8:666:15,track:DDR_DQA14:L8:683:3,3.25,3.1484,False,3,0.1195,0.3585,False,False,False,
DDR_CAB1,DDR_DQA15,B_ADDRESS_COMMAND,A_BYTE1,L8,actual_interconnect_only,track:DDR_CAB1:L8:666:15,track:DDR_DQA15:L8:698:1,3.49375,3.39215,False,3,0.1195,0.3585,False,False,False,
DDR_CAB1,DDR_DQA15,B_ADDRESS_COMMAND,A_BYTE1,L8,all_inner_layer_traces,track:DDR_CAB1:L8:666:15,track:DDR_DQA15:L8:698:1,3.49375,3.39215,False,3,0.1195,0.3585,False,False,False,
DDR_CAB1,DDR_DQA3,B_ADDRESS_COMMAND,A_BYTE0,L8,actual_interconnect_only,track:DDR_CAB1:L8:666:14,track:DDR_DQA3:L8:649:2,2.6,2.4984,False,3,0.1195,0.3585,False,False,False,
DDR_CAB1,DDR_DQA3,B_ADDRESS_COMMAND,A_BYTE0,L8,all_inner_layer_traces,track:DDR_CAB1:L8:666:14,track:DDR_DQA3:L8:649:2,2.6,2.4984,False,3,0.1195,0.3585,False,False,False,
DDR_CAB1,DDR_DQA7,B_ADDRESS_COMMAND,A_BYTE0,L8,actual_interconnect_only,track:DDR_CAB1:L8:666:15,track:DDR_DQA7:L8:669:0,5.525,5.4234,False,3,0.1195,0.3585,False,False,False,
DDR_CAB1,DDR_DQA7,B_ADDRESS_COMMAND,A_BYTE0,L8,all_inner_layer_traces,track:DDR_CAB1:L8:666:15,track:DDR_DQA7:L8:669:0,5.525,5.4234,False,3,0.1195,0.3585,False,False,False,
DDR_CAB1,DDR_DQA9,B_ADDRESS_COMMAND,A_BYTE1,L8,actual_interconnect_only,track:DDR_CAB1:L8:666:15,track:DDR_DQA9:L8:686:0,2.925,2.8234,False,3,0.1195,0.3585,False,False,False,
DDR_CAB1,DDR_DQA9,B_ADDRESS_COMMAND,A_BYTE1,L8,all_inner_layer_traces,track:DDR_CAB1:L8:666:15,track:DDR_DQA9:L8:686:0,2.925,2.8234,False,3,0.1195,0.3585,False,False,False,
DDR_CAB1,DDR_DQB0,B_ADDRESS_COMMAND,B_BYTE0,L8,actual_interconnect_only,track:DDR_CAB1:L8:666:9,track:DDR_DQB0:L8:653:0,3.6490206306,3.5474206306,False,3,0.1195,0.3585,False,False,False,
DDR_CAB1,DDR_DQB0,B_ADDRESS_COMMAND,B_BYTE0,L8,all_inner_layer_traces,track:DDR_CAB1:L8:666:9,track:DDR_DQB0:L8:653:0,3.6490206306,3.5474206306,False,3,0.1195,0.3585,False,False,False,
DDR_CAB1,DDR_DQB1,B_ADDRESS_COMMAND,B_BYTE0,L8,actual_interconnect_only,track:DDR_CAB1:L8:666:5,track:DDR_DQB1:L8:662:0,3.5759231763,3.4743231763,False,3,0.1195,0.3585,False,False,False,
DDR_CAB1,DDR_DQB1,B_ADDRESS_COMMAND,B_BYTE0,L8,all_inner_layer_traces,track:DDR_CAB1:L8:666:5,track:DDR_DQB1:L8:662:0,3.5759231763,3.4743231763,False,3,0.1195,0.3585,False,False,False,
DDR_CAB1,DDR_DQB11,B_ADDRESS_COMMAND,B_BYTE1,L8,actual_interconnect_only,track:DDR_CAB1:L8:666:34,track:DDR_DQB11:L8:694:54,0.325,0.2234,False,3,0.1195,0.3585,True,True,False,
DDR_CAB1,DDR_DQB11,B_ADDRESS_COMMAND,B_BYTE1,L8,all_inner_layer_traces,track:DDR_CAB1:L8:666:34,track:DDR_DQB11:L8:694:54,0.325,0.2234,False,3,0.1195,0.3585,True,True,False,
DDR_CAB1,DDR_DQB3,B_ADDRESS_COMMAND,B_BYTE0,L8,actual_interconnect_only,track:DDR_CAB1:L8:666:34,track:DDR_DQB3:L8:646:28,1.95,1.8484,False,3,0.1195,0.3585,False,False,False,
DDR_CAB1,DDR_DQB3,B_ADDRESS_COMMAND,B_BYTE0,L8,all_inner_layer_traces,track:DDR_CAB1:L8:666:34,track:DDR_DQB3:L8:646:28,1.95,1.8484,False,3,0.1195,0.3585,False,False,False,
DDR_CAB1,DDR_DQB5,B_ADDRESS_COMMAND,B_BYTE0,L8,actual_interconnect_only,track:DDR_CAB1:L8:666:34,track:DDR_DQB5:L8:665:39,1.625,1.5234,False,3,0.1195,0.3585,False,False,False,
DDR_CAB1,DDR_DQB5,B_ADDRESS_COMMAND,B_BYTE0,L8,all_inner_layer_traces,track:DDR_CAB1:L8:666:34,track:DDR_DQB5:L8:665:39,1.625,1.5234,False,3,0.1195,0.3585,False,False,False,
DDR_CAB1,DDR_DQB6,B_ADDRESS_COMMAND,B_BYTE0,L8,actual_interconnect_only,track:DDR_CAB1:L8:666:8,track:DDR_DQB6:L8:664:0,2.275,2.1734,False,3,0.1195,0.3585,False,False,False,
DDR_CAB1,DDR_DQB6,B_ADDRESS_COMMAND,B_BYTE0,L8,all_inner_layer_traces,track:DDR_CAB1:L8:666:8,track:DDR_DQB6:L8:664:0,2.275,2.1734,False,3,0.1195,0.3585,False,False,False,
DDR_CAB1,DDR_DQB7,B_ADDRESS_COMMAND,B_BYTE0,L8,actual_interconnect_only,track:DDR_CAB1:L8:666:5,track:DDR_DQB7:L8:660:0,2.9261282546,2.8245282546,False,3,0.1195,0.3585,False,False,False,
DDR_CAB1,DDR_DQB7,B_ADDRESS_COMMAND,B_BYTE0,L8,all_inner_layer_traces,track:DDR_CAB1:L8:666:5,track:DDR_DQB7:L8:660:0,2.9261282546,2.8245282546,False,3,0.1195,0.3585,False,False,False,
DDR_CAB1,DDR_DQSA1_N,B_ADDRESS_COMMAND,A_BYTE1,L8,actual_interconnect_only,track:DDR_CAB1:L8:666:15,track:DDR_DQSA1_N:L8:687:0,4.225,4.1234,False,3,0.1195,0.3585,False,False,False,
DDR_CAB1,DDR_DQSA1_N,B_ADDRESS_COMMAND,A_BYTE1,L8,all_inner_layer_traces,track:DDR_CAB1:L8:666:15,track:DDR_DQSA1_N:L8:687:0,4.225,4.1234,False,3,0.1195,0.3585,False,False,False,
DDR_CAB1,DDR_DQSA1_P,B_ADDRESS_COMMAND,A_BYTE1,L8,actual_interconnect_only,track:DDR_CAB1:L8:666:15,track:DDR_DQSA1_P:L8:710:0,4.225,4.1234,False,3,0.1195,0.3585,False,False,False,
DDR_CAB1,DDR_DQSA1_P,B_ADDRESS_COMMAND,A_BYTE1,L8,all_inner_layer_traces,track:DDR_CAB1:L8:666:15,track:DDR_DQSA1_P:L8:710:0,4.225,4.1234,False,3,0.1195,0.3585,False,False,False,
DDR_CAB2,DDR_CLKA_N,B_ADDRESS_COMMAND,A_ADDRESS_COMMAND,L3,actual_interconnect_only,track:DDR_CAB2:L3:696:19,track:DDR_CLKA_N:L3:680:17,3.9,3.7984,False,3,0.13,0.39,False,False,False,
DDR_CAB2,DDR_CLKA_N,B_ADDRESS_COMMAND,A_ADDRESS_COMMAND,L3,all_inner_layer_traces,track:DDR_CAB2:L3:696:19,track:DDR_CLKA_N:L3:680:17,3.9,3.7984,False,3,0.13,0.39,False,False,False,
DDR_CAB2,DDR_CLKA_P,B_ADDRESS_COMMAND,A_ADDRESS_COMMAND,L3,actual_interconnect_only,track:DDR_CAB2:L3:696:19,track:DDR_CLKA_P:L3:676:9,2.275,2.1734,False,3,0.13,0.39,False,False,False,
DDR_CAB2,DDR_CLKA_P,B_ADDRESS_COMMAND,A_ADDRESS_COMMAND,L3,all_inner_layer_traces,track:DDR_CAB2:L3:696:19,track:DDR_CLKA_P:L3:676:9,2.275,2.1734,False,3,0.13,0.39,False,False,False,
DDR_CAB2,DDR_CLKB_N,B_ADDRESS_COMMAND,B_ADDRESS_COMMAND,L3,actual_interconnect_only,track:DDR_CAB2:L3:696:18,track:DDR_CLKB_N:L3:701:7,0.0,-0.1016,False,3,0.13,0.39,True,True,True,
DDR_CAB2,DDR_CLKB_N,B_ADDRESS_COMMAND,B_ADDRESS_COMMAND,L3,all_inner_layer_traces,track:DDR_CAB2:L3:696:18,track:DDR_CLKB_N:L3:701:7,0.0,-0.1016,False,3,0.13,0.39,True,True,True,
DDR_CAB2,DDR_CLKB_P,B_ADDRESS_COMMAND,B_ADDRESS_COMMAND,L3,actual_interconnect_only,track:DDR_CAB2:L3:696:0,track:DDR_CLKB_P:L3:700:1,0.325,0.2234,False,3,0.13,0.39,True,True,False,
DDR_CAB2,DDR_CLKB_P,B_ADDRESS_COMMAND,B_ADDRESS_COMMAND,L3,all_inner_layer_traces,track:DDR_CAB2:L3:696:0,track:DDR_CLKB_P:L3:700:1,0.325,0.2234,False,3,0.13,0.39,True,True,False,
DDR_CAB2,DDR_CSA0,B_ADDRESS_COMMAND,A_ADDRESS_COMMAND,L3,actual_interconnect_only,track:DDR_CAB2:L3:696:19,track:DDR_CSA0:L3:679:4,5.525,5.4234,False,3,0.13,0.39,False,False,False,
DDR_CAB2,DDR_CSA0,B_ADDRESS_COMMAND,A_ADDRESS_COMMAND,L3,all_inner_layer_traces,track:DDR_CAB2:L3:696:19,track:DDR_CSA0:L3:679:4,5.525,5.4234,False,3,0.13,0.39,False,False,False,
DDR_CAB2,DDR_DMIA0,B_ADDRESS_COMMAND,A_BYTE0,L3,actual_interconnect_only,track:DDR_CAB2:L3:696:0,track:DDR_DMIA0:L3:661:0,7.1794846612,7.0778846612,False,3,0.13,0.39,False,False,False,
DDR_CAB2,DDR_DMIA0,B_ADDRESS_COMMAND,A_BYTE0,L3,all_inner_layer_traces,track:DDR_CAB2:L3:696:0,track:DDR_DMIA0:L3:661:0,7.1794846612,7.0778846612,False,3,0.13,0.39,False,False,False,
DDR_CAB2,DDR_DQA0,B_ADDRESS_COMMAND,A_BYTE0,L3,actual_interconnect_only,track:DDR_CAB2:L3:696:0,track:DDR_DQA0:L3:648:0,8.5494151847,8.4478151847,False,3,0.13,0.39,False,False,False,
DDR_CAB2,DDR_DQA0,B_ADDRESS_COMMAND,A_BYTE0,L3,all_inner_layer_traces,track:DDR_CAB2:L3:696:0,track:DDR_DQA0:L3:648:0,8.5494151847,8.4478151847,False,3,0.13,0.39,False,False,False,
DDR_CAB2,DDR_DQA1,B_ADDRESS_COMMAND,A_BYTE0,L3,actual_interconnect_only,track:DDR_CAB2:L3:696:11,track:DDR_DQA1:L3:658:8,6.07150105,5.96990105,False,3,0.13,0.39,False,False,False,
DDR_CAB2,DDR_DQA1,B_ADDRESS_COMMAND,A_BYTE0,L3,all_inner_layer_traces,track:DDR_CAB2:L3:696:11,track:DDR_DQA1:L3:658:8,6.07150105,5.96990105,False,3,0.13,0.39,False,False,False,
DDR_CAB2,DDR_DQA2,B_ADDRESS_COMMAND,A_BYTE0,L3,actual_interconnect_only,track:DDR_CAB2:L3:696:0,track:DDR_DQA2:L3:668:1,6.25149982,6.14989982,False,3,0.13,0.39,False,False,False,
DDR_CAB2,DDR_DQA2,B_ADDRESS_COMMAND,A_BYTE0,L3,all_inner_layer_traces,track:DDR_CAB2:L3:696:0,track:DDR_DQA2:L3:668:1,6.25149982,6.14989982,False,3,0.13,0.39,False,False,False,
DDR_CAB2,DDR_DQA4,B_ADDRESS_COMMAND,A_BYTE0,L3,actual_interconnect_only,track:DDR_CAB2:L3:696:0,track:DDR_DQA4:L3:659:0,6.6287253677,6.5271253677,False,3,0.13,0.39,False,False,False,
DDR_CAB2,DDR_DQA4,B_ADDRESS_COMMAND,A_BYTE0,L3,all_inner_layer_traces,track:DDR_CAB2:L3:696:0,track:DDR_DQA4:L3:659:0,6.6287253677,6.5271253677,False,3,0.13,0.39,False,False,False,
DDR_CAB2,DDR_DQA5,B_ADDRESS_COMMAND,A_BYTE0,L3,actual_interconnect_only,track:DDR_CAB2:L3:696:11,track:DDR_DQA5:L3:667:6,6.5992808557,6.4976808557,False,3,0.13,0.39,False,False,False,
DDR_CAB2,DDR_DQA5,B_ADDRESS_COMMAND,A_BYTE0,L3,all_inner_layer_traces,track:DDR_CAB2:L3:696:11,track:DDR_DQA5:L3:667:6,6.5992808557,6.4976808557,False,3,0.13,0.39,False,False,False,
DDR_CAB2,DDR_DQA6,B_ADDRESS_COMMAND,A_BYTE0,L3,actual_interconnect_only,track:DDR_CAB2:L3:696:11,track:DDR_DQA6:L3:674:4,7.1666000481,7.0650000481,False,3,0.13,0.39,False,False,False,
DDR_CAB2,DDR_DQA6,B_ADDRESS_COMMAND,A_BYTE0,L3,all_inner_layer_traces,track:DDR_CAB2:L3:696:11,track:DDR_DQA6:L3:674:4,7.1666000481,7.0650000481,False,3,0.13,0.39,False,False,False,
DDR_CAB2,DDR_DQA8,B_ADDRESS_COMMAND,A_BYTE1,L3,actual_interconnect_only,track:DDR_CAB2:L3:696:0,track:DDR_DQA8:L3:708:0,7.8067678972,7.7051678972,False,3,0.13,0.39,False,False,False,
DDR_CAB2,DDR_DQA8,B_ADDRESS_COMMAND,A_BYTE1,L3,all_inner_layer_traces,track:DDR_CAB2:L3:696:0,track:DDR_DQA8:L3:708:0,7.8067678972,7.7051678972,False,3,0.13,0.39,False,False,False,
DDR_CAB2,DDR_DQB10,B_ADDRESS_COMMAND,B_BYTE1,L3,actual_interconnect_only,track:DDR_CAB2:L3:696:3,track:DDR_DQB10:L3:703:4,1.3,1.1984,False,3,0.13,0.39,False,False,False,
DDR_CAB2,DDR_DQB10,B_ADDRESS_COMMAND,B_BYTE1,L3,all_inner_layer_traces,track:DDR_CAB2:L3:696:3,track:DDR_DQB10:L3:703:4,1.3,1.1984,False,3,0.13,0.39,False,False,False,
DDR_CAB2,DDR_DQB12,B_ADDRESS_COMMAND,B_BYTE1,L3,actual_interconnect_only,track:DDR_CAB2:L3:696:3,track:DDR_DQB12:L3:691:3,0.65,0.5484,False,3,0.13,0.39,False,False,False,
DDR_CAB2,DDR_DQB12,B_ADDRESS_COMMAND,B_BYTE1,L3,all_inner_layer_traces,track:DDR_CAB2:L3:696:3,track:DDR_DQB12:L3:691:3,0.65,0.5484,False,3,0.13,0.39,False,False,False,
DDR_CAB2,DDR_DQB13,B_ADDRESS_COMMAND,B_BYTE1,L3,actual_interconnect_only,track:DDR_CAB2:L3:696:18,track:DDR_DQB13:L3:673:31,1.625,1.5234,False,3,0.13,0.39,False,False,False,
DDR_CAB2,DDR_DQB13,B_ADDRESS_COMMAND,B_BYTE1,L3,all_inner_layer_traces,track:DDR_CAB2:L3:696:18,track:DDR_DQB13:L3:673:31,1.625,1.5234,False,3,0.13,0.39,False,False,False,
DDR_CAB2,DDR_DQB14,B_ADDRESS_COMMAND,B_BYTE1,L3,actual_interconnect_only,track:DDR_CAB2:L3:696:4,track:DDR_DQB14:L3:681:0,2.275,2.1734,False,3,0.13,0.39,False,False,False,
DDR_CAB2,DDR_DQB14,B_ADDRESS_COMMAND,B_BYTE1,L3,all_inner_layer_traces,track:DDR_CAB2:L3:696:4,track:DDR_DQB14:L3:681:0,2.275,2.1734,False,3,0.13,0.39,False,False,False,
DDR_CAB2,DDR_DQB15,B_ADDRESS_COMMAND,B_BYTE1,L3,actual_interconnect_only,track:DDR_CAB2:L3:696:4,track:DDR_DQB15:L3:692:0,2.925,2.8234,False,3,0.13,0.39,False,False,False,
DDR_CAB2,DDR_DQB15,B_ADDRESS_COMMAND,B_BYTE1,L3,all_inner_layer_traces,track:DDR_CAB2:L3:696:4,track:DDR_DQB15:L3:692:0,2.925,2.8234,False,3,0.13,0.39,False,False,False,
DDR_CAB2,DDR_DQB2,B_ADDRESS_COMMAND,B_BYTE0,L3,actual_interconnect_only,track:DDR_CAB2:L3:696:18,track:DDR_DQB2:L3:655:93,2.6736927296,2.5720927296,False,3,0.13,0.39,False,False,False,
DDR_CAB2,DDR_DQB2,B_ADDRESS_COMMAND,B_BYTE0,L3,all_inner_layer_traces,track:DDR_CAB2:L3:696:18,track:DDR_DQB2:L3:655:93,2.6736927296,2.5720927296,False,3,0.13,0.39,False,False,False,
DDR_CAB2,DDR_DQB4,B_ADDRESS_COMMAND,B_BYTE0,L3,actual_interconnect_only,track:DDR_CAB2:L3:696:18,track:DDR_DQB4:L3:663:115,2.4341403128,2.3325403128,False,3,0.13,0.39,False,False,False,
DDR_CAB2,DDR_DQB4,B_ADDRESS_COMMAND,B_BYTE0,L3,all_inner_layer_traces,track:DDR_CAB2:L3:696:18,track:DDR_DQB4:L3:663:115,2.4341403128,2.3325403128,False,3,0.13,0.39,False,False,False,
DDR_CAB2,DDR_DQB8,B_ADDRESS_COMMAND,B_BYTE1,L3,actual_interconnect_only,track:DDR_CAB2:L3:696:3,track:DDR_DQB8:L3:706:0,2.2764504305,2.1748504305,False,3,0.13,0.39,False,False,False,
DDR_CAB2,DDR_DQB8,B_ADDRESS_COMMAND,B_BYTE1,L3,all_inner_layer_traces,track:DDR_CAB2:L3:696:3,track:DDR_DQB8:L3:706:0,2.2764504305,2.1748504305,False,3,0.13,0.39,False,False,False,
DDR_CAB2,DDR_DQB9,B_ADDRESS_COMMAND,B_BYTE1,L3,actual_interconnect_only,track:DDR_CAB2:L3:696:3,track:DDR_DQB9:L3:704:4,1.95,1.8484,False,3,0.13,0.39,False,False,False,
DDR_CAB2,DDR_DQB9,B_ADDRESS_COMMAND,B_BYTE1,L3,all_inner_layer_traces,track:DDR_CAB2:L3:696:3,track:DDR_DQB9:L3:704:4,1.95,1.8484,False,3,0.13,0.39,False,False,False,
DDR_CAB2,DDR_DQSA0_N,B_ADDRESS_COMMAND,A_BYTE0,L3,actual_interconnect_only,track:DDR_CAB2:L3:696:19,track:DDR_DQSA0_N:L3:657:29,8.0802227692,7.9786227692,False,3,0.13,0.39,False,False,False,
DDR_CAB2,DDR_DQSA0_N,B_ADDRESS_COMMAND,A_BYTE0,L3,all_inner_layer_traces,track:DDR_CAB2:L3:696:19,track:DDR_DQSA0_N:L3:657:29,8.0802227692,7.9786227692,False,3,0.13,0.39,False,False,False,
DDR_CAB2,DDR_DQSA0_P,B_ADDRESS_COMMAND,A_BYTE0,L3,actual_interconnect_only,track:DDR_CAB2:L3:696:0,track:DDR_DQSA0_P:L3:652:1,7.5383187781,7.4367187781,False,3,0.13,0.39,False,False,False,
DDR_CAB2,DDR_DQSA0_P,B_ADDRESS_COMMAND,A_BYTE0,L3,all_inner_layer_traces,track:DDR_CAB2:L3:696:0,track:DDR_DQSA0_P:L3:652:1,7.5383187781,7.4367187781,False,3,0.13,0.39,False,False,False,
DDR_CAB2,DDR_DQSB0_N,B_ADDRESS_COMMAND,B_BYTE0,L3,actual_interconnect_only,track:DDR_CAB2:L3:696:18,track:DDR_DQSB0_N:L3:650:46,3.740916081,3.639316081,False,3,0.13,0.39,False,False,False,
DDR_CAB2,DDR_DQSB0_N,B_ADDRESS_COMMAND,B_BYTE0,L3,all_inner_layer_traces,track:DDR_CAB2:L3:696:18,track:DDR_DQSB0_N:L3:650:46,3.740916081,3.639316081,False,3,0.13,0.39,False,False,False,
DDR_CAB2,DDR_DQSB0_P,B_ADDRESS_COMMAND,B_BYTE0,L3,actual_interconnect_only,track:DDR_CAB2:L3:696:18,track:DDR_DQSB0_P:L3:651:79,2.9483708425,2.8467708425,False,3,0.13,0.39,False,False,False,
DDR_CAB2,DDR_DQSB0_P,B_ADDRESS_COMMAND,B_BYTE0,L3,all_inner_layer_traces,track:DDR_CAB2:L3:696:18,track:DDR_DQSB0_P:L3:651:79,2.9483708425,2.8467708425,False,3,0.13,0.39,False,False,False,
DDR_CAB2,DDR_DQSB1_N,B_ADDRESS_COMMAND,B_BYTE1,L3,actual_interconnect_only,track:DDR_CAB2:L3:696:18,track:DDR_DQSB1_N:L3:697:37,0.65,0.5484,False,3,0.13,0.39,False,False,False,
DDR_CAB2,DDR_DQSB1_N,B_ADDRESS_COMMAND,B_BYTE1,L3,all_inner_layer_traces,track:DDR_CAB2:L3:696:18,track:DDR_DQSB1_N:L3:697:37,0.65,0.5484,False,3,0.13,0.39,False,False,False,
DDR_CAB2,DDR_DQSB1_P,B_ADDRESS_COMMAND,B_BYTE1,L3,actual_interconnect_only,track:DDR_CAB2:L3:696:18,track:DDR_DQSB1_P:L3:690:13,2.275,2.1734,False,3,0.13,0.39,False,False,False,
DDR_CAB2,DDR_DQSB1_P,B_ADDRESS_COMMAND,B_BYTE1,L3,all_inner_layer_traces,track:DDR_CAB2:L3:696:18,track:DDR_DQSB1_P:L3:690:13,2.275,2.1734,False,3,0.13,0.39,False,False,False,
DDR_CAB3,DDR_CAB4,B_ADDRESS_COMMAND,B_ADDRESS_COMMAND,L8,actual_interconnect_only,track:DDR_CAB3:L8:695:23,track:DDR_CAB4:L8:682:19,0.6250312492,0.5234312492,False,3,0.1195,0.3585,False,False,False,
DDR_CAB3,DDR_CAB4,B_ADDRESS_COMMAND,B_ADDRESS_COMMAND,L8,all_inner_layer_traces,track:DDR_CAB3:L8:695:23,track:DDR_CAB4:L8:682:19,0.6250312492,0.5234312492,False,3,0.1195,0.3585,False,False,False,
DDR_CAB3,DDR_CAB5,B_ADDRESS_COMMAND,B_ADDRESS_COMMAND,L8,actual_interconnect_only,track:DDR_CAB3:L8:695:16,track:DDR_CAB5:L8:707:21,0.216956937,0.115356937,False,3,0.1195,0.3585,True,True,True,
DDR_CAB3,DDR_CAB5,B_ADDRESS_COMMAND,B_ADDRESS_COMMAND,L8,all_inner_layer_traces,track:DDR_CAB3:L8:695:16,track:DDR_CAB5:L8:707:21,0.216956937,0.115356937,False,3,0.1195,0.3585,True,True,True,
DDR_CAB3,DDR_CKEA0,B_ADDRESS_COMMAND,A_ADDRESS_COMMAND,L8,actual_interconnect_only,track:DDR_CAB3:L8:695:3,track:DDR_CKEA0:L8:670:1,2.0826009129,1.9810009129,False,3,0.1195,0.3585,False,False,False,
DDR_CAB3,DDR_CKEA0,B_ADDRESS_COMMAND,A_ADDRESS_COMMAND,L8,all_inner_layer_traces,track:DDR_CAB3:L8:695:3,track:DDR_CKEA0:L8:670:1,2.0826009129,1.9810009129,False,3,0.1195,0.3585,False,False,False,
DDR_CAB3,DDR_CKEB0,B_ADDRESS_COMMAND,B_ADDRESS_COMMAND,L8,actual_interconnect_only,track:DDR_CAB3:L8:695:0,track:DDR_CKEB0:L8:672:1,0.2298097039,0.1282097039,False,3,0.1195,0.3585,True,True,True,
DDR_CAB3,DDR_CKEB0,B_ADDRESS_COMMAND,B_ADDRESS_COMMAND,L8,all_inner_layer_traces,track:DDR_CAB3:L8:695:0,track:DDR_CKEB0:L8:672:1,0.2298097039,0.1282097039,False,3,0.1195,0.3585,True,True,True,
DDR_CAB3,DDR_CSB0,B_ADDRESS_COMMAND,B_ADDRESS_COMMAND,L8,actual_interconnect_only,track:DDR_CAB3:L8:695:21,track:DDR_CSB0:L8:677:8,0.216956937,0.115356937,False,3,0.1195,0.3585,True,True,True,
DDR_CAB3,DDR_CSB0,B_ADDRESS_COMMAND,B_ADDRESS_COMMAND,L8,all_inner_layer_traces,track:DDR_CAB3:L8:695:21,track:DDR_CSB0:L8:677:8,0.216956937,0.115356937,False,3,0.1195,0.3585,True,True,True,
DDR_CAB3,DDR_DMIA1,B_ADDRESS_COMMAND,A_BYTE1,L8,actual_interconnect_only,track:DDR_CAB3:L8:695:3,track:DDR_DMIA1:L8:675:0,2.9530770499,2.8514770499,False,3,0.1195,0.3585,False,False,False,
DDR_CAB3,DDR_DMIA1,B_ADDRESS_COMMAND,A_BYTE1,L8,all_inner_layer_traces,track:DDR_CAB3:L8:695:3,track:DDR_DMIA1:L8:675:0,2.9530770499,2.8514770499,False,3,0.1195,0.3585,False,False,False,
DDR_CAB3,DDR_DMIB0,B_ADDRESS_COMMAND,B_BYTE0,L8,actual_interconnect_only,track:DDR_CAB3:L8:695:27,track:DDR_DMIB0:L8:654:8,2.275,2.1734,False,3,0.1195,0.3585,False,False,False,
DDR_CAB3,DDR_DMIB0,B_ADDRESS_COMMAND,B_BYTE0,L8,all_inner_layer_traces,track:DDR_CAB3:L8:695:27,track:DDR_DMIB0:L8:654:8,2.275,2.1734,False,3,0.1195,0.3585,False,False,False,
DDR_CAB3,DDR_DMIB1,B_ADDRESS_COMMAND,B_BYTE1,L8,actual_interconnect_only,track:DDR_CAB3:L8:695:0,track:DDR_DMIB1:L8:684:0,2.6202337682,2.5186337682,False,3,0.1195,0.3585,False,False,False,
DDR_CAB3,DDR_DMIB1,B_ADDRESS_COMMAND,B_BYTE1,L8,all_inner_layer_traces,track:DDR_CAB3:L8:695:0,track:DDR_DMIB1:L8:684:0,2.6202337682,2.5186337682,False,3,0.1195,0.3585,False,False,False,
DDR_CAB3,DDR_DQA10,B_ADDRESS_COMMAND,A_BYTE1,L8,actual_interconnect_only,track:DDR_CAB3:L8:695:4,track:DDR_DQA10:L8:678:7,2.6012692215,2.4996692215,False,3,0.1195,0.3585,False,False,False,
DDR_CAB3,DDR_DQA10,B_ADDRESS_COMMAND,A_BYTE1,L8,all_inner_layer_traces,track:DDR_CAB3:L8:695:4,track:DDR_DQA10:L8:678:7,2.6012692215,2.4996692215,False,3,0.1195,0.3585,False,False,False,
DDR_CAB3,DDR_DQA11,B_ADDRESS_COMMAND,A_BYTE1,L8,actual_interconnect_only,track:DDR_CAB3:L8:695:4,track:DDR_DQA11:L8:705:9,3.2510154664,3.1494154664,False,3,0.1195,0.3585,False,False,False,
DDR_CAB3,DDR_DQA11,B_ADDRESS_COMMAND,A_BYTE1,L8,all_inner_layer_traces,track:DDR_CAB3:L8:695:4,track:DDR_DQA11:L8:705:9,3.2510154664,3.1494154664,False,3,0.1195,0.3585,False,False,False,
DDR_CAB3,DDR_DQA12,B_ADDRESS_COMMAND,A_BYTE1,L8,actual_interconnect_only,track:DDR_CAB3:L8:695:21,track:DDR_DQA12:L8:688:10,1.95,1.8484,False,3,0.1195,0.3585,False,False,False,
DDR_CAB3,DDR_DQA12,B_ADDRESS_COMMAND,A_BYTE1,L8,all_inner_layer_traces,track:DDR_CAB3:L8:695:21,track:DDR_DQA12:L8:688:10,1.95,1.8484,False,3,0.1195,0.3585,False,False,False,
DDR_CAB3,DDR_DQA13,B_ADDRESS_COMMAND,A_BYTE1,L8,actual_interconnect_only,track:DDR_CAB3:L8:695:21,track:DDR_DQA13:L8:693:12,2.6,2.4984,False,3,0.1195,0.3585,False,False,False,
DDR_CAB3,DDR_DQA13,B_ADDRESS_COMMAND,A_BYTE1,L8,all_inner_layer_traces,track:DDR_CAB3:L8:695:21,track:DDR_DQA13:L8:693:12,2.6,2.4984,False,3,0.1195,0.3585,False,False,False,
DDR_CAB3,DDR_DQA14,B_ADDRESS_COMMAND,A_BYTE1,L8,actual_interconnect_only,track:DDR_CAB3:L8:695:4,track:DDR_DQA14:L8:683:3,4.5507253886,4.4491253886,False,3,0.1195,0.3585,False,False,False,
DDR_CAB3,DDR_DQA14,B_ADDRESS_COMMAND,A_BYTE1,L8,all_inner_layer_traces,track:DDR_CAB3:L8:695:4,track:DDR_DQA14:L8:683:3,4.5507253886,4.4491253886,False,3,0.1195,0.3585,False,False,False,
DDR_CAB3,DDR_DQA15,B_ADDRESS_COMMAND,A_BYTE1,L8,actual_interconnect_only,track:DDR_CAB3:L8:695:4,track:DDR_DQA15:L8:698:0,4.9715440258,4.8699440258,False,3,0.1195,0.3585,False,False,False,
DDR_CAB3,DDR_DQA15,B_ADDRESS_COMMAND,A_BYTE1,L8,all_inner_layer_traces,track:DDR_CAB3:L8:695:4,track:DDR_DQA15:L8:698:0,4.9715440258,4.8699440258,False,3,0.1195,0.3585,False,False,False,
DDR_CAB3,DDR_DQA3,B_ADDRESS_COMMAND,A_BYTE0,L8,actual_interconnect_only,track:DDR_CAB3:L8:695:3,track:DDR_DQA3:L8:649:1,4.0625,3.9609,False,3,0.1195,0.3585,False,False,False,
DDR_CAB3,DDR_DQA3,B_ADDRESS_COMMAND,A_BYTE0,L8,all_inner_layer_traces,track:DDR_CAB3:L8:695:3,track:DDR_DQA3:L8:649:1,4.0625,3.9609,False,3,0.1195,0.3585,False,False,False,
DDR_CAB3,DDR_DQA7,B_ADDRESS_COMMAND,A_BYTE0,L8,actual_interconnect_only,track:DDR_CAB3:L8:695:4,track:DDR_DQA7:L8:669:0,6.825,6.7234,False,3,0.1195,0.3585,False,False,False,
DDR_CAB3,DDR_DQA7,B_ADDRESS_COMMAND,A_BYTE0,L8,all_inner_layer_traces,track:DDR_CAB3:L8:695:4,track:DDR_DQA7:L8:669:0,6.825,6.7234,False,3,0.1195,0.3585,False,False,False,
DDR_CAB3,DDR_DQA9,B_ADDRESS_COMMAND,A_BYTE1,L8,actual_interconnect_only,track:DDR_CAB3:L8:695:3,track:DDR_DQA9:L8:686:0,4.232025409,4.130425409,False,3,0.1195,0.3585,False,False,False,
DDR_CAB3,DDR_DQA9,B_ADDRESS_COMMAND,A_BYTE1,L8,all_inner_layer_traces,track:DDR_CAB3:L8:695:3,track:DDR_DQA9:L8:686:0,4.232025409,4.130425409,False,3,0.1195,0.3585,False,False,False,
DDR_CAB3,DDR_DQB0,B_ADDRESS_COMMAND,B_BYTE0,L8,actual_interconnect_only,track:DDR_CAB3:L8:695:0,track:DDR_DQB0:L8:653:0,4.8314723429,4.7298723429,False,3,0.1195,0.3585,False,False,False,
DDR_CAB3,DDR_DQB0,B_ADDRESS_COMMAND,B_BYTE0,L8,all_inner_layer_traces,track:DDR_CAB3:L8:695:0,track:DDR_DQB0:L8:653:0,4.8314723429,4.7298723429,False,3,0.1195,0.3585,False,False,False,
DDR_CAB3,DDR_DQB1,B_ADDRESS_COMMAND,B_BYTE0,L8,actual_interconnect_only,track:DDR_CAB3:L8:695:0,track:DDR_DQB1:L8:662:0,4.55,4.4484,False,3,0.1195,0.3585,False,False,False,
DDR_CAB3,DDR_DQB1,B_ADDRESS_COMMAND,B_BYTE0,L8,all_inner_layer_traces,track:DDR_CAB3:L8:695:0,track:DDR_DQB1:L8:662:0,4.55,4.4484,False,3,0.1195,0.3585,False,False,False,
DDR_CAB3,DDR_DQB11,B_ADDRESS_COMMAND,B_BYTE1,L8,actual_interconnect_only,track:DDR_CAB3:L8:695:27,track:DDR_DQB11:L8:694:70,0.975,0.8734,False,3,0.1195,0.3585,False,False,False,
DDR_CAB3,DDR_DQB11,B_ADDRESS_COMMAND,B_BYTE1,L8,all_inner_layer_traces,track:DDR_CAB3:L8:695:27,track:DDR_DQB11:L8:694:70,0.975,0.8734,False,3,0.1195,0.3585,False,False,False,
DDR_CAB3,DDR_DQB3,B_ADDRESS_COMMAND,B_BYTE0,L8,actual_interconnect_only,track:DDR_CAB3:L8:695:0,track:DDR_DQB3:L8:646:0,4.3603325561,4.2587325561,False,3,0.1195,0.3585,False,False,False,
DDR_CAB3,DDR_DQB3,B_ADDRESS_COMMAND,B_BYTE0,L8,all_inner_layer_traces,track:DDR_CAB3:L8:695:0,track:DDR_DQB3:L8:646:0,4.3603325561,4.2587325561,False,3,0.1195,0.3585,False,False,False,
DDR_CAB3,DDR_DQB5,B_ADDRESS_COMMAND,B_BYTE0,L8,actual_interconnect_only,track:DDR_CAB3:L8:695:0,track:DDR_DQB5:L8:665:0,3.6336104634,3.5320104634,False,3,0.1195,0.3585,False,False,False,
DDR_CAB3,DDR_DQB5,B_ADDRESS_COMMAND,B_BYTE0,L8,all_inner_layer_traces,track:DDR_CAB3:L8:695:0,track:DDR_DQB5:L8:665:0,3.6336104634,3.5320104634,False,3,0.1195,0.3585,False,False,False,
DDR_CAB3,DDR_DQB6,B_ADDRESS_COMMAND,B_BYTE0,L8,actual_interconnect_only,track:DDR_CAB3:L8:695:0,track:DDR_DQB6:L8:664:0,3.2662095769,3.1646095769,False,3,0.1195,0.3585,False,False,False,
DDR_CAB3,DDR_DQB6,B_ADDRESS_COMMAND,B_BYTE0,L8,all_inner_layer_traces,track:DDR_CAB3:L8:695:0,track:DDR_DQB6:L8:664:0,3.2662095769,3.1646095769,False,3,0.1195,0.3585,False,False,False,
DDR_CAB3,DDR_DQB7,B_ADDRESS_COMMAND,B_BYTE0,L8,actual_interconnect_only,track:DDR_CAB3:L8:695:0,track:DDR_DQB7:L8:660:0,3.9,3.7984,False,3,0.1195,0.3585,False,False,False,
DDR_CAB3,DDR_DQB7,B_ADDRESS_COMMAND,B_BYTE0,L8,all_inner_layer_traces,track:DDR_CAB3:L8:695:0,track:DDR_DQB7:L8:660:0,3.9,3.7984,False,3,0.1195,0.3585,False,False,False,
DDR_CAB3,DDR_DQSA1_N,B_ADDRESS_COMMAND,A_BYTE1,L8,actual_interconnect_only,track:DDR_CAB3:L8:695:4,track:DDR_DQSA1_N:L8:687:0,5.5345505689,5.4329505689,False,3,0.1195,0.3585,False,False,False,
DDR_CAB3,DDR_DQSA1_N,B_ADDRESS_COMMAND,A_BYTE1,L8,all_inner_layer_traces,track:DDR_CAB3:L8:695:4,track:DDR_DQSA1_N:L8:687:0,5.5345505689,5.4329505689,False,3,0.1195,0.3585,False,False,False,
DDR_CAB3,DDR_DQSA1_P,B_ADDRESS_COMMAND,A_BYTE1,L8,actual_interconnect_only,track:DDR_CAB3:L8:695:4,track:DDR_DQSA1_P:L8:710:0,5.610369863,5.508769863,False,3,0.1195,0.3585,False,False,False,
DDR_CAB3,DDR_DQSA1_P,B_ADDRESS_COMMAND,A_BYTE1,L8,all_inner_layer_traces,track:DDR_CAB3:L8:695:4,track:DDR_DQSA1_P:L8:710:0,5.610369863,5.508769863,False,3,0.1195,0.3585,False,False,False,
DDR_CAB4,DDR_CAB5,B_ADDRESS_COMMAND,B_ADDRESS_COMMAND,L8,actual_interconnect_only,track:DDR_CAB4:L8:682:13,track:DDR_CAB5:L8:707:8,0.2088846871,0.1072846871,False,3,0.1195,0.3585,True,True,True,
DDR_CAB4,DDR_CAB5,B_ADDRESS_COMMAND,B_ADDRESS_COMMAND,L8,all_inner_layer_traces,track:DDR_CAB4:L8:682:13,track:DDR_CAB5:L8:707:8,0.2088846871,0.1072846871,False,3,0.1195,0.3585,True,True,True,
DDR_CAB4,DDR_CKEA0,B_ADDRESS_COMMAND,A_ADDRESS_COMMAND,L8,actual_interconnect_only,track:DDR_CAB4:L8:682:0,track:DDR_CKEA0:L8:670:1,4.2374815634,4.1358815634,False,3,0.1195,0.3585,False,False,False,
DDR_CAB4,DDR_CKEA0,B_ADDRESS_COMMAND,A_ADDRESS_COMMAND,L8,all_inner_layer_traces,track:DDR_CAB4:L8:682:0,track:DDR_CKEA0:L8:670:1,4.2374815634,4.1358815634,False,3,0.1195,0.3585,False,False,False,
DDR_CAB4,DDR_CKEB0,B_ADDRESS_COMMAND,B_ADDRESS_COMMAND,L8,actual_interconnect_only,track:DDR_CAB4:L8:682:0,track:DDR_CKEB0:L8:672:2,0.975,0.8734,False,3,0.1195,0.3585,False,False,False,
DDR_CAB4,DDR_CKEB0,B_ADDRESS_COMMAND,B_ADDRESS_COMMAND,L8,all_inner_layer_traces,track:DDR_CAB4:L8:682:0,track:DDR_CKEB0:L8:672:2,0.975,0.8734,False,3,0.1195,0.3585,False,False,False,
DDR_CAB4,DDR_CSB0,B_ADDRESS_COMMAND,B_ADDRESS_COMMAND,L8,actual_interconnect_only,track:DDR_CAB4:L8:682:19,track:DDR_CSB0:L8:677:4,1.1351108151,1.0335108151,False,3,0.1195,0.3585,False,False,False,
DDR_CAB4,DDR_CSB0,B_ADDRESS_COMMAND,B_ADDRESS_COMMAND,L8,all_inner_layer_traces,track:DDR_CAB4:L8:682:19,track:DDR_CSB0:L8:677:4,1.1351108151,1.0335108151,False,3,0.1195,0.3585,False,False,False,
DDR_CAB4,DDR_DMIA1,B_ADDRESS_COMMAND,A_BYTE1,L8,actual_interconnect_only,track:DDR_CAB4:L8:682:0,track:DDR_DMIA1:L8:675:0,5.2,5.0984,False,3,0.1195,0.3585,False,False,False,
DDR_CAB4,DDR_DMIA1,B_ADDRESS_COMMAND,A_BYTE1,L8,all_inner_layer_traces,track:DDR_CAB4:L8:682:0,track:DDR_DMIA1:L8:675:0,5.2,5.0984,False,3,0.1195,0.3585,False,False,False,
DDR_CAB4,DDR_DMIB0,B_ADDRESS_COMMAND,B_BYTE0,L8,actual_interconnect_only,track:DDR_CAB4:L8:682:3,track:DDR_DMIB0:L8:654:8,0.65,0.5484,False,3,0.1195,0.3585,False,False,False,
DDR_CAB4,DDR_DMIB0,B_ADDRESS_COMMAND,B_BYTE0,L8,all_inner_layer_traces,track:DDR_CAB4:L8:682:3,track:DDR_DMIB0:L8:654:8,0.65,0.5484,False,3,0.1195,0.3585,False,False,False,
DDR_CAB4,DDR_DMIB1,B_ADDRESS_COMMAND,B_BYTE1,L8,actual_interconnect_only,track:DDR_CAB4:L8:682:3,track:DDR_DMIB1:L8:684:0,0.975,0.8734,False,3,0.1195,0.3585,False,False,False,
DDR_CAB4,DDR_DMIB1,B_ADDRESS_COMMAND,B_BYTE1,L8,all_inner_layer_traces,track:DDR_CAB4:L8:682:3,track:DDR_DMIB1:L8:684:0,0.975,0.8734,False,3,0.1195,0.3585,False,False,False,
DDR_CAB4,DDR_DQA10,B_ADDRESS_COMMAND,A_BYTE1,L8,actual_interconnect_only,track:DDR_CAB4:L8:682:19,track:DDR_DQA10:L8:678:8,4.1179532613,4.0163532613,False,3,0.1195,0.3585,False,False,False,
DDR_CAB4,DDR_DQA10,B_ADDRESS_COMMAND,A_BYTE1,L8,all_inner_layer_traces,track:DDR_CAB4:L8:682:19,track:DDR_DQA10:L8:678:8,4.1179532613,4.0163532613,False,3,0.1195,0.3585,False,False,False,
DDR_CAB4,DDR_DQA11,B_ADDRESS_COMMAND,A_BYTE1,L8,actual_interconnect_only,track:DDR_CAB4:L8:682:19,track:DDR_DQA11:L8:705:16,4.7055817919,4.6039817919,False,3,0.1195,0.3585,False,False,False,
DDR_CAB4,DDR_DQA11,B_ADDRESS_COMMAND,A_BYTE1,L8,all_inner_layer_traces,track:DDR_CAB4:L8:682:19,track:DDR_DQA11:L8:705:16,4.7055817919,4.6039817919,False,3,0.1195,0.3585,False,False,False,
DDR_CAB4,DDR_DQA12,B_ADDRESS_COMMAND,A_BYTE1,L8,actual_interconnect_only,track:DDR_CAB4:L8:682:19,track:DDR_DQA12:L8:688:10,2.925,2.8234,False,3,0.1195,0.3585,False,False,False,
DDR_CAB4,DDR_DQA12,B_ADDRESS_COMMAND,A_BYTE1,L8,all_inner_layer_traces,track:DDR_CAB4:L8:682:19,track:DDR_DQA12:L8:688:10,2.925,2.8234,False,3,0.1195,0.3585,False,False,False,
DDR_CAB4,DDR_DQA13,B_ADDRESS_COMMAND,A_BYTE1,L8,actual_interconnect_only,track:DDR_CAB4:L8:682:19,track:DDR_DQA13:L8:693:12,3.575,3.4734,False,3,0.1195,0.3585,False,False,False,
DDR_CAB4,DDR_DQA13,B_ADDRESS_COMMAND,A_BYTE1,L8,all_inner_layer_traces,track:DDR_CAB4:L8:682:19,track:DDR_DQA13:L8:693:12,3.575,3.4734,False,3,0.1195,0.3585,False,False,False,
DDR_CAB4,DDR_DQA14,B_ADDRESS_COMMAND,A_BYTE1,L8,actual_interconnect_only,track:DDR_CAB4:L8:682:19,track:DDR_DQA14:L8:683:4,5.5352986595,5.4336986595,False,3,0.1195,0.3585,False,False,False,
DDR_CAB4,DDR_DQA14,B_ADDRESS_COMMAND,A_BYTE1,L8,all_inner_layer_traces,track:DDR_CAB4:L8:682:19,track:DDR_DQA14:L8:683:4,5.5352986595,5.4336986595,False,3,0.1195,0.3585,False,False,False,
DDR_CAB4,DDR_DQA15,B_ADDRESS_COMMAND,A_BYTE1,L8,actual_interconnect_only,track:DDR_CAB4:L8:682:19,track:DDR_DQA15:L8:698:2,6.0677490163,5.9661490163,False,3,0.1195,0.3585,False,False,False,
DDR_CAB4,DDR_DQA15,B_ADDRESS_COMMAND,A_BYTE1,L8,all_inner_layer_traces,track:DDR_CAB4:L8:682:19,track:DDR_DQA15:L8:698:2,6.0677490163,5.9661490163,False,3,0.1195,0.3585,False,False,False,
DDR_CAB4,DDR_DQA3,B_ADDRESS_COMMAND,A_BYTE0,L8,actual_interconnect_only,track:DDR_CAB4:L8:682:0,track:DDR_DQA3:L8:649:1,6.2181469557,6.1165469557,False,3,0.1195,0.3585,False,False,False,
DDR_CAB4,DDR_DQA3,B_ADDRESS_COMMAND,A_BYTE0,L8,all_inner_layer_traces,track:DDR_CAB4:L8:682:0,track:DDR_DQA3:L8:649:1,6.2181469557,6.1165469557,False,3,0.1195,0.3585,False,False,False,
DDR_CAB4,DDR_DQA7,B_ADDRESS_COMMAND,A_BYTE0,L8,actual_interconnect_only,track:DDR_CAB4:L8:682:19,track:DDR_DQA7:L8:669:1,8.8209821767,8.7193821767,False,3,0.1195,0.3585,False,False,False,
DDR_CAB4,DDR_DQA7,B_ADDRESS_COMMAND,A_BYTE0,L8,all_inner_layer_traces,track:DDR_CAB4:L8:682:19,track:DDR_DQA7:L8:669:1,8.8209821767,8.7193821767,False,3,0.1195,0.3585,False,False,False,
DDR_CAB4,DDR_DQA9,B_ADDRESS_COMMAND,A_BYTE1,L8,actual_interconnect_only,track:DDR_CAB4:L8:682:19,track:DDR_DQA9:L8:686:12,6.3610662677,6.2594662677,False,3,0.1195,0.3585,False,False,False,
DDR_CAB4,DDR_DQA9,B_ADDRESS_COMMAND,A_BYTE1,L8,all_inner_layer_traces,track:DDR_CAB4:L8:682:19,track:DDR_DQA9:L8:686:12,6.3610662677,6.2594662677,False,3,0.1195,0.3585,False,False,False,
DDR_CAB4,DDR_DQB0,B_ADDRESS_COMMAND,B_BYTE0,L8,actual_interconnect_only,track:DDR_CAB4:L8:682:3,track:DDR_DQB0:L8:653:4,3.3930996154,3.2914996154,False,3,0.1195,0.3585,False,False,False,
DDR_CAB4,DDR_DQB0,B_ADDRESS_COMMAND,B_BYTE0,L8,all_inner_layer_traces,track:DDR_CAB4:L8:682:3,track:DDR_DQB0:L8:653:4,3.3930996154,3.2914996154,False,3,0.1195,0.3585,False,False,False,
DDR_CAB4,DDR_DQB1,B_ADDRESS_COMMAND,B_BYTE0,L8,actual_interconnect_only,track:DDR_CAB4:L8:682:3,track:DDR_DQB1:L8:662:0,3.0150209887,2.9134209887,False,3,0.1195,0.3585,False,False,False,
DDR_CAB4,DDR_DQB1,B_ADDRESS_COMMAND,B_BYTE0,L8,all_inner_layer_traces,track:DDR_CAB4:L8:682:3,track:DDR_DQB1:L8:662:0,3.0150209887,2.9134209887,False,3,0.1195,0.3585,False,False,False,
DDR_CAB4,DDR_DQB11,B_ADDRESS_COMMAND,B_BYTE1,L8,actual_interconnect_only,track:DDR_CAB4:L8:682:14,track:DDR_DQB11:L8:694:74,0.4685416203,0.3669416203,False,3,0.1195,0.3585,False,False,False,
DDR_CAB4,DDR_DQB11,B_ADDRESS_COMMAND,B_BYTE1,L8,all_inner_layer_traces,track:DDR_CAB4:L8:682:14,track:DDR_DQB11:L8:694:74,0.4685416203,0.3669416203,False,3,0.1195,0.3585,False,False,False,
DDR_CAB4,DDR_DQB3,B_ADDRESS_COMMAND,B_BYTE0,L8,actual_interconnect_only,track:DDR_CAB4:L8:682:0,track:DDR_DQB3:L8:646:0,3.25,3.1484,False,3,0.1195,0.3585,False,False,False,
DDR_CAB4,DDR_DQB3,B_ADDRESS_COMMAND,B_BYTE0,L8,all_inner_layer_traces,track:DDR_CAB4:L8:682:0,track:DDR_DQB3:L8:646:0,3.25,3.1484,False,3,0.1195,0.3585,False,False,False,
DDR_CAB4,DDR_DQB5,B_ADDRESS_COMMAND,B_BYTE0,L8,actual_interconnect_only,track:DDR_CAB4:L8:682:0,track:DDR_DQB5:L8:665:0,2.366035714,2.264435714,False,3,0.1195,0.3585,False,False,False,
DDR_CAB4,DDR_DQB5,B_ADDRESS_COMMAND,B_BYTE0,L8,all_inner_layer_traces,track:DDR_CAB4:L8:682:0,track:DDR_DQB5:L8:665:0,2.366035714,2.264435714,False,3,0.1195,0.3585,False,False,False,
DDR_CAB4,DDR_DQB6,B_ADDRESS_COMMAND,B_BYTE0,L8,actual_interconnect_only,track:DDR_CAB4:L8:682:3,track:DDR_DQB6:L8:664:4,1.95,1.8484,False,3,0.1195,0.3585,False,False,False,
DDR_CAB4,DDR_DQB6,B_ADDRESS_COMMAND,B_BYTE0,L8,all_inner_layer_traces,track:DDR_CAB4:L8:682:3,track:DDR_DQB6:L8:664:4,1.95,1.8484,False,3,0.1195,0.3585,False,False,False,
DDR_CAB4,DDR_DQB7,B_ADDRESS_COMMAND,B_BYTE0,L8,actual_interconnect_only,track:DDR_CAB4:L8:682:3,track:DDR_DQB7:L8:660:0,2.3896341901,2.2880341901,False,3,0.1195,0.3585,False,False,False,
DDR_CAB4,DDR_DQB7,B_ADDRESS_COMMAND,B_BYTE0,L8,all_inner_layer_traces,track:DDR_CAB4:L8:682:3,track:DDR_DQB7:L8:660:0,2.3896341901,2.2880341901,False,3,0.1195,0.3585,False,False,False,
DDR_CAB4,DDR_DQSA1_N,B_ADDRESS_COMMAND,A_BYTE1,L8,actual_interconnect_only,track:DDR_CAB4:L8:682:19,track:DDR_DQSA1_N:L8:687:30,6.549045732,6.447445732,False,3,0.1195,0.3585,False,False,False,
DDR_CAB4,DDR_DQSA1_N,B_ADDRESS_COMMAND,A_BYTE1,L8,all_inner_layer_traces,track:DDR_CAB4:L8:682:19,track:DDR_DQSA1_N:L8:687:30,6.549045732,6.447445732,False,3,0.1195,0.3585,False,False,False,
DDR_CAB4,DDR_DQSA1_P,B_ADDRESS_COMMAND,A_BYTE1,L8,actual_interconnect_only,track:DDR_CAB4:L8:682:19,track:DDR_DQSA1_P:L8:710:1,6.8912818564,6.7896818564,False,3,0.1195,0.3585,False,False,False,
DDR_CAB4,DDR_DQSA1_P,B_ADDRESS_COMMAND,A_BYTE1,L8,all_inner_layer_traces,track:DDR_CAB4:L8:682:19,track:DDR_DQSA1_P:L8:710:1,6.8912818564,6.7896818564,False,3,0.1195,0.3585,False,False,False,
DDR_CAB5,DDR_CKEA0,B_ADDRESS_COMMAND,A_ADDRESS_COMMAND,L8,actual_interconnect_only,track:DDR_CAB5:L8:707:3,track:DDR_CKEA0:L8:670:1,4.2901231043,4.1885231043,False,3,0.1195,0.3585,False,False,False,
DDR_CAB5,DDR_CKEA0,B_ADDRESS_COMMAND,A_ADDRESS_COMMAND,L8,all_inner_layer_traces,track:DDR_CAB5:L8:707:3,track:DDR_CKEA0:L8:670:1,4.2901231043,4.1885231043,False,3,0.1195,0.3585,False,False,False,
DDR_CAB5,DDR_CKEB0,B_ADDRESS_COMMAND,B_ADDRESS_COMMAND,L8,actual_interconnect_only,track:DDR_CAB5:L8:707:23,track:DDR_CKEB0:L8:672:9,1.1351108151,1.0335108151,False,3,0.1195,0.3585,False,False,False,
DDR_CAB5,DDR_CKEB0,B_ADDRESS_COMMAND,B_ADDRESS_COMMAND,L8,all_inner_layer_traces,track:DDR_CAB5:L8:707:23,track:DDR_CKEB0:L8:672:9,1.1351108151,1.0335108151,False,3,0.1195,0.3585,False,False,False,
DDR_CAB5,DDR_CSB0,B_ADDRESS_COMMAND,B_ADDRESS_COMMAND,L8,actual_interconnect_only,track:DDR_CAB5:L8:707:23,track:DDR_CSB0:L8:677:8,0.6305999128,0.5289999128,False,3,0.1195,0.3585,False,False,False,
DDR_CAB5,DDR_CSB0,B_ADDRESS_COMMAND,B_ADDRESS_COMMAND,L8,all_inner_layer_traces,track:DDR_CAB5:L8:707:23,track:DDR_CSB0:L8:677:8,0.6305999128,0.5289999128,False,3,0.1195,0.3585,False,False,False,
DDR_CAB5,DDR_DMIA1,B_ADDRESS_COMMAND,A_BYTE1,L8,actual_interconnect_only,track:DDR_CAB5:L8:707:3,track:DDR_DMIA1:L8:675:0,5.0896494231,4.9880494231,False,3,0.1195,0.3585,False,False,False,
DDR_CAB5,DDR_DMIA1,B_ADDRESS_COMMAND,A_BYTE1,L8,all_inner_layer_traces,track:DDR_CAB5:L8:707:3,track:DDR_DMIA1:L8:675:0,5.0896494231,4.9880494231,False,3,0.1195,0.3585,False,False,False,
DDR_CAB5,DDR_DMIB0,B_ADDRESS_COMMAND,B_BYTE0,L8,actual_interconnect_only,track:DDR_CAB5:L8:707:0,track:DDR_DMIB0:L8:654:8,0.975,0.8734,False,3,0.1195,0.3585,False,False,False,
DDR_CAB5,DDR_DMIB0,B_ADDRESS_COMMAND,B_BYTE0,L8,all_inner_layer_traces,track:DDR_CAB5:L8:707:0,track:DDR_DMIB0:L8:654:8,0.975,0.8734,False,3,0.1195,0.3585,False,False,False,
DDR_CAB5,DDR_DMIB1,B_ADDRESS_COMMAND,B_BYTE1,L8,actual_interconnect_only,track:DDR_CAB5:L8:707:0,track:DDR_DMIB1:L8:684:0,1.3,1.1984,False,3,0.1195,0.3585,False,False,False,
DDR_CAB5,DDR_DMIB1,B_ADDRESS_COMMAND,B_BYTE1,L8,all_inner_layer_traces,track:DDR_CAB5:L8:707:0,track:DDR_DMIB1:L8:684:0,1.3,1.1984,False,3,0.1195,0.3585,False,False,False,
DDR_CAB5,DDR_DQA10,B_ADDRESS_COMMAND,A_BYTE1,L8,actual_interconnect_only,track:DDR_CAB5:L8:707:23,track:DDR_DQA10:L8:678:8,3.5682683563,3.4666683563,False,3,0.1195,0.3585,False,False,False,
DDR_CAB5,DDR_DQA10,B_ADDRESS_COMMAND,A_BYTE1,L8,all_inner_layer_traces,track:DDR_CAB5:L8:707:23,track:DDR_DQA10:L8:678:8,3.5682683563,3.4666683563,False,3,0.1195,0.3585,False,False,False,
DDR_CAB5,DDR_DQA11,B_ADDRESS_COMMAND,A_BYTE1,L8,actual_interconnect_only,track:DDR_CAB5:L8:707:23,track:DDR_DQA11:L8:705:16,4.0804411526,3.9788411526,False,3,0.1195,0.3585,False,False,False,
DDR_CAB5,DDR_DQA11,B_ADDRESS_COMMAND,A_BYTE1,L8,all_inner_layer_traces,track:DDR_CAB5:L8:707:23,track:DDR_DQA11:L8:705:16,4.0804411526,3.9788411526,False,3,0.1195,0.3585,False,False,False,
DDR_CAB5,DDR_DQA12,B_ADDRESS_COMMAND,A_BYTE1,L8,actual_interconnect_only,track:DDR_CAB5:L8:707:23,track:DDR_DQA12:L8:688:10,2.275,2.1734,False,3,0.1195,0.3585,False,False,False,
DDR_CAB5,DDR_DQA12,B_ADDRESS_COMMAND,A_BYTE1,L8,all_inner_layer_traces,track:DDR_CAB5:L8:707:23,track:DDR_DQA12:L8:688:10,2.275,2.1734,False,3,0.1195,0.3585,False,False,False,
DDR_CAB5,DDR_DQA13,B_ADDRESS_COMMAND,A_BYTE1,L8,actual_interconnect_only,track:DDR_CAB5:L8:707:23,track:DDR_DQA13:L8:693:12,2.925,2.8234,False,3,0.1195,0.3585,False,False,False,
DDR_CAB5,DDR_DQA13,B_ADDRESS_COMMAND,A_BYTE1,L8,all_inner_layer_traces,track:DDR_CAB5:L8:707:23,track:DDR_DQA13:L8:693:12,2.925,2.8234,False,3,0.1195,0.3585,False,False,False,
DDR_CAB5,DDR_DQA14,B_ADDRESS_COMMAND,A_BYTE1,L8,actual_interconnect_only,track:DDR_CAB5:L8:707:23,track:DDR_DQA14:L8:683:4,4.8866687273,4.7850687273,False,3,0.1195,0.3585,False,False,False,
DDR_CAB5,DDR_DQA14,B_ADDRESS_COMMAND,A_BYTE1,L8,all_inner_layer_traces,track:DDR_CAB5:L8:707:23,track:DDR_DQA14:L8:683:4,4.8866687273,4.7850687273,False,3,0.1195,0.3585,False,False,False,
DDR_CAB5,DDR_DQA15,B_ADDRESS_COMMAND,A_BYTE1,L8,actual_interconnect_only,track:DDR_CAB5:L8:707:23,track:DDR_DQA15:L8:698:2,5.4535037476,5.3519037476,False,3,0.1195,0.3585,False,False,False,
DDR_CAB5,DDR_DQA15,B_ADDRESS_COMMAND,A_BYTE1,L8,all_inner_layer_traces,track:DDR_CAB5:L8:707:23,track:DDR_DQA15:L8:698:2,5.4535037476,5.3519037476,False,3,0.1195,0.3585,False,False,False,
DDR_CAB5,DDR_DQA3,B_ADDRESS_COMMAND,A_BYTE0,L8,actual_interconnect_only,track:DDR_CAB5:L8:707:3,track:DDR_DQA3:L8:649:1,6.2478027388,6.1462027388,False,3,0.1195,0.3585,False,False,False,
DDR_CAB5,DDR_DQA3,B_ADDRESS_COMMAND,A_BYTE0,L8,all_inner_layer_traces,track:DDR_CAB5:L8:707:3,track:DDR_DQA3:L8:649:1,6.2478027388,6.1462027388,False,3,0.1195,0.3585,False,False,False,
DDR_CAB5,DDR_DQA7,B_ADDRESS_COMMAND,A_BYTE0,L8,actual_interconnect_only,track:DDR_CAB5:L8:707:23,track:DDR_DQA7:L8:669:1,8.2004406322,8.0988406322,False,3,0.1195,0.3585,False,False,False,
DDR_CAB5,DDR_DQA7,B_ADDRESS_COMMAND,A_BYTE0,L8,all_inner_layer_traces,track:DDR_CAB5:L8:707:23,track:DDR_DQA7:L8:669:1,8.2004406322,8.0988406322,False,3,0.1195,0.3585,False,False,False,
DDR_CAB5,DDR_DQA9,B_ADDRESS_COMMAND,A_BYTE1,L8,actual_interconnect_only,track:DDR_CAB5:L8:707:23,track:DDR_DQA9:L8:686:12,5.7229834058,5.6213834058,False,3,0.1195,0.3585,False,False,False,
DDR_CAB5,DDR_DQA9,B_ADDRESS_COMMAND,A_BYTE1,L8,all_inner_layer_traces,track:DDR_CAB5:L8:707:23,track:DDR_DQA9:L8:686:12,5.7229834058,5.6213834058,False,3,0.1195,0.3585,False,False,False,
DDR_CAB5,DDR_DQB0,B_ADDRESS_COMMAND,B_BYTE0,L8,actual_interconnect_only,track:DDR_CAB5:L8:707:0,track:DDR_DQB0:L8:653:4,3.7770327722,3.6754327722,False,3,0.1195,0.3585,False,False,False,
DDR_CAB5,DDR_DQB0,B_ADDRESS_COMMAND,B_BYTE0,L8,all_inner_layer_traces,track:DDR_CAB5:L8:707:0,track:DDR_DQB0:L8:653:4,3.7770327722,3.6754327722,False,3,0.1195,0.3585,False,False,False,
DDR_CAB5,DDR_DQB1,B_ADDRESS_COMMAND,B_BYTE0,L8,actual_interconnect_only,track:DDR_CAB5:L8:707:0,track:DDR_DQB1:L8:662:0,3.3930996154,3.2914996154,False,3,0.1195,0.3585,False,False,False,
DDR_CAB5,DDR_DQB1,B_ADDRESS_COMMAND,B_BYTE0,L8,all_inner_layer_traces,track:DDR_CAB5:L8:707:0,track:DDR_DQB1:L8:662:0,3.3930996154,3.2914996154,False,3,0.1195,0.3585,False,False,False,
DDR_CAB5,DDR_DQB11,B_ADDRESS_COMMAND,B_BYTE1,L8,actual_interconnect_only,track:DDR_CAB5:L8:707:12,track:DDR_DQB11:L8:694:74,1.1351108151,1.0335108151,False,3,0.1195,0.3585,False,False,False,
DDR_CAB5,DDR_DQB11,B_ADDRESS_COMMAND,B_BYTE1,L8,all_inner_layer_traces,track:DDR_CAB5:L8:707:12,track:DDR_DQB11:L8:694:74,1.1351108151,1.0335108151,False,3,0.1195,0.3585,False,False,False,
DDR_CAB5,DDR_DQB3,B_ADDRESS_COMMAND,B_BYTE0,L8,actual_interconnect_only,track:DDR_CAB5:L8:707:0,track:DDR_DQB3:L8:646:13,4.0608746749,3.9592746749,False,3,0.1195,0.3585,False,False,False,
DDR_CAB5,DDR_DQB3,B_ADDRESS_COMMAND,B_BYTE0,L8,all_inner_layer_traces,track:DDR_CAB5:L8:707:0,track:DDR_DQB3:L8:646:13,4.0608746749,3.9592746749,False,3,0.1195,0.3585,False,False,False,
DDR_CAB5,DDR_DQB5,B_ADDRESS_COMMAND,B_BYTE0,L8,actual_interconnect_only,track:DDR_CAB5:L8:707:0,track:DDR_DQB5:L8:665:0,2.9963519486,2.8947519486,False,3,0.1195,0.3585,False,False,False,
DDR_CAB5,DDR_DQB5,B_ADDRESS_COMMAND,B_BYTE0,L8,all_inner_layer_traces,track:DDR_CAB5:L8:707:0,track:DDR_DQB5:L8:665:0,2.9963519486,2.8947519486,False,3,0.1195,0.3585,False,False,False,
DDR_CAB5,DDR_DQB6,B_ADDRESS_COMMAND,B_BYTE0,L8,actual_interconnect_only,track:DDR_CAB5:L8:707:0,track:DDR_DQB6:L8:664:4,2.275,2.1734,False,3,0.1195,0.3585,False,False,False,
DDR_CAB5,DDR_DQB6,B_ADDRESS_COMMAND,B_BYTE0,L8,all_inner_layer_traces,track:DDR_CAB5:L8:707:0,track:DDR_DQB6:L8:664:4,2.275,2.1734,False,3,0.1195,0.3585,False,False,False,
DDR_CAB5,DDR_DQB7,B_ADDRESS_COMMAND,B_BYTE0,L8,actual_interconnect_only,track:DDR_CAB5:L8:707:0,track:DDR_DQB7:L8:660:0,2.7768012172,2.6752012172,False,3,0.1195,0.3585,False,False,False,
DDR_CAB5,DDR_DQB7,B_ADDRESS_COMMAND,B_BYTE0,L8,all_inner_layer_traces,track:DDR_CAB5:L8:707:0,track:DDR_DQB7:L8:660:0,2.7768012172,2.6752012172,False,3,0.1195,0.3585,False,False,False,
DDR_CAB5,DDR_DQSA1_N,B_ADDRESS_COMMAND,A_BYTE1,L8,actual_interconnect_only,track:DDR_CAB5:L8:707:23,track:DDR_DQSA1_N:L8:687:30,5.9044474763,5.8028474763,False,3,0.1195,0.3585,False,False,False,
DDR_CAB5,DDR_DQSA1_N,B_ADDRESS_COMMAND,A_BYTE1,L8,all_inner_layer_traces,track:DDR_CAB5:L8:707:23,track:DDR_DQSA1_N:L8:687:30,5.9044474763,5.8028474763,False,3,0.1195,0.3585,False,False,False,
DDR_CAB5,DDR_DQSA1_P,B_ADDRESS_COMMAND,A_BYTE1,L8,actual_interconnect_only,track:DDR_CAB5:L8:707:23,track:DDR_DQSA1_P:L8:710:1,6.2734871184,6.1718871184,False,3,0.1195,0.3585,False,False,False,
DDR_CAB5,DDR_DQSA1_P,B_ADDRESS_COMMAND,A_BYTE1,L8,all_inner_layer_traces,track:DDR_CAB5:L8:707:23,track:DDR_DQSA1_P:L8:710:1,6.2734871184,6.1718871184,False,3,0.1195,0.3585,False,False,False,
DDR_CKEA0,DDR_CKEB0,A_ADDRESS_COMMAND,B_ADDRESS_COMMAND,L8,actual_interconnect_only,track:DDR_CKEA0:L8:670:1,track:DDR_CKEB0:L8:672:8,1.3025365878,1.2009365878,False,3,0.1195,0.3585,False,False,False,
DDR_CKEA0,DDR_CKEB0,A_ADDRESS_COMMAND,B_ADDRESS_COMMAND,L8,all_inner_layer_traces,track:DDR_CKEA0:L8:670:1,track:DDR_CKEB0:L8:672:8,1.3025365878,1.2009365878,False,3,0.1195,0.3585,False,False,False,
DDR_CKEA0,DDR_CSB0,A_ADDRESS_COMMAND,B_ADDRESS_COMMAND,L8,actual_interconnect_only,track:DDR_CKEA0:L8:670:86,track:DDR_CSB0:L8:677:14,2.3677603474,2.2661603474,False,3,0.1195,0.3585,False,False,False,
DDR_CKEA0,DDR_CSB0,A_ADDRESS_COMMAND,B_ADDRESS_COMMAND,L8,all_inner_layer_traces,track:DDR_CKEA0:L8:670:86,track:DDR_CSB0:L8:677:14,2.3677603474,2.2661603474,False,3,0.1195,0.3585,False,False,False,
DDR_CKEA0,DDR_DMIA1,A_ADDRESS_COMMAND,A_BYTE1,L8,actual_interconnect_only,track:DDR_CKEA0:L8:670:42,track:DDR_DMIA1:L8:675:22,0.4875,0.3859,False,3,0.1195,0.3585,False,False,False,
DDR_CKEA0,DDR_DMIA1,A_ADDRESS_COMMAND,A_BYTE1,L8,all_inner_layer_traces,track:DDR_CKEA0:L8:670:42,track:DDR_DMIA1:L8:675:22,0.4875,0.3859,False,3,0.1195,0.3585,False,False,False,
DDR_CKEA0,DDR_DMIB0,A_ADDRESS_COMMAND,B_BYTE0,L8,actual_interconnect_only,track:DDR_CKEA0:L8:670:1,track:DDR_DMIB0:L8:654:7,5.2511643054,5.1495643054,False,3,0.1195,0.3585,False,False,False,
DDR_CKEA0,DDR_DMIB0,A_ADDRESS_COMMAND,B_BYTE0,L8,all_inner_layer_traces,track:DDR_CKEA0:L8:670:1,track:DDR_DMIB0:L8:654:7,5.2511643054,5.1495643054,False,3,0.1195,0.3585,False,False,False,
DDR_CKEA0,DDR_DMIB1,A_ADDRESS_COMMAND,B_BYTE1,L8,actual_interconnect_only,track:DDR_CKEA0:L8:670:1,track:DDR_DMIB1:L8:684:0,5.610369863,5.508769863,False,3,0.1195,0.3585,False,False,False,
DDR_CKEA0,DDR_DMIB1,A_ADDRESS_COMMAND,B_BYTE1,L8,all_inner_layer_traces,track:DDR_CKEA0:L8:670:1,track:DDR_DMIB1:L8:684:0,5.610369863,5.508769863,False,3,0.1195,0.3585,False,False,False,
DDR_CKEA0,DDR_DQA10,A_ADDRESS_COMMAND,A_BYTE1,L8,actual_interconnect_only,track:DDR_CKEA0:L8:670:0,track:DDR_DQA10:L8:678:3,0.325,0.2234,False,3,0.1195,0.3585,True,True,False,
DDR_CKEA0,DDR_DQA10,A_ADDRESS_COMMAND,A_BYTE1,L8,all_inner_layer_traces,track:DDR_CKEA0:L8:670:0,track:DDR_DQA10:L8:678:3,0.325,0.2234,False,3,0.1195,0.3585,True,True,False,
DDR_CKEA0,DDR_DQA11,A_ADDRESS_COMMAND,A_BYTE1,L8,actual_interconnect_only,track:DDR_CKEA0:L8:670:0,track:DDR_DQA11:L8:705:0,1.3,1.1984,False,3,0.1195,0.3585,False,False,False,
DDR_CKEA0,DDR_DQA11,A_ADDRESS_COMMAND,A_BYTE1,L8,all_inner_layer_traces,track:DDR_CKEA0:L8:670:0,track:DDR_DQA11:L8:705:0,1.3,1.1984,False,3,0.1195,0.3585,False,False,False,
DDR_CKEA0,DDR_DQA12,A_ADDRESS_COMMAND,A_BYTE1,L8,actual_interconnect_only,track:DDR_CKEA0:L8:670:0,track:DDR_DQA12:L8:688:5,0.89375,0.79215,False,3,0.1195,0.3585,False,False,False,
DDR_CKEA0,DDR_DQA12,A_ADDRESS_COMMAND,A_BYTE1,L8,all_inner_layer_traces,track:DDR_CKEA0:L8:670:0,track:DDR_DQA12:L8:688:5,0.89375,0.79215,False,3,0.1195,0.3585,False,False,False,
DDR_CKEA0,DDR_DQA13,A_ADDRESS_COMMAND,A_BYTE1,L8,actual_interconnect_only,track:DDR_CKEA0:L8:670:0,track:DDR_DQA13:L8:693:0,2.0554804791,1.9538804791,False,3,0.1195,0.3585,False,False,False,
DDR_CKEA0,DDR_DQA13,A_ADDRESS_COMMAND,A_BYTE1,L8,all_inner_layer_traces,track:DDR_CKEA0:L8:670:0,track:DDR_DQA13:L8:693:0,2.0554804791,1.9538804791,False,3,0.1195,0.3585,False,False,False,
DDR_CKEA0,DDR_DQA14,A_ADDRESS_COMMAND,A_BYTE1,L8,actual_interconnect_only,track:DDR_CKEA0:L8:670:0,track:DDR_DQA14:L8:683:3,2.5082442191,2.4066442191,False,3,0.1195,0.3585,False,False,False,
DDR_CKEA0,DDR_DQA14,A_ADDRESS_COMMAND,A_BYTE1,L8,all_inner_layer_traces,track:DDR_CKEA0:L8:670:0,track:DDR_DQA14:L8:683:3,2.5082442191,2.4066442191,False,3,0.1195,0.3585,False,False,False,
DDR_CKEA0,DDR_DQA15,A_ADDRESS_COMMAND,A_BYTE1,L8,actual_interconnect_only,track:DDR_CKEA0:L8:670:42,track:DDR_DQA15:L8:698:17,1.301216378,1.199616378,False,3,0.1195,0.3585,False,False,False,
DDR_CKEA0,DDR_DQA15,A_ADDRESS_COMMAND,A_BYTE1,L8,all_inner_layer_traces,track:DDR_CKEA0:L8:670:42,track:DDR_DQA15:L8:698:17,1.301216378,1.199616378,False,3,0.1195,0.3585,False,False,False,
DDR_CKEA0,DDR_DQA3,A_ADDRESS_COMMAND,A_BYTE0,L8,actual_interconnect_only,track:DDR_CKEA0:L8:670:22,track:DDR_DQA3:L8:649:7,0.2298097039,0.1282097039,False,3,0.1195,0.3585,True,True,True,
DDR_CKEA0,DDR_DQA3,A_ADDRESS_COMMAND,A_BYTE0,L8,all_inner_layer_traces,track:DDR_CKEA0:L8:670:22,track:DDR_DQA3:L8:649:7,0.2298097039,0.1282097039,False,3,0.1195,0.3585,True,True,True,
DDR_CKEA0,DDR_DQA7,A_ADDRESS_COMMAND,A_BYTE0,L8,actual_interconnect_only,track:DDR_CKEA0:L8:670:42,track:DDR_DQA7:L8:669:4,0.73125,0.62965,False,3,0.1195,0.3585,False,False,False,
DDR_CKEA0,DDR_DQA7,A_ADDRESS_COMMAND,A_BYTE0,L8,all_inner_layer_traces,track:DDR_CKEA0:L8:670:42,track:DDR_DQA7:L8:669:4,0.73125,0.62965,False,3,0.1195,0.3585,False,False,False,
DDR_CKEA0,DDR_DQA9,A_ADDRESS_COMMAND,A_BYTE1,L8,actual_interconnect_only,track:DDR_CKEA0:L8:670:5,track:DDR_DQA9:L8:686:0,1.8950593658,1.7934593658,False,3,0.1195,0.3585,False,False,False,
DDR_CKEA0,DDR_DQA9,A_ADDRESS_COMMAND,A_BYTE1,L8,all_inner_layer_traces,track:DDR_CKEA0:L8:670:5,track:DDR_DQA9:L8:686:0,1.8950593658,1.7934593658,False,3,0.1195,0.3585,False,False,False,
DDR_CKEA0,DDR_DQB0,A_ADDRESS_COMMAND,B_BYTE0,L8,actual_interconnect_only,track:DDR_CKEA0:L8:670:2,track:DDR_DQB0:L8:653:0,7.5106824965,7.4090824965,False,3,0.1195,0.3585,False,False,False,
DDR_CKEA0,DDR_DQB0,A_ADDRESS_COMMAND,B_BYTE0,L8,all_inner_layer_traces,track:DDR_CKEA0:L8:670:2,track:DDR_DQB0:L8:653:0,7.5106824965,7.4090824965,False,3,0.1195,0.3585,False,False,False,
DDR_CKEA0,DDR_DQB1,A_ADDRESS_COMMAND,B_BYTE0,L8,actual_interconnect_only,track:DDR_CKEA0:L8:670:85,track:DDR_DQB1:L8:662:17,7.25,7.1484,False,3,0.1195,0.3585,False,False,False,
DDR_CKEA0,DDR_DQB1,A_ADDRESS_COMMAND,B_BYTE0,L8,all_inner_layer_traces,track:DDR_CKEA0:L8:670:85,track:DDR_DQB1:L8:662:17,7.25,7.1484,False,3,0.1195,0.3585,False,False,False,
DDR_CKEA0,DDR_DQB11,A_ADDRESS_COMMAND,B_BYTE1,L8,actual_interconnect_only,track:DDR_CKEA0:L8:670:85,track:DDR_DQB11:L8:694:54,3.7055701316,3.6039701316,False,3,0.1195,0.3585,False,False,False,
DDR_CKEA0,DDR_DQB11,A_ADDRESS_COMMAND,B_BYTE1,L8,all_inner_layer_traces,track:DDR_CKEA0:L8:670:85,track:DDR_DQB11:L8:694:54,3.7055701316,3.6039701316,False,3,0.1195,0.3585,False,False,False,
DDR_CKEA0,DDR_DQB3,A_ADDRESS_COMMAND,B_BYTE0,L8,actual_interconnect_only,track:DDR_CKEA0:L8:670:85,track:DDR_DQB3:L8:646:28,5.3366656257,5.2350656257,False,3,0.1195,0.3585,False,False,False,
DDR_CKEA0,DDR_DQB3,A_ADDRESS_COMMAND,B_BYTE0,L8,all_inner_layer_traces,track:DDR_CKEA0:L8:670:85,track:DDR_DQB3:L8:646:28,5.3366656257,5.2350656257,False,3,0.1195,0.3585,False,False,False,
DDR_CKEA0,DDR_DQB5,A_ADDRESS_COMMAND,B_BYTE0,L8,actual_interconnect_only,track:DDR_CKEA0:L8:670:85,track:DDR_DQB5:L8:665:39,4.9715440258,4.8699440258,False,3,0.1195,0.3585,False,False,False,
DDR_CKEA0,DDR_DQB5,A_ADDRESS_COMMAND,B_BYTE0,L8,all_inner_layer_traces,track:DDR_CKEA0:L8:670:85,track:DDR_DQB5:L8:665:39,4.9715440258,4.8699440258,False,3,0.1195,0.3585,False,False,False,
DDR_CKEA0,DDR_DQB6,A_ADDRESS_COMMAND,B_BYTE0,L8,actual_interconnect_only,track:DDR_CKEA0:L8:670:1,track:DDR_DQB6:L8:664:0,6.175,6.0734,False,3,0.1195,0.3585,False,False,False,
DDR_CKEA0,DDR_DQB6,A_ADDRESS_COMMAND,B_BYTE0,L8,all_inner_layer_traces,track:DDR_CKEA0:L8:670:1,track:DDR_DQB6:L8:664:0,6.175,6.0734,False,3,0.1195,0.3585,False,False,False,
DDR_CKEA0,DDR_DQB7,A_ADDRESS_COMMAND,B_BYTE0,L8,actual_interconnect_only,track:DDR_CKEA0:L8:670:1,track:DDR_DQB7:L8:660:0,6.8327337135,6.7311337135,False,3,0.1195,0.3585,False,False,False,
DDR_CKEA0,DDR_DQB7,A_ADDRESS_COMMAND,B_BYTE0,L8,all_inner_layer_traces,track:DDR_CKEA0:L8:670:1,track:DDR_DQB7:L8:660:0,6.8327337135,6.7311337135,False,3,0.1195,0.3585,False,False,False,
DDR_CKEA0,DDR_DQSA1_N,A_ADDRESS_COMMAND,A_BYTE1,L8,actual_interconnect_only,track:DDR_CKEA0:L8:670:42,track:DDR_DQSA1_N:L8:687:5,0.975,0.8734,False,3,0.1195,0.3585,False,False,False,
DDR_CKEA0,DDR_DQSA1_N,A_ADDRESS_COMMAND,A_BYTE1,L8,all_inner_layer_traces,track:DDR_CKEA0:L8:670:42,track:DDR_DQSA1_N:L8:687:5,0.975,0.8734,False,3,0.1195,0.3585,False,False,False,
DDR_CKEA0,DDR_DQSA1_P,A_ADDRESS_COMMAND,A_BYTE1,L8,actual_interconnect_only,track:DDR_CKEA0:L8:670:42,track:DDR_DQSA1_P:L8:710:10,1.86875,1.76715,False,3,0.1195,0.3585,False,False,False,
DDR_CKEA0,DDR_DQSA1_P,A_ADDRESS_COMMAND,A_BYTE1,L8,all_inner_layer_traces,track:DDR_CKEA0:L8:670:42,track:DDR_DQSA1_P:L8:710:10,1.86875,1.76715,False,3,0.1195,0.3585,False,False,False,
DDR_CKEB0,DDR_CSB0,B_ADDRESS_COMMAND,B_ADDRESS_COMMAND,L8,actual_interconnect_only,track:DDR_CKEB0:L8:672:13,track:DDR_CSB0:L8:677:13,0.216956937,0.115356937,False,3,0.1195,0.3585,True,True,True,
DDR_CKEB0,DDR_CSB0,B_ADDRESS_COMMAND,B_ADDRESS_COMMAND,L8,all_inner_layer_traces,track:DDR_CKEB0:L8:672:13,track:DDR_CSB0:L8:677:13,0.216956937,0.115356937,False,3,0.1195,0.3585,True,True,True,
DDR_CKEB0,DDR_DMIA1,B_ADDRESS_COMMAND,A_BYTE1,L8,actual_interconnect_only,track:DDR_CKEB0:L8:672:9,track:DDR_DMIA1:L8:675:0,2.275,2.1734,False,3,0.1195,0.3585,False,False,False,
DDR_CKEB0,DDR_DMIA1,B_ADDRESS_COMMAND,A_BYTE1,L8,all_inner_layer_traces,track:DDR_CKEB0:L8:672:9,track:DDR_DMIA1:L8:675:0,2.275,2.1734,False,3,0.1195,0.3585,False,False,False,
DDR_CKEB0,DDR_DMIB0,B_ADDRESS_COMMAND,B_BYTE0,L8,actual_interconnect_only,track:DDR_CKEB0:L8:672:2,track:DDR_DMIB0:L8:654:8,1.95,1.8484,False,3,0.1195,0.3585,False,False,False,
DDR_CKEB0,DDR_DMIB0,B_ADDRESS_COMMAND,B_BYTE0,L8,all_inner_layer_traces,track:DDR_CKEB0:L8:672:2,track:DDR_DMIB0:L8:654:8,1.95,1.8484,False,3,0.1195,0.3585,False,False,False,
DDR_CKEB0,DDR_DMIB1,B_ADDRESS_COMMAND,B_BYTE1,L8,actual_interconnect_only,track:DDR_CKEB0:L8:672:2,track:DDR_DMIB1:L8:684:0,2.2807961877,2.1791961877,False,3,0.1195,0.3585,False,False,False,
DDR_CKEB0,DDR_DMIB1,B_ADDRESS_COMMAND,B_BYTE1,L8,all_inner_layer_traces,track:DDR_CKEB0:L8:672:2,track:DDR_DMIB1:L8:684:0,2.2807961877,2.1791961877,False,3,0.1195,0.3585,False,False,False,
DDR_CKEB0,DDR_DQA10,B_ADDRESS_COMMAND,A_BYTE1,L8,actual_interconnect_only,track:DDR_CKEB0:L8:672:8,track:DDR_DQA10:L8:678:3,1.95,1.8484,False,3,0.1195,0.3585,False,False,False,
DDR_CKEB0,DDR_DQA10,B_ADDRESS_COMMAND,A_BYTE1,L8,all_inner_layer_traces,track:DDR_CKEB0:L8:672:8,track:DDR_DQA10:L8:678:3,1.95,1.8484,False,3,0.1195,0.3585,False,False,False,
DDR_CKEB0,DDR_DQA11,B_ADDRESS_COMMAND,A_BYTE1,L8,actual_interconnect_only,track:DDR_CKEB0:L8:672:9,track:DDR_DQA11:L8:705:9,2.6,2.4984,False,3,0.1195,0.3585,False,False,False,
DDR_CKEB0,DDR_DQA11,B_ADDRESS_COMMAND,A_BYTE1,L8,all_inner_layer_traces,track:DDR_CKEB0:L8:672:9,track:DDR_DQA11:L8:705:9,2.6,2.4984,False,3,0.1195,0.3585,False,False,False,
DDR_CKEB0,DDR_DQA12,B_ADDRESS_COMMAND,A_BYTE1,L8,actual_interconnect_only,track:DDR_CKEB0:L8:672:14,track:DDR_DQA12:L8:688:10,1.05625,0.95465,False,3,0.1195,0.3585,False,False,False,
DDR_CKEB0,DDR_DQA12,B_ADDRESS_COMMAND,A_BYTE1,L8,all_inner_layer_traces,track:DDR_CKEB0:L8:672:14,track:DDR_DQA12:L8:688:10,1.05625,0.95465,False,3,0.1195,0.3585,False,False,False,
DDR_CKEB0,DDR_DQA13,B_ADDRESS_COMMAND,A_BYTE1,L8,actual_interconnect_only,track:DDR_CKEB0:L8:672:14,track:DDR_DQA13:L8:693:12,1.70625,1.60465,False,3,0.1195,0.3585,False,False,False,
DDR_CKEB0,DDR_DQA13,B_ADDRESS_COMMAND,A_BYTE1,L8,all_inner_layer_traces,track:DDR_CKEB0:L8:672:14,track:DDR_DQA13:L8:693:12,1.70625,1.60465,False,3,0.1195,0.3585,False,False,False,
DDR_CKEB0,DDR_DQA14,B_ADDRESS_COMMAND,A_BYTE1,L8,actual_interconnect_only,track:DDR_CKEB0:L8:672:14,track:DDR_DQA14:L8:683:4,3.65625,3.55465,False,3,0.1195,0.3585,False,False,False,
DDR_CKEB0,DDR_DQA14,B_ADDRESS_COMMAND,A_BYTE1,L8,all_inner_layer_traces,track:DDR_CKEB0:L8:672:14,track:DDR_DQA14:L8:683:4,3.65625,3.55465,False,3,0.1195,0.3585,False,False,False,
DDR_CKEB0,DDR_DQA15,B_ADDRESS_COMMAND,A_BYTE1,L8,actual_interconnect_only,track:DDR_CKEB0:L8:672:9,track:DDR_DQA15:L8:698:1,4.14375,4.04215,False,3,0.1195,0.3585,False,False,False,
DDR_CKEB0,DDR_DQA15,B_ADDRESS_COMMAND,A_BYTE1,L8,all_inner_layer_traces,track:DDR_CKEB0:L8:672:9,track:DDR_DQA15:L8:698:1,4.14375,4.04215,False,3,0.1195,0.3585,False,False,False,
DDR_CKEB0,DDR_DQA3,B_ADDRESS_COMMAND,A_BYTE0,L8,actual_interconnect_only,track:DDR_CKEB0:L8:672:8,track:DDR_DQA3:L8:649:1,3.2863591176,3.1847591176,False,3,0.1195,0.3585,False,False,False,
DDR_CKEB0,DDR_DQA3,B_ADDRESS_COMMAND,A_BYTE0,L8,all_inner_layer_traces,track:DDR_CKEB0:L8:672:8,track:DDR_DQA3:L8:649:1,3.2863591176,3.1847591176,False,3,0.1195,0.3585,False,False,False,
DDR_CKEB0,DDR_DQA7,B_ADDRESS_COMMAND,A_BYTE0,L8,actual_interconnect_only,track:DDR_CKEB0:L8:672:9,track:DDR_DQA7:L8:669:0,6.175,6.0734,False,3,0.1195,0.3585,False,False,False,
DDR_CKEB0,DDR_DQA7,B_ADDRESS_COMMAND,A_BYTE0,L8,all_inner_layer_traces,track:DDR_CKEB0:L8:672:9,track:DDR_DQA7:L8:669:0,6.175,6.0734,False,3,0.1195,0.3585,False,False,False,
DDR_CKEB0,DDR_DQA9,B_ADDRESS_COMMAND,A_BYTE1,L8,actual_interconnect_only,track:DDR_CKEB0:L8:672:9,track:DDR_DQA9:L8:686:0,3.575,3.4734,False,3,0.1195,0.3585,False,False,False,
DDR_CKEB0,DDR_DQA9,B_ADDRESS_COMMAND,A_BYTE1,L8,all_inner_layer_traces,track:DDR_CKEB0:L8:672:9,track:DDR_DQA9:L8:686:0,3.575,3.4734,False,3,0.1195,0.3585,False,False,False,
DDR_CKEB0,DDR_DQB0,B_ADDRESS_COMMAND,B_BYTE0,L8,actual_interconnect_only,track:DDR_CKEB0:L8:672:3,track:DDR_DQB0:L8:653:0,4.4450507941,4.3434507941,False,3,0.1195,0.3585,False,False,False,
DDR_CKEB0,DDR_DQB0,B_ADDRESS_COMMAND,B_BYTE0,L8,all_inner_layer_traces,track:DDR_CKEB0:L8:672:3,track:DDR_DQB0:L8:653:0,4.4450507941,4.3434507941,False,3,0.1195,0.3585,False,False,False,
DDR_CKEB0,DDR_DQB1,B_ADDRESS_COMMAND,B_BYTE0,L8,actual_interconnect_only,track:DDR_CKEB0:L8:672:24,track:DDR_DQB1:L8:662:17,4.2154477817,4.1138477817,False,3,0.1195,0.3585,False,False,False,
DDR_CKEB0,DDR_DQB1,B_ADDRESS_COMMAND,B_BYTE0,L8,all_inner_layer_traces,track:DDR_CKEB0:L8:672:24,track:DDR_DQB1:L8:662:17,4.2154477817,4.1138477817,False,3,0.1195,0.3585,False,False,False,
DDR_CKEB0,DDR_DQB11,B_ADDRESS_COMMAND,B_BYTE1,L8,actual_interconnect_only,track:DDR_CKEB0:L8:672:24,track:DDR_DQB11:L8:694:60,1.1256248265,1.0240248265,False,3,0.1195,0.3585,False,False,False,
DDR_CKEB0,DDR_DQB11,B_ADDRESS_COMMAND,B_BYTE1,L8,all_inner_layer_traces,track:DDR_CKEB0:L8:672:24,track:DDR_DQB11:L8:694:60,1.1256248265,1.0240248265,False,3,0.1195,0.3585,False,False,False,
DDR_CKEB0,DDR_DQB3,B_ADDRESS_COMMAND,B_BYTE0,L8,actual_interconnect_only,track:DDR_CKEB0:L8:672:24,track:DDR_DQB3:L8:646:28,2.5223996511,2.4207996511,False,3,0.1195,0.3585,False,False,False,
DDR_CKEB0,DDR_DQB3,B_ADDRESS_COMMAND,B_BYTE0,L8,all_inner_layer_traces,track:DDR_CKEB0:L8:672:24,track:DDR_DQB3:L8:646:28,2.5223996511,2.4207996511,False,3,0.1195,0.3585,False,False,False,
DDR_CKEB0,DDR_DQB5,B_ADDRESS_COMMAND,B_BYTE0,L8,actual_interconnect_only,track:DDR_CKEB0:L8:672:24,track:DDR_DQB5:L8:665:39,2.1286732957,2.0270732957,False,3,0.1195,0.3585,False,False,False,
DDR_CKEB0,DDR_DQB5,B_ADDRESS_COMMAND,B_BYTE0,L8,all_inner_layer_traces,track:DDR_CKEB0:L8:672:24,track:DDR_DQB5:L8:665:39,2.1286732957,2.0270732957,False,3,0.1195,0.3585,False,False,False,
DDR_CKEB0,DDR_DQB6,B_ADDRESS_COMMAND,B_BYTE0,L8,actual_interconnect_only,track:DDR_CKEB0:L8:672:3,track:DDR_DQB6:L8:664:0,2.9261282546,2.8245282546,False,3,0.1195,0.3585,False,False,False,
DDR_CKEB0,DDR_DQB6,B_ADDRESS_COMMAND,B_BYTE0,L8,all_inner_layer_traces,track:DDR_CKEB0:L8:672:3,track:DDR_DQB6:L8:664:0,2.9261282546,2.8245282546,False,3,0.1195,0.3585,False,False,False,
DDR_CKEB0,DDR_DQB7,B_ADDRESS_COMMAND,B_BYTE0,L8,actual_interconnect_only,track:DDR_CKEB0:L8:672:3,track:DDR_DQB7:L8:660:0,3.575,3.4734,False,3,0.1195,0.3585,False,False,False,
DDR_CKEB0,DDR_DQB7,B_ADDRESS_COMMAND,B_BYTE0,L8,all_inner_layer_traces,track:DDR_CKEB0:L8:672:3,track:DDR_DQB7:L8:660:0,3.575,3.4734,False,3,0.1195,0.3585,False,False,False,
DDR_CKEB0,DDR_DQSA1_N,B_ADDRESS_COMMAND,A_BYTE1,L8,actual_interconnect_only,track:DDR_CKEB0:L8:672:15,track:DDR_DQSA1_N:L8:687:29,4.63125,4.52965,False,3,0.1195,0.3585,False,False,False,
DDR_CKEB0,DDR_DQSA1_N,B_ADDRESS_COMMAND,A_BYTE1,L8,all_inner_layer_traces,track:DDR_CKEB0:L8:672:15,track:DDR_DQSA1_N:L8:687:29,4.63125,4.52965,False,3,0.1195,0.3585,False,False,False,
DDR_CKEB0,DDR_DQSA1_P,B_ADDRESS_COMMAND,A_BYTE1,L8,actual_interconnect_only,track:DDR_CKEB0:L8:672:9,track:DDR_DQSA1_P:L8:710:0,4.875,4.7734,False,3,0.1195,0.3585,False,False,False,
DDR_CKEB0,DDR_DQSA1_P,B_ADDRESS_COMMAND,A_BYTE1,L8,all_inner_layer_traces,track:DDR_CKEB0:L8:672:9,track:DDR_DQSA1_P:L8:710:0,4.875,4.7734,False,3,0.1195,0.3585,False,False,False,
DDR_CLKA_N,DDR_CLKA_P,A_ADDRESS_COMMAND,A_ADDRESS_COMMAND,L3,actual_interconnect_only,track:DDR_CLKA_N:L3:680:0,track:DDR_CLKA_P:L3:676:0,0.65,0.5484,True,,0.13,,,,,False
DDR_CLKA_N,DDR_CLKA_P,A_ADDRESS_COMMAND,A_ADDRESS_COMMAND,L3,all_inner_layer_traces,track:DDR_CLKA_N:L3:680:0,track:DDR_CLKA_P:L3:676:0,0.65,0.5484,True,,0.13,,,,,False
DDR_CLKA_N,DDR_CLKB_N,A_ADDRESS_COMMAND,B_ADDRESS_COMMAND,L3,actual_interconnect_only,track:DDR_CLKA_N:L3:680:17,track:DDR_CLKB_N:L3:701:13,3.25,3.1484,False,3,0.13,0.39,False,False,False,
DDR_CLKA_N,DDR_CLKB_N,A_ADDRESS_COMMAND,B_ADDRESS_COMMAND,L3,all_inner_layer_traces,track:DDR_CLKA_N:L3:680:17,track:DDR_CLKB_N:L3:701:13,3.25,3.1484,False,3,0.13,0.39,False,False,False,
DDR_CLKA_N,DDR_CLKB_P,A_ADDRESS_COMMAND,B_ADDRESS_COMMAND,L3,actual_interconnect_only,track:DDR_CLKA_N:L3:680:17,track:DDR_CLKB_P:L3:700:11,2.925,2.8234,False,3,0.13,0.39,False,False,False,
DDR_CLKA_N,DDR_CLKB_P,A_ADDRESS_COMMAND,B_ADDRESS_COMMAND,L3,all_inner_layer_traces,track:DDR_CLKA_N:L3:680:17,track:DDR_CLKB_P:L3:700:11,2.925,2.8234,False,3,0.13,0.39,False,False,False,
DDR_CLKA_N,DDR_CSA0,A_ADDRESS_COMMAND,A_ADDRESS_COMMAND,L3,actual_interconnect_only,track:DDR_CLKA_N:L3:680:11,track:DDR_CSA0:L3:679:4,0.65,0.5484,False,3,0.13,0.39,False,False,False,
DDR_CLKA_N,DDR_CSA0,A_ADDRESS_COMMAND,A_ADDRESS_COMMAND,L3,all_inner_layer_traces,track:DDR_CLKA_N:L3:680:11,track:DDR_CSA0:L3:679:4,0.65,0.5484,False,3,0.13,0.39,False,False,False,
DDR_CLKA_N,DDR_DMIA0,A_ADDRESS_COMMAND,A_BYTE0,L3,actual_interconnect_only,track:DDR_CLKA_N:L3:680:0,track:DDR_DMIA0:L3:661:0,2.7577164466,2.6561164466,False,3,0.13,0.39,False,False,False,
DDR_CLKA_N,DDR_DMIA0,A_ADDRESS_COMMAND,A_BYTE0,L3,all_inner_layer_traces,track:DDR_CLKA_N:L3:680:0,track:DDR_DMIA0:L3:661:0,2.7577164466,2.6561164466,False,3,0.13,0.39,False,False,False,
DDR_CLKA_N,DDR_DQA0,A_ADDRESS_COMMAND,A_BYTE0,L3,actual_interconnect_only,track:DDR_CLKA_N:L3:680:0,track:DDR_DQA0:L3:648:5,4.0625,3.9609,False,3,0.13,0.39,False,False,False,
DDR_CLKA_N,DDR_DQA0,A_ADDRESS_COMMAND,A_BYTE0,L3,all_inner_layer_traces,track:DDR_CLKA_N:L3:680:0,track:DDR_DQA0:L3:648:5,4.0625,3.9609,False,3,0.13,0.39,False,False,False,
DDR_CLKA_N,DDR_DQA1,A_ADDRESS_COMMAND,A_BYTE0,L3,actual_interconnect_only,track:DDR_CLKA_N:L3:680:0,track:DDR_DQA1:L3:658:8,0.975,0.8734,False,3,0.13,0.39,False,False,False,
DDR_CLKA_N,DDR_DQA1,A_ADDRESS_COMMAND,A_BYTE0,L3,all_inner_layer_traces,track:DDR_CLKA_N:L3:680:0,track:DDR_DQA1:L3:658:8,0.975,0.8734,False,3,0.13,0.39,False,False,False,
DDR_CLKA_N,DDR_DQA2,A_ADDRESS_COMMAND,A_BYTE0,L3,actual_interconnect_only,track:DDR_CLKA_N:L3:680:0,track:DDR_DQA2:L3:668:0,2.3436083291,2.2420083291,False,3,0.13,0.39,False,False,False,
DDR_CLKA_N,DDR_DQA2,A_ADDRESS_COMMAND,A_BYTE0,L3,all_inner_layer_traces,track:DDR_CLKA_N:L3:680:0,track:DDR_DQA2:L3:668:0,2.3436083291,2.2420083291,False,3,0.13,0.39,False,False,False,
DDR_CLKA_N,DDR_DQA4,A_ADDRESS_COMMAND,A_BYTE0,L3,actual_interconnect_only,track:DDR_CLKA_N:L3:680:0,track:DDR_DQA4:L3:659:0,2.9068883707,2.8052883707,False,3,0.13,0.39,False,False,False,
DDR_CLKA_N,DDR_DQA4,A_ADDRESS_COMMAND,A_BYTE0,L3,all_inner_layer_traces,track:DDR_CLKA_N:L3:680:0,track:DDR_DQA4:L3:659:0,2.9068883707,2.8052883707,False,3,0.13,0.39,False,False,False,
DDR_CLKA_N,DDR_DQA5,A_ADDRESS_COMMAND,A_BYTE0,L3,actual_interconnect_only,track:DDR_CLKA_N:L3:680:0,track:DDR_DQA5:L3:667:4,1.625,1.5234,False,3,0.13,0.39,False,False,False,
DDR_CLKA_N,DDR_DQA5,A_ADDRESS_COMMAND,A_BYTE0,L3,all_inner_layer_traces,track:DDR_CLKA_N:L3:680:0,track:DDR_DQA5:L3:667:4,1.625,1.5234,False,3,0.13,0.39,False,False,False,
DDR_CLKA_N,DDR_DQA6,A_ADDRESS_COMMAND,A_BYTE0,L3,actual_interconnect_only,track:DDR_CLKA_N:L3:680:0,track:DDR_DQA6:L3:674:4,2.275,2.1734,False,3,0.13,0.39,False,False,False,
DDR_CLKA_N,DDR_DQA6,A_ADDRESS_COMMAND,A_BYTE0,L3,all_inner_layer_traces,track:DDR_CLKA_N:L3:680:0,track:DDR_DQA6:L3:674:4,2.275,2.1734,False,3,0.13,0.39,False,False,False,
DDR_CLKA_N,DDR_DQA8,A_ADDRESS_COMMAND,A_BYTE1,L3,actual_interconnect_only,track:DDR_CLKA_N:L3:680:0,track:DDR_DQA8:L3:708:0,2.6614801451,2.5598801451,False,3,0.13,0.39,False,False,False,
DDR_CLKA_N,DDR_DQA8,A_ADDRESS_COMMAND,A_BYTE1,L3,all_inner_layer_traces,track:DDR_CLKA_N:L3:680:0,track:DDR_DQA8:L3:708:0,2.6614801451,2.5598801451,False,3,0.13,0.39,False,False,False,
DDR_CLKA_N,DDR_DQB10,A_ADDRESS_COMMAND,B_BYTE1,L3,actual_interconnect_only,track:DDR_CLKA_N:L3:680:17,track:DDR_DQB10:L3:703:5,6.0648577889,5.9632577889,False,3,0.13,0.39,False,False,False,
DDR_CLKA_N,DDR_DQB10,A_ADDRESS_COMMAND,B_BYTE1,L3,all_inner_layer_traces,track:DDR_CLKA_N:L3:680:17,track:DDR_DQB10:L3:703:5,6.0648577889,5.9632577889,False,3,0.13,0.39,False,False,False,
DDR_CLKA_N,DDR_DQB12,A_ADDRESS_COMMAND,B_BYTE1,L3,actual_interconnect_only,track:DDR_CLKA_N:L3:680:17,track:DDR_DQB12:L3:691:7,5.2,5.0984,False,3,0.13,0.39,False,False,False,
DDR_CLKA_N,DDR_DQB12,A_ADDRESS_COMMAND,B_BYTE1,L3,all_inner_layer_traces,track:DDR_CLKA_N:L3:680:17,track:DDR_DQB12:L3:691:7,5.2,5.0984,False,3,0.13,0.39,False,False,False,
DDR_CLKA_N,DDR_DQB13,A_ADDRESS_COMMAND,B_BYTE1,L3,actual_interconnect_only,track:DDR_CLKA_N:L3:680:17,track:DDR_DQB13:L3:673:31,5.85,5.7484,False,3,0.13,0.39,False,False,False,
DDR_CLKA_N,DDR_DQB13,A_ADDRESS_COMMAND,B_BYTE1,L3,all_inner_layer_traces,track:DDR_CLKA_N:L3:680:17,track:DDR_DQB13:L3:673:31,5.85,5.7484,False,3,0.13,0.39,False,False,False,
DDR_CLKA_N,DDR_DQB14,A_ADDRESS_COMMAND,B_BYTE1,L3,actual_interconnect_only,track:DDR_CLKA_N:L3:680:17,track:DDR_DQB14:L3:681:9,7.15,7.0484,False,3,0.13,0.39,False,False,False,
DDR_CLKA_N,DDR_DQB14,A_ADDRESS_COMMAND,B_BYTE1,L3,all_inner_layer_traces,track:DDR_CLKA_N:L3:680:17,track:DDR_DQB14:L3:681:9,7.15,7.0484,False,3,0.13,0.39,False,False,False,
DDR_CLKA_N,DDR_DQB15,A_ADDRESS_COMMAND,B_BYTE1,L3,actual_interconnect_only,track:DDR_CLKA_N:L3:680:17,track:DDR_DQB15:L3:692:5,7.8,7.6984,False,3,0.13,0.39,False,False,False,
DDR_CLKA_N,DDR_DQB15,A_ADDRESS_COMMAND,B_BYTE1,L3,all_inner_layer_traces,track:DDR_CLKA_N:L3:680:17,track:DDR_DQB15:L3:692:5,7.8,7.6984,False,3,0.13,0.39,False,False,False,
DDR_CLKA_N,DDR_DQB2,A_ADDRESS_COMMAND,B_BYTE0,L3,actual_interconnect_only,track:DDR_CLKA_N:L3:680:17,track:DDR_DQB2:L3:655:85,5.1458265857,5.0442265857,False,3,0.13,0.39,False,False,False,
DDR_CLKA_N,DDR_DQB2,A_ADDRESS_COMMAND,B_BYTE0,L3,all_inner_layer_traces,track:DDR_CLKA_N:L3:680:17,track:DDR_DQB2:L3:655:85,5.1458265857,5.0442265857,False,3,0.13,0.39,False,False,False,
DDR_CLKA_N,DDR_DQB4,A_ADDRESS_COMMAND,B_BYTE0,L3,actual_interconnect_only,track:DDR_CLKA_N:L3:680:17,track:DDR_DQB4:L3:663:101,4.6270434675,4.5254434675,False,3,0.13,0.39,False,False,False,
DDR_CLKA_N,DDR_DQB4,A_ADDRESS_COMMAND,B_BYTE0,L3,all_inner_layer_traces,track:DDR_CLKA_N:L3:680:17,track:DDR_DQB4:L3:663:101,4.6270434675,4.5254434675,False,3,0.13,0.39,False,False,False,
DDR_CLKA_N,DDR_DQB8,A_ADDRESS_COMMAND,B_BYTE1,L3,actual_interconnect_only,track:DDR_CLKA_N:L3:680:1,track:DDR_DQB8:L3:706:2,7.820708188,7.719108188,False,3,0.13,0.39,False,False,False,
DDR_CLKA_N,DDR_DQB8,A_ADDRESS_COMMAND,B_BYTE1,L3,all_inner_layer_traces,track:DDR_CLKA_N:L3:680:1,track:DDR_DQB8:L3:706:2,7.820708188,7.719108188,False,3,0.13,0.39,False,False,False,
DDR_CLKA_N,DDR_DQB9,A_ADDRESS_COMMAND,B_BYTE1,L3,actual_interconnect_only,track:DDR_CLKA_N:L3:680:17,track:DDR_DQB9:L3:704:4,7.1407720171,7.0391720171,False,3,0.13,0.39,False,False,False,
DDR_CLKA_N,DDR_DQB9,A_ADDRESS_COMMAND,B_BYTE1,L3,all_inner_layer_traces,track:DDR_CLKA_N:L3:680:17,track:DDR_DQB9:L3:704:4,7.1407720171,7.0391720171,False,3,0.13,0.39,False,False,False,
DDR_CLKA_N,DDR_DQSA0_N,A_ADDRESS_COMMAND,A_BYTE0,L3,actual_interconnect_only,track:DDR_CLKA_N:L3:680:0,track:DDR_DQSA0_N:L3:657:4,3.575,3.4734,False,3,0.13,0.39,False,False,False,
DDR_CLKA_N,DDR_DQSA0_N,A_ADDRESS_COMMAND,A_BYTE0,L3,all_inner_layer_traces,track:DDR_CLKA_N:L3:680:0,track:DDR_DQSA0_N:L3:657:4,3.575,3.4734,False,3,0.13,0.39,False,False,False,
DDR_CLKA_N,DDR_DQSA0_P,A_ADDRESS_COMMAND,A_BYTE0,L3,actual_interconnect_only,track:DDR_CLKA_N:L3:680:0,track:DDR_DQSA0_P:L3:652:1,3.2173358544,3.1157358544,False,3,0.13,0.39,False,False,False,
DDR_CLKA_N,DDR_DQSA0_P,A_ADDRESS_COMMAND,A_BYTE0,L3,all_inner_layer_traces,track:DDR_CLKA_N:L3:680:0,track:DDR_DQSA0_P:L3:652:1,3.2173358544,3.1157358544,False,3,0.13,0.39,False,False,False,
DDR_CLKA_N,DDR_DQSB0_N,A_ADDRESS_COMMAND,B_BYTE0,L3,actual_interconnect_only,track:DDR_CLKA_N:L3:680:17,track:DDR_DQSB0_N:L3:650:44,6.1504573001,6.0488573001,False,3,0.13,0.39,False,False,False,
DDR_CLKA_N,DDR_DQSB0_N,A_ADDRESS_COMMAND,B_BYTE0,L3,all_inner_layer_traces,track:DDR_CLKA_N:L3:680:17,track:DDR_DQSB0_N:L3:650:44,6.1504573001,6.0488573001,False,3,0.13,0.39,False,False,False,
DDR_CLKA_N,DDR_DQSB0_P,A_ADDRESS_COMMAND,B_BYTE0,L3,actual_interconnect_only,track:DDR_CLKA_N:L3:680:17,track:DDR_DQSB0_P:L3:651:67,5.6491702931,5.5475702931,False,3,0.13,0.39,False,False,False,
DDR_CLKA_N,DDR_DQSB0_P,A_ADDRESS_COMMAND,B_BYTE0,L3,all_inner_layer_traces,track:DDR_CLKA_N:L3:680:17,track:DDR_DQSB0_P:L3:651:67,5.6491702931,5.5475702931,False,3,0.13,0.39,False,False,False,
DDR_CLKA_N,DDR_DQSB1_N,A_ADDRESS_COMMAND,B_BYTE1,L3,actual_interconnect_only,track:DDR_CLKA_N:L3:680:17,track:DDR_DQSB1_N:L3:697:37,4.875,4.7734,False,3,0.13,0.39,False,False,False,
DDR_CLKA_N,DDR_DQSB1_N,A_ADDRESS_COMMAND,B_BYTE1,L3,all_inner_layer_traces,track:DDR_CLKA_N:L3:680:17,track:DDR_DQSB1_N:L3:697:37,4.875,4.7734,False,3,0.13,0.39,False,False,False,
DDR_CLKA_N,DDR_DQSB1_P,A_ADDRESS_COMMAND,B_BYTE1,L3,actual_interconnect_only,track:DDR_CLKA_N:L3:680:17,track:DDR_DQSB1_P:L3:690:13,6.5173326599,6.4157326599,False,3,0.13,0.39,False,False,False,
DDR_CLKA_N,DDR_DQSB1_P,A_ADDRESS_COMMAND,B_BYTE1,L3,all_inner_layer_traces,track:DDR_CLKA_N:L3:680:17,track:DDR_DQSB1_P:L3:690:13,6.5173326599,6.4157326599,False,3,0.13,0.39,False,False,False,
DDR_CLKA_P,DDR_CLKB_N,A_ADDRESS_COMMAND,B_ADDRESS_COMMAND,L3,actual_interconnect_only,track:DDR_CLKA_P:L3:676:9,track:DDR_CLKB_N:L3:701:13,1.625,1.5234,False,3,0.13,0.39,False,False,False,
DDR_CLKA_P,DDR_CLKB_N,A_ADDRESS_COMMAND,B_ADDRESS_COMMAND,L3,all_inner_layer_traces,track:DDR_CLKA_P:L3:676:9,track:DDR_CLKB_N:L3:701:13,1.625,1.5234,False,3,0.13,0.39,False,False,False,
DDR_CLKA_P,DDR_CLKB_P,A_ADDRESS_COMMAND,B_ADDRESS_COMMAND,L3,actual_interconnect_only,track:DDR_CLKA_P:L3:676:8,track:DDR_CLKB_P:L3:700:11,1.3,1.1984,False,3,0.13,0.39,False,False,False,
DDR_CLKA_P,DDR_CLKB_P,A_ADDRESS_COMMAND,B_ADDRESS_COMMAND,L3,all_inner_layer_traces,track:DDR_CLKA_P:L3:676:8,track:DDR_CLKB_P:L3:700:11,1.3,1.1984,False,3,0.13,0.39,False,False,False,
DDR_CLKA_P,DDR_CSA0,A_ADDRESS_COMMAND,A_ADDRESS_COMMAND,L3,actual_interconnect_only,track:DDR_CLKA_P:L3:676:0,track:DDR_CSA0:L3:679:0,0.766510967,0.664910967,False,3,0.13,0.39,False,False,False,
DDR_CLKA_P,DDR_CSA0,A_ADDRESS_COMMAND,A_ADDRESS_COMMAND,L3,all_inner_layer_traces,track:DDR_CLKA_P:L3:676:0,track:DDR_CSA0:L3:679:0,0.766510967,0.664910967,False,3,0.13,0.39,False,False,False,
DDR_CLKA_P,DDR_DMIA0,A_ADDRESS_COMMAND,A_BYTE0,L3,actual_interconnect_only,track:DDR_CLKA_P:L3:676:3,track:DDR_DMIA0:L3:661:0,1.6750116604,1.5734116604,False,3,0.13,0.39,False,False,False,
DDR_CLKA_P,DDR_DMIA0,A_ADDRESS_COMMAND,A_BYTE0,L3,all_inner_layer_traces,track:DDR_CLKA_P:L3:676:3,track:DDR_DMIA0:L3:661:0,1.6750116604,1.5734116604,False,3,0.13,0.39,False,False,False,
DDR_CLKA_P,DDR_DQA0,A_ADDRESS_COMMAND,A_BYTE0,L3,actual_interconnect_only,track:DDR_CLKA_P:L3:676:3,track:DDR_DQA0:L3:648:0,3.1098696215,3.0082696215,False,3,0.13,0.39,False,False,False,
DDR_CLKA_P,DDR_DQA0,A_ADDRESS_COMMAND,A_BYTE0,L3,all_inner_layer_traces,track:DDR_CLKA_P:L3:676:3,track:DDR_DQA0:L3:648:0,3.1098696215,3.0082696215,False,3,0.13,0.39,False,False,False,
DDR_CLKA_P,DDR_DQA1,A_ADDRESS_COMMAND,A_BYTE0,L3,actual_interconnect_only,track:DDR_CLKA_P:L3:676:2,track:DDR_DQA1:L3:658:8,0.65,0.5484,False,3,0.13,0.39,False,False,False,
DDR_CLKA_P,DDR_DQA1,A_ADDRESS_COMMAND,A_BYTE0,L3,all_inner_layer_traces,track:DDR_CLKA_P:L3:676:2,track:DDR_DQA1:L3:658:8,0.65,0.5484,False,3,0.13,0.39,False,False,False,
DDR_CLKA_P,DDR_DQA2,A_ADDRESS_COMMAND,A_BYTE0,L3,actual_interconnect_only,track:DDR_CLKA_P:L3:676:3,track:DDR_DQA2:L3:668:1,0.9783795595,0.8767795595,False,3,0.13,0.39,False,False,False,
DDR_CLKA_P,DDR_DQA2,A_ADDRESS_COMMAND,A_BYTE0,L3,all_inner_layer_traces,track:DDR_CLKA_P:L3:676:3,track:DDR_DQA2:L3:668:1,0.9783795595,0.8767795595,False,3,0.13,0.39,False,False,False,
DDR_CLKA_P,DDR_DQA4,A_ADDRESS_COMMAND,A_BYTE0,L3,actual_interconnect_only,track:DDR_CLKA_P:L3:676:3,track:DDR_DQA4:L3:659:0,1.4374592386,1.3358592386,False,3,0.13,0.39,False,False,False,
DDR_CLKA_P,DDR_DQA4,A_ADDRESS_COMMAND,A_BYTE0,L3,all_inner_layer_traces,track:DDR_CLKA_P:L3:676:3,track:DDR_DQA4:L3:659:0,1.4374592386,1.3358592386,False,3,0.13,0.39,False,False,False,
DDR_CLKA_P,DDR_DQA5,A_ADDRESS_COMMAND,A_BYTE0,L3,actual_interconnect_only,track:DDR_CLKA_P:L3:676:2,track:DDR_DQA5:L3:667:3,1.3101168841,1.2085168841,False,3,0.13,0.39,False,False,False,
DDR_CLKA_P,DDR_DQA5,A_ADDRESS_COMMAND,A_BYTE0,L3,all_inner_layer_traces,track:DDR_CLKA_P:L3:676:2,track:DDR_DQA5:L3:667:3,1.3101168841,1.2085168841,False,3,0.13,0.39,False,False,False,
DDR_CLKA_P,DDR_DQA6,A_ADDRESS_COMMAND,A_BYTE0,L3,actual_interconnect_only,track:DDR_CLKA_P:L3:676:2,track:DDR_DQA6:L3:674:3,1.9567591191,1.8551591191,False,3,0.13,0.39,False,False,False,
DDR_CLKA_P,DDR_DQA6,A_ADDRESS_COMMAND,A_BYTE0,L3,all_inner_layer_traces,track:DDR_CLKA_P:L3:676:2,track:DDR_DQA6:L3:674:3,1.9567591191,1.8551591191,False,3,0.13,0.39,False,False,False,
DDR_CLKA_P,DDR_DQA8,A_ADDRESS_COMMAND,A_BYTE1,L3,actual_interconnect_only,track:DDR_CLKA_P:L3:676:2,track:DDR_DQA8:L3:708:0,2.3109876812,2.2093876812,False,3,0.13,0.39,False,False,False,
DDR_CLKA_P,DDR_DQA8,A_ADDRESS_COMMAND,A_BYTE1,L3,all_inner_layer_traces,track:DDR_CLKA_P:L3:676:2,track:DDR_DQA8:L3:708:0,2.3109876812,2.2093876812,False,3,0.13,0.39,False,False,False,
DDR_CLKA_P,DDR_DQB10,A_ADDRESS_COMMAND,B_BYTE1,L3,actual_interconnect_only,track:DDR_CLKA_P:L3:676:9,track:DDR_DQB10:L3:703:5,4.225,4.1234,False,3,0.13,0.39,False,False,False,
DDR_CLKA_P,DDR_DQB10,A_ADDRESS_COMMAND,B_BYTE1,L3,all_inner_layer_traces,track:DDR_CLKA_P:L3:676:9,track:DDR_DQB10:L3:703:5,4.225,4.1234,False,3,0.13,0.39,False,False,False,
DDR_CLKA_P,DDR_DQB12,A_ADDRESS_COMMAND,B_BYTE1,L3,actual_interconnect_only,track:DDR_CLKA_P:L3:676:9,track:DDR_DQB12:L3:691:7,3.575,3.4734,False,3,0.13,0.39,False,False,False,
DDR_CLKA_P,DDR_DQB12,A_ADDRESS_COMMAND,B_BYTE1,L3,all_inner_layer_traces,track:DDR_CLKA_P:L3:676:9,track:DDR_DQB12:L3:691:7,3.575,3.4734,False,3,0.13,0.39,False,False,False,
DDR_CLKA_P,DDR_DQB13,A_ADDRESS_COMMAND,B_BYTE1,L3,actual_interconnect_only,track:DDR_CLKA_P:L3:676:9,track:DDR_DQB13:L3:673:31,4.225,4.1234,False,3,0.13,0.39,False,False,False,
DDR_CLKA_P,DDR_DQB13,A_ADDRESS_COMMAND,B_BYTE1,L3,all_inner_layer_traces,track:DDR_CLKA_P:L3:676:9,track:DDR_DQB13:L3:673:31,4.225,4.1234,False,3,0.13,0.39,False,False,False,
DDR_CLKA_P,DDR_DQB14,A_ADDRESS_COMMAND,B_BYTE1,L3,actual_interconnect_only,track:DDR_CLKA_P:L3:676:9,track:DDR_DQB14:L3:681:0,5.525,5.4234,False,3,0.13,0.39,False,False,False,
DDR_CLKA_P,DDR_DQB14,A_ADDRESS_COMMAND,B_BYTE1,L3,all_inner_layer_traces,track:DDR_CLKA_P:L3:676:9,track:DDR_DQB14:L3:681:0,5.525,5.4234,False,3,0.13,0.39,False,False,False,
DDR_CLKA_P,DDR_DQB15,A_ADDRESS_COMMAND,B_BYTE1,L3,actual_interconnect_only,track:DDR_CLKA_P:L3:676:9,track:DDR_DQB15:L3:692:0,6.175,6.0734,False,3,0.13,0.39,False,False,False,
DDR_CLKA_P,DDR_DQB15,A_ADDRESS_COMMAND,B_BYTE1,L3,all_inner_layer_traces,track:DDR_CLKA_P:L3:676:9,track:DDR_DQB15:L3:692:0,6.175,6.0734,False,3,0.13,0.39,False,False,False,
DDR_CLKA_P,DDR_DQB2,A_ADDRESS_COMMAND,B_BYTE0,L3,actual_interconnect_only,track:DDR_CLKA_P:L3:676:9,track:DDR_DQB2:L3:655:85,3.40184348,3.30024348,False,3,0.13,0.39,False,False,False,
DDR_CLKA_P,DDR_DQB2,A_ADDRESS_COMMAND,B_BYTE0,L3,all_inner_layer_traces,track:DDR_CLKA_P:L3:676:9,track:DDR_DQB2:L3:655:85,3.40184348,3.30024348,False,3,0.13,0.39,False,False,False,
DDR_CLKA_P,DDR_DQB4,A_ADDRESS_COMMAND,B_BYTE0,L3,actual_interconnect_only,track:DDR_CLKA_P:L3:676:9,track:DDR_DQB4:L3:663:103,2.9306369295,2.8290369295,False,3,0.13,0.39,False,False,False,
DDR_CLKA_P,DDR_DQB4,A_ADDRESS_COMMAND,B_BYTE0,L3,all_inner_layer_traces,track:DDR_CLKA_P:L3:676:9,track:DDR_DQB4:L3:663:103,2.9306369295,2.8290369295,False,3,0.13,0.39,False,False,False,
DDR_CLKA_P,DDR_DQB8,A_ADDRESS_COMMAND,B_BYTE1,L3,actual_interconnect_only,track:DDR_CLKA_P:L3:676:9,track:DDR_DQB8:L3:706:0,5.525,5.4234,False,3,0.13,0.39,False,False,False,
DDR_CLKA_P,DDR_DQB8,A_ADDRESS_COMMAND,B_BYTE1,L3,all_inner_layer_traces,track:DDR_CLKA_P:L3:676:9,track:DDR_DQB8:L3:706:0,5.525,5.4234,False,3,0.13,0.39,False,False,False,
DDR_CLKA_P,DDR_DQB9,A_ADDRESS_COMMAND,B_BYTE1,L3,actual_interconnect_only,track:DDR_CLKA_P:L3:676:8,track:DDR_DQB9:L3:704:3,5.2,5.0984,False,3,0.13,0.39,False,False,False,
DDR_CLKA_P,DDR_DQB9,A_ADDRESS_COMMAND,B_BYTE1,L3,all_inner_layer_traces,track:DDR_CLKA_P:L3:676:8,track:DDR_DQB9:L3:704:3,5.2,5.0984,False,3,0.13,0.39,False,False,False,
DDR_CLKA_P,DDR_DQSA0_N,A_ADDRESS_COMMAND,A_BYTE0,L3,actual_interconnect_only,track:DDR_CLKA_P:L3:676:3,track:DDR_DQSA0_N:L3:657:0,2.9261282546,2.8245282546,False,3,0.13,0.39,False,False,False,
DDR_CLKA_P,DDR_DQSA0_N,A_ADDRESS_COMMAND,A_BYTE0,L3,all_inner_layer_traces,track:DDR_CLKA_P:L3:676:3,track:DDR_DQSA0_N:L3:657:0,2.9261282546,2.8245282546,False,3,0.13,0.39,False,False,False,
DDR_CLKA_P,DDR_DQSA0_P,A_ADDRESS_COMMAND,A_BYTE0,L3,actual_interconnect_only,track:DDR_CLKA_P:L3:676:3,track:DDR_DQSA0_P:L3:652:1,2.0826009129,1.9810009129,False,3,0.13,0.39,False,False,False,
DDR_CLKA_P,DDR_DQSA0_P,A_ADDRESS_COMMAND,A_BYTE0,L3,all_inner_layer_traces,track:DDR_CLKA_P:L3:676:3,track:DDR_DQSA0_P:L3:652:1,2.0826009129,1.9810009129,False,3,0.13,0.39,False,False,False,
DDR_CLKA_P,DDR_DQSB0_N,A_ADDRESS_COMMAND,B_BYTE0,L3,actual_interconnect_only,track:DDR_CLKA_P:L3:676:9,track:DDR_DQSB0_N:L3:650:44,4.4271931359,4.3255931359,False,3,0.13,0.39,False,False,False,
DDR_CLKA_P,DDR_DQSB0_N,A_ADDRESS_COMMAND,B_BYTE0,L3,all_inner_layer_traces,track:DDR_CLKA_P:L3:676:9,track:DDR_DQSB0_N:L3:650:44,4.4271931359,4.3255931359,False,3,0.13,0.39,False,False,False,
DDR_CLKA_P,DDR_DQSB0_P,A_ADDRESS_COMMAND,B_BYTE0,L3,actual_interconnect_only,track:DDR_CLKA_P:L3:676:9,track:DDR_DQSB0_P:L3:651:77,3.9211017664,3.8195017664,False,3,0.13,0.39,False,False,False,
DDR_CLKA_P,DDR_DQSB0_P,A_ADDRESS_COMMAND,B_BYTE0,L3,all_inner_layer_traces,track:DDR_CLKA_P:L3:676:9,track:DDR_DQSB0_P:L3:651:77,3.9211017664,3.8195017664,False,3,0.13,0.39,False,False,False,
DDR_CLKA_P,DDR_DQSB1_N,A_ADDRESS_COMMAND,B_BYTE1,L3,actual_interconnect_only,track:DDR_CLKA_P:L3:676:9,track:DDR_DQSB1_N:L3:697:36,3.25,3.1484,False,3,0.13,0.39,False,False,False,
DDR_CLKA_P,DDR_DQSB1_N,A_ADDRESS_COMMAND,B_BYTE1,L3,all_inner_layer_traces,track:DDR_CLKA_P:L3:676:9,track:DDR_DQSB1_N:L3:697:36,3.25,3.1484,False,3,0.13,0.39,False,False,False,
DDR_CLKA_P,DDR_DQSB1_P,A_ADDRESS_COMMAND,B_BYTE1,L3,actual_interconnect_only,track:DDR_CLKA_P:L3:676:9,track:DDR_DQSB1_P:L3:690:13,4.875,4.7734,False,3,0.13,0.39,False,False,False,
DDR_CLKA_P,DDR_DQSB1_P,A_ADDRESS_COMMAND,B_BYTE1,L3,all_inner_layer_traces,track:DDR_CLKA_P:L3:676:9,track:DDR_DQSB1_P:L3:690:13,4.875,4.7734,False,3,0.13,0.39,False,False,False,
DDR_CLKB_N,DDR_CLKB_P,B_ADDRESS_COMMAND,B_ADDRESS_COMMAND,L3,actual_interconnect_only,track:DDR_CLKB_N:L3:701:13,track:DDR_CLKB_P:L3:700:11,0.325,0.2234,True,,0.13,,,,,False
DDR_CLKB_N,DDR_CLKB_P,B_ADDRESS_COMMAND,B_ADDRESS_COMMAND,L3,all_inner_layer_traces,track:DDR_CLKB_N:L3:701:13,track:DDR_CLKB_P:L3:700:11,0.325,0.2234,True,,0.13,,,,,False
DDR_CLKB_N,DDR_CSA0,B_ADDRESS_COMMAND,A_ADDRESS_COMMAND,L3,actual_interconnect_only,track:DDR_CLKB_N:L3:701:13,track:DDR_CSA0:L3:679:4,4.875,4.7734,False,3,0.13,0.39,False,False,False,
DDR_CLKB_N,DDR_CSA0,B_ADDRESS_COMMAND,A_ADDRESS_COMMAND,L3,all_inner_layer_traces,track:DDR_CLKB_N:L3:701:13,track:DDR_CSA0:L3:679:4,4.875,4.7734,False,3,0.13,0.39,False,False,False,
DDR_CLKB_N,DDR_DMIA0,B_ADDRESS_COMMAND,A_BYTE0,L3,actual_interconnect_only,track:DDR_CLKB_N:L3:701:0,track:DDR_DMIA0:L3:661:0,8.04005597,7.93845597,False,3,0.13,0.39,False,False,False,
DDR_CLKB_N,DDR_DMIA0,B_ADDRESS_COMMAND,A_BYTE0,L3,all_inner_layer_traces,track:DDR_CLKB_N:L3:701:0,track:DDR_DMIA0:L3:661:0,8.04005597,7.93845597,False,3,0.13,0.39,False,False,False,
DDR_CLKB_N,DDR_DQA0,B_ADDRESS_COMMAND,A_BYTE0,L3,actual_interconnect_only,track:DDR_CLKB_N:L3:701:13,track:DDR_DQA0:L3:648:11,8.5500022844,8.4484022844,False,3,0.13,0.39,False,False,False,
DDR_CLKB_N,DDR_DQA0,B_ADDRESS_COMMAND,A_BYTE0,L3,all_inner_layer_traces,track:DDR_CLKB_N:L3:701:13,track:DDR_DQA0:L3:648:11,8.5500022844,8.4484022844,False,3,0.13,0.39,False,False,False,
DDR_CLKB_N,DDR_DQA1,B_ADDRESS_COMMAND,A_BYTE0,L3,actual_interconnect_only,track:DDR_CLKB_N:L3:701:13,track:DDR_DQA1:L3:658:14,5.525,5.4234,False,3,0.13,0.39,False,False,False,
DDR_CLKB_N,DDR_DQA1,B_ADDRESS_COMMAND,A_BYTE0,L3,all_inner_layer_traces,track:DDR_CLKB_N:L3:701:13,track:DDR_DQA1:L3:658:14,5.525,5.4234,False,3,0.13,0.39,False,False,False,
DDR_CLKB_N,DDR_DQA2,B_ADDRESS_COMMAND,A_BYTE0,L3,actual_interconnect_only,track:DDR_CLKB_N:L3:701:0,track:DDR_DQA2:L3:668:1,7.1941816769,7.0925816769,False,3,0.13,0.39,False,False,False,
DDR_CLKB_N,DDR_DQA2,B_ADDRESS_COMMAND,A_BYTE0,L3,all_inner_layer_traces,track:DDR_CLKB_N:L3:701:0,track:DDR_DQA2:L3:668:1,7.1941816769,7.0925816769,False,3,0.13,0.39,False,False,False,
DDR_CLKB_N,DDR_DQA4,B_ADDRESS_COMMAND,A_BYTE0,L3,actual_interconnect_only,track:DDR_CLKB_N:L3:701:13,track:DDR_DQA4:L3:659:70,6.1564403524,6.0548403524,False,3,0.13,0.39,False,False,False,
DDR_CLKB_N,DDR_DQA4,B_ADDRESS_COMMAND,A_BYTE0,L3,all_inner_layer_traces,track:DDR_CLKB_N:L3:701:13,track:DDR_DQA4:L3:659:70,6.1564403524,6.0548403524,False,3,0.13,0.39,False,False,False,
DDR_CLKB_N,DDR_DQA5,B_ADDRESS_COMMAND,A_BYTE0,L3,actual_interconnect_only,track:DDR_CLKB_N:L3:701:13,track:DDR_DQA5:L3:667:14,6.175,6.0734,False,3,0.13,0.39,False,False,False,
DDR_CLKB_N,DDR_DQA5,B_ADDRESS_COMMAND,A_BYTE0,L3,all_inner_layer_traces,track:DDR_CLKB_N:L3:701:13,track:DDR_DQA5:L3:667:14,6.175,6.0734,False,3,0.13,0.39,False,False,False,
DDR_CLKB_N,DDR_DQA6,B_ADDRESS_COMMAND,A_BYTE0,L3,actual_interconnect_only,track:DDR_CLKB_N:L3:701:13,track:DDR_DQA6:L3:674:10,6.825,6.7234,False,3,0.13,0.39,False,False,False,
DDR_CLKB_N,DDR_DQA6,B_ADDRESS_COMMAND,A_BYTE0,L3,all_inner_layer_traces,track:DDR_CLKB_N:L3:701:13,track:DDR_DQA6:L3:674:10,6.825,6.7234,False,3,0.13,0.39,False,False,False,
DDR_CLKB_N,DDR_DQA8,B_ADDRESS_COMMAND,A_BYTE1,L3,actual_interconnect_only,track:DDR_CLKB_N:L3:701:13,track:DDR_DQA8:L3:708:10,7.6443197866,7.5427197866,False,3,0.13,0.39,False,False,False,
DDR_CLKB_N,DDR_DQA8,B_ADDRESS_COMMAND,A_BYTE1,L3,all_inner_layer_traces,track:DDR_CLKB_N:L3:701:13,track:DDR_DQA8:L3:708:10,7.6443197866,7.5427197866,False,3,0.13,0.39,False,False,False,
DDR_CLKB_N,DDR_DQB10,B_ADDRESS_COMMAND,B_BYTE1,L3,actual_interconnect_only,track:DDR_CLKB_N:L3:701:0,track:DDR_DQB10:L3:703:4,0.975,0.8734,False,3,0.13,0.39,False,False,False,
DDR_CLKB_N,DDR_DQB10,B_ADDRESS_COMMAND,B_BYTE1,L3,all_inner_layer_traces,track:DDR_CLKB_N:L3:701:0,track:DDR_DQB10:L3:703:4,0.975,0.8734,False,3,0.13,0.39,False,False,False,
DDR_CLKB_N,DDR_DQB12,B_ADDRESS_COMMAND,B_BYTE1,L3,actual_interconnect_only,track:DDR_CLKB_N:L3:701:0,track:DDR_DQB12:L3:691:4,0.325,0.2234,False,3,0.13,0.39,True,True,False,
DDR_CLKB_N,DDR_DQB12,B_ADDRESS_COMMAND,B_BYTE1,L3,all_inner_layer_traces,track:DDR_CLKB_N:L3:701:0,track:DDR_DQB12:L3:691:4,0.325,0.2234,False,3,0.13,0.39,True,True,False,
DDR_CLKB_N,DDR_DQB13,B_ADDRESS_COMMAND,B_BYTE1,L3,actual_interconnect_only,track:DDR_CLKB_N:L3:701:2,track:DDR_DQB13:L3:673:31,1.1225146157,1.0209146157,False,3,0.13,0.39,False,False,False,
DDR_CLKB_N,DDR_DQB13,B_ADDRESS_COMMAND,B_BYTE1,L3,all_inner_layer_traces,track:DDR_CLKB_N:L3:701:2,track:DDR_DQB13:L3:673:31,1.1225146157,1.0209146157,False,3,0.13,0.39,False,False,False,
DDR_CLKB_N,DDR_DQB14,B_ADDRESS_COMMAND,B_BYTE1,L3,actual_interconnect_only,track:DDR_CLKB_N:L3:701:0,track:DDR_DQB14:L3:681:0,1.95,1.8484,False,3,0.13,0.39,False,False,False,
DDR_CLKB_N,DDR_DQB14,B_ADDRESS_COMMAND,B_BYTE1,L3,all_inner_layer_traces,track:DDR_CLKB_N:L3:701:0,track:DDR_DQB14:L3:681:0,1.95,1.8484,False,3,0.13,0.39,False,False,False,
DDR_CLKB_N,DDR_DQB15,B_ADDRESS_COMMAND,B_BYTE1,L3,actual_interconnect_only,track:DDR_CLKB_N:L3:701:0,track:DDR_DQB15:L3:692:0,2.6453083469,2.5437083469,False,3,0.13,0.39,False,False,False,
DDR_CLKB_N,DDR_DQB15,B_ADDRESS_COMMAND,B_BYTE1,L3,all_inner_layer_traces,track:DDR_CLKB_N:L3:701:0,track:DDR_DQB15:L3:692:0,2.6453083469,2.5437083469,False,3,0.13,0.39,False,False,False,
DDR_CLKB_N,DDR_DQB2,B_ADDRESS_COMMAND,B_BYTE0,L3,actual_interconnect_only,track:DDR_CLKB_N:L3:701:12,track:DDR_DQB2:L3:655:93,2.8827951388,2.7811951388,False,3,0.13,0.39,False,False,False,
DDR_CLKB_N,DDR_DQB2,B_ADDRESS_COMMAND,B_BYTE0,L3,all_inner_layer_traces,track:DDR_CLKB_N:L3:701:12,track:DDR_DQB2:L3:655:93,2.8827951388,2.7811951388,False,3,0.13,0.39,False,False,False,
DDR_CLKB_N,DDR_DQB4,B_ADDRESS_COMMAND,B_BYTE0,L3,actual_interconnect_only,track:DDR_CLKB_N:L3:701:12,track:DDR_DQB4:L3:663:115,2.6221487491,2.5205487491,False,3,0.13,0.39,False,False,False,
DDR_CLKB_N,DDR_DQB4,B_ADDRESS_COMMAND,B_BYTE0,L3,all_inner_layer_traces,track:DDR_CLKB_N:L3:701:12,track:DDR_DQB4:L3:663:115,2.6221487491,2.5205487491,False,3,0.13,0.39,False,False,False,
DDR_CLKB_N,DDR_DQB8,B_ADDRESS_COMMAND,B_BYTE1,L3,actual_interconnect_only,track:DDR_CLKB_N:L3:701:0,track:DDR_DQB8:L3:706:0,2.1801662781,2.0785662781,False,3,0.13,0.39,False,False,False,
DDR_CLKB_N,DDR_DQB8,B_ADDRESS_COMMAND,B_BYTE1,L3,all_inner_layer_traces,track:DDR_CLKB_N:L3:701:0,track:DDR_DQB8:L3:706:0,2.1801662781,2.0785662781,False,3,0.13,0.39,False,False,False,
DDR_CLKB_N,DDR_DQB9,B_ADDRESS_COMMAND,B_BYTE1,L3,actual_interconnect_only,track:DDR_CLKB_N:L3:701:0,track:DDR_DQB9:L3:704:4,1.625,1.5234,False,3,0.13,0.39,False,False,False,
DDR_CLKB_N,DDR_DQB9,B_ADDRESS_COMMAND,B_BYTE1,L3,all_inner_layer_traces,track:DDR_CLKB_N:L3:701:0,track:DDR_DQB9:L3:704:4,1.625,1.5234,False,3,0.13,0.39,False,False,False,
DDR_CLKB_N,DDR_DQSA0_N,B_ADDRESS_COMMAND,A_BYTE0,L3,actual_interconnect_only,track:DDR_CLKB_N:L3:701:13,track:DDR_DQSA0_N:L3:657:29,7.5671989534,7.4655989534,False,3,0.13,0.39,False,False,False,
DDR_CLKB_N,DDR_DQSA0_N,B_ADDRESS_COMMAND,A_BYTE0,L3,all_inner_layer_traces,track:DDR_CLKB_N:L3:701:13,track:DDR_DQSA0_N:L3:657:29,7.5671989534,7.4655989534,False,3,0.13,0.39,False,False,False,
DDR_CLKB_N,DDR_DQSA0_P,B_ADDRESS_COMMAND,A_BYTE0,L3,actual_interconnect_only,track:DDR_CLKB_N:L3:701:13,track:DDR_DQSA0_P:L3:652:51,8.0802227692,7.9786227692,False,3,0.13,0.39,False,False,False,
DDR_CLKB_N,DDR_DQSA0_P,B_ADDRESS_COMMAND,A_BYTE0,L3,all_inner_layer_traces,track:DDR_CLKB_N:L3:701:13,track:DDR_DQSA0_P:L3:652:51,8.0802227692,7.9786227692,False,3,0.13,0.39,False,False,False,
DDR_CLKB_N,DDR_DQSB0_N,B_ADDRESS_COMMAND,B_BYTE0,L3,actual_interconnect_only,track:DDR_CLKB_N:L3:701:12,track:DDR_DQSB0_N:L3:650:46,3.9201502682,3.8185502682,False,3,0.13,0.39,False,False,False,
DDR_CLKB_N,DDR_DQSB0_N,B_ADDRESS_COMMAND,B_BYTE0,L3,all_inner_layer_traces,track:DDR_CLKB_N:L3:701:12,track:DDR_DQSB0_N:L3:650:46,3.9201502682,3.8185502682,False,3,0.13,0.39,False,False,False,
DDR_CLKB_N,DDR_DQSB0_P,B_ADDRESS_COMMAND,B_BYTE0,L3,actual_interconnect_only,track:DDR_CLKB_N:L3:701:12,track:DDR_DQSB0_P:L3:651:79,3.1726984768,3.0710984768,False,3,0.13,0.39,False,False,False,
DDR_CLKB_N,DDR_DQSB0_P,B_ADDRESS_COMMAND,B_BYTE0,L3,all_inner_layer_traces,track:DDR_CLKB_N:L3:701:12,track:DDR_DQSB0_P:L3:651:79,3.1726984768,3.0710984768,False,3,0.13,0.39,False,False,False,
DDR_CLKB_N,DDR_DQSB1_N,B_ADDRESS_COMMAND,B_BYTE1,L3,actual_interconnect_only,track:DDR_CLKB_N:L3:701:4,track:DDR_DQSB1_N:L3:697:39,0.2298097039,0.1282097039,False,3,0.13,0.39,True,True,True,
DDR_CLKB_N,DDR_DQSB1_N,B_ADDRESS_COMMAND,B_BYTE1,L3,all_inner_layer_traces,track:DDR_CLKB_N:L3:701:4,track:DDR_DQSB1_N:L3:697:39,0.2298097039,0.1282097039,False,3,0.13,0.39,True,True,True,
DDR_CLKB_N,DDR_DQSB1_P,B_ADDRESS_COMMAND,B_BYTE1,L3,actual_interconnect_only,track:DDR_CLKB_N:L3:701:2,track:DDR_DQSB1_P:L3:690:14,1.625,1.5234,False,3,0.13,0.39,False,False,False,
DDR_CLKB_N,DDR_DQSB1_P,B_ADDRESS_COMMAND,B_BYTE1,L3,all_inner_layer_traces,track:DDR_CLKB_N:L3:701:2,track:DDR_DQSB1_P:L3:690:14,1.625,1.5234,False,3,0.13,0.39,False,False,False,
DDR_CLKB_P,DDR_CSA0,B_ADDRESS_COMMAND,A_ADDRESS_COMMAND,L3,actual_interconnect_only,track:DDR_CLKB_P:L3:700:11,track:DDR_CSA0:L3:679:0,4.225,4.1234,False,3,0.13,0.39,False,False,False,
DDR_CLKB_P,DDR_CSA0,B_ADDRESS_COMMAND,A_ADDRESS_COMMAND,L3,all_inner_layer_traces,track:DDR_CLKB_P:L3:700:11,track:DDR_CSA0:L3:679:0,4.225,4.1234,False,3,0.13,0.39,False,False,False,
DDR_CLKB_P,DDR_DMIA0,B_ADDRESS_COMMAND,A_BYTE0,L3,actual_interconnect_only,track:DDR_CLKB_P:L3:700:11,track:DDR_DMIA0:L3:661:0,5.525,5.4234,False,3,0.13,0.39,False,False,False,
DDR_CLKB_P,DDR_DMIA0,B_ADDRESS_COMMAND,A_BYTE0,L3,all_inner_layer_traces,track:DDR_CLKB_P:L3:700:11,track:DDR_DMIA0:L3:661:0,5.525,5.4234,False,3,0.13,0.39,False,False,False,
DDR_CLKB_P,DDR_DQA0,B_ADDRESS_COMMAND,A_BYTE0,L3,actual_interconnect_only,track:DDR_CLKB_P:L3:700:11,track:DDR_DQA0:L3:648:0,6.825,6.7234,False,3,0.13,0.39,False,False,False,
DDR_CLKB_P,DDR_DQA0,B_ADDRESS_COMMAND,A_BYTE0,L3,all_inner_layer_traces,track:DDR_CLKB_P:L3:700:11,track:DDR_DQA0:L3:648:0,6.825,6.7234,False,3,0.13,0.39,False,False,False,
DDR_CLKB_P,DDR_DQA1,B_ADDRESS_COMMAND,A_BYTE0,L3,actual_interconnect_only,track:DDR_CLKB_P:L3:700:11,track:DDR_DQA1:L3:658:7,4.55,4.4484,False,3,0.13,0.39,False,False,False,
DDR_CLKB_P,DDR_DQA1,B_ADDRESS_COMMAND,A_BYTE0,L3,all_inner_layer_traces,track:DDR_CLKB_P:L3:700:11,track:DDR_DQA1:L3:658:7,4.55,4.4484,False,3,0.13,0.39,False,False,False,
DDR_CLKB_P,DDR_DQA2,B_ADDRESS_COMMAND,A_BYTE0,L3,actual_interconnect_only,track:DDR_CLKB_P:L3:700:10,track:DDR_DQA2:L3:668:7,4.1652018258,4.0636018258,False,3,0.13,0.39,False,False,False,
DDR_CLKB_P,DDR_DQA2,B_ADDRESS_COMMAND,A_BYTE0,L3,all_inner_layer_traces,track:DDR_CLKB_P:L3:700:10,track:DDR_DQA2:L3:668:7,4.1652018258,4.0636018258,False,3,0.13,0.39,False,False,False,
DDR_CLKB_P,DDR_DQA4,B_ADDRESS_COMMAND,A_BYTE0,L3,actual_interconnect_only,track:DDR_CLKB_P:L3:700:11,track:DDR_DQA4:L3:659:0,4.875,4.7734,False,3,0.13,0.39,False,False,False,
DDR_CLKB_P,DDR_DQA4,B_ADDRESS_COMMAND,A_BYTE0,L3,all_inner_layer_traces,track:DDR_CLKB_P:L3:700:11,track:DDR_DQA4:L3:659:0,4.875,4.7734,False,3,0.13,0.39,False,False,False,
DDR_CLKB_P,DDR_DQA5,B_ADDRESS_COMMAND,A_BYTE0,L3,actual_interconnect_only,track:DDR_CLKB_P:L3:700:11,track:DDR_DQA5:L3:667:3,5.2,5.0984,False,3,0.13,0.39,False,False,False,
DDR_CLKB_P,DDR_DQA5,B_ADDRESS_COMMAND,A_BYTE0,L3,all_inner_layer_traces,track:DDR_CLKB_P:L3:700:11,track:DDR_DQA5:L3:667:3,5.2,5.0984,False,3,0.13,0.39,False,False,False,
DDR_CLKB_P,DDR_DQA6,B_ADDRESS_COMMAND,A_BYTE0,L3,actual_interconnect_only,track:DDR_CLKB_P:L3:700:11,track:DDR_DQA6:L3:674:3,5.85,5.7484,False,3,0.13,0.39,False,False,False,
DDR_CLKB_P,DDR_DQA6,B_ADDRESS_COMMAND,A_BYTE0,L3,all_inner_layer_traces,track:DDR_CLKB_P:L3:700:11,track:DDR_DQA6:L3:674:3,5.85,5.7484,False,3,0.13,0.39,False,False,False,
DDR_CLKB_P,DDR_DQA8,B_ADDRESS_COMMAND,A_BYTE1,L3,actual_interconnect_only,track:DDR_CLKB_P:L3:700:11,track:DDR_DQA8:L3:708:0,6.175,6.0734,False,3,0.13,0.39,False,False,False,
DDR_CLKB_P,DDR_DQA8,B_ADDRESS_COMMAND,A_BYTE1,L3,all_inner_layer_traces,track:DDR_CLKB_P:L3:700:11,track:DDR_DQA8:L3:708:0,6.175,6.0734,False,3,0.13,0.39,False,False,False,
DDR_CLKB_P,DDR_DQB10,B_ADDRESS_COMMAND,B_BYTE1,L3,actual_interconnect_only,track:DDR_CLKB_P:L3:700:0,track:DDR_DQB10:L3:703:4,1.625,1.5234,False,3,0.13,0.39,False,False,False,
DDR_CLKB_P,DDR_DQB10,B_ADDRESS_COMMAND,B_BYTE1,L3,all_inner_layer_traces,track:DDR_CLKB_P:L3:700:0,track:DDR_DQB10:L3:703:4,1.625,1.5234,False,3,0.13,0.39,False,False,False,
DDR_CLKB_P,DDR_DQB12,B_ADDRESS_COMMAND,B_BYTE1,L3,actual_interconnect_only,track:DDR_CLKB_P:L3:700:0,track:DDR_DQB12:L3:691:4,0.975,0.8734,False,3,0.13,0.39,False,False,False,
DDR_CLKB_P,DDR_DQB12,B_ADDRESS_COMMAND,B_BYTE1,L3,all_inner_layer_traces,track:DDR_CLKB_P:L3:700:0,track:DDR_DQB12:L3:691:4,0.975,0.8734,False,3,0.13,0.39,False,False,False,
DDR_CLKB_P,DDR_DQB13,B_ADDRESS_COMMAND,B_BYTE1,L3,actual_interconnect_only,track:DDR_CLKB_P:L3:700:1,track:DDR_DQB13:L3:673:0,2.2764504305,2.1748504305,False,3,0.13,0.39,False,False,False,
DDR_CLKB_P,DDR_DQB13,B_ADDRESS_COMMAND,B_BYTE1,L3,all_inner_layer_traces,track:DDR_CLKB_P:L3:700:1,track:DDR_DQB13:L3:673:0,2.2764504305,2.1748504305,False,3,0.13,0.39,False,False,False,
DDR_CLKB_P,DDR_DQB14,B_ADDRESS_COMMAND,B_BYTE1,L3,actual_interconnect_only,track:DDR_CLKB_P:L3:700:0,track:DDR_DQB14:L3:681:0,2.6,2.4984,False,3,0.13,0.39,False,False,False,
DDR_CLKB_P,DDR_DQB14,B_ADDRESS_COMMAND,B_BYTE1,L3,all_inner_layer_traces,track:DDR_CLKB_P:L3:700:0,track:DDR_DQB14:L3:681:0,2.6,2.4984,False,3,0.13,0.39,False,False,False,
DDR_CLKB_P,DDR_DQB15,B_ADDRESS_COMMAND,B_BYTE1,L3,actual_interconnect_only,track:DDR_CLKB_P:L3:700:0,track:DDR_DQB15:L3:692:0,3.2863591176,3.1847591176,False,3,0.13,0.39,False,False,False,
DDR_CLKB_P,DDR_DQB15,B_ADDRESS_COMMAND,B_BYTE1,L3,all_inner_layer_traces,track:DDR_CLKB_P:L3:700:0,track:DDR_DQB15:L3:692:0,3.2863591176,3.1847591176,False,3,0.13,0.39,False,False,False,
DDR_CLKB_P,DDR_DQB2,B_ADDRESS_COMMAND,B_BYTE0,L3,actual_interconnect_only,track:DDR_CLKB_P:L3:700:12,track:DDR_DQB2:L3:655:87,2.3116721491,2.2100721491,False,3,0.13,0.39,False,False,False,
DDR_CLKB_P,DDR_DQB2,B_ADDRESS_COMMAND,B_BYTE0,L3,all_inner_layer_traces,track:DDR_CLKB_P:L3:700:12,track:DDR_DQB2:L3:655:87,2.3116721491,2.2100721491,False,3,0.13,0.39,False,False,False,
DDR_CLKB_P,DDR_DQB4,B_ADDRESS_COMMAND,B_BYTE0,L3,actual_interconnect_only,track:DDR_CLKB_P:L3:700:12,track:DDR_DQB4:L3:663:109,2.0208773621,1.9192773621,False,3,0.13,0.39,False,False,False,
DDR_CLKB_P,DDR_DQB4,B_ADDRESS_COMMAND,B_BYTE0,L3,all_inner_layer_traces,track:DDR_CLKB_P:L3:700:12,track:DDR_DQB4:L3:663:109,2.0208773621,1.9192773621,False,3,0.13,0.39,False,False,False,
DDR_CLKB_P,DDR_DQB8,B_ADDRESS_COMMAND,B_BYTE1,L3,actual_interconnect_only,track:DDR_CLKB_P:L3:700:0,track:DDR_DQB8:L3:706:0,2.7768012172,2.6752012172,False,3,0.13,0.39,False,False,False,
DDR_CLKB_P,DDR_DQB8,B_ADDRESS_COMMAND,B_BYTE1,L3,all_inner_layer_traces,track:DDR_CLKB_P:L3:700:0,track:DDR_DQB8:L3:706:0,2.7768012172,2.6752012172,False,3,0.13,0.39,False,False,False,
DDR_CLKB_P,DDR_DQB9,B_ADDRESS_COMMAND,B_BYTE1,L3,actual_interconnect_only,track:DDR_CLKB_P:L3:700:0,track:DDR_DQB9:L3:704:4,2.275,2.1734,False,3,0.13,0.39,False,False,False,
DDR_CLKB_P,DDR_DQB9,B_ADDRESS_COMMAND,B_BYTE1,L3,all_inner_layer_traces,track:DDR_CLKB_P:L3:700:0,track:DDR_DQB9:L3:704:4,2.275,2.1734,False,3,0.13,0.39,False,False,False,
DDR_CLKB_P,DDR_DQSA0_N,B_ADDRESS_COMMAND,A_BYTE0,L3,actual_interconnect_only,track:DDR_CLKB_P:L3:700:11,track:DDR_DQSA0_N:L3:657:29,6.8209695059,6.7193695059,False,3,0.13,0.39,False,False,False,
DDR_CLKB_P,DDR_DQSA0_N,B_ADDRESS_COMMAND,A_BYTE0,L3,all_inner_layer_traces,track:DDR_CLKB_P:L3:700:11,track:DDR_DQSA0_N:L3:657:29,6.8209695059,6.7193695059,False,3,0.13,0.39,False,False,False,
DDR_CLKB_P,DDR_DQSA0_P,B_ADDRESS_COMMAND,A_BYTE0,L3,actual_interconnect_only,track:DDR_CLKB_P:L3:700:10,track:DDR_DQSA0_P:L3:652:2,5.85,5.7484,False,3,0.13,0.39,False,False,False,
DDR_CLKB_P,DDR_DQSA0_P,B_ADDRESS_COMMAND,A_BYTE0,L3,all_inner_layer_traces,track:DDR_CLKB_P:L3:700:10,track:DDR_DQSA0_P:L3:652:2,5.85,5.7484,False,3,0.13,0.39,False,False,False,
DDR_CLKB_P,DDR_DQSB0_N,B_ADDRESS_COMMAND,B_BYTE0,L3,actual_interconnect_only,track:DDR_CLKB_P:L3:700:12,track:DDR_DQSB0_N:L3:650:46,3.3378159963,3.2362159963,False,3,0.13,0.39,False,False,False,
DDR_CLKB_P,DDR_DQSB0_N,B_ADDRESS_COMMAND,B_BYTE0,L3,all_inner_layer_traces,track:DDR_CLKB_P:L3:700:12,track:DDR_DQSB0_N:L3:650:46,3.3378159963,3.2362159963,False,3,0.13,0.39,False,False,False,
DDR_CLKB_P,DDR_DQSB0_P,B_ADDRESS_COMMAND,B_BYTE0,L3,actual_interconnect_only,track:DDR_CLKB_P:L3:700:12,track:DDR_DQSB0_P:L3:651:79,2.6719755098,2.5703755098,False,3,0.13,0.39,False,False,False,
DDR_CLKB_P,DDR_DQSB0_P,B_ADDRESS_COMMAND,B_BYTE0,L3,all_inner_layer_traces,track:DDR_CLKB_P:L3:700:12,track:DDR_DQSB0_P:L3:651:79,2.6719755098,2.5703755098,False,3,0.13,0.39,False,False,False,
DDR_CLKB_P,DDR_DQSB1_N,B_ADDRESS_COMMAND,B_BYTE1,L3,actual_interconnect_only,track:DDR_CLKB_P:L3:700:12,track:DDR_DQSB1_N:L3:697:36,1.7135603469,1.6119603469,False,3,0.13,0.39,False,False,False,
DDR_CLKB_P,DDR_DQSB1_N,B_ADDRESS_COMMAND,B_BYTE1,L3,all_inner_layer_traces,track:DDR_CLKB_P:L3:700:12,track:DDR_DQSB1_N:L3:697:36,1.7135603469,1.6119603469,False,3,0.13,0.39,False,False,False,
DDR_CLKB_P,DDR_DQSB1_P,B_ADDRESS_COMMAND,B_BYTE1,L3,actual_interconnect_only,track:DDR_CLKB_P:L3:700:0,track:DDR_DQSB1_P:L3:690:0,3.4173328873,3.3157328873,False,3,0.13,0.39,False,False,False,
DDR_CLKB_P,DDR_DQSB1_P,B_ADDRESS_COMMAND,B_BYTE1,L3,all_inner_layer_traces,track:DDR_CLKB_P:L3:700:0,track:DDR_DQSB1_P:L3:690:0,3.4173328873,3.3157328873,False,3,0.13,0.39,False,False,False,
DDR_CSA0,DDR_DMIA0,A_ADDRESS_COMMAND,A_BYTE0,L3,actual_interconnect_only,track:DDR_CSA0:L3:679:0,track:DDR_DMIA0:L3:661:1,2.300967867,2.199367867,False,3,0.13,0.39,False,False,False,
DDR_CSA0,DDR_DMIA0,A_ADDRESS_COMMAND,A_BYTE0,L3,all_inner_layer_traces,track:DDR_CSA0:L3:679:0,track:DDR_DMIA0:L3:661:1,2.300967867,2.199367867,False,3,0.13,0.39,False,False,False,
DDR_CSA0,DDR_DQA0,A_ADDRESS_COMMAND,A_BYTE0,L3,actual_interconnect_only,track:DDR_CSA0:L3:679:3,track:DDR_DQA0:L3:648:5,3.1729139308,3.0713139308,False,3,0.13,0.39,False,False,False,
DDR_CSA0,DDR_DQA0,A_ADDRESS_COMMAND,A_BYTE0,L3,all_inner_layer_traces,track:DDR_CSA0:L3:679:3,track:DDR_DQA0:L3:648:5,3.1729139308,3.0713139308,False,3,0.13,0.39,False,False,False,
DDR_CSA0,DDR_DQA1,A_ADDRESS_COMMAND,A_BYTE0,L3,actual_interconnect_only,track:DDR_CSA0:L3:679:0,track:DDR_DQA1:L3:658:8,0.325,0.2234,False,3,0.13,0.39,True,True,False,
DDR_CSA0,DDR_DQA1,A_ADDRESS_COMMAND,A_BYTE0,L3,all_inner_layer_traces,track:DDR_CSA0:L3:679:0,track:DDR_DQA1:L3:658:8,0.325,0.2234,False,3,0.13,0.39,True,True,False,
DDR_CSA0,DDR_DQA2,A_ADDRESS_COMMAND,A_BYTE0,L3,actual_interconnect_only,track:DDR_CSA0:L3:679:0,track:DDR_DQA2:L3:668:0,2.0554804791,1.9538804791,False,3,0.13,0.39,False,False,False,
DDR_CSA0,DDR_DQA2,A_ADDRESS_COMMAND,A_BYTE0,L3,all_inner_layer_traces,track:DDR_CSA0:L3:679:0,track:DDR_DQA2:L3:668:0,2.0554804791,1.9538804791,False,3,0.13,0.39,False,False,False,
DDR_CSA0,DDR_DQA4,A_ADDRESS_COMMAND,A_BYTE0,L3,actual_interconnect_only,track:DDR_CSA0:L3:679:12,track:DDR_DQA4:L3:659:70,0.3577817945,0.2561817945,False,3,0.13,0.39,True,True,False,
DDR_CSA0,DDR_DQA4,A_ADDRESS_COMMAND,A_BYTE0,L3,all_inner_layer_traces,track:DDR_CSA0:L3:679:12,track:DDR_DQA4:L3:659:70,0.3577817945,0.2561817945,False,3,0.13,0.39,True,True,False,
DDR_CSA0,DDR_DQA5,A_ADDRESS_COMMAND,A_BYTE0,L3,actual_interconnect_only,track:DDR_CSA0:L3:679:3,track:DDR_DQA5:L3:667:8,0.8230326922,0.7214326922,False,3,0.13,0.39,False,False,False,
DDR_CSA0,DDR_DQA5,A_ADDRESS_COMMAND,A_BYTE0,L3,all_inner_layer_traces,track:DDR_CSA0:L3:679:3,track:DDR_DQA5:L3:667:8,0.8230326922,0.7214326922,False,3,0.13,0.39,False,False,False,
DDR_CSA0,DDR_DQA6,A_ADDRESS_COMMAND,A_BYTE0,L3,actual_interconnect_only,track:DDR_CSA0:L3:679:3,track:DDR_DQA6:L3:674:4,1.4189702472,1.3173702472,False,3,0.13,0.39,False,False,False,
DDR_CSA0,DDR_DQA6,A_ADDRESS_COMMAND,A_BYTE0,L3,all_inner_layer_traces,track:DDR_CSA0:L3:679:3,track:DDR_DQA6:L3:674:4,1.4189702472,1.3173702472,False,3,0.13,0.39,False,False,False,
DDR_CSA0,DDR_DQA8,A_ADDRESS_COMMAND,A_BYTE1,L3,actual_interconnect_only,track:DDR_CSA0:L3:679:0,track:DDR_DQA8:L3:708:0,2.03125,1.92965,False,3,0.13,0.39,False,False,False,
DDR_CSA0,DDR_DQA8,A_ADDRESS_COMMAND,A_BYTE1,L3,all_inner_layer_traces,track:DDR_CSA0:L3:679:0,track:DDR_DQA8:L3:708:0,2.03125,1.92965,False,3,0.13,0.39,False,False,False,
DDR_CSA0,DDR_DQB10,A_ADDRESS_COMMAND,B_BYTE1,L3,actual_interconnect_only,track:DDR_CSA0:L3:679:0,track:DDR_DQB10:L3:703:5,7.241892018,7.140292018,False,3,0.13,0.39,False,False,False,
DDR_CSA0,DDR_DQB10,A_ADDRESS_COMMAND,B_BYTE1,L3,all_inner_layer_traces,track:DDR_CSA0:L3:679:0,track:DDR_DQB10:L3:703:5,7.241892018,7.140292018,False,3,0.13,0.39,False,False,False,
DDR_CSA0,DDR_DQB12,A_ADDRESS_COMMAND,B_BYTE1,L3,actual_interconnect_only,track:DDR_CSA0:L3:679:0,track:DDR_DQB12:L3:691:4,6.825,6.7234,False,3,0.13,0.39,False,False,False,
DDR_CSA0,DDR_DQB12,A_ADDRESS_COMMAND,B_BYTE1,L3,all_inner_layer_traces,track:DDR_CSA0:L3:679:0,track:DDR_DQB12:L3:691:4,6.825,6.7234,False,3,0.13,0.39,False,False,False,
DDR_CSA0,DDR_DQB13,A_ADDRESS_COMMAND,B_BYTE1,L3,actual_interconnect_only,track:DDR_CSA0:L3:679:11,track:DDR_DQB13:L3:673:31,7.4303116523,7.3287116523,False,3,0.13,0.39,False,False,False,
DDR_CSA0,DDR_DQB13,A_ADDRESS_COMMAND,B_BYTE1,L3,all_inner_layer_traces,track:DDR_CSA0:L3:679:11,track:DDR_DQB13:L3:673:31,7.4303116523,7.3287116523,False,3,0.13,0.39,False,False,False,
DDR_CSA0,DDR_DQB14,A_ADDRESS_COMMAND,B_BYTE1,L3,actual_interconnect_only,track:DDR_CSA0:L3:679:0,track:DDR_DQB14:L3:681:0,8.45,8.3484,False,3,0.13,0.39,False,False,False,
DDR_CSA0,DDR_DQB14,A_ADDRESS_COMMAND,B_BYTE1,L3,all_inner_layer_traces,track:DDR_CSA0:L3:679:0,track:DDR_DQB14:L3:681:0,8.45,8.3484,False,3,0.13,0.39,False,False,False,
DDR_CSA0,DDR_DQB15,A_ADDRESS_COMMAND,B_BYTE1,L3,actual_interconnect_only,track:DDR_CSA0:L3:679:0,track:DDR_DQB15:L3:692:0,9.1130486803,9.0114486803,False,3,0.13,0.39,False,False,False,
DDR_CSA0,DDR_DQB15,A_ADDRESS_COMMAND,B_BYTE1,L3,all_inner_layer_traces,track:DDR_CSA0:L3:679:0,track:DDR_DQB15:L3:692:0,9.1130486803,9.0114486803,False,3,0.13,0.39,False,False,False,
DDR_CSA0,DDR_DQB2,A_ADDRESS_COMMAND,B_BYTE0,L3,actual_interconnect_only,track:DDR_CSA0:L3:679:13,track:DDR_DQB2:L3:655:75,4.225,4.1234,False,3,0.13,0.39,False,False,False,
DDR_CSA0,DDR_DQB2,A_ADDRESS_COMMAND,B_BYTE0,L3,all_inner_layer_traces,track:DDR_CSA0:L3:679:13,track:DDR_DQB2:L3:655:75,4.225,4.1234,False,3,0.13,0.39,False,False,False,
DDR_CSA0,DDR_DQB4,A_ADDRESS_COMMAND,B_BYTE0,L3,actual_interconnect_only,track:DDR_CSA0:L3:679:13,track:DDR_DQB4:L3:663:91,3.575,3.4734,False,3,0.13,0.39,False,False,False,
DDR_CSA0,DDR_DQB4,A_ADDRESS_COMMAND,B_BYTE0,L3,all_inner_layer_traces,track:DDR_CSA0:L3:679:13,track:DDR_DQB4:L3:663:91,3.575,3.4734,False,3,0.13,0.39,False,False,False,
DDR_CSA0,DDR_DQB8,A_ADDRESS_COMMAND,B_BYTE1,L3,actual_interconnect_only,track:DDR_CSA0:L3:679:0,track:DDR_DQB8:L3:706:0,8.5060640134,8.4044640134,False,3,0.13,0.39,False,False,False,
DDR_CSA0,DDR_DQB8,A_ADDRESS_COMMAND,B_BYTE1,L3,all_inner_layer_traces,track:DDR_CSA0:L3:679:0,track:DDR_DQB8:L3:706:0,8.5060640134,8.4044640134,False,3,0.13,0.39,False,False,False,
DDR_CSA0,DDR_DQB9,A_ADDRESS_COMMAND,B_BYTE1,L3,actual_interconnect_only,track:DDR_CSA0:L3:679:0,track:DDR_DQB9:L3:704:4,8.125,8.0234,False,3,0.13,0.39,False,False,False,
DDR_CSA0,DDR_DQB9,A_ADDRESS_COMMAND,B_BYTE1,L3,all_inner_layer_traces,track:DDR_CSA0:L3:679:0,track:DDR_DQB9:L3:704:4,8.125,8.0234,False,3,0.13,0.39,False,False,False,
DDR_CSA0,DDR_DQSA0_N,A_ADDRESS_COMMAND,A_BYTE0,L3,actual_interconnect_only,track:DDR_CSA0:L3:679:12,track:DDR_DQSA0_N:L3:657:29,1.8112495687,1.7096495687,False,3,0.13,0.39,False,False,False,
DDR_CSA0,DDR_DQSA0_N,A_ADDRESS_COMMAND,A_BYTE0,L3,all_inner_layer_traces,track:DDR_CSA0:L3:679:12,track:DDR_DQSA0_N:L3:657:29,1.8112495687,1.7096495687,False,3,0.13,0.39,False,False,False,
DDR_CSA0,DDR_DQSA0_P,A_ADDRESS_COMMAND,A_BYTE0,L3,actual_interconnect_only,track:DDR_CSA0:L3:679:12,track:DDR_DQSA0_P:L3:652:51,2.411560698,2.309960698,False,3,0.13,0.39,False,False,False,
DDR_CSA0,DDR_DQSA0_P,A_ADDRESS_COMMAND,A_BYTE0,L3,all_inner_layer_traces,track:DDR_CSA0:L3:679:12,track:DDR_DQSA0_P:L3:652:51,2.411560698,2.309960698,False,3,0.13,0.39,False,False,False,
DDR_CSA0,DDR_DQSB0_N,A_ADDRESS_COMMAND,B_BYTE0,L3,actual_interconnect_only,track:DDR_CSA0:L3:679:13,track:DDR_DQSB0_N:L3:650:44,5.525,5.4234,False,3,0.13,0.39,False,False,False,
DDR_CSA0,DDR_DQSB0_N,A_ADDRESS_COMMAND,B_BYTE0,L3,all_inner_layer_traces,track:DDR_CSA0:L3:679:13,track:DDR_DQSB0_N:L3:650:44,5.525,5.4234,False,3,0.13,0.39,False,False,False,
DDR_CSA0,DDR_DQSB0_P,A_ADDRESS_COMMAND,B_BYTE0,L3,actual_interconnect_only,track:DDR_CSA0:L3:679:13,track:DDR_DQSB0_P:L3:651:67,4.875,4.7734,False,3,0.13,0.39,False,False,False,
DDR_CSA0,DDR_DQSB0_P,A_ADDRESS_COMMAND,B_BYTE0,L3,all_inner_layer_traces,track:DDR_CSA0:L3:679:13,track:DDR_DQSB0_P:L3:651:67,4.875,4.7734,False,3,0.13,0.39,False,False,False,
DDR_CSA0,DDR_DQSB1_N,A_ADDRESS_COMMAND,B_BYTE1,L3,actual_interconnect_only,track:DDR_CSA0:L3:679:11,track:DDR_DQSB1_N:L3:697:36,6.4351846564,6.3335846564,False,3,0.13,0.39,False,False,False,
DDR_CSA0,DDR_DQSB1_N,A_ADDRESS_COMMAND,B_BYTE1,L3,all_inner_layer_traces,track:DDR_CSA0:L3:679:11,track:DDR_DQSB1_N:L3:697:36,6.4351846564,6.3335846564,False,3,0.13,0.39,False,False,False,
DDR_CSA0,DDR_DQSB1_P,A_ADDRESS_COMMAND,B_BYTE1,L3,actual_interconnect_only,track:DDR_CSA0:L3:679:0,track:DDR_DQSB1_P:L3:690:14,8.04005597,7.93845597,False,3,0.13,0.39,False,False,False,
DDR_CSA0,DDR_DQSB1_P,A_ADDRESS_COMMAND,B_BYTE1,L3,all_inner_layer_traces,track:DDR_CSA0:L3:679:0,track:DDR_DQSB1_P:L3:690:14,8.04005597,7.93845597,False,3,0.13,0.39,False,False,False,
DDR_CSB0,DDR_DMIA1,B_ADDRESS_COMMAND,A_BYTE1,L8,actual_interconnect_only,track:DDR_CSB0:L8:677:0,track:DDR_DMIA1:L8:675:0,3.7901187316,3.6885187316,False,3,0.1195,0.3585,False,False,False,
DDR_CSB0,DDR_DMIA1,B_ADDRESS_COMMAND,A_BYTE1,L8,all_inner_layer_traces,track:DDR_CSB0:L8:677:0,track:DDR_DMIA1:L8:675:0,3.7901187316,3.6885187316,False,3,0.1195,0.3585,False,False,False,
DDR_CSB0,DDR_DMIB0,B_ADDRESS_COMMAND,B_BYTE0,L8,actual_interconnect_only,track:DDR_CSB0:L8:677:23,track:DDR_DMIB0:L8:654:14,2.9150069683,2.8134069683,False,3,0.1195,0.3585,False,False,False,
DDR_CSB0,DDR_DMIB0,B_ADDRESS_COMMAND,B_BYTE0,L8,all_inner_layer_traces,track:DDR_CSB0:L8:677:23,track:DDR_DMIB0:L8:654:14,2.9150069683,2.8134069683,False,3,0.1195,0.3585,False,False,False,
DDR_CSB0,DDR_DMIB1,B_ADDRESS_COMMAND,B_BYTE1,L8,actual_interconnect_only,track:DDR_CSB0:L8:677:0,track:DDR_DMIB1:L8:684:0,3.25,3.1484,False,3,0.1195,0.3585,False,False,False,
DDR_CSB0,DDR_DMIB1,B_ADDRESS_COMMAND,B_BYTE1,L8,all_inner_layer_traces,track:DDR_CSB0:L8:677:0,track:DDR_DMIB1:L8:684:0,3.25,3.1484,False,3,0.1195,0.3585,False,False,False,
DDR_CSB0,DDR_DQA10,B_ADDRESS_COMMAND,A_BYTE1,L8,actual_interconnect_only,track:DDR_CSB0:L8:677:13,track:DDR_DQA10:L8:678:12,2.6202337682,2.5186337682,False,3,0.1195,0.3585,False,False,False,
DDR_CSB0,DDR_DQA10,B_ADDRESS_COMMAND,A_BYTE1,L8,all_inner_layer_traces,track:DDR_CSB0:L8:677:13,track:DDR_DQA10:L8:678:12,2.6202337682,2.5186337682,False,3,0.1195,0.3585,False,False,False,
DDR_CSB0,DDR_DQA11,B_ADDRESS_COMMAND,A_BYTE1,L8,actual_interconnect_only,track:DDR_CSB0:L8:677:13,track:DDR_DQA11:L8:705:16,3.0734815865,2.9718815865,False,3,0.1195,0.3585,False,False,False,
DDR_CSB0,DDR_DQA11,B_ADDRESS_COMMAND,A_BYTE1,L8,all_inner_layer_traces,track:DDR_CSB0:L8:677:13,track:DDR_DQA11:L8:705:16,3.0734815865,2.9718815865,False,3,0.1195,0.3585,False,False,False,
DDR_CSB0,DDR_DQA12,B_ADDRESS_COMMAND,A_BYTE1,L8,actual_interconnect_only,track:DDR_CSB0:L8:677:13,track:DDR_DQA12:L8:688:10,1.3,1.1984,False,3,0.1195,0.3585,False,False,False,
DDR_CSB0,DDR_DQA12,B_ADDRESS_COMMAND,A_BYTE1,L8,all_inner_layer_traces,track:DDR_CSB0:L8:677:13,track:DDR_DQA12:L8:688:10,1.3,1.1984,False,3,0.1195,0.3585,False,False,False,
DDR_CSB0,DDR_DQA13,B_ADDRESS_COMMAND,A_BYTE1,L8,actual_interconnect_only,track:DDR_CSB0:L8:677:13,track:DDR_DQA13:L8:693:12,1.95,1.8484,False,3,0.1195,0.3585,False,False,False,
DDR_CSB0,DDR_DQA13,B_ADDRESS_COMMAND,A_BYTE1,L8,all_inner_layer_traces,track:DDR_CSB0:L8:677:13,track:DDR_DQA13:L8:693:12,1.95,1.8484,False,3,0.1195,0.3585,False,False,False,
DDR_CSB0,DDR_DQA14,B_ADDRESS_COMMAND,A_BYTE1,L8,actual_interconnect_only,track:DDR_CSB0:L8:677:13,track:DDR_DQA14:L8:683:4,3.9008462624,3.7992462624,False,3,0.1195,0.3585,False,False,False,
DDR_CSB0,DDR_DQA14,B_ADDRESS_COMMAND,A_BYTE1,L8,all_inner_layer_traces,track:DDR_CSB0:L8:677:13,track:DDR_DQA14:L8:683:4,3.9008462624,3.7992462624,False,3,0.1195,0.3585,False,False,False,
DDR_CSB0,DDR_DQA15,B_ADDRESS_COMMAND,A_BYTE1,L8,actual_interconnect_only,track:DDR_CSB0:L8:677:13,track:DDR_DQA15:L8:698:2,4.4509874256,4.3493874256,False,3,0.1195,0.3585,False,False,False,
DDR_CSB0,DDR_DQA15,B_ADDRESS_COMMAND,A_BYTE1,L8,all_inner_layer_traces,track:DDR_CSB0:L8:677:13,track:DDR_DQA15:L8:698:2,4.4509874256,4.3493874256,False,3,0.1195,0.3585,False,False,False,
DDR_CSB0,DDR_DQA3,B_ADDRESS_COMMAND,A_BYTE0,L8,actual_interconnect_only,track:DDR_CSB0:L8:677:14,track:DDR_DQA3:L8:649:49,4.7897065737,4.6881065737,False,3,0.1195,0.3585,False,False,False,
DDR_CSB0,DDR_DQA3,B_ADDRESS_COMMAND,A_BYTE0,L8,all_inner_layer_traces,track:DDR_CSB0:L8:677:14,track:DDR_DQA3:L8:649:49,4.7897065737,4.6881065737,False,3,0.1195,0.3585,False,False,False,
DDR_CSB0,DDR_DQA7,B_ADDRESS_COMMAND,A_BYTE0,L8,actual_interconnect_only,track:DDR_CSB0:L8:677:14,track:DDR_DQA7:L8:669:30,6.8327337135,6.7311337135,False,3,0.1195,0.3585,False,False,False,
DDR_CSB0,DDR_DQA7,B_ADDRESS_COMMAND,A_BYTE0,L8,all_inner_layer_traces,track:DDR_CSB0:L8:677:14,track:DDR_DQA7:L8:669:30,6.8327337135,6.7311337135,False,3,0.1195,0.3585,False,False,False,
DDR_CSB0,DDR_DQA9,B_ADDRESS_COMMAND,A_BYTE1,L8,actual_interconnect_only,track:DDR_CSB0:L8:677:13,track:DDR_DQA9:L8:686:12,4.716700714,4.615100714,False,3,0.1195,0.3585,False,False,False,
DDR_CSB0,DDR_DQA9,B_ADDRESS_COMMAND,A_BYTE1,L8,all_inner_layer_traces,track:DDR_CSB0:L8:677:13,track:DDR_DQA9:L8:686:12,4.716700714,4.615100714,False,3,0.1195,0.3585,False,False,False,
DDR_CSB0,DDR_DQB0,B_ADDRESS_COMMAND,B_BYTE0,L8,actual_interconnect_only,track:DDR_CSB0:L8:677:23,track:DDR_DQB0:L8:653:11,4.2154477817,4.1138477817,False,3,0.1195,0.3585,False,False,False,
DDR_CSB0,DDR_DQB0,B_ADDRESS_COMMAND,B_BYTE0,L8,all_inner_layer_traces,track:DDR_CSB0:L8:677:23,track:DDR_DQB0:L8:653:11,4.2154477817,4.1138477817,False,3,0.1195,0.3585,False,False,False,
DDR_CSB0,DDR_DQB1,B_ADDRESS_COMMAND,B_BYTE0,L8,actual_interconnect_only,track:DDR_CSB0:L8:677:23,track:DDR_DQB1:L8:662:17,3.6224991373,3.5208991373,False,3,0.1195,0.3585,False,False,False,
DDR_CSB0,DDR_DQB1,B_ADDRESS_COMMAND,B_BYTE0,L8,all_inner_layer_traces,track:DDR_CSB0:L8:677:23,track:DDR_DQB1:L8:662:17,3.6224991373,3.5208991373,False,3,0.1195,0.3585,False,False,False,
DDR_CSB0,DDR_DQB11,B_ADDRESS_COMMAND,B_BYTE1,L8,actual_interconnect_only,track:DDR_CSB0:L8:677:23,track:DDR_DQB11:L8:694:62,0.6297941132,0.5281941132,False,3,0.1195,0.3585,False,False,False,
DDR_CSB0,DDR_DQB11,B_ADDRESS_COMMAND,B_BYTE1,L8,all_inner_layer_traces,track:DDR_CSB0:L8:677:23,track:DDR_DQB11:L8:694:62,0.6297941132,0.5281941132,False,3,0.1195,0.3585,False,False,False,
DDR_CSB0,DDR_DQB3,B_ADDRESS_COMMAND,B_BYTE0,L8,actual_interconnect_only,track:DDR_CSB0:L8:677:23,track:DDR_DQB3:L8:646:28,2.0615528128,1.9599528128,False,3,0.1195,0.3585,False,False,False,
DDR_CSB0,DDR_DQB3,B_ADDRESS_COMMAND,B_BYTE0,L8,all_inner_layer_traces,track:DDR_CSB0:L8:677:23,track:DDR_DQB3:L8:646:28,2.0615528128,1.9599528128,False,3,0.1195,0.3585,False,False,False,
DDR_CSB0,DDR_DQB5,B_ADDRESS_COMMAND,B_BYTE0,L8,actual_interconnect_only,track:DDR_CSB0:L8:677:23,track:DDR_DQB5:L8:665:43,1.6625469918,1.5609469918,False,3,0.1195,0.3585,False,False,False,
DDR_CSB0,DDR_DQB5,B_ADDRESS_COMMAND,B_BYTE0,L8,all_inner_layer_traces,track:DDR_CSB0:L8:677:23,track:DDR_DQB5:L8:665:43,1.6625469918,1.5609469918,False,3,0.1195,0.3585,False,False,False,
DDR_CSB0,DDR_DQB6,B_ADDRESS_COMMAND,B_BYTE0,L8,actual_interconnect_only,track:DDR_CSB0:L8:677:23,track:DDR_DQB6:L8:664:5,3.25,3.1484,False,3,0.1195,0.3585,False,False,False,
DDR_CSB0,DDR_DQB6,B_ADDRESS_COMMAND,B_BYTE0,L8,all_inner_layer_traces,track:DDR_CSB0:L8:677:23,track:DDR_DQB6:L8:664:5,3.25,3.1484,False,3,0.1195,0.3585,False,False,False,
DDR_CSB0,DDR_DQB7,B_ADDRESS_COMMAND,B_BYTE0,L8,actual_interconnect_only,track:DDR_CSB0:L8:677:23,track:DDR_DQB7:L8:660:7,3.9,3.7984,False,3,0.1195,0.3585,False,False,False,
DDR_CSB0,DDR_DQB7,B_ADDRESS_COMMAND,B_BYTE0,L8,all_inner_layer_traces,track:DDR_CSB0:L8:677:23,track:DDR_DQB7:L8:660:7,3.9,3.7984,False,3,0.1195,0.3585,False,False,False,
DDR_CSB0,DDR_DQSA1_N,B_ADDRESS_COMMAND,A_BYTE1,L8,actual_interconnect_only,track:DDR_CSB0:L8:677:14,track:DDR_DQSA1_N:L8:687:29,4.875,4.7734,False,3,0.1195,0.3585,False,False,False,
DDR_CSB0,DDR_DQSA1_N,B_ADDRESS_COMMAND,A_BYTE1,L8,all_inner_layer_traces,track:DDR_CSB0:L8:677:14,track:DDR_DQSA1_N:L8:687:29,4.875,4.7734,False,3,0.1195,0.3585,False,False,False,
DDR_CSB0,DDR_DQSA1_P,B_ADDRESS_COMMAND,A_BYTE1,L8,actual_interconnect_only,track:DDR_CSB0:L8:677:13,track:DDR_DQSA1_P:L8:710:1,5.268735172,5.167135172,False,3,0.1195,0.3585,False,False,False,
DDR_CSB0,DDR_DQSA1_P,B_ADDRESS_COMMAND,A_BYTE1,L8,all_inner_layer_traces,track:DDR_CSB0:L8:677:13,track:DDR_DQSA1_P:L8:710:1,5.268735172,5.167135172,False,3,0.1195,0.3585,False,False,False,
DDR_DMIA0,DDR_DQA0,A_BYTE0,A_BYTE0,L3,actual_interconnect_only,track:DDR_DMIA0:L3:661:24,track:DDR_DQA0:L3:648:11,0.21875,0.11715,False,2,0.13,0.26,True,True,True,
DDR_DMIA0,DDR_DQA0,A_BYTE0,A_BYTE0,L3,all_inner_layer_traces,track:DDR_DMIA0:L3:661:24,track:DDR_DQA0:L3:648:11,0.21875,0.11715,False,2,0.13,0.26,True,True,True,
DDR_DMIA0,DDR_DQA1,A_BYTE0,A_BYTE0,L3,actual_interconnect_only,track:DDR_DMIA0:L3:661:0,track:DDR_DQA1:L3:658:0,0.325,0.2234,False,2,0.13,0.26,True,True,False,
DDR_DMIA0,DDR_DQA1,A_BYTE0,A_BYTE0,L3,all_inner_layer_traces,track:DDR_DMIA0:L3:661:0,track:DDR_DQA1:L3:658:0,0.325,0.2234,False,2,0.13,0.26,True,True,False,
DDR_DMIA0,DDR_DQA2,A_BYTE0,A_BYTE0,L3,actual_interconnect_only,track:DDR_DMIA0:L3:661:0,track:DDR_DQA2:L3:668:0,0.65,0.5484,False,2,0.13,0.26,False,False,False,
DDR_DMIA0,DDR_DQA2,A_BYTE0,A_BYTE0,L3,all_inner_layer_traces,track:DDR_DMIA0:L3:661:0,track:DDR_DQA2:L3:668:0,0.65,0.5484,False,2,0.13,0.26,False,False,False,
DDR_DMIA0,DDR_DQA4,A_BYTE0,A_BYTE0,L3,actual_interconnect_only,track:DDR_DMIA0:L3:661:16,track:DDR_DQA4:L3:659:20,0.73125,0.62965,False,2,0.13,0.26,False,False,False,
DDR_DMIA0,DDR_DQA4,A_BYTE0,A_BYTE0,L3,all_inner_layer_traces,track:DDR_DMIA0:L3:661:16,track:DDR_DQA4:L3:659:20,0.73125,0.62965,False,2,0.13,0.26,False,False,False,
DDR_DMIA0,DDR_DQA5,A_BYTE0,A_BYTE0,L3,actual_interconnect_only,track:DDR_DMIA0:L3:661:1,track:DDR_DQA5:L3:667:0,0.4737648415,0.3721648415,False,2,0.13,0.26,False,False,False,
DDR_DMIA0,DDR_DQA5,A_BYTE0,A_BYTE0,L3,all_inner_layer_traces,track:DDR_DMIA0:L3:661:1,track:DDR_DQA5:L3:667:0,0.4737648415,0.3721648415,False,2,0.13,0.26,False,False,False,
DDR_DMIA0,DDR_DQA6,A_BYTE0,A_BYTE0,L3,actual_interconnect_only,track:DDR_DMIA0:L3:661:4,track:DDR_DQA6:L3:674:0,0.325,0.2234,False,2,0.13,0.26,True,True,False,
DDR_DMIA0,DDR_DQA6,A_BYTE0,A_BYTE0,L3,all_inner_layer_traces,track:DDR_DMIA0:L3:661:4,track:DDR_DQA6:L3:674:0,0.325,0.2234,False,2,0.13,0.26,True,True,False,
DDR_DMIA0,DDR_DQA8,A_BYTE0,A_BYTE1,L3,actual_interconnect_only,track:DDR_DMIA0:L3:661:23,track:DDR_DQA8:L3:708:9,0.4875,0.3859,False,3,0.13,0.39,True,False,False,
DDR_DMIA0,DDR_DQA8,A_BYTE0,A_BYTE1,L3,all_inner_layer_traces,track:DDR_DMIA0:L3:661:23,track:DDR_DQA8:L3:708:9,0.4875,0.3859,False,3,0.13,0.39,True,False,False,
DDR_DMIA0,DDR_DQB10,A_BYTE0,B_BYTE1,L3,actual_interconnect_only,track:DDR_DMIA0:L3:661:0,track:DDR_DQB10:L3:703:3,8.7843989016,8.6827989016,False,3,0.13,0.39,False,False,False,
DDR_DMIA0,DDR_DQB10,A_BYTE0,B_BYTE1,L3,all_inner_layer_traces,track:DDR_DMIA0:L3:661:0,track:DDR_DQB10:L3:703:3,8.7843989016,8.6827989016,False,3,0.13,0.39,False,False,False,
DDR_DMIA0,DDR_DQB12,A_BYTE0,B_BYTE1,L3,actual_interconnect_only,track:DDR_DMIA0:L3:661:0,track:DDR_DQB12:L3:691:3,8.1933686029,8.0917686029,False,3,0.13,0.39,False,False,False,
DDR_DMIA0,DDR_DQB12,A_BYTE0,B_BYTE1,L3,all_inner_layer_traces,track:DDR_DMIA0:L3:661:0,track:DDR_DQB12:L3:691:3,8.1933686029,8.0917686029,False,3,0.13,0.39,False,False,False,
DDR_DMIA0,DDR_DQB13,A_BYTE0,B_BYTE1,L3,actual_interconnect_only,track:DDR_DMIA0:L3:661:0,track:DDR_DQB13:L3:673:0,9.105801722,9.004201722,False,3,0.13,0.39,False,False,False,
DDR_DMIA0,DDR_DQB13,A_BYTE0,B_BYTE1,L3,all_inner_layer_traces,track:DDR_DMIA0:L3:661:0,track:DDR_DQB13:L3:673:0,9.105801722,9.004201722,False,3,0.13,0.39,False,False,False,
DDR_DMIA0,DDR_DQB14,A_BYTE0,B_BYTE1,L3,actual_interconnect_only,track:DDR_DMIA0:L3:661:0,track:DDR_DQB14:L3:681:0,9.8362848678,9.7346848678,False,3,0.13,0.39,False,False,False,
DDR_DMIA0,DDR_DQB14,A_BYTE0,B_BYTE1,L3,all_inner_layer_traces,track:DDR_DMIA0:L3:661:0,track:DDR_DQB14:L3:681:0,9.8362848678,9.7346848678,False,3,0.13,0.39,False,False,False,
DDR_DMIA0,DDR_DQB15,A_BYTE0,B_BYTE1,L3,actual_interconnect_only,track:DDR_DMIA0:L3:661:0,track:DDR_DQB15:L3:692:0,10.4809350728,10.3793350728,False,3,0.13,0.39,False,False,False,
DDR_DMIA0,DDR_DQB15,A_BYTE0,B_BYTE1,L3,all_inner_layer_traces,track:DDR_DMIA0:L3:661:0,track:DDR_DQB15:L3:692:0,10.4809350728,10.3793350728,False,3,0.13,0.39,False,False,False,
DDR_DMIA0,DDR_DQB2,A_BYTE0,B_BYTE0,L3,actual_interconnect_only,track:DDR_DMIA0:L3:661:50,track:DDR_DQB2:L3:655:75,7.475,7.3734,False,3,0.13,0.39,False,False,False,
DDR_DMIA0,DDR_DQB2,A_BYTE0,B_BYTE0,L3,all_inner_layer_traces,track:DDR_DMIA0:L3:661:50,track:DDR_DQB2:L3:655:75,7.475,7.3734,False,3,0.13,0.39,False,False,False,
DDR_DMIA0,DDR_DQB4,A_BYTE0,B_BYTE0,L3,actual_interconnect_only,track:DDR_DMIA0:L3:661:50,track:DDR_DQB4:L3:663:91,6.825,6.7234,False,3,0.13,0.39,False,False,False,
DDR_DMIA0,DDR_DQB4,A_BYTE0,B_BYTE0,L3,all_inner_layer_traces,track:DDR_DMIA0:L3:661:50,track:DDR_DQB4:L3:663:91,6.825,6.7234,False,3,0.13,0.39,False,False,False,
DDR_DMIA0,DDR_DQB8,A_BYTE0,B_BYTE1,L3,actual_interconnect_only,track:DDR_DMIA0:L3:661:0,track:DDR_DQB8:L3:706:0,9.7716426459,9.6700426459,False,3,0.13,0.39,False,False,False,
DDR_DMIA0,DDR_DQB8,A_BYTE0,B_BYTE1,L3,all_inner_layer_traces,track:DDR_DMIA0:L3:661:0,track:DDR_DQB8:L3:706:0,9.7716426459,9.6700426459,False,3,0.13,0.39,False,False,False,
DDR_DMIA0,DDR_DQB9,A_BYTE0,B_BYTE1,L3,actual_interconnect_only,track:DDR_DMIA0:L3:661:0,track:DDR_DQB9:L3:704:3,9.433751325,9.332151325,False,3,0.13,0.39,False,False,False,
DDR_DMIA0,DDR_DQB9,A_BYTE0,B_BYTE1,L3,all_inner_layer_traces,track:DDR_DMIA0:L3:661:0,track:DDR_DQB9:L3:704:3,9.433751325,9.332151325,False,3,0.13,0.39,False,False,False,
DDR_DMIA0,DDR_DQSA0_N,A_BYTE0,A_BYTE0,L3,actual_interconnect_only,track:DDR_DMIA0:L3:661:27,track:DDR_DQSA0_N:L3:657:11,0.216956937,0.115356937,False,3,0.13,0.39,True,True,True,
DDR_DMIA0,DDR_DQSA0_N,A_BYTE0,A_BYTE0,L3,all_inner_layer_traces,track:DDR_DMIA0:L3:661:27,track:DDR_DQSA0_N:L3:657:11,0.216956937,0.115356937,False,3,0.13,0.39,True,True,True,
DDR_DMIA0,DDR_DQSA0_P,A_BYTE0,A_BYTE0,L3,actual_interconnect_only,track:DDR_DMIA0:L3:661:48,track:DDR_DQSA0_P:L3:652:44,0.2211475752,0.1195475752,False,3,0.13,0.39,True,True,True,
DDR_DMIA0,DDR_DQSA0_P,A_BYTE0,A_BYTE0,L3,all_inner_layer_traces,track:DDR_DMIA0:L3:661:48,track:DDR_DQSA0_P:L3:652:44,0.2211475752,0.1195475752,False,3,0.13,0.39,True,True,True,
DDR_DMIA0,DDR_DQSB0_N,A_BYTE0,B_BYTE0,L3,actual_interconnect_only,track:DDR_DMIA0:L3:661:50,track:DDR_DQSB0_N:L3:650:44,8.775,8.6734,False,3,0.13,0.39,False,False,False,
DDR_DMIA0,DDR_DQSB0_N,A_BYTE0,B_BYTE0,L3,all_inner_layer_traces,track:DDR_DMIA0:L3:661:50,track:DDR_DQSB0_N:L3:650:44,8.775,8.6734,False,3,0.13,0.39,False,False,False,
DDR_DMIA0,DDR_DQSB0_P,A_BYTE0,B_BYTE0,L3,actual_interconnect_only,track:DDR_DMIA0:L3:661:50,track:DDR_DQSB0_P:L3:651:67,8.125,8.0234,False,3,0.13,0.39,False,False,False,
DDR_DMIA0,DDR_DQSB0_P,A_BYTE0,B_BYTE0,L3,all_inner_layer_traces,track:DDR_DMIA0:L3:661:50,track:DDR_DQSB0_P:L3:651:67,8.125,8.0234,False,3,0.13,0.39,False,False,False,
DDR_DMIA0,DDR_DQSB1_N,A_BYTE0,B_BYTE1,L3,actual_interconnect_only,track:DDR_DMIA0:L3:661:23,track:DDR_DQSB1_N:L3:697:37,9.7837955953,9.6821955953,False,3,0.13,0.39,False,False,False,
DDR_DMIA0,DDR_DQSB1_N,A_BYTE0,B_BYTE1,L3,all_inner_layer_traces,track:DDR_DMIA0:L3:661:23,track:DDR_DQSB1_N:L3:697:37,9.7837955953,9.6821955953,False,3,0.13,0.39,False,False,False,
DDR_DMIA0,DDR_DQSB1_P,A_BYTE0,B_BYTE1,L3,actual_interconnect_only,track:DDR_DMIA0:L3:661:0,track:DDR_DQSB1_P:L3:690:0,10.4202927022,10.3186927022,False,3,0.13,0.39,False,False,False,
DDR_DMIA0,DDR_DQSB1_P,A_BYTE0,B_BYTE1,L3,all_inner_layer_traces,track:DDR_DMIA0:L3:661:0,track:DDR_DQSB1_P:L3:690:0,10.4202927022,10.3186927022,False,3,0.13,0.39,False,False,False,
DDR_DMIA1,DDR_DMIB0,A_BYTE1,B_BYTE0,L8,actual_interconnect_only,track:DDR_DMIA1:L8:675:0,track:DDR_DMIB0:L8:654:7,6.1883490579,6.0867490579,False,3,0.1195,0.3585,False,False,False,
DDR_DMIA1,DDR_DMIB0,A_BYTE1,B_BYTE0,L8,all_inner_layer_traces,track:DDR_DMIA1:L8:675:0,track:DDR_DMIB0:L8:654:7,6.1883490579,6.0867490579,False,3,0.1195,0.3585,False,False,False,
DDR_DMIA1,DDR_DMIB1,A_BYTE1,B_BYTE1,L8,actual_interconnect_only,track:DDR_DMIA1:L8:675:0,track:DDR_DMIB1:L8:684:0,6.5324191537,6.4308191537,False,3,0.1195,0.3585,False,False,False,
DDR_DMIA1,DDR_DMIB1,A_BYTE1,B_BYTE1,L8,all_inner_layer_traces,track:DDR_DMIA1:L8:675:0,track:DDR_DMIB1:L8:684:0,6.5324191537,6.4308191537,False,3,0.1195,0.3585,False,False,False,
DDR_DMIA1,DDR_DQA10,A_BYTE1,A_BYTE1,L8,actual_interconnect_only,track:DDR_DMIA1:L8:675:0,track:DDR_DQA10:L8:678:0,0.325,0.2234,False,2,0.1195,0.239,True,True,False,
DDR_DMIA1,DDR_DQA10,A_BYTE1,A_BYTE1,L8,all_inner_layer_traces,track:DDR_DMIA1:L8:675:0,track:DDR_DQA10:L8:678:0,0.325,0.2234,False,2,0.1195,0.239,True,True,False,
DDR_DMIA1,DDR_DQA11,A_BYTE1,A_BYTE1,L8,actual_interconnect_only,track:DDR_DMIA1:L8:675:0,track:DDR_DQA11:L8:705:0,0.325,0.2234,False,2,0.1195,0.239,True,True,False,
DDR_DMIA1,DDR_DQA11,A_BYTE1,A_BYTE1,L8,all_inner_layer_traces,track:DDR_DMIA1:L8:675:0,track:DDR_DQA11:L8:705:0,0.325,0.2234,False,2,0.1195,0.239,True,True,False,
DDR_DMIA1,DDR_DQA12,A_BYTE1,A_BYTE1,L8,actual_interconnect_only,track:DDR_DMIA1:L8:675:0,track:DDR_DQA12:L8:688:0,0.7267220927,0.6251220927,False,2,0.1195,0.239,False,False,False,
DDR_DMIA1,DDR_DQA12,A_BYTE1,A_BYTE1,L8,all_inner_layer_traces,track:DDR_DMIA1:L8:675:0,track:DDR_DQA12:L8:688:0,0.7267220927,0.6251220927,False,2,0.1195,0.239,False,False,False,
DDR_DMIA1,DDR_DQA13,A_BYTE1,A_BYTE1,L8,actual_interconnect_only,track:DDR_DMIA1:L8:675:4,track:DDR_DQA13:L8:693:0,0.975,0.8734,False,2,0.1195,0.239,False,False,False,
DDR_DMIA1,DDR_DQA13,A_BYTE1,A_BYTE1,L8,all_inner_layer_traces,track:DDR_DMIA1:L8:675:4,track:DDR_DQA13:L8:693:0,0.975,0.8734,False,2,0.1195,0.239,False,False,False,
DDR_DMIA1,DDR_DQA14,A_BYTE1,A_BYTE1,L8,actual_interconnect_only,track:DDR_DMIA1:L8:675:50,track:DDR_DQA14:L8:683:13,0.243830115,0.142230115,False,2,0.1195,0.239,True,True,True,
DDR_DMIA1,DDR_DQA14,A_BYTE1,A_BYTE1,L8,all_inner_layer_traces,track:DDR_DMIA1:L8:675:50,track:DDR_DQA14:L8:683:13,0.243830115,0.142230115,False,2,0.1195,0.239,True,True,True,
DDR_DMIA1,DDR_DQA15,A_BYTE1,A_BYTE1,L8,actual_interconnect_only,track:DDR_DMIA1:L8:675:47,track:DDR_DQA15:L8:698:21,0.325,0.2234,False,2,0.1195,0.239,True,True,False,
DDR_DMIA1,DDR_DQA15,A_BYTE1,A_BYTE1,L8,all_inner_layer_traces,track:DDR_DMIA1:L8:675:47,track:DDR_DQA15:L8:698:21,0.325,0.2234,False,2,0.1195,0.239,True,True,False,
DDR_DMIA1,DDR_DQA3,A_BYTE1,A_BYTE0,L8,actual_interconnect_only,track:DDR_DMIA1:L8:675:18,track:DDR_DQA3:L8:649:16,0.2298097039,0.1282097039,False,3,0.1195,0.3585,True,True,True,
DDR_DMIA1,DDR_DQA3,A_BYTE1,A_BYTE0,L8,all_inner_layer_traces,track:DDR_DMIA1:L8:675:18,track:DDR_DQA3:L8:649:16,0.2298097039,0.1282097039,False,3,0.1195,0.3585,True,True,True,
DDR_DMIA1,DDR_DQA7,A_BYTE1,A_BYTE0,L8,actual_interconnect_only,track:DDR_DMIA1:L8:675:13,track:DDR_DQA7:L8:669:0,0.2298097039,0.1282097039,False,3,0.1195,0.3585,True,True,True,
DDR_DMIA1,DDR_DQA7,A_BYTE1,A_BYTE0,L8,all_inner_layer_traces,track:DDR_DMIA1:L8:675:13,track:DDR_DQA7:L8:669:0,0.2298097039,0.1282097039,False,3,0.1195,0.3585,True,True,True,
DDR_DMIA1,DDR_DQA9,A_BYTE1,A_BYTE1,L8,actual_interconnect_only,track:DDR_DMIA1:L8:675:4,track:DDR_DQA9:L8:686:0,0.325,0.2234,False,2,0.1195,0.239,True,True,False,
DDR_DMIA1,DDR_DQA9,A_BYTE1,A_BYTE1,L8,all_inner_layer_traces,track:DDR_DMIA1:L8:675:4,track:DDR_DQA9:L8:686:0,0.325,0.2234,False,2,0.1195,0.239,True,True,False,
DDR_DMIA1,DDR_DQB0,A_BYTE1,B_BYTE0,L8,actual_interconnect_only,track:DDR_DMIA1:L8:675:0,track:DDR_DQB0:L8:653:0,8.6048314917,8.5032314917,False,3,0.1195,0.3585,False,False,False,
DDR_DMIA1,DDR_DQB0,A_BYTE1,B_BYTE0,L8,all_inner_layer_traces,track:DDR_DMIA1:L8:675:0,track:DDR_DQB0:L8:653:0,8.6048314917,8.5032314917,False,3,0.1195,0.3585,False,False,False,
DDR_DMIA1,DDR_DQB1,A_BYTE1,B_BYTE0,L8,actual_interconnect_only,track:DDR_DMIA1:L8:675:0,track:DDR_DQB1:L8:662:0,8.45,8.3484,False,3,0.1195,0.3585,False,False,False,
DDR_DMIA1,DDR_DQB1,A_BYTE1,B_BYTE0,L8,all_inner_layer_traces,track:DDR_DMIA1:L8:675:0,track:DDR_DQB1:L8:662:0,8.45,8.3484,False,3,0.1195,0.3585,False,False,False,
DDR_DMIA1,DDR_DQB11,A_BYTE1,B_BYTE1,L8,actual_interconnect_only,track:DDR_DMIA1:L8:675:0,track:DDR_DQB11:L8:694:0,5.85,5.7484,False,3,0.1195,0.3585,False,False,False,
DDR_DMIA1,DDR_DQB11,A_BYTE1,B_BYTE1,L8,all_inner_layer_traces,track:DDR_DMIA1:L8:675:0,track:DDR_DQB11:L8:694:0,5.85,5.7484,False,3,0.1195,0.3585,False,False,False,
DDR_DMIA1,DDR_DQB3,A_BYTE1,B_BYTE0,L8,actual_interconnect_only,track:DDR_DMIA1:L8:675:0,track:DDR_DQB3:L8:646:0,8.04005597,7.93845597,False,3,0.1195,0.3585,False,False,False,
DDR_DMIA1,DDR_DQB3,A_BYTE1,B_BYTE0,L8,all_inner_layer_traces,track:DDR_DMIA1:L8:675:0,track:DDR_DQB3:L8:646:0,8.04005597,7.93845597,False,3,0.1195,0.3585,False,False,False,
DDR_DMIA1,DDR_DQB5,A_BYTE1,B_BYTE0,L8,actual_interconnect_only,track:DDR_DMIA1:L8:675:0,track:DDR_DQB5:L8:665:0,7.5032076474,7.4016076474,False,3,0.1195,0.3585,False,False,False,
DDR_DMIA1,DDR_DQB5,A_BYTE1,B_BYTE0,L8,all_inner_layer_traces,track:DDR_DMIA1:L8:675:0,track:DDR_DQB5:L8:665:0,7.5032076474,7.4016076474,False,3,0.1195,0.3585,False,False,False,
DDR_DMIA1,DDR_DQB6,A_BYTE1,B_BYTE0,L8,actual_interconnect_only,track:DDR_DMIA1:L8:675:0,track:DDR_DQB6:L8:664:0,7.1573825523,7.0557825523,False,3,0.1195,0.3585,False,False,False,
DDR_DMIA1,DDR_DQB6,A_BYTE1,B_BYTE0,L8,all_inner_layer_traces,track:DDR_DMIA1:L8:675:0,track:DDR_DQB6:L8:664:0,7.1573825523,7.0557825523,False,3,0.1195,0.3585,False,False,False,
DDR_DMIA1,DDR_DQB7,A_BYTE1,B_BYTE0,L8,actual_interconnect_only,track:DDR_DMIA1:L8:675:0,track:DDR_DQB7:L8:660:0,7.8,7.6984,False,3,0.1195,0.3585,False,False,False,
DDR_DMIA1,DDR_DQB7,A_BYTE1,B_BYTE0,L8,all_inner_layer_traces,track:DDR_DMIA1:L8:675:0,track:DDR_DQB7:L8:660:0,7.8,7.6984,False,3,0.1195,0.3585,False,False,False,
DDR_DMIA1,DDR_DQSA1_N,A_BYTE1,A_BYTE1,L8,actual_interconnect_only,track:DDR_DMIA1:L8:675:47,track:DDR_DQSA1_N:L8:687:15,0.0,-0.1016,False,3,0.1195,0.3585,True,True,True,
DDR_DMIA1,DDR_DQSA1_N,A_BYTE1,A_BYTE1,L8,all_inner_layer_traces,track:DDR_DMIA1:L8:675:47,track:DDR_DQSA1_N:L8:687:15,0.0,-0.1016,False,3,0.1195,0.3585,True,True,True,
DDR_DMIA1,DDR_DQSA1_P,A_BYTE1,A_BYTE1,L8,actual_interconnect_only,track:DDR_DMIA1:L8:675:52,track:DDR_DQSA1_P:L8:710:15,0.3447145558,0.2431145558,False,3,0.1195,0.3585,True,True,False,
DDR_DMIA1,DDR_DQSA1_P,A_BYTE1,A_BYTE1,L8,all_inner_layer_traces,track:DDR_DMIA1:L8:675:52,track:DDR_DQSA1_P:L8:710:15,0.3447145558,0.2431145558,False,3,0.1195,0.3585,True,True,False,
DDR_DMIB0,DDR_DMIB1,B_BYTE0,B_BYTE1,L8,actual_interconnect_only,track:DDR_DMIB0:L8:654:5,track:DDR_DMIB1:L8:684:0,0.325,0.2234,False,3,0.1195,0.3585,True,True,False,
DDR_DMIB0,DDR_DMIB1,B_BYTE0,B_BYTE1,L8,all_inner_layer_traces,track:DDR_DMIB0:L8:654:5,track:DDR_DMIB1:L8:684:0,0.325,0.2234,False,3,0.1195,0.3585,True,True,False,
DDR_DMIB0,DDR_DQA10,B_BYTE0,A_BYTE1,L8,actual_interconnect_only,track:DDR_DMIB0:L8:654:8,track:DDR_DQA10:L8:678:7,5.85,5.7484,False,3,0.1195,0.3585,False,False,False,
DDR_DMIB0,DDR_DQA10,B_BYTE0,A_BYTE1,L8,all_inner_layer_traces,track:DDR_DMIB0:L8:654:8,track:DDR_DQA10:L8:678:7,5.85,5.7484,False,3,0.1195,0.3585,False,False,False,
DDR_DMIB0,DDR_DQA11,B_BYTE0,A_BYTE1,L8,actual_interconnect_only,track:DDR_DMIB0:L8:654:8,track:DDR_DQA11:L8:705:9,6.5,6.3984,False,3,0.1195,0.3585,False,False,False,
DDR_DMIB0,DDR_DQA11,B_BYTE0,A_BYTE1,L8,all_inner_layer_traces,track:DDR_DMIB0:L8:654:8,track:DDR_DQA11:L8:705:9,6.5,6.3984,False,3,0.1195,0.3585,False,False,False,
DDR_DMIB0,DDR_DQA12,B_BYTE0,A_BYTE1,L8,actual_interconnect_only,track:DDR_DMIB0:L8:654:8,track:DDR_DQA12:L8:688:9,5.2,5.0984,False,3,0.1195,0.3585,False,False,False,
DDR_DMIB0,DDR_DQA12,B_BYTE0,A_BYTE1,L8,all_inner_layer_traces,track:DDR_DMIB0:L8:654:8,track:DDR_DQA12:L8:688:9,5.2,5.0984,False,3,0.1195,0.3585,False,False,False,
DDR_DMIB0,DDR_DQA13,B_BYTE0,A_BYTE1,L8,actual_interconnect_only,track:DDR_DMIB0:L8:654:8,track:DDR_DQA13:L8:693:11,5.85,5.7484,False,3,0.1195,0.3585,False,False,False,
DDR_DMIB0,DDR_DQA13,B_BYTE0,A_BYTE1,L8,all_inner_layer_traces,track:DDR_DMIB0:L8:654:8,track:DDR_DQA13:L8:693:11,5.85,5.7484,False,3,0.1195,0.3585,False,False,False,
DDR_DMIB0,DDR_DQA14,B_BYTE0,A_BYTE1,L8,actual_interconnect_only,track:DDR_DMIB0:L8:654:8,track:DDR_DQA14:L8:683:3,7.8,7.6984,False,3,0.1195,0.3585,False,False,False,
DDR_DMIB0,DDR_DQA14,B_BYTE0,A_BYTE1,L8,all_inner_layer_traces,track:DDR_DMIB0:L8:654:8,track:DDR_DQA14:L8:683:3,7.8,7.6984,False,3,0.1195,0.3585,False,False,False,
DDR_DMIB0,DDR_DQA15,B_BYTE0,A_BYTE1,L8,actual_interconnect_only,track:DDR_DMIB0:L8:654:8,track:DDR_DQA15:L8:698:1,8.04375,7.94215,False,3,0.1195,0.3585,False,False,False,
DDR_DMIB0,DDR_DQA15,B_BYTE0,A_BYTE1,L8,all_inner_layer_traces,track:DDR_DMIB0:L8:654:8,track:DDR_DQA15:L8:698:1,8.04375,7.94215,False,3,0.1195,0.3585,False,False,False,
DDR_DMIB0,DDR_DQA3,B_BYTE0,A_BYTE0,L8,actual_interconnect_only,track:DDR_DMIB0:L8:654:7,track:DDR_DQA3:L8:649:1,7.2399175582,7.1383175582,False,3,0.1195,0.3585,False,False,False,
DDR_DMIB0,DDR_DQA3,B_BYTE0,A_BYTE0,L8,all_inner_layer_traces,track:DDR_DMIB0:L8:654:7,track:DDR_DQA3:L8:649:1,7.2399175582,7.1383175582,False,3,0.1195,0.3585,False,False,False,
DDR_DMIB0,DDR_DQA7,B_BYTE0,A_BYTE0,L8,actual_interconnect_only,track:DDR_DMIB0:L8:654:8,track:DDR_DQA7:L8:669:0,10.075,9.9734,False,3,0.1195,0.3585,False,False,False,
DDR_DMIB0,DDR_DQA7,B_BYTE0,A_BYTE0,L8,all_inner_layer_traces,track:DDR_DMIB0:L8:654:8,track:DDR_DQA7:L8:669:0,10.075,9.9734,False,3,0.1195,0.3585,False,False,False,
DDR_DMIB0,DDR_DQA9,B_BYTE0,A_BYTE1,L8,actual_interconnect_only,track:DDR_DMIB0:L8:654:7,track:DDR_DQA9:L8:686:0,7.4789731289,7.3773731289,False,3,0.1195,0.3585,False,False,False,
DDR_DMIB0,DDR_DQA9,B_BYTE0,A_BYTE1,L8,all_inner_layer_traces,track:DDR_DMIB0:L8:654:7,track:DDR_DQA9:L8:686:0,7.4789731289,7.3773731289,False,3,0.1195,0.3585,False,False,False,
DDR_DMIB0,DDR_DQB0,B_BYTE0,B_BYTE0,L8,actual_interconnect_only,track:DDR_DMIB0:L8:654:19,track:DDR_DQB0:L8:653:11,1.0307764064,0.9291764064,False,2,0.1195,0.239,False,False,False,
DDR_DMIB0,DDR_DQB0,B_BYTE0,B_BYTE0,L8,all_inner_layer_traces,track:DDR_DMIB0:L8:654:19,track:DDR_DQB0:L8:653:11,1.0307764064,0.9291764064,False,2,0.1195,0.239,False,False,False,
DDR_DMIB0,DDR_DQB1,B_BYTE0,B_BYTE0,L8,actual_interconnect_only,track:DDR_DMIB0:L8:654:19,track:DDR_DQB1:L8:662:13,0.6393966883,0.5377966883,False,2,0.1195,0.239,False,False,False,
DDR_DMIB0,DDR_DQB1,B_BYTE0,B_BYTE0,L8,all_inner_layer_traces,track:DDR_DMIB0:L8:654:19,track:DDR_DQB1:L8:662:13,0.6393966883,0.5377966883,False,2,0.1195,0.239,False,False,False,
DDR_DMIB0,DDR_DQB11,B_BYTE0,B_BYTE1,L8,actual_interconnect_only,track:DDR_DMIB0:L8:654:5,track:DDR_DQB11:L8:694:0,0.5202538443,0.4186538443,False,3,0.1195,0.3585,False,False,False,
DDR_DMIB0,DDR_DQB11,B_BYTE0,B_BYTE1,L8,all_inner_layer_traces,track:DDR_DMIB0:L8:654:5,track:DDR_DQB11:L8:694:0,0.5202538443,0.4186538443,False,3,0.1195,0.3585,False,False,False,
DDR_DMIB0,DDR_DQB3,B_BYTE0,B_BYTE0,L8,actual_interconnect_only,track:DDR_DMIB0:L8:654:0,track:DDR_DQB3:L8:646:0,0.9192388155,0.8176388155,False,2,0.1195,0.239,False,False,False,
DDR_DMIB0,DDR_DQB3,B_BYTE0,B_BYTE0,L8,all_inner_layer_traces,track:DDR_DMIB0:L8:654:0,track:DDR_DQB3:L8:646:0,0.9192388155,0.8176388155,False,2,0.1195,0.239,False,False,False,
DDR_DMIB0,DDR_DQB5,B_BYTE0,B_BYTE0,L8,actual_interconnect_only,track:DDR_DMIB0:L8:654:0,track:DDR_DQB5:L8:665:1,0.325,0.2234,False,2,0.1195,0.239,True,True,False,
DDR_DMIB0,DDR_DQB5,B_BYTE0,B_BYTE0,L8,all_inner_layer_traces,track:DDR_DMIB0:L8:654:0,track:DDR_DQB5:L8:665:1,0.325,0.2234,False,2,0.1195,0.239,True,True,False,
DDR_DMIB0,DDR_DQB6,B_BYTE0,B_BYTE0,L8,actual_interconnect_only,track:DDR_DMIB0:L8:654:0,track:DDR_DQB6:L8:664:0,0.325,0.2234,False,2,0.1195,0.239,True,True,False,
DDR_DMIB0,DDR_DQB6,B_BYTE0,B_BYTE0,L8,all_inner_layer_traces,track:DDR_DMIB0:L8:654:0,track:DDR_DQB6:L8:664:0,0.325,0.2234,False,2,0.1195,0.239,True,True,False,
DDR_DMIB0,DDR_DQB7,B_BYTE0,B_BYTE0,L8,actual_interconnect_only,track:DDR_DMIB0:L8:654:4,track:DDR_DQB7:L8:660:0,0.975,0.8734,False,2,0.1195,0.239,False,False,False,
DDR_DMIB0,DDR_DQB7,B_BYTE0,B_BYTE0,L8,all_inner_layer_traces,track:DDR_DMIB0:L8:654:4,track:DDR_DQB7:L8:660:0,0.975,0.8734,False,2,0.1195,0.239,False,False,False,
DDR_DMIB0,DDR_DQSA1_N,B_BYTE0,A_BYTE1,L8,actual_interconnect_only,track:DDR_DMIB0:L8:654:8,track:DDR_DQSA1_N:L8:687:0,8.775,8.6734,False,3,0.1195,0.3585,False,False,False,
DDR_DMIB0,DDR_DQSA1_N,B_BYTE0,A_BYTE1,L8,all_inner_layer_traces,track:DDR_DMIB0:L8:654:8,track:DDR_DQSA1_N:L8:687:0,8.775,8.6734,False,3,0.1195,0.3585,False,False,False,
DDR_DMIB0,DDR_DQSA1_P,B_BYTE0,A_BYTE1,L8,actual_interconnect_only,track:DDR_DMIB0:L8:654:8,track:DDR_DQSA1_P:L8:710:0,8.775,8.6734,False,3,0.1195,0.3585,False,False,False,
DDR_DMIB0,DDR_DQSA1_P,B_BYTE0,A_BYTE1,L8,all_inner_layer_traces,track:DDR_DMIB0:L8:654:8,track:DDR_DQSA1_P:L8:710:0,8.775,8.6734,False,3,0.1195,0.3585,False,False,False,
DDR_DMIB1,DDR_DQA10,B_BYTE1,A_BYTE1,L8,actual_interconnect_only,track:DDR_DMIB1:L8:684:0,track:DDR_DQA10:L8:678:7,6.175,6.0734,False,3,0.1195,0.3585,False,False,False,
DDR_DMIB1,DDR_DQA10,B_BYTE1,A_BYTE1,L8,all_inner_layer_traces,track:DDR_DMIB1:L8:684:0,track:DDR_DQA10:L8:678:7,6.175,6.0734,False,3,0.1195,0.3585,False,False,False,
DDR_DMIB1,DDR_DQA11,B_BYTE1,A_BYTE1,L8,actual_interconnect_only,track:DDR_DMIB1:L8:684:0,track:DDR_DQA11:L8:705:9,6.825,6.7234,False,3,0.1195,0.3585,False,False,False,
DDR_DMIB1,DDR_DQA11,B_BYTE1,A_BYTE1,L8,all_inner_layer_traces,track:DDR_DMIB1:L8:684:0,track:DDR_DQA11:L8:705:9,6.825,6.7234,False,3,0.1195,0.3585,False,False,False,
DDR_DMIB1,DDR_DQA12,B_BYTE1,A_BYTE1,L8,actual_interconnect_only,track:DDR_DMIB1:L8:684:0,track:DDR_DQA12:L8:688:9,5.525,5.4234,False,3,0.1195,0.3585,False,False,False,
DDR_DMIB1,DDR_DQA12,B_BYTE1,A_BYTE1,L8,all_inner_layer_traces,track:DDR_DMIB1:L8:684:0,track:DDR_DQA12:L8:688:9,5.525,5.4234,False,3,0.1195,0.3585,False,False,False,
DDR_DMIB1,DDR_DQA13,B_BYTE1,A_BYTE1,L8,actual_interconnect_only,track:DDR_DMIB1:L8:684:0,track:DDR_DQA13:L8:693:11,6.1755345163,6.0739345163,False,3,0.1195,0.3585,False,False,False,
DDR_DMIB1,DDR_DQA13,B_BYTE1,A_BYTE1,L8,all_inner_layer_traces,track:DDR_DMIB1:L8:684:0,track:DDR_DQA13:L8:693:11,6.1755345163,6.0739345163,False,3,0.1195,0.3585,False,False,False,
DDR_DMIB1,DDR_DQA14,B_BYTE1,A_BYTE1,L8,actual_interconnect_only,track:DDR_DMIB1:L8:684:0,track:DDR_DQA14:L8:683:3,8.125,8.0234,False,3,0.1195,0.3585,False,False,False,
DDR_DMIB1,DDR_DQA14,B_BYTE1,A_BYTE1,L8,all_inner_layer_traces,track:DDR_DMIB1:L8:684:0,track:DDR_DQA14:L8:683:3,8.125,8.0234,False,3,0.1195,0.3585,False,False,False,
DDR_DMIB1,DDR_DQA15,B_BYTE1,A_BYTE1,L8,actual_interconnect_only,track:DDR_DMIB1:L8:684:0,track:DDR_DQA15:L8:698:1,8.36875,8.26715,False,3,0.1195,0.3585,False,False,False,
DDR_DMIB1,DDR_DQA15,B_BYTE1,A_BYTE1,L8,all_inner_layer_traces,track:DDR_DMIB1:L8:684:0,track:DDR_DQA15:L8:698:1,8.36875,8.26715,False,3,0.1195,0.3585,False,False,False,
DDR_DMIB1,DDR_DQA3,B_BYTE1,A_BYTE0,L8,actual_interconnect_only,track:DDR_DMIB1:L8:684:0,track:DDR_DQA3:L8:649:1,7.6015443538,7.4999443538,False,3,0.1195,0.3585,False,False,False,
DDR_DMIB1,DDR_DQA3,B_BYTE1,A_BYTE0,L8,all_inner_layer_traces,track:DDR_DMIB1:L8:684:0,track:DDR_DQA3:L8:649:1,7.6015443538,7.4999443538,False,3,0.1195,0.3585,False,False,False,
DDR_DMIB1,DDR_DQA7,B_BYTE1,A_BYTE0,L8,actual_interconnect_only,track:DDR_DMIB1:L8:684:0,track:DDR_DQA7:L8:669:0,10.4,10.2984,False,3,0.1195,0.3585,False,False,False,
DDR_DMIB1,DDR_DQA7,B_BYTE1,A_BYTE0,L8,all_inner_layer_traces,track:DDR_DMIB1:L8:684:0,track:DDR_DQA7:L8:669:0,10.4,10.2984,False,3,0.1195,0.3585,False,False,False,
DDR_DMIB1,DDR_DQA9,B_BYTE1,A_BYTE1,L8,actual_interconnect_only,track:DDR_DMIB1:L8:684:0,track:DDR_DQA9:L8:686:0,7.8152195267,7.7136195267,False,3,0.1195,0.3585,False,False,False,
DDR_DMIB1,DDR_DQA9,B_BYTE1,A_BYTE1,L8,all_inner_layer_traces,track:DDR_DMIB1:L8:684:0,track:DDR_DQA9:L8:686:0,7.8152195267,7.7136195267,False,3,0.1195,0.3585,False,False,False,
DDR_DMIB1,DDR_DQB0,B_BYTE1,B_BYTE0,L8,actual_interconnect_only,track:DDR_DMIB1:L8:684:7,track:DDR_DQB0:L8:653:10,1.86875,1.76715,False,3,0.1195,0.3585,False,False,False,
DDR_DMIB1,DDR_DQB0,B_BYTE1,B_BYTE0,L8,all_inner_layer_traces,track:DDR_DMIB1:L8:684:7,track:DDR_DQB0:L8:653:10,1.86875,1.76715,False,3,0.1195,0.3585,False,False,False,
DDR_DMIB1,DDR_DQB1,B_BYTE1,B_BYTE0,L8,actual_interconnect_only,track:DDR_DMIB1:L8:684:7,track:DDR_DQB1:L8:662:4,1.625,1.5234,False,3,0.1195,0.3585,False,False,False,
DDR_DMIB1,DDR_DQB1,B_BYTE1,B_BYTE0,L8,all_inner_layer_traces,track:DDR_DMIB1:L8:684:7,track:DDR_DQB1:L8:662:4,1.625,1.5234,False,3,0.1195,0.3585,False,False,False,
DDR_DMIB1,DDR_DQB11,B_BYTE1,B_BYTE1,L8,actual_interconnect_only,track:DDR_DMIB1:L8:684:0,track:DDR_DQB11:L8:694:0,0.9192388155,0.8176388155,False,2,0.1195,0.239,False,False,False,
DDR_DMIB1,DDR_DQB11,B_BYTE1,B_BYTE1,L8,all_inner_layer_traces,track:DDR_DMIB1:L8:684:0,track:DDR_DQB11:L8:694:0,0.9192388155,0.8176388155,False,2,0.1195,0.239,False,False,False,
DDR_DMIB1,DDR_DQB3,B_BYTE1,B_BYTE0,L8,actual_interconnect_only,track:DDR_DMIB1:L8:684:7,track:DDR_DQB3:L8:646:19,2.1125,2.0109,False,3,0.1195,0.3585,False,False,False,
DDR_DMIB1,DDR_DQB3,B_BYTE1,B_BYTE0,L8,all_inner_layer_traces,track:DDR_DMIB1:L8:684:7,track:DDR_DQB3:L8:646:19,2.1125,2.0109,False,3,0.1195,0.3585,False,False,False,
DDR_DMIB1,DDR_DQB5,B_BYTE1,B_BYTE0,L8,actual_interconnect_only,track:DDR_DMIB1:L8:684:0,track:DDR_DQB5:L8:665:0,1.625,1.5234,False,3,0.1195,0.3585,False,False,False,
DDR_DMIB1,DDR_DQB5,B_BYTE1,B_BYTE0,L8,all_inner_layer_traces,track:DDR_DMIB1:L8:684:0,track:DDR_DQB5:L8:665:0,1.625,1.5234,False,3,0.1195,0.3585,False,False,False,
DDR_DMIB1,DDR_DQB6,B_BYTE1,B_BYTE0,L8,actual_interconnect_only,track:DDR_DMIB1:L8:684:7,track:DDR_DQB6:L8:664:4,0.325,0.2234,False,3,0.1195,0.3585,True,True,False,
DDR_DMIB1,DDR_DQB6,B_BYTE1,B_BYTE0,L8,all_inner_layer_traces,track:DDR_DMIB1:L8:684:7,track:DDR_DQB6:L8:664:4,0.325,0.2234,False,3,0.1195,0.3585,True,True,False,
DDR_DMIB1,DDR_DQB7,B_BYTE1,B_BYTE0,L8,actual_interconnect_only,track:DDR_DMIB1:L8:684:7,track:DDR_DQB7:L8:660:4,0.975,0.8734,False,3,0.1195,0.3585,False,False,False,
DDR_DMIB1,DDR_DQB7,B_BYTE1,B_BYTE0,L8,all_inner_layer_traces,track:DDR_DMIB1:L8:684:7,track:DDR_DQB7:L8:660:4,0.975,0.8734,False,3,0.1195,0.3585,False,False,False,
DDR_DMIB1,DDR_DQSA1_N,B_BYTE1,A_BYTE1,L8,actual_interconnect_only,track:DDR_DMIB1:L8:684:0,track:DDR_DQSA1_N:L8:687:0,9.1,8.9984,False,3,0.1195,0.3585,False,False,False,
DDR_DMIB1,DDR_DQSA1_N,B_BYTE1,A_BYTE1,L8,all_inner_layer_traces,track:DDR_DMIB1:L8:684:0,track:DDR_DQSA1_N:L8:687:0,9.1,8.9984,False,3,0.1195,0.3585,False,False,False,
DDR_DMIB1,DDR_DQSA1_P,B_BYTE1,A_BYTE1,L8,actual_interconnect_only,track:DDR_DMIB1:L8:684:0,track:DDR_DQSA1_P:L8:710:0,9.1,8.9984,False,3,0.1195,0.3585,False,False,False,
DDR_DMIB1,DDR_DQSA1_P,B_BYTE1,A_BYTE1,L8,all_inner_layer_traces,track:DDR_DMIB1:L8:684:0,track:DDR_DQSA1_P:L8:710:0,9.1,8.9984,False,3,0.1195,0.3585,False,False,False,
DDR_DQA0,DDR_DQA1,A_BYTE0,A_BYTE0,L3,actual_interconnect_only,track:DDR_DQA0:L3:648:38,track:DDR_DQA1:L3:658:23,0.65,0.5484,False,2,0.13,0.26,False,False,False,
DDR_DQA0,DDR_DQA1,A_BYTE0,A_BYTE0,L3,all_inner_layer_traces,track:DDR_DQA0:L3:648:38,track:DDR_DQA1:L3:658:23,0.65,0.5484,False,2,0.13,0.26,False,False,False,
DDR_DQA0,DDR_DQA2,A_BYTE0,A_BYTE0,L3,actual_interconnect_only,track:DDR_DQA0:L3:648:4,track:DDR_DQA2:L3:668:24,0.73125,0.62965,False,2,0.13,0.26,False,False,False,
DDR_DQA0,DDR_DQA2,A_BYTE0,A_BYTE0,L3,all_inner_layer_traces,track:DDR_DQA0:L3:648:4,track:DDR_DQA2:L3:668:24,0.73125,0.62965,False,2,0.13,0.26,False,False,False,
DDR_DQA0,DDR_DQA4,A_BYTE0,A_BYTE0,L3,actual_interconnect_only,track:DDR_DQA0:L3:648:0,track:DDR_DQA4:L3:659:10,0.4875,0.3859,False,2,0.13,0.26,False,False,False,
DDR_DQA0,DDR_DQA4,A_BYTE0,A_BYTE0,L3,all_inner_layer_traces,track:DDR_DQA0:L3:648:0,track:DDR_DQA4:L3:659:10,0.4875,0.3859,False,2,0.13,0.26,False,False,False,
DDR_DQA0,DDR_DQA5,A_BYTE0,A_BYTE0,L3,actual_interconnect_only,track:DDR_DQA0:L3:648:0,track:DDR_DQA5:L3:667:0,1.8384776311,1.7368776311,False,2,0.13,0.26,False,False,False,
DDR_DQA0,DDR_DQA5,A_BYTE0,A_BYTE0,L3,all_inner_layer_traces,track:DDR_DQA0:L3:648:0,track:DDR_DQA5:L3:667:0,1.8384776311,1.7368776311,False,2,0.13,0.26,False,False,False,
DDR_DQA0,DDR_DQA6,A_BYTE0,A_BYTE0,L3,actual_interconnect_only,track:DDR_DQA0:L3:648:5,track:DDR_DQA6:L3:674:7,1.3449268103,1.2433268103,False,2,0.13,0.26,False,False,False,
DDR_DQA0,DDR_DQA6,A_BYTE0,A_BYTE0,L3,all_inner_layer_traces,track:DDR_DQA0:L3:648:5,track:DDR_DQA6:L3:674:7,1.3449268103,1.2433268103,False,2,0.13,0.26,False,False,False,
DDR_DQA0,DDR_DQA8,A_BYTE0,A_BYTE1,L3,actual_interconnect_only,track:DDR_DQA0:L3:648:11,track:DDR_DQA8:L3:708:9,0.73125,0.62965,False,3,0.13,0.39,False,False,False,
DDR_DQA0,DDR_DQA8,A_BYTE0,A_BYTE1,L3,all_inner_layer_traces,track:DDR_DQA0:L3:648:11,track:DDR_DQA8:L3:708:9,0.73125,0.62965,False,3,0.13,0.39,False,False,False,
DDR_DQA0,DDR_DQB10,A_BYTE0,B_BYTE1,L3,actual_interconnect_only,track:DDR_DQA0:L3:648:0,track:DDR_DQB10:L3:703:3,10.1302166345,10.0286166345,False,3,0.13,0.39,False,False,False,
DDR_DQA0,DDR_DQB10,A_BYTE0,B_BYTE1,L3,all_inner_layer_traces,track:DDR_DQA0:L3:648:0,track:DDR_DQB10:L3:703:3,10.1302166345,10.0286166345,False,3,0.13,0.39,False,False,False,
DDR_DQA0,DDR_DQB12,A_BYTE0,B_BYTE1,L3,actual_interconnect_only,track:DDR_DQA0:L3:648:0,track:DDR_DQB12:L3:691:3,9.5781999385,9.4765999385,False,3,0.13,0.39,False,False,False,
DDR_DQA0,DDR_DQB12,A_BYTE0,B_BYTE1,L3,all_inner_layer_traces,track:DDR_DQA0:L3:648:0,track:DDR_DQB12:L3:691:3,9.5781999385,9.4765999385,False,3,0.13,0.39,False,False,False,
DDR_DQA0,DDR_DQB13,A_BYTE0,B_BYTE1,L3,actual_interconnect_only,track:DDR_DQA0:L3:648:0,track:DDR_DQB13:L3:673:0,10.4,10.2984,False,3,0.13,0.39,False,False,False,
DDR_DQA0,DDR_DQB13,A_BYTE0,B_BYTE1,L3,all_inner_layer_traces,track:DDR_DQA0:L3:648:0,track:DDR_DQB13:L3:673:0,10.4,10.2984,False,3,0.13,0.39,False,False,False,
DDR_DQA0,DDR_DQB14,A_BYTE0,B_BYTE1,L3,actual_interconnect_only,track:DDR_DQA0:L3:648:0,track:DDR_DQB14:L3:681:0,11.2207397261,11.1191397261,False,3,0.13,0.39,False,False,False,
DDR_DQA0,DDR_DQB14,A_BYTE0,B_BYTE1,L3,all_inner_layer_traces,track:DDR_DQA0:L3:648:0,track:DDR_DQB14:L3:681:0,11.2207397261,11.1191397261,False,3,0.13,0.39,False,False,False,
DDR_DQA0,DDR_DQB15,A_BYTE0,B_BYTE1,L3,actual_interconnect_only,track:DDR_DQA0:L3:648:0,track:DDR_DQB15:L3:692:0,11.8613869341,11.7597869341,False,3,0.13,0.39,False,False,False,
DDR_DQA0,DDR_DQB15,A_BYTE0,B_BYTE1,L3,all_inner_layer_traces,track:DDR_DQA0:L3:648:0,track:DDR_DQB15:L3:692:0,11.8613869341,11.7597869341,False,3,0.13,0.39,False,False,False,
DDR_DQA0,DDR_DQB2,A_BYTE0,B_BYTE0,L3,actual_interconnect_only,track:DDR_DQA0:L3:648:38,track:DDR_DQB2:L3:655:75,8.125,8.0234,False,3,0.13,0.39,False,False,False,
DDR_DQA0,DDR_DQB2,A_BYTE0,B_BYTE0,L3,all_inner_layer_traces,track:DDR_DQA0:L3:648:38,track:DDR_DQB2:L3:655:75,8.125,8.0234,False,3,0.13,0.39,False,False,False,
DDR_DQA0,DDR_DQB4,A_BYTE0,B_BYTE0,L3,actual_interconnect_only,track:DDR_DQA0:L3:648:38,track:DDR_DQB4:L3:663:91,7.475,7.3734,False,3,0.13,0.39,False,False,False,
DDR_DQA0,DDR_DQB4,A_BYTE0,B_BYTE0,L3,all_inner_layer_traces,track:DDR_DQA0:L3:648:38,track:DDR_DQB4:L3:663:91,7.475,7.3734,False,3,0.13,0.39,False,False,False,
DDR_DQA0,DDR_DQB8,A_BYTE0,B_BYTE1,L3,actual_interconnect_only,track:DDR_DQA0:L3:648:0,track:DDR_DQB8:L3:706:0,11.1262077996,11.0246077996,False,3,0.13,0.39,False,False,False,
DDR_DQA0,DDR_DQB8,A_BYTE0,B_BYTE1,L3,all_inner_layer_traces,track:DDR_DQA0:L3:648:0,track:DDR_DQB8:L3:706:0,11.1262077996,11.0246077996,False,3,0.13,0.39,False,False,False,
DDR_DQA0,DDR_DQB9,A_BYTE0,B_BYTE1,L3,actual_interconnect_only,track:DDR_DQA0:L3:648:0,track:DDR_DQB9:L3:704:3,10.7768867983,10.6752867983,False,3,0.13,0.39,False,False,False,
DDR_DQA0,DDR_DQB9,A_BYTE0,B_BYTE1,L3,all_inner_layer_traces,track:DDR_DQA0:L3:648:0,track:DDR_DQB9:L3:704:3,10.7768867983,10.6752867983,False,3,0.13,0.39,False,False,False,
DDR_DQA0,DDR_DQSA0_N,A_BYTE0,A_BYTE0,L3,actual_interconnect_only,track:DDR_DQA0:L3:648:5,track:DDR_DQSA0_N:L3:657:3,0.4875,0.3859,False,3,0.13,0.39,True,False,False,
DDR_DQA0,DDR_DQSA0_N,A_BYTE0,A_BYTE0,L3,all_inner_layer_traces,track:DDR_DQA0:L3:648:5,track:DDR_DQSA0_N:L3:657:3,0.4875,0.3859,False,3,0.13,0.39,True,False,False,
DDR_DQA0,DDR_DQSA0_P,A_BYTE0,A_BYTE0,L3,actual_interconnect_only,track:DDR_DQA0:L3:648:0,track:DDR_DQSA0_P:L3:652:8,0.2298097039,0.1282097039,False,3,0.13,0.39,True,True,True,
DDR_DQA0,DDR_DQSA0_P,A_BYTE0,A_BYTE0,L3,all_inner_layer_traces,track:DDR_DQA0:L3:648:0,track:DDR_DQSA0_P:L3:652:8,0.2298097039,0.1282097039,False,3,0.13,0.39,True,True,True,
DDR_DQA0,DDR_DQSB0_N,A_BYTE0,B_BYTE0,L3,actual_interconnect_only,track:DDR_DQA0:L3:648:38,track:DDR_DQSB0_N:L3:650:44,9.425,9.3234,False,3,0.13,0.39,False,False,False,
DDR_DQA0,DDR_DQSB0_N,A_BYTE0,B_BYTE0,L3,all_inner_layer_traces,track:DDR_DQA0:L3:648:38,track:DDR_DQSB0_N:L3:650:44,9.425,9.3234,False,3,0.13,0.39,False,False,False,
DDR_DQA0,DDR_DQSB0_P,A_BYTE0,B_BYTE0,L3,actual_interconnect_only,track:DDR_DQA0:L3:648:38,track:DDR_DQSB0_P:L3:651:67,8.775,8.6734,False,3,0.13,0.39,False,False,False,
DDR_DQA0,DDR_DQSB0_P,A_BYTE0,B_BYTE0,L3,all_inner_layer_traces,track:DDR_DQA0:L3:648:38,track:DDR_DQSB0_P:L3:651:67,8.775,8.6734,False,3,0.13,0.39,False,False,False,
DDR_DQA0,DDR_DQSB1_N,A_BYTE0,B_BYTE1,L3,actual_interconnect_only,track:DDR_DQA0:L3:648:11,track:DDR_DQSB1_N:L3:697:37,10.0676190395,9.9660190395,False,3,0.13,0.39,False,False,False,
DDR_DQA0,DDR_DQSB1_N,A_BYTE0,B_BYTE1,L3,all_inner_layer_traces,track:DDR_DQA0:L3:648:11,track:DDR_DQSB1_N:L3:697:37,10.0676190395,9.9660190395,False,3,0.13,0.39,False,False,False,
DDR_DQA0,DDR_DQSB1_P,A_BYTE0,B_BYTE1,L3,actual_interconnect_only,track:DDR_DQA0:L3:648:5,track:DDR_DQSB1_P:L3:690:14,11.5100024435,11.4084024435,False,3,0.13,0.39,False,False,False,
DDR_DQA0,DDR_DQSB1_P,A_BYTE0,B_BYTE1,L3,all_inner_layer_traces,track:DDR_DQA0:L3:648:5,track:DDR_DQSB1_P:L3:690:14,11.5100024435,11.4084024435,False,3,0.13,0.39,False,False,False,
DDR_DQA1,DDR_DQA2,A_BYTE0,A_BYTE0,L3,actual_interconnect_only,track:DDR_DQA1:L3:658:3,track:DDR_DQA2:L3:668:0,0.325,0.2234,False,2,0.13,0.26,True,True,False,
DDR_DQA1,DDR_DQA2,A_BYTE0,A_BYTE0,L3,all_inner_layer_traces,track:DDR_DQA1:L3:658:3,track:DDR_DQA2:L3:668:0,0.325,0.2234,False,2,0.13,0.26,True,True,False,
DDR_DQA1,DDR_DQA4,A_BYTE0,A_BYTE0,L3,actual_interconnect_only,track:DDR_DQA1:L3:658:14,track:DDR_DQA4:L3:659:75,0.325,0.2234,False,2,0.13,0.26,True,True,False,
DDR_DQA1,DDR_DQA4,A_BYTE0,A_BYTE0,L3,all_inner_layer_traces,track:DDR_DQA1:L3:658:14,track:DDR_DQA4:L3:659:75,0.325,0.2234,False,2,0.13,0.26,True,True,False,
DDR_DQA1,DDR_DQA5,A_BYTE0,A_BYTE0,L3,actual_interconnect_only,track:DDR_DQA1:L3:658:13,track:DDR_DQA5:L3:667:8,0.2088846871,0.1072846871,False,2,0.13,0.26,True,True,True,
DDR_DQA1,DDR_DQA5,A_BYTE0,A_BYTE0,L3,all_inner_layer_traces,track:DDR_DQA1:L3:658:13,track:DDR_DQA5:L3:667:8,0.2088846871,0.1072846871,False,2,0.13,0.26,True,True,True,
DDR_DQA1,DDR_DQA6,A_BYTE0,A_BYTE0,L3,actual_interconnect_only,track:DDR_DQA1:L3:658:13,track:DDR_DQA6:L3:674:6,0.828590671,0.726990671,False,2,0.13,0.26,False,False,False,
DDR_DQA1,DDR_DQA6,A_BYTE0,A_BYTE0,L3,all_inner_layer_traces,track:DDR_DQA1:L3:658:13,track:DDR_DQA6:L3:674:6,0.828590671,0.726990671,False,2,0.13,0.26,False,False,False,
DDR_DQA1,DDR_DQA8,A_BYTE0,A_BYTE1,L3,actual_interconnect_only,track:DDR_DQA1:L3:658:4,track:DDR_DQA8:L3:708:0,1.3788582233,1.2772582233,False,3,0.13,0.39,False,False,False,
DDR_DQA1,DDR_DQA8,A_BYTE0,A_BYTE1,L3,all_inner_layer_traces,track:DDR_DQA1:L3:658:4,track:DDR_DQA8:L3:708:0,1.3788582233,1.2772582233,False,3,0.13,0.39,False,False,False,
DDR_DQA1,DDR_DQB10,A_BYTE0,B_BYTE1,L3,actual_interconnect_only,track:DDR_DQA1:L3:658:7,track:DDR_DQB10:L3:703:3,7.8,7.6984,False,3,0.13,0.39,False,False,False,
DDR_DQA1,DDR_DQB10,A_BYTE0,B_BYTE1,L3,all_inner_layer_traces,track:DDR_DQA1:L3:658:7,track:DDR_DQB10:L3:703:3,7.8,7.6984,False,3,0.13,0.39,False,False,False,
DDR_DQA1,DDR_DQB12,A_BYTE0,B_BYTE1,L3,actual_interconnect_only,track:DDR_DQA1:L3:658:8,track:DDR_DQB12:L3:691:3,7.15,7.0484,False,3,0.13,0.39,False,False,False,
DDR_DQA1,DDR_DQB12,A_BYTE0,B_BYTE1,L3,all_inner_layer_traces,track:DDR_DQA1:L3:658:8,track:DDR_DQB12:L3:691:3,7.15,7.0484,False,3,0.13,0.39,False,False,False,
DDR_DQA1,DDR_DQB13,A_BYTE0,B_BYTE1,L3,actual_interconnect_only,track:DDR_DQA1:L3:658:14,track:DDR_DQB13:L3:673:31,8.125,8.0234,False,3,0.13,0.39,False,False,False,
DDR_DQA1,DDR_DQB13,A_BYTE0,B_BYTE1,L3,all_inner_layer_traces,track:DDR_DQA1:L3:658:14,track:DDR_DQB13:L3:673:31,8.125,8.0234,False,3,0.13,0.39,False,False,False,
DDR_DQA1,DDR_DQB14,A_BYTE0,B_BYTE1,L3,actual_interconnect_only,track:DDR_DQA1:L3:658:8,track:DDR_DQB14:L3:681:0,8.775,8.6734,False,3,0.13,0.39,False,False,False,
DDR_DQA1,DDR_DQB14,A_BYTE0,B_BYTE1,L3,all_inner_layer_traces,track:DDR_DQA1:L3:658:8,track:DDR_DQB14:L3:681:0,8.775,8.6734,False,3,0.13,0.39,False,False,False,
DDR_DQA1,DDR_DQB15,A_BYTE0,B_BYTE1,L3,actual_interconnect_only,track:DDR_DQA1:L3:658:8,track:DDR_DQB15:L3:692:0,9.425,9.3234,False,3,0.13,0.39,False,False,False,
DDR_DQA1,DDR_DQB15,A_BYTE0,B_BYTE1,L3,all_inner_layer_traces,track:DDR_DQA1:L3:658:8,track:DDR_DQB15:L3:692:0,9.425,9.3234,False,3,0.13,0.39,False,False,False,
DDR_DQA1,DDR_DQB2,A_BYTE0,B_BYTE0,L3,actual_interconnect_only,track:DDR_DQA1:L3:658:14,track:DDR_DQB2:L3:655:75,5.85,5.7484,False,3,0.13,0.39,False,False,False,
DDR_DQA1,DDR_DQB2,A_BYTE0,B_BYTE0,L3,all_inner_layer_traces,track:DDR_DQA1:L3:658:14,track:DDR_DQB2:L3:655:75,5.85,5.7484,False,3,0.13,0.39,False,False,False,
DDR_DQA1,DDR_DQB4,A_BYTE0,B_BYTE0,L3,actual_interconnect_only,track:DDR_DQA1:L3:658:14,track:DDR_DQB4:L3:663:91,5.2,5.0984,False,3,0.13,0.39,False,False,False,
DDR_DQA1,DDR_DQB4,A_BYTE0,B_BYTE0,L3,all_inner_layer_traces,track:DDR_DQA1:L3:658:14,track:DDR_DQB4:L3:663:91,5.2,5.0984,False,3,0.13,0.39,False,False,False,
DDR_DQA1,DDR_DQB8,A_BYTE0,B_BYTE1,L3,actual_interconnect_only,track:DDR_DQA1:L3:658:8,track:DDR_DQB8:L3:706:0,8.775,8.6734,False,3,0.13,0.39,False,False,False,
DDR_DQA1,DDR_DQB8,A_BYTE0,B_BYTE1,L3,all_inner_layer_traces,track:DDR_DQA1:L3:658:8,track:DDR_DQB8:L3:706:0,8.775,8.6734,False,3,0.13,0.39,False,False,False,
DDR_DQA1,DDR_DQB9,A_BYTE0,B_BYTE1,L3,actual_interconnect_only,track:DDR_DQA1:L3:658:7,track:DDR_DQB9:L3:704:3,8.45,8.3484,False,3,0.13,0.39,False,False,False,
DDR_DQA1,DDR_DQB9,A_BYTE0,B_BYTE1,L3,all_inner_layer_traces,track:DDR_DQA1:L3:658:7,track:DDR_DQB9:L3:704:3,8.45,8.3484,False,3,0.13,0.39,False,False,False,
DDR_DQA1,DDR_DQSA0_N,A_BYTE0,A_BYTE0,L3,actual_interconnect_only,track:DDR_DQA1:L3:658:14,track:DDR_DQSA0_N:L3:657:29,0.325,0.2234,False,3,0.13,0.39,True,True,False,
DDR_DQA1,DDR_DQSA0_N,A_BYTE0,A_BYTE0,L3,all_inner_layer_traces,track:DDR_DQA1:L3:658:14,track:DDR_DQSA0_N:L3:657:29,0.325,0.2234,False,3,0.13,0.39,True,True,False,
DDR_DQA1,DDR_DQSA0_P,A_BYTE0,A_BYTE0,L3,actual_interconnect_only,track:DDR_DQA1:L3:658:19,track:DDR_DQSA0_P:L3:652:47,0.2298097039,0.1282097039,False,3,0.13,0.39,True,True,True,
DDR_DQA1,DDR_DQSA0_P,A_BYTE0,A_BYTE0,L3,all_inner_layer_traces,track:DDR_DQA1:L3:658:19,track:DDR_DQSA0_P:L3:652:47,0.2298097039,0.1282097039,False,3,0.13,0.39,True,True,True,
DDR_DQA1,DDR_DQSB0_N,A_BYTE0,B_BYTE0,L3,actual_interconnect_only,track:DDR_DQA1:L3:658:14,track:DDR_DQSB0_N:L3:650:44,7.15,7.0484,False,3,0.13,0.39,False,False,False,
DDR_DQA1,DDR_DQSB0_N,A_BYTE0,B_BYTE0,L3,all_inner_layer_traces,track:DDR_DQA1:L3:658:14,track:DDR_DQSB0_N:L3:650:44,7.15,7.0484,False,3,0.13,0.39,False,False,False,
DDR_DQA1,DDR_DQSB0_P,A_BYTE0,B_BYTE0,L3,actual_interconnect_only,track:DDR_DQA1:L3:658:14,track:DDR_DQSB0_P:L3:651:67,6.5,6.3984,False,3,0.13,0.39,False,False,False,
DDR_DQA1,DDR_DQSB0_P,A_BYTE0,B_BYTE0,L3,all_inner_layer_traces,track:DDR_DQA1:L3:658:14,track:DDR_DQSB0_P:L3:651:67,6.5,6.3984,False,3,0.13,0.39,False,False,False,
DDR_DQA1,DDR_DQSB1_N,A_BYTE0,B_BYTE1,L3,actual_interconnect_only,track:DDR_DQA1:L3:658:14,track:DDR_DQSB1_N:L3:697:36,7.15,7.0484,False,3,0.13,0.39,False,False,False,
DDR_DQA1,DDR_DQSB1_N,A_BYTE0,B_BYTE1,L3,all_inner_layer_traces,track:DDR_DQA1:L3:658:14,track:DDR_DQSB1_N:L3:697:36,7.15,7.0484,False,3,0.13,0.39,False,False,False,
DDR_DQA1,DDR_DQSB1_P,A_BYTE0,B_BYTE1,L3,actual_interconnect_only,track:DDR_DQA1:L3:658:10,track:DDR_DQSB1_P:L3:690:14,8.762546808,8.660946808,False,3,0.13,0.39,False,False,False,
DDR_DQA1,DDR_DQSB1_P,A_BYTE0,B_BYTE1,L3,all_inner_layer_traces,track:DDR_DQA1:L3:658:10,track:DDR_DQSB1_P:L3:690:14,8.762546808,8.660946808,False,3,0.13,0.39,False,False,False,
DDR_DQA10,DDR_DQA11,A_BYTE1,A_BYTE1,L8,actual_interconnect_only,track:DDR_DQA10:L8:678:23,track:DDR_DQA11:L8:705:28,0.2211475752,0.1195475752,False,2,0.1195,0.239,True,True,True,
DDR_DQA10,DDR_DQA11,A_BYTE1,A_BYTE1,L8,all_inner_layer_traces,track:DDR_DQA10:L8:678:23,track:DDR_DQA11:L8:705:28,0.2211475752,0.1195475752,False,2,0.1195,0.239,True,True,True,
DDR_DQA10,DDR_DQA12,A_BYTE1,A_BYTE1,L8,actual_interconnect_only,track:DDR_DQA10:L8:678:6,track:DDR_DQA12:L8:688:5,0.0,-0.1016,False,2,0.1195,0.239,True,True,True,
DDR_DQA10,DDR_DQA12,A_BYTE1,A_BYTE1,L8,all_inner_layer_traces,track:DDR_DQA10:L8:678:6,track:DDR_DQA12:L8:688:5,0.0,-0.1016,False,2,0.1195,0.239,True,True,True,
DDR_DQA10,DDR_DQA13,A_BYTE1,A_BYTE1,L8,actual_interconnect_only,track:DDR_DQA10:L8:678:10,track:DDR_DQA13:L8:693:7,0.0,-0.1016,False,2,0.1195,0.239,True,True,True,
DDR_DQA10,DDR_DQA13,A_BYTE1,A_BYTE1,L8,all_inner_layer_traces,track:DDR_DQA10:L8:678:10,track:DDR_DQA13:L8:693:7,0.0,-0.1016,False,2,0.1195,0.239,True,True,True,
DDR_DQA10,DDR_DQA14,A_BYTE1,A_BYTE1,L8,actual_interconnect_only,track:DDR_DQA10:L8:678:33,track:DDR_DQA14:L8:683:6,0.325,0.2234,False,2,0.1195,0.239,True,True,False,
DDR_DQA10,DDR_DQA14,A_BYTE1,A_BYTE1,L8,all_inner_layer_traces,track:DDR_DQA10:L8:678:33,track:DDR_DQA14:L8:683:6,0.325,0.2234,False,2,0.1195,0.239,True,True,False,
DDR_DQA10,DDR_DQA15,A_BYTE1,A_BYTE1,L8,actual_interconnect_only,track:DDR_DQA10:L8:678:9,track:DDR_DQA15:L8:698:2,1.4625,1.3609,False,2,0.1195,0.239,False,False,False,
DDR_DQA10,DDR_DQA15,A_BYTE1,A_BYTE1,L8,all_inner_layer_traces,track:DDR_DQA10:L8:678:9,track:DDR_DQA15:L8:698:2,1.4625,1.3609,False,2,0.1195,0.239,False,False,False,
DDR_DQA10,DDR_DQA3,A_BYTE1,A_BYTE0,L8,actual_interconnect_only,track:DDR_DQA10:L8:678:0,track:DDR_DQA3:L8:649:1,0.9783795595,0.8767795595,False,3,0.1195,0.3585,False,False,False,
DDR_DQA10,DDR_DQA3,A_BYTE1,A_BYTE0,L8,all_inner_layer_traces,track:DDR_DQA10:L8:678:0,track:DDR_DQA3:L8:649:1,0.9783795595,0.8767795595,False,3,0.1195,0.3585,False,False,False,
DDR_DQA10,DDR_DQA7,A_BYTE1,A_BYTE0,L8,actual_interconnect_only,track:DDR_DQA10:L8:678:33,track:DDR_DQA7:L8:669:5,2.84375,2.74215,False,3,0.1195,0.3585,False,False,False,
DDR_DQA10,DDR_DQA7,A_BYTE1,A_BYTE0,L8,all_inner_layer_traces,track:DDR_DQA10:L8:678:33,track:DDR_DQA7:L8:669:5,2.84375,2.74215,False,3,0.1195,0.3585,False,False,False,
DDR_DQA10,DDR_DQA9,A_BYTE1,A_BYTE1,L8,actual_interconnect_only,track:DDR_DQA10:L8:678:33,track:DDR_DQA9:L8:686:16,0.975,0.8734,False,2,0.1195,0.239,False,False,False,
DDR_DQA10,DDR_DQA9,A_BYTE1,A_BYTE1,L8,all_inner_layer_traces,track:DDR_DQA10:L8:678:33,track:DDR_DQA9:L8:686:16,0.975,0.8734,False,2,0.1195,0.239,False,False,False,
DDR_DQA10,DDR_DQB0,A_BYTE1,B_BYTE0,L8,actual_interconnect_only,track:DDR_DQA10:L8:678:3,track:DDR_DQB0:L8:653:0,8.2415700302,8.1399700302,False,3,0.1195,0.3585,False,False,False,
DDR_DQA10,DDR_DQB0,A_BYTE1,B_BYTE0,L8,all_inner_layer_traces,track:DDR_DQA10:L8:678:3,track:DDR_DQB0:L8:653:0,8.2415700302,8.1399700302,False,3,0.1195,0.3585,False,False,False,
DDR_DQA10,DDR_DQB1,A_BYTE1,B_BYTE0,L8,actual_interconnect_only,track:DDR_DQA10:L8:678:4,track:DDR_DQB1:L8:662:0,8.125,8.0234,False,3,0.1195,0.3585,False,False,False,
DDR_DQA10,DDR_DQB1,A_BYTE1,B_BYTE0,L8,all_inner_layer_traces,track:DDR_DQA10:L8:678:4,track:DDR_DQB1:L8:662:0,8.125,8.0234,False,3,0.1195,0.3585,False,False,False,
DDR_DQA10,DDR_DQB11,A_BYTE1,B_BYTE1,L8,actual_interconnect_only,track:DDR_DQA10:L8:678:8,track:DDR_DQB11:L8:694:70,5.2404675364,5.1388675364,False,3,0.1195,0.3585,False,False,False,
DDR_DQA10,DDR_DQB11,A_BYTE1,B_BYTE1,L8,all_inner_layer_traces,track:DDR_DQA10:L8:678:8,track:DDR_DQB11:L8:694:70,5.2404675364,5.1388675364,False,3,0.1195,0.3585,False,False,False,
DDR_DQA10,DDR_DQB3,A_BYTE1,B_BYTE0,L8,actual_interconnect_only,track:DDR_DQA10:L8:678:3,track:DDR_DQB3:L8:646:0,7.6672624882,7.5656624882,False,3,0.1195,0.3585,False,False,False,
DDR_DQA10,DDR_DQB3,A_BYTE1,B_BYTE0,L8,all_inner_layer_traces,track:DDR_DQA10:L8:678:3,track:DDR_DQB3:L8:646:0,7.6672624882,7.5656624882,False,3,0.1195,0.3585,False,False,False,
DDR_DQA10,DDR_DQB5,A_BYTE1,B_BYTE0,L8,actual_interconnect_only,track:DDR_DQA10:L8:678:3,track:DDR_DQB5:L8:665:0,7.1615318936,7.0599318936,False,3,0.1195,0.3585,False,False,False,
DDR_DQA10,DDR_DQB5,A_BYTE1,B_BYTE0,L8,all_inner_layer_traces,track:DDR_DQA10:L8:678:3,track:DDR_DQB5:L8:665:0,7.1615318936,7.0599318936,False,3,0.1195,0.3585,False,False,False,
DDR_DQA10,DDR_DQB6,A_BYTE1,B_BYTE0,L8,actual_interconnect_only,track:DDR_DQA10:L8:678:3,track:DDR_DQB6:L8:664:0,6.8254836138,6.7238836138,False,3,0.1195,0.3585,False,False,False,
DDR_DQA10,DDR_DQB6,A_BYTE1,B_BYTE0,L8,all_inner_layer_traces,track:DDR_DQA10:L8:678:3,track:DDR_DQB6:L8:664:0,6.8254836138,6.7238836138,False,3,0.1195,0.3585,False,False,False,
DDR_DQA10,DDR_DQB7,A_BYTE1,B_BYTE0,L8,actual_interconnect_only,track:DDR_DQA10:L8:678:4,track:DDR_DQB7:L8:660:0,7.475,7.3734,False,3,0.1195,0.3585,False,False,False,
DDR_DQA10,DDR_DQB7,A_BYTE1,B_BYTE0,L8,all_inner_layer_traces,track:DDR_DQA10:L8:678:4,track:DDR_DQB7:L8:660:0,7.475,7.3734,False,3,0.1195,0.3585,False,False,False,
DDR_DQA10,DDR_DQSA1_N,A_BYTE1,A_BYTE1,L8,actual_interconnect_only,track:DDR_DQA10:L8:678:29,track:DDR_DQSA1_N:L8:687:30,0.5745242597,0.4729242597,False,3,0.1195,0.3585,False,False,False,
DDR_DQA10,DDR_DQSA1_N,A_BYTE1,A_BYTE1,L8,all_inner_layer_traces,track:DDR_DQA10:L8:678:29,track:DDR_DQSA1_N:L8:687:30,0.5745242597,0.4729242597,False,3,0.1195,0.3585,False,False,False,
DDR_DQA10,DDR_DQSA1_P,A_BYTE1,A_BYTE1,L8,actual_interconnect_only,track:DDR_DQA10:L8:678:33,track:DDR_DQSA1_P:L8:710:18,0.969072527,0.867472527,False,3,0.1195,0.3585,False,False,False,
DDR_DQA10,DDR_DQSA1_P,A_BYTE1,A_BYTE1,L8,all_inner_layer_traces,track:DDR_DQA10:L8:678:33,track:DDR_DQSA1_P:L8:710:18,0.969072527,0.867472527,False,3,0.1195,0.3585,False,False,False,
DDR_DQA11,DDR_DQA12,A_BYTE1,A_BYTE1,L8,actual_interconnect_only,track:DDR_DQA11:L8:705:7,track:DDR_DQA12:L8:688:2,0.2298097039,0.1282097039,False,2,0.1195,0.239,True,True,True,
DDR_DQA11,DDR_DQA12,A_BYTE1,A_BYTE1,L8,all_inner_layer_traces,track:DDR_DQA11:L8:705:7,track:DDR_DQA12:L8:688:2,0.2298097039,0.1282097039,False,2,0.1195,0.239,True,True,True,
DDR_DQA11,DDR_DQA13,A_BYTE1,A_BYTE1,L8,actual_interconnect_only,track:DDR_DQA11:L8:705:16,track:DDR_DQA13:L8:693:7,0.0,-0.1016,False,2,0.1195,0.239,True,True,True,
DDR_DQA11,DDR_DQA13,A_BYTE1,A_BYTE1,L8,all_inner_layer_traces,track:DDR_DQA11:L8:705:16,track:DDR_DQA13:L8:693:7,0.0,-0.1016,False,2,0.1195,0.239,True,True,True,
DDR_DQA11,DDR_DQA14,A_BYTE1,A_BYTE1,L8,actual_interconnect_only,track:DDR_DQA11:L8:705:27,track:DDR_DQA14:L8:683:4,0.2298097039,0.1282097039,False,2,0.1195,0.239,True,True,True,
DDR_DQA11,DDR_DQA14,A_BYTE1,A_BYTE1,L8,all_inner_layer_traces,track:DDR_DQA11:L8:705:27,track:DDR_DQA14:L8:683:4,0.2298097039,0.1282097039,False,2,0.1195,0.239,True,True,True,
DDR_DQA11,DDR_DQA15,A_BYTE1,A_BYTE1,L8,actual_interconnect_only,track:DDR_DQA11:L8:705:17,track:DDR_DQA15:L8:698:2,1.1237840651,1.0221840651,False,2,0.1195,0.239,False,False,False,
DDR_DQA11,DDR_DQA15,A_BYTE1,A_BYTE1,L8,all_inner_layer_traces,track:DDR_DQA11:L8:705:17,track:DDR_DQA15:L8:698:2,1.1237840651,1.0221840651,False,2,0.1195,0.239,False,False,False,
DDR_DQA11,DDR_DQA3,A_BYTE1,A_BYTE0,L8,actual_interconnect_only,track:DDR_DQA11:L8:705:0,track:DDR_DQA3:L8:649:1,0.8002196964,0.6986196964,False,3,0.1195,0.3585,False,False,False,
DDR_DQA11,DDR_DQA3,A_BYTE1,A_BYTE0,L8,all_inner_layer_traces,track:DDR_DQA11:L8:705:0,track:DDR_DQA3:L8:649:1,0.8002196964,0.6986196964,False,3,0.1195,0.3585,False,False,False,
DDR_DQA11,DDR_DQA7,A_BYTE1,A_BYTE0,L8,actual_interconnect_only,track:DDR_DQA11:L8:705:6,track:DDR_DQA7:L8:669:0,2.925,2.8234,False,3,0.1195,0.3585,False,False,False,
DDR_DQA11,DDR_DQA7,A_BYTE1,A_BYTE0,L8,all_inner_layer_traces,track:DDR_DQA11:L8:705:6,track:DDR_DQA7:L8:669:0,2.925,2.8234,False,3,0.1195,0.3585,False,False,False,
DDR_DQA11,DDR_DQA9,A_BYTE1,A_BYTE1,L8,actual_interconnect_only,track:DDR_DQA11:L8:705:5,track:DDR_DQA9:L8:686:0,0.40625,0.30465,False,2,0.1195,0.239,False,True,False,
DDR_DQA11,DDR_DQA9,A_BYTE1,A_BYTE1,L8,all_inner_layer_traces,track:DDR_DQA11:L8:705:5,track:DDR_DQA9:L8:686:0,0.40625,0.30465,False,2,0.1195,0.239,False,True,False,
DDR_DQA11,DDR_DQB0,A_BYTE1,B_BYTE0,L8,actual_interconnect_only,track:DDR_DQA11:L8:705:9,track:DDR_DQB0:L8:653:4,9.1520830962,9.0504830962,False,3,0.1195,0.3585,False,False,False,
DDR_DQA11,DDR_DQB0,A_BYTE1,B_BYTE0,L8,all_inner_layer_traces,track:DDR_DQA11:L8:705:9,track:DDR_DQB0:L8:653:4,9.1520830962,9.0504830962,False,3,0.1195,0.3585,False,False,False,
DDR_DQA11,DDR_DQB1,A_BYTE1,B_BYTE0,L8,actual_interconnect_only,track:DDR_DQA11:L8:705:9,track:DDR_DQB1:L8:662:0,8.8054160357,8.7038160357,False,3,0.1195,0.3585,False,False,False,
DDR_DQA11,DDR_DQB1,A_BYTE1,B_BYTE0,L8,all_inner_layer_traces,track:DDR_DQA11:L8:705:9,track:DDR_DQB1:L8:662:0,8.8054160357,8.7038160357,False,3,0.1195,0.3585,False,False,False,
DDR_DQA11,DDR_DQB11,A_BYTE1,B_BYTE1,L8,actual_interconnect_only,track:DDR_DQA11:L8:705:16,track:DDR_DQB11:L8:694:70,5.7974165852,5.6958165852,False,3,0.1195,0.3585,False,False,False,
DDR_DQA11,DDR_DQB11,A_BYTE1,B_BYTE1,L8,all_inner_layer_traces,track:DDR_DQA11:L8:705:16,track:DDR_DQB11:L8:694:70,5.7974165852,5.6958165852,False,3,0.1195,0.3585,False,False,False,
DDR_DQA11,DDR_DQB3,A_BYTE1,B_BYTE0,L8,actual_interconnect_only,track:DDR_DQA11:L8:705:9,track:DDR_DQB3:L8:646:0,8.6633229227,8.5617229227,False,3,0.1195,0.3585,False,False,False,
DDR_DQA11,DDR_DQB3,A_BYTE1,B_BYTE0,L8,all_inner_layer_traces,track:DDR_DQA11:L8:705:9,track:DDR_DQB3:L8:646:0,8.6633229227,8.5617229227,False,3,0.1195,0.3585,False,False,False,
DDR_DQA11,DDR_DQB5,A_BYTE1,B_BYTE0,L8,actual_interconnect_only,track:DDR_DQA11:L8:705:9,track:DDR_DQB5:L8:665:0,7.9844404352,7.8828404352,False,3,0.1195,0.3585,False,False,False,
DDR_DQA11,DDR_DQB5,A_BYTE1,B_BYTE0,L8,all_inner_layer_traces,track:DDR_DQA11:L8:705:9,track:DDR_DQB5:L8:665:0,7.9844404352,7.8828404352,False,3,0.1195,0.3585,False,False,False,
DDR_DQA11,DDR_DQB6,A_BYTE1,B_BYTE0,L8,actual_interconnect_only,track:DDR_DQA11:L8:705:9,track:DDR_DQB6:L8:664:0,7.6015443538,7.4999443538,False,3,0.1195,0.3585,False,False,False,
DDR_DQA11,DDR_DQB6,A_BYTE1,B_BYTE0,L8,all_inner_layer_traces,track:DDR_DQA11:L8:705:9,track:DDR_DQB6:L8:664:0,7.6015443538,7.4999443538,False,3,0.1195,0.3585,False,False,False,
DDR_DQA11,DDR_DQB7,A_BYTE1,B_BYTE0,L8,actual_interconnect_only,track:DDR_DQA11:L8:705:9,track:DDR_DQB7:L8:660:0,8.1578398834,8.0562398834,False,3,0.1195,0.3585,False,False,False,
DDR_DQA11,DDR_DQB7,A_BYTE1,B_BYTE0,L8,all_inner_layer_traces,track:DDR_DQA11:L8:705:9,track:DDR_DQB7:L8:660:0,8.1578398834,8.0562398834,False,3,0.1195,0.3585,False,False,False,
DDR_DQA11,DDR_DQSA1_N,A_BYTE1,A_BYTE1,L8,actual_interconnect_only,track:DDR_DQA11:L8:705:29,track:DDR_DQSA1_N:L8:687:30,1.0307764064,0.9291764064,False,3,0.1195,0.3585,False,False,False,
DDR_DQA11,DDR_DQSA1_N,A_BYTE1,A_BYTE1,L8,all_inner_layer_traces,track:DDR_DQA11:L8:705:29,track:DDR_DQSA1_N:L8:687:30,1.0307764064,0.9291764064,False,3,0.1195,0.3585,False,False,False,
DDR_DQA11,DDR_DQSA1_P,A_BYTE1,A_BYTE1,L8,actual_interconnect_only,track:DDR_DQA11:L8:705:29,track:DDR_DQSA1_P:L8:710:18,1.4854634167,1.3838634167,False,3,0.1195,0.3585,False,False,False,
DDR_DQA11,DDR_DQSA1_P,A_BYTE1,A_BYTE1,L8,all_inner_layer_traces,track:DDR_DQA11:L8:705:29,track:DDR_DQSA1_P:L8:710:18,1.4854634167,1.3838634167,False,3,0.1195,0.3585,False,False,False,
DDR_DQA12,DDR_DQA13,A_BYTE1,A_BYTE1,L8,actual_interconnect_only,track:DDR_DQA12:L8:688:19,track:DDR_DQA13:L8:693:18,0.3359920014,0.2343920014,False,2,0.1195,0.239,True,True,False,
DDR_DQA12,DDR_DQA13,A_BYTE1,A_BYTE1,L8,all_inner_layer_traces,track:DDR_DQA12:L8:688:19,track:DDR_DQA13:L8:693:18,0.3359920014,0.2343920014,False,2,0.1195,0.239,True,True,False,
DDR_DQA12,DDR_DQA14,A_BYTE1,A_BYTE1,L8,actual_interconnect_only,track:DDR_DQA12:L8:688:0,track:DDR_DQA14:L8:683:3,1.0277402396,0.9261402396,False,2,0.1195,0.239,False,False,False,
DDR_DQA12,DDR_DQA14,A_BYTE1,A_BYTE1,L8,all_inner_layer_traces,track:DDR_DQA12:L8:688:0,track:DDR_DQA14:L8:683:3,1.0277402396,0.9261402396,False,2,0.1195,0.239,False,False,False,
DDR_DQA12,DDR_DQA15,A_BYTE1,A_BYTE1,L8,actual_interconnect_only,track:DDR_DQA12:L8:688:0,track:DDR_DQA15:L8:698:0,1.7819516162,1.6803516162,False,2,0.1195,0.239,False,False,False,
DDR_DQA12,DDR_DQA15,A_BYTE1,A_BYTE1,L8,all_inner_layer_traces,track:DDR_DQA12:L8:688:0,track:DDR_DQA15:L8:698:0,1.7819516162,1.6803516162,False,2,0.1195,0.239,False,False,False,
DDR_DQA12,DDR_DQA3,A_BYTE1,A_BYTE0,L8,actual_interconnect_only,track:DDR_DQA12:L8:688:0,track:DDR_DQA3:L8:649:1,1.4189702472,1.3173702472,False,3,0.1195,0.3585,False,False,False,
DDR_DQA12,DDR_DQA3,A_BYTE1,A_BYTE0,L8,all_inner_layer_traces,track:DDR_DQA12:L8:688:0,track:DDR_DQA3:L8:649:1,1.4189702472,1.3173702472,False,3,0.1195,0.3585,False,False,False,
DDR_DQA12,DDR_DQA7,A_BYTE1,A_BYTE0,L8,actual_interconnect_only,track:DDR_DQA12:L8:688:0,track:DDR_DQA7:L8:669:0,3.25,3.1484,False,3,0.1195,0.3585,False,False,False,
DDR_DQA12,DDR_DQA7,A_BYTE1,A_BYTE0,L8,all_inner_layer_traces,track:DDR_DQA12:L8:688:0,track:DDR_DQA7:L8:669:0,3.25,3.1484,False,3,0.1195,0.3585,False,False,False,
DDR_DQA12,DDR_DQA9,A_BYTE1,A_BYTE1,L8,actual_interconnect_only,track:DDR_DQA12:L8:688:0,track:DDR_DQA9:L8:686:0,0.8125,0.7109,False,2,0.1195,0.239,False,False,False,
DDR_DQA12,DDR_DQA9,A_BYTE1,A_BYTE1,L8,all_inner_layer_traces,track:DDR_DQA12:L8:688:0,track:DDR_DQA9:L8:686:0,0.8125,0.7109,False,2,0.1195,0.239,False,False,False,
DDR_DQA12,DDR_DQB0,A_BYTE1,B_BYTE0,L8,actual_interconnect_only,track:DDR_DQA12:L8:688:9,track:DDR_DQB0:L8:653:4,7.8607013046,7.7591013046,False,3,0.1195,0.3585,False,False,False,
DDR_DQA12,DDR_DQB0,A_BYTE1,B_BYTE0,L8,all_inner_layer_traces,track:DDR_DQA12:L8:688:9,track:DDR_DQB0:L8:653:4,7.8607013046,7.7591013046,False,3,0.1195,0.3585,False,False,False,
DDR_DQA12,DDR_DQB1,A_BYTE1,B_BYTE0,L8,actual_interconnect_only,track:DDR_DQA12:L8:688:9,track:DDR_DQB1:L8:662:0,7.5106824965,7.4090824965,False,3,0.1195,0.3585,False,False,False,
DDR_DQA12,DDR_DQB1,A_BYTE1,B_BYTE0,L8,all_inner_layer_traces,track:DDR_DQA12:L8:688:9,track:DDR_DQB1:L8:662:0,7.5106824965,7.4090824965,False,3,0.1195,0.3585,False,False,False,
DDR_DQA12,DDR_DQB11,A_BYTE1,B_BYTE1,L8,actual_interconnect_only,track:DDR_DQA12:L8:688:10,track:DDR_DQB11:L8:694:70,3.9,3.7984,False,3,0.1195,0.3585,False,False,False,
DDR_DQA12,DDR_DQB11,A_BYTE1,B_BYTE1,L8,all_inner_layer_traces,track:DDR_DQA12:L8:688:10,track:DDR_DQB11:L8:694:70,3.9,3.7984,False,3,0.1195,0.3585,False,False,False,
DDR_DQA12,DDR_DQB3,A_BYTE1,B_BYTE0,L8,actual_interconnect_only,track:DDR_DQA12:L8:688:12,track:DDR_DQB3:L8:646:28,6.7998305356,6.6982305356,False,3,0.1195,0.3585,False,False,False,
DDR_DQA12,DDR_DQB3,A_BYTE1,B_BYTE0,L8,all_inner_layer_traces,track:DDR_DQA12:L8:688:12,track:DDR_DQB3:L8:646:28,6.7998305356,6.6982305356,False,3,0.1195,0.3585,False,False,False,
DDR_DQA12,DDR_DQB5,A_BYTE1,B_BYTE0,L8,actual_interconnect_only,track:DDR_DQA12:L8:688:10,track:DDR_DQB5:L8:665:55,6.1288572038,6.0272572038,False,3,0.1195,0.3585,False,False,False,
DDR_DQA12,DDR_DQB5,A_BYTE1,B_BYTE0,L8,all_inner_layer_traces,track:DDR_DQA12:L8:688:10,track:DDR_DQB5:L8:665:55,6.1288572038,6.0272572038,False,3,0.1195,0.3585,False,False,False,
DDR_DQA12,DDR_DQB6,A_BYTE1,B_BYTE0,L8,actual_interconnect_only,track:DDR_DQA12:L8:688:9,track:DDR_DQB6:L8:664:0,6.3275964285,6.2259964285,False,3,0.1195,0.3585,False,False,False,
DDR_DQA12,DDR_DQB6,A_BYTE1,B_BYTE0,L8,all_inner_layer_traces,track:DDR_DQA12:L8:688:9,track:DDR_DQB6:L8:664:0,6.3275964285,6.2259964285,False,3,0.1195,0.3585,False,False,False,
DDR_DQA12,DDR_DQB7,A_BYTE1,B_BYTE0,L8,actual_interconnect_only,track:DDR_DQA12:L8:688:9,track:DDR_DQB7:L8:660:0,6.8640623222,6.7624623222,False,3,0.1195,0.3585,False,False,False,
DDR_DQA12,DDR_DQB7,A_BYTE1,B_BYTE0,L8,all_inner_layer_traces,track:DDR_DQA12:L8:688:9,track:DDR_DQB7:L8:660:0,6.8640623222,6.7624623222,False,3,0.1195,0.3585,False,False,False,
DDR_DQA12,DDR_DQSA1_N,A_BYTE1,A_BYTE1,L8,actual_interconnect_only,track:DDR_DQA12:L8:688:19,track:DDR_DQSA1_N:L8:687:29,0.8050621094,0.7034621094,False,3,0.1195,0.3585,False,False,False,
DDR_DQA12,DDR_DQSA1_N,A_BYTE1,A_BYTE1,L8,all_inner_layer_traces,track:DDR_DQA12:L8:688:19,track:DDR_DQSA1_N:L8:687:29,0.8050621094,0.7034621094,False,3,0.1195,0.3585,False,False,False,
DDR_DQA12,DDR_DQSA1_P,A_BYTE1,A_BYTE1,L8,actual_interconnect_only,track:DDR_DQA12:L8:688:19,track:DDR_DQSA1_P:L8:710:19,1.5264337522,1.4248337522,False,3,0.1195,0.3585,False,False,False,
DDR_DQA12,DDR_DQSA1_P,A_BYTE1,A_BYTE1,L8,all_inner_layer_traces,track:DDR_DQA12:L8:688:19,track:DDR_DQSA1_P:L8:710:19,1.5264337522,1.4248337522,False,3,0.1195,0.3585,False,False,False,
DDR_DQA13,DDR_DQA14,A_BYTE1,A_BYTE1,L8,actual_interconnect_only,track:DDR_DQA13:L8:693:0,track:DDR_DQA14:L8:683:3,0.325,0.2234,False,2,0.1195,0.239,True,True,False,
DDR_DQA13,DDR_DQA14,A_BYTE1,A_BYTE1,L8,all_inner_layer_traces,track:DDR_DQA13:L8:693:0,track:DDR_DQA14:L8:683:3,0.325,0.2234,False,2,0.1195,0.239,True,True,False,
DDR_DQA13,DDR_DQA15,A_BYTE1,A_BYTE1,L8,actual_interconnect_only,track:DDR_DQA13:L8:693:0,track:DDR_DQA15:L8:698:0,0.7267220927,0.6251220927,False,2,0.1195,0.239,False,False,False,
DDR_DQA13,DDR_DQA15,A_BYTE1,A_BYTE1,L8,all_inner_layer_traces,track:DDR_DQA13:L8:693:0,track:DDR_DQA15:L8:698:0,0.7267220927,0.6251220927,False,2,0.1195,0.239,False,False,False,
DDR_DQA13,DDR_DQA3,A_BYTE1,A_BYTE0,L8,actual_interconnect_only,track:DDR_DQA13:L8:693:0,track:DDR_DQA3:L8:649:0,1.3,1.1984,False,3,0.1195,0.3585,False,False,False,
DDR_DQA13,DDR_DQA3,A_BYTE1,A_BYTE0,L8,all_inner_layer_traces,track:DDR_DQA13:L8:693:0,track:DDR_DQA3:L8:649:0,1.3,1.1984,False,3,0.1195,0.3585,False,False,False,
DDR_DQA13,DDR_DQA7,A_BYTE1,A_BYTE0,L8,actual_interconnect_only,track:DDR_DQA13:L8:693:0,track:DDR_DQA7:L8:669:0,2.6,2.4984,False,3,0.1195,0.3585,False,False,False,
DDR_DQA13,DDR_DQA7,A_BYTE1,A_BYTE0,L8,all_inner_layer_traces,track:DDR_DQA13:L8:693:0,track:DDR_DQA7:L8:669:0,2.6,2.4984,False,3,0.1195,0.3585,False,False,False,
DDR_DQA13,DDR_DQA9,A_BYTE1,A_BYTE1,L8,actual_interconnect_only,track:DDR_DQA13:L8:693:0,track:DDR_DQA9:L8:686:0,0.4875,0.3859,False,2,0.1195,0.239,False,False,False,
DDR_DQA13,DDR_DQA9,A_BYTE1,A_BYTE1,L8,all_inner_layer_traces,track:DDR_DQA13:L8:693:0,track:DDR_DQA9:L8:686:0,0.4875,0.3859,False,2,0.1195,0.239,False,False,False,
DDR_DQA13,DDR_DQB0,A_BYTE1,B_BYTE0,L8,actual_interconnect_only,track:DDR_DQA13:L8:693:11,track:DDR_DQB0:L8:653:10,8.69375,8.59215,False,3,0.1195,0.3585,False,False,False,
DDR_DQA13,DDR_DQB0,A_BYTE1,B_BYTE0,L8,all_inner_layer_traces,track:DDR_DQA13:L8:693:11,track:DDR_DQB0:L8:653:10,8.69375,8.59215,False,3,0.1195,0.3585,False,False,False,
DDR_DQA13,DDR_DQB1,A_BYTE1,B_BYTE0,L8,actual_interconnect_only,track:DDR_DQA13:L8:693:11,track:DDR_DQB1:L8:662:4,8.45,8.3484,False,3,0.1195,0.3585,False,False,False,
DDR_DQA13,DDR_DQB1,A_BYTE1,B_BYTE0,L8,all_inner_layer_traces,track:DDR_DQA13:L8:693:11,track:DDR_DQB1:L8:662:4,8.45,8.3484,False,3,0.1195,0.3585,False,False,False,
DDR_DQA13,DDR_DQB11,A_BYTE1,B_BYTE1,L8,actual_interconnect_only,track:DDR_DQA13:L8:693:12,track:DDR_DQB11:L8:694:70,4.55,4.4484,False,3,0.1195,0.3585,False,False,False,
DDR_DQA13,DDR_DQB11,A_BYTE1,B_BYTE1,L8,all_inner_layer_traces,track:DDR_DQA13:L8:693:12,track:DDR_DQB11:L8:694:70,4.55,4.4484,False,3,0.1195,0.3585,False,False,False,
DDR_DQA13,DDR_DQB3,A_BYTE1,B_BYTE0,L8,actual_interconnect_only,track:DDR_DQA13:L8:693:12,track:DDR_DQB3:L8:646:28,7.7259733408,7.6243733408,False,3,0.1195,0.3585,False,False,False,
DDR_DQA13,DDR_DQB3,A_BYTE1,B_BYTE0,L8,all_inner_layer_traces,track:DDR_DQA13:L8:693:12,track:DDR_DQB3:L8:646:28,7.7259733408,7.6243733408,False,3,0.1195,0.3585,False,False,False,
DDR_DQA13,DDR_DQB5,A_BYTE1,B_BYTE0,L8,actual_interconnect_only,track:DDR_DQA13:L8:693:12,track:DDR_DQB5:L8:665:55,7.0430207032,6.9414207032,False,3,0.1195,0.3585,False,False,False,
DDR_DQA13,DDR_DQB5,A_BYTE1,B_BYTE0,L8,all_inner_layer_traces,track:DDR_DQA13:L8:693:12,track:DDR_DQB5:L8:665:55,7.0430207032,6.9414207032,False,3,0.1195,0.3585,False,False,False,
DDR_DQA13,DDR_DQB6,A_BYTE1,B_BYTE0,L8,actual_interconnect_only,track:DDR_DQA13:L8:693:11,track:DDR_DQB6:L8:664:4,7.15,7.0484,False,3,0.1195,0.3585,False,False,False,
DDR_DQA13,DDR_DQB6,A_BYTE1,B_BYTE0,L8,all_inner_layer_traces,track:DDR_DQA13:L8:693:11,track:DDR_DQB6:L8:664:4,7.15,7.0484,False,3,0.1195,0.3585,False,False,False,
DDR_DQA13,DDR_DQB7,A_BYTE1,B_BYTE0,L8,actual_interconnect_only,track:DDR_DQA13:L8:693:11,track:DDR_DQB7:L8:660:4,7.8,7.6984,False,3,0.1195,0.3585,False,False,False,
DDR_DQA13,DDR_DQB7,A_BYTE1,B_BYTE0,L8,all_inner_layer_traces,track:DDR_DQA13:L8:693:11,track:DDR_DQB7:L8:660:4,7.8,7.6984,False,3,0.1195,0.3585,False,False,False,
DDR_DQA13,DDR_DQSA1_N,A_BYTE1,A_BYTE1,L8,actual_interconnect_only,track:DDR_DQA13:L8:693:23,track:DDR_DQSA1_N:L8:687:22,0.325,0.2234,False,3,0.1195,0.3585,True,True,False,
DDR_DQA13,DDR_DQSA1_N,A_BYTE1,A_BYTE1,L8,all_inner_layer_traces,track:DDR_DQA13:L8:693:23,track:DDR_DQSA1_N:L8:687:22,0.325,0.2234,False,3,0.1195,0.3585,True,True,False,
DDR_DQA13,DDR_DQSA1_P,A_BYTE1,A_BYTE1,L8,actual_interconnect_only,track:DDR_DQA13:L8:693:23,track:DDR_DQSA1_P:L8:710:19,1.0307764064,0.9291764064,False,3,0.1195,0.3585,False,False,False,
DDR_DQA13,DDR_DQSA1_P,A_BYTE1,A_BYTE1,L8,all_inner_layer_traces,track:DDR_DQA13:L8:693:23,track:DDR_DQSA1_P:L8:710:19,1.0307764064,0.9291764064,False,3,0.1195,0.3585,False,False,False,
DDR_DQA14,DDR_DQA15,A_BYTE1,A_BYTE1,L8,actual_interconnect_only,track:DDR_DQA14:L8:683:4,track:DDR_DQA15:L8:698:1,0.24375,0.14215,False,2,0.1195,0.239,True,True,True,
DDR_DQA14,DDR_DQA15,A_BYTE1,A_BYTE1,L8,all_inner_layer_traces,track:DDR_DQA14:L8:683:4,track:DDR_DQA15:L8:698:1,0.24375,0.14215,False,2,0.1195,0.239,True,True,True,
DDR_DQA14,DDR_DQA3,A_BYTE1,A_BYTE0,L8,actual_interconnect_only,track:DDR_DQA14:L8:683:0,track:DDR_DQA3:L8:649:0,1.4534441854,1.3518441854,False,3,0.1195,0.3585,False,False,False,
DDR_DQA14,DDR_DQA3,A_BYTE1,A_BYTE0,L8,all_inner_layer_traces,track:DDR_DQA14:L8:683:0,track:DDR_DQA3:L8:649:0,1.4534441854,1.3518441854,False,3,0.1195,0.3585,False,False,False,
DDR_DQA14,DDR_DQA7,A_BYTE1,A_BYTE0,L8,actual_interconnect_only,track:DDR_DQA14:L8:683:15,track:DDR_DQA7:L8:669:16,1.720521814,1.618921814,False,3,0.1195,0.3585,False,False,False,
DDR_DQA14,DDR_DQA7,A_BYTE1,A_BYTE0,L8,all_inner_layer_traces,track:DDR_DQA14:L8:683:15,track:DDR_DQA7:L8:669:16,1.720521814,1.618921814,False,3,0.1195,0.3585,False,False,False,
DDR_DQA14,DDR_DQA9,A_BYTE1,A_BYTE1,L8,actual_interconnect_only,track:DDR_DQA14:L8:683:0,track:DDR_DQA9:L8:686:5,0.325,0.2234,False,2,0.1195,0.239,True,True,False,
DDR_DQA14,DDR_DQA9,A_BYTE1,A_BYTE1,L8,all_inner_layer_traces,track:DDR_DQA14:L8:683:0,track:DDR_DQA9:L8:686:5,0.325,0.2234,False,2,0.1195,0.239,True,True,False,
DDR_DQA14,DDR_DQB0,A_BYTE1,B_BYTE0,L8,actual_interconnect_only,track:DDR_DQA14:L8:683:3,track:DDR_DQB0:L8:653:0,10.425676312,10.324076312,False,3,0.1195,0.3585,False,False,False,
DDR_DQA14,DDR_DQB0,A_BYTE1,B_BYTE0,L8,all_inner_layer_traces,track:DDR_DQA14:L8:683:3,track:DDR_DQB0:L8:653:0,10.425676312,10.324076312,False,3,0.1195,0.3585,False,False,False,
DDR_DQA14,DDR_DQB1,A_BYTE1,B_BYTE0,L8,actual_interconnect_only,track:DDR_DQA14:L8:683:3,track:DDR_DQB1:L8:662:0,10.1015024409,9.9999024409,False,3,0.1195,0.3585,False,False,False,
DDR_DQA14,DDR_DQB1,A_BYTE1,B_BYTE0,L8,all_inner_layer_traces,track:DDR_DQA14:L8:683:3,track:DDR_DQB1:L8:662:0,10.1015024409,9.9999024409,False,3,0.1195,0.3585,False,False,False,
DDR_DQA14,DDR_DQB11,A_BYTE1,B_BYTE1,L8,actual_interconnect_only,track:DDR_DQA14:L8:683:4,track:DDR_DQB11:L8:694:70,6.5611576008,6.4595576008,False,3,0.1195,0.3585,False,False,False,
DDR_DQA14,DDR_DQB11,A_BYTE1,B_BYTE1,L8,all_inner_layer_traces,track:DDR_DQA14:L8:683:4,track:DDR_DQB11:L8:694:70,6.5611576008,6.4595576008,False,3,0.1195,0.3585,False,False,False,
DDR_DQA14,DDR_DQB3,A_BYTE1,B_BYTE0,L8,actual_interconnect_only,track:DDR_DQA14:L8:683:3,track:DDR_DQB3:L8:646:0,9.8928339753,9.7912339753,False,3,0.1195,0.3585,False,False,False,
DDR_DQA14,DDR_DQB3,A_BYTE1,B_BYTE0,L8,all_inner_layer_traces,track:DDR_DQA14:L8:683:3,track:DDR_DQB3:L8:646:0,9.8928339753,9.7912339753,False,3,0.1195,0.3585,False,False,False,
DDR_DQA14,DDR_DQB5,A_BYTE1,B_BYTE0,L8,actual_interconnect_only,track:DDR_DQA14:L8:683:3,track:DDR_DQB5:L8:665:0,9.258579214,9.156979214,False,3,0.1195,0.3585,False,False,False,
DDR_DQA14,DDR_DQB5,A_BYTE1,B_BYTE0,L8,all_inner_layer_traces,track:DDR_DQA14:L8:683:3,track:DDR_DQB5:L8:665:0,9.258579214,9.156979214,False,3,0.1195,0.3585,False,False,False,
DDR_DQA14,DDR_DQB6,A_BYTE1,B_BYTE0,L8,actual_interconnect_only,track:DDR_DQA14:L8:683:3,track:DDR_DQB6:L8:664:0,8.8830443296,8.7814443296,False,3,0.1195,0.3585,False,False,False,
DDR_DQA14,DDR_DQB6,A_BYTE1,B_BYTE0,L8,all_inner_layer_traces,track:DDR_DQA14:L8:683:3,track:DDR_DQB6:L8:664:0,8.8830443296,8.7814443296,False,3,0.1195,0.3585,False,False,False,
DDR_DQA14,DDR_DQB7,A_BYTE1,B_BYTE0,L8,actual_interconnect_only,track:DDR_DQA14:L8:683:3,track:DDR_DQB7:L8:660:0,9.4533248946,9.3517248946,False,3,0.1195,0.3585,False,False,False,
DDR_DQA14,DDR_DQB7,A_BYTE1,B_BYTE0,L8,all_inner_layer_traces,track:DDR_DQA14:L8:683:3,track:DDR_DQB7:L8:660:0,9.4533248946,9.3517248946,False,3,0.1195,0.3585,False,False,False,
DDR_DQA14,DDR_DQSA1_N,A_BYTE1,A_BYTE1,L8,actual_interconnect_only,track:DDR_DQA14:L8:683:6,track:DDR_DQSA1_N:L8:687:26,0.22543361,0.12383361,False,3,0.1195,0.3585,True,True,True,
DDR_DQA14,DDR_DQSA1_N,A_BYTE1,A_BYTE1,L8,all_inner_layer_traces,track:DDR_DQA14:L8:683:6,track:DDR_DQSA1_N:L8:687:26,0.22543361,0.12383361,False,3,0.1195,0.3585,True,True,True,
DDR_DQA14,DDR_DQSA1_P,A_BYTE1,A_BYTE1,L8,actual_interconnect_only,track:DDR_DQA14:L8:683:6,track:DDR_DQSA1_P:L8:710:18,0.325,0.2234,False,3,0.1195,0.3585,True,True,False,
DDR_DQA14,DDR_DQSA1_P,A_BYTE1,A_BYTE1,L8,all_inner_layer_traces,track:DDR_DQA14:L8:683:6,track:DDR_DQSA1_P:L8:710:18,0.325,0.2234,False,3,0.1195,0.3585,True,True,False,
DDR_DQA15,DDR_DQA3,A_BYTE1,A_BYTE0,L8,actual_interconnect_only,track:DDR_DQA15:L8:698:17,track:DDR_DQA3:L8:649:22,1.05625,0.95465,False,3,0.1195,0.3585,False,False,False,
DDR_DQA15,DDR_DQA3,A_BYTE1,A_BYTE0,L8,all_inner_layer_traces,track:DDR_DQA15:L8:698:17,track:DDR_DQA3:L8:649:22,1.05625,0.95465,False,3,0.1195,0.3585,False,False,False,
DDR_DQA15,DDR_DQA7,A_BYTE1,A_BYTE0,L8,actual_interconnect_only,track:DDR_DQA15:L8:698:17,track:DDR_DQA7:L8:669:5,0.56875,0.46715,False,3,0.1195,0.3585,False,False,False,
DDR_DQA15,DDR_DQA7,A_BYTE1,A_BYTE0,L8,all_inner_layer_traces,track:DDR_DQA15:L8:698:17,track:DDR_DQA7:L8:669:5,0.56875,0.46715,False,3,0.1195,0.3585,False,False,False,
DDR_DQA15,DDR_DQA9,A_BYTE1,A_BYTE1,L8,actual_interconnect_only,track:DDR_DQA15:L8:698:5,track:DDR_DQA9:L8:686:12,0.0,-0.1016,False,2,0.1195,0.239,True,True,True,
DDR_DQA15,DDR_DQA9,A_BYTE1,A_BYTE1,L8,all_inner_layer_traces,track:DDR_DQA15:L8:698:5,track:DDR_DQA9:L8:686:12,0.0,-0.1016,False,2,0.1195,0.239,True,True,True,
DDR_DQA15,DDR_DQB0,A_BYTE1,B_BYTE0,L8,actual_interconnect_only,track:DDR_DQA15:L8:698:0,track:DDR_DQB0:L8:653:4,10.8865904471,10.7849904471,False,3,0.1195,0.3585,False,False,False,
DDR_DQA15,DDR_DQB0,A_BYTE1,B_BYTE0,L8,all_inner_layer_traces,track:DDR_DQA15:L8:698:0,track:DDR_DQB0:L8:653:4,10.8865904471,10.7849904471,False,3,0.1195,0.3585,False,False,False,
DDR_DQA15,DDR_DQB1,A_BYTE1,B_BYTE0,L8,actual_interconnect_only,track:DDR_DQA15:L8:698:0,track:DDR_DQB1:L8:662:0,10.5261875815,10.4245875815,False,3,0.1195,0.3585,False,False,False,
DDR_DQA15,DDR_DQB1,A_BYTE1,B_BYTE0,L8,all_inner_layer_traces,track:DDR_DQA15:L8:698:0,track:DDR_DQB1:L8:662:0,10.5261875815,10.4245875815,False,3,0.1195,0.3585,False,False,False,
DDR_DQA15,DDR_DQB11,A_BYTE1,B_BYTE1,L8,actual_interconnect_only,track:DDR_DQA15:L8:698:2,track:DDR_DQB11:L8:694:70,7.1707440557,7.0691440557,False,3,0.1195,0.3585,False,False,False,
DDR_DQA15,DDR_DQB11,A_BYTE1,B_BYTE1,L8,all_inner_layer_traces,track:DDR_DQA15:L8:698:2,track:DDR_DQB11:L8:694:70,7.1707440557,7.0691440557,False,3,0.1195,0.3585,False,False,False,
DDR_DQA15,DDR_DQB3,A_BYTE1,B_BYTE0,L8,actual_interconnect_only,track:DDR_DQA15:L8:698:0,track:DDR_DQB3:L8:646:0,10.5010713739,10.3994713739,False,3,0.1195,0.3585,False,False,False,
DDR_DQA15,DDR_DQB3,A_BYTE1,B_BYTE0,L8,all_inner_layer_traces,track:DDR_DQA15:L8:698:0,track:DDR_DQB3:L8:646:0,10.5010713739,10.3994713739,False,3,0.1195,0.3585,False,False,False,
DDR_DQA15,DDR_DQB5,A_BYTE1,B_BYTE0,L8,actual_interconnect_only,track:DDR_DQA15:L8:698:0,track:DDR_DQB5:L8:665:0,9.7770458217,9.6754458217,False,3,0.1195,0.3585,False,False,False,
DDR_DQA15,DDR_DQB5,A_BYTE1,B_BYTE0,L8,all_inner_layer_traces,track:DDR_DQA15:L8:698:0,track:DDR_DQB5:L8:665:0,9.7770458217,9.6754458217,False,3,0.1195,0.3585,False,False,False,
DDR_DQA15,DDR_DQB6,A_BYTE1,B_BYTE0,L8,actual_interconnect_only,track:DDR_DQA15:L8:698:1,track:DDR_DQB6:L8:664:4,9.34375,9.24215,False,3,0.1195,0.3585,False,False,False,
DDR_DQA15,DDR_DQB6,A_BYTE1,B_BYTE0,L8,all_inner_layer_traces,track:DDR_DQA15:L8:698:1,track:DDR_DQB6:L8:664:4,9.34375,9.24215,False,3,0.1195,0.3585,False,False,False,
DDR_DQA15,DDR_DQB7,A_BYTE1,B_BYTE0,L8,actual_interconnect_only,track:DDR_DQA15:L8:698:0,track:DDR_DQB7:L8:660:0,9.8844891117,9.7828891117,False,3,0.1195,0.3585,False,False,False,
DDR_DQA15,DDR_DQB7,A_BYTE1,B_BYTE0,L8,all_inner_layer_traces,track:DDR_DQA15:L8:698:0,track:DDR_DQB7:L8:660:0,9.8844891117,9.7828891117,False,3,0.1195,0.3585,False,False,False,
DDR_DQA15,DDR_DQSA1_N,A_BYTE1,A_BYTE1,L8,actual_interconnect_only,track:DDR_DQA15:L8:698:17,track:DDR_DQSA1_N:L8:687:6,0.325,0.2234,False,3,0.1195,0.3585,True,True,False,
DDR_DQA15,DDR_DQSA1_N,A_BYTE1,A_BYTE1,L8,all_inner_layer_traces,track:DDR_DQA15:L8:698:17,track:DDR_DQSA1_N:L8:687:6,0.325,0.2234,False,3,0.1195,0.3585,True,True,False,
DDR_DQA15,DDR_DQSA1_P,A_BYTE1,A_BYTE1,L8,actual_interconnect_only,track:DDR_DQA15:L8:698:13,track:DDR_DQSA1_P:L8:710:11,0.0,-0.1016,False,3,0.1195,0.3585,True,True,True,
DDR_DQA15,DDR_DQSA1_P,A_BYTE1,A_BYTE1,L8,all_inner_layer_traces,track:DDR_DQA15:L8:698:13,track:DDR_DQSA1_P:L8:710:11,0.0,-0.1016,False,3,0.1195,0.3585,True,True,True,
DDR_DQA2,DDR_DQA4,A_BYTE0,A_BYTE0,L3,actual_interconnect_only,track:DDR_DQA2:L3:668:61,track:DDR_DQA4:L3:659:48,0.0,-0.1016,False,2,0.13,0.26,True,True,True,
DDR_DQA2,DDR_DQA4,A_BYTE0,A_BYTE0,L3,all_inner_layer_traces,track:DDR_DQA2:L3:668:61,track:DDR_DQA4:L3:659:48,0.0,-0.1016,False,2,0.13,0.26,True,True,True,
DDR_DQA2,DDR_DQA5,A_BYTE0,A_BYTE0,L3,actual_interconnect_only,track:DDR_DQA2:L3:668:0,track:DDR_DQA5:L3:667:0,0.9192388155,0.8176388155,False,2,0.13,0.26,False,False,False,
DDR_DQA2,DDR_DQA5,A_BYTE0,A_BYTE0,L3,all_inner_layer_traces,track:DDR_DQA2:L3:668:0,track:DDR_DQA5:L3:667:0,0.9192388155,0.8176388155,False,2,0.13,0.26,False,False,False,
DDR_DQA2,DDR_DQA6,A_BYTE0,A_BYTE0,L3,actual_interconnect_only,track:DDR_DQA2:L3:668:0,track:DDR_DQA6:L3:674:1,1.4374592386,1.3358592386,False,2,0.13,0.26,False,False,False,
DDR_DQA2,DDR_DQA6,A_BYTE0,A_BYTE0,L3,all_inner_layer_traces,track:DDR_DQA2:L3:668:0,track:DDR_DQA6:L3:674:1,1.4374592386,1.3358592386,False,2,0.13,0.26,False,False,False,
DDR_DQA2,DDR_DQA8,A_BYTE0,A_BYTE1,L3,actual_interconnect_only,track:DDR_DQA2:L3:668:34,track:DDR_DQA8:L3:708:11,1.7258263419,1.6242263419,False,3,0.13,0.39,False,False,False,
DDR_DQA2,DDR_DQA8,A_BYTE0,A_BYTE1,L3,all_inner_layer_traces,track:DDR_DQA2:L3:668:34,track:DDR_DQA8:L3:708:11,1.7258263419,1.6242263419,False,3,0.13,0.39,False,False,False,
DDR_DQA2,DDR_DQB10,A_BYTE0,B_BYTE1,L3,actual_interconnect_only,track:DDR_DQA2:L3:668:7,track:DDR_DQB10:L3:703:1,7.6573545122,7.5557545122,False,3,0.13,0.39,False,False,False,
DDR_DQA2,DDR_DQB10,A_BYTE0,B_BYTE1,L3,all_inner_layer_traces,track:DDR_DQA2:L3:668:7,track:DDR_DQB10:L3:703:1,7.6573545122,7.5557545122,False,3,0.13,0.39,False,False,False,
DDR_DQA2,DDR_DQB12,A_BYTE0,B_BYTE1,L3,actual_interconnect_only,track:DDR_DQA2:L3:668:1,track:DDR_DQB12:L3:691:3,7.2821941448,7.1805941448,False,3,0.13,0.39,False,False,False,
DDR_DQA2,DDR_DQB12,A_BYTE0,B_BYTE1,L3,all_inner_layer_traces,track:DDR_DQA2:L3:668:1,track:DDR_DQB12:L3:691:3,7.2821941448,7.1805941448,False,3,0.13,0.39,False,False,False,
DDR_DQA2,DDR_DQB13,A_BYTE0,B_BYTE1,L3,actual_interconnect_only,track:DDR_DQA2:L3:668:7,track:DDR_DQB13:L3:673:0,7.6672624882,7.5656624882,False,3,0.13,0.39,False,False,False,
DDR_DQA2,DDR_DQB13,A_BYTE0,B_BYTE1,L3,all_inner_layer_traces,track:DDR_DQA2:L3:668:7,track:DDR_DQB13:L3:673:0,7.6672624882,7.5656624882,False,3,0.13,0.39,False,False,False,
DDR_DQA2,DDR_DQB14,A_BYTE0,B_BYTE1,L3,actual_interconnect_only,track:DDR_DQA2:L3:668:7,track:DDR_DQB14:L3:681:0,8.909758081,8.808158081,False,3,0.13,0.39,False,False,False,
DDR_DQA2,DDR_DQB14,A_BYTE0,B_BYTE1,L3,all_inner_layer_traces,track:DDR_DQA2:L3:668:7,track:DDR_DQB14:L3:681:0,8.909758081,8.808158081,False,3,0.13,0.39,False,False,False,
DDR_DQA2,DDR_DQB15,A_BYTE0,B_BYTE1,L3,actual_interconnect_only,track:DDR_DQA2:L3:668:7,track:DDR_DQB15:L3:692:0,9.50625,9.40465,False,3,0.13,0.39,False,False,False,
DDR_DQA2,DDR_DQB15,A_BYTE0,B_BYTE1,L3,all_inner_layer_traces,track:DDR_DQA2:L3:668:7,track:DDR_DQB15:L3:692:0,9.50625,9.40465,False,3,0.13,0.39,False,False,False,
DDR_DQA2,DDR_DQB2,A_BYTE0,B_BYTE0,L3,actual_interconnect_only,track:DDR_DQA2:L3:668:75,track:DDR_DQB2:L3:655:75,6.175,6.0734,False,3,0.13,0.39,False,False,False,
DDR_DQA2,DDR_DQB2,A_BYTE0,B_BYTE0,L3,all_inner_layer_traces,track:DDR_DQA2:L3:668:75,track:DDR_DQB2:L3:655:75,6.175,6.0734,False,3,0.13,0.39,False,False,False,
DDR_DQA2,DDR_DQB4,A_BYTE0,B_BYTE0,L3,actual_interconnect_only,track:DDR_DQA2:L3:668:75,track:DDR_DQB4:L3:663:91,5.525,5.4234,False,3,0.13,0.39,False,False,False,
DDR_DQA2,DDR_DQB4,A_BYTE0,B_BYTE0,L3,all_inner_layer_traces,track:DDR_DQA2:L3:668:75,track:DDR_DQB4:L3:663:91,5.525,5.4234,False,3,0.13,0.39,False,False,False,
DDR_DQA2,DDR_DQB8,A_BYTE0,B_BYTE1,L3,actual_interconnect_only,track:DDR_DQA2:L3:668:7,track:DDR_DQB8:L3:706:0,8.6633229227,8.5617229227,False,3,0.13,0.39,False,False,False,
DDR_DQA2,DDR_DQB8,A_BYTE0,B_BYTE1,L3,all_inner_layer_traces,track:DDR_DQA2:L3:668:7,track:DDR_DQB8:L3:706:0,8.6633229227,8.5617229227,False,3,0.13,0.39,False,False,False,
DDR_DQA2,DDR_DQB9,A_BYTE0,B_BYTE1,L3,actual_interconnect_only,track:DDR_DQA2:L3:668:7,track:DDR_DQB9:L3:704:3,8.2747450867,8.1731450867,False,3,0.13,0.39,False,False,False,
DDR_DQA2,DDR_DQB9,A_BYTE0,B_BYTE1,L3,all_inner_layer_traces,track:DDR_DQA2:L3:668:7,track:DDR_DQB9:L3:704:3,8.2747450867,8.1731450867,False,3,0.13,0.39,False,False,False,
DDR_DQA2,DDR_DQSA0_N,A_BYTE0,A_BYTE0,L3,actual_interconnect_only,track:DDR_DQA2:L3:668:76,track:DDR_DQSA0_N:L3:657:29,0.8,0.6984,False,3,0.13,0.39,False,False,False,
DDR_DQA2,DDR_DQSA0_N,A_BYTE0,A_BYTE0,L3,all_inner_layer_traces,track:DDR_DQA2:L3:668:76,track:DDR_DQSA0_N:L3:657:29,0.8,0.6984,False,3,0.13,0.39,False,False,False,
DDR_DQA2,DDR_DQSA0_P,A_BYTE0,A_BYTE0,L3,actual_interconnect_only,track:DDR_DQA2:L3:668:24,track:DDR_DQSA0_P:L3:652:13,0.4875,0.3859,False,3,0.13,0.39,True,False,False,
DDR_DQA2,DDR_DQSA0_P,A_BYTE0,A_BYTE0,L3,all_inner_layer_traces,track:DDR_DQA2:L3:668:24,track:DDR_DQSA0_P:L3:652:13,0.4875,0.3859,False,3,0.13,0.39,True,False,False,
DDR_DQA2,DDR_DQSB0_N,A_BYTE0,B_BYTE0,L3,actual_interconnect_only,track:DDR_DQA2:L3:668:75,track:DDR_DQSB0_N:L3:650:44,7.475,7.3734,False,3,0.13,0.39,False,False,False,
DDR_DQA2,DDR_DQSB0_N,A_BYTE0,B_BYTE0,L3,all_inner_layer_traces,track:DDR_DQA2:L3:668:75,track:DDR_DQSB0_N:L3:650:44,7.475,7.3734,False,3,0.13,0.39,False,False,False,
DDR_DQA2,DDR_DQSB0_P,A_BYTE0,B_BYTE0,L3,actual_interconnect_only,track:DDR_DQA2:L3:668:75,track:DDR_DQSB0_P:L3:651:67,6.825,6.7234,False,3,0.13,0.39,False,False,False,
DDR_DQA2,DDR_DQSB0_P,A_BYTE0,B_BYTE0,L3,all_inner_layer_traces,track:DDR_DQA2:L3:668:75,track:DDR_DQSB0_P:L3:651:67,6.825,6.7234,False,3,0.13,0.39,False,False,False,
DDR_DQA2,DDR_DQSB1_N,A_BYTE0,B_BYTE1,L3,actual_interconnect_only,track:DDR_DQA2:L3:668:76,track:DDR_DQSB1_N:L3:697:36,9.1886500131,9.0870500131,False,3,0.13,0.39,False,False,False,
DDR_DQA2,DDR_DQSB1_N,A_BYTE0,B_BYTE1,L3,all_inner_layer_traces,track:DDR_DQA2:L3:668:76,track:DDR_DQSB1_N:L3:697:36,9.1886500131,9.0870500131,False,3,0.13,0.39,False,False,False,
DDR_DQA2,DDR_DQSB1_P,A_BYTE0,B_BYTE1,L3,actual_interconnect_only,track:DDR_DQA2:L3:668:7,track:DDR_DQSB1_P:L3:690:0,9.2756759356,9.1740759356,False,3,0.13,0.39,False,False,False,
DDR_DQA2,DDR_DQSB1_P,A_BYTE0,B_BYTE1,L3,all_inner_layer_traces,track:DDR_DQA2:L3:668:7,track:DDR_DQSB1_P:L3:690:0,9.2756759356,9.1740759356,False,3,0.13,0.39,False,False,False,
DDR_DQA3,DDR_DQA7,A_BYTE0,A_BYTE0,L8,actual_interconnect_only,track:DDR_DQA3:L8:649:28,track:DDR_DQA7:L8:669:10,0.4875,0.3859,False,2,0.1195,0.239,False,False,False,
DDR_DQA3,DDR_DQA7,A_BYTE0,A_BYTE0,L8,all_inner_layer_traces,track:DDR_DQA3:L8:649:28,track:DDR_DQA7:L8:669:10,0.4875,0.3859,False,2,0.1195,0.239,False,False,False,
DDR_DQA3,DDR_DQA9,A_BYTE0,A_BYTE1,L8,actual_interconnect_only,track:DDR_DQA3:L8:649:0,track:DDR_DQA9:L8:686:0,0.65,0.5484,False,3,0.1195,0.3585,False,False,False,
DDR_DQA3,DDR_DQA9,A_BYTE0,A_BYTE1,L8,all_inner_layer_traces,track:DDR_DQA3:L8:649:0,track:DDR_DQA9:L8:686:0,0.65,0.5484,False,3,0.1195,0.3585,False,False,False,
DDR_DQA3,DDR_DQB0,A_BYTE0,B_BYTE0,L8,actual_interconnect_only,track:DDR_DQA3:L8:649:2,track:DDR_DQB0:L8:653:0,9.425,9.3234,False,3,0.1195,0.3585,False,False,False,
DDR_DQA3,DDR_DQB0,A_BYTE0,B_BYTE0,L8,all_inner_layer_traces,track:DDR_DQA3:L8:649:2,track:DDR_DQB0:L8:653:0,9.425,9.3234,False,3,0.1195,0.3585,False,False,False,
DDR_DQA3,DDR_DQB1,A_BYTE0,B_BYTE0,L8,actual_interconnect_only,track:DDR_DQA3:L8:649:49,track:DDR_DQB1:L8:662:17,9.1,8.9984,False,3,0.1195,0.3585,False,False,False,
DDR_DQA3,DDR_DQB1,A_BYTE0,B_BYTE0,L8,all_inner_layer_traces,track:DDR_DQA3:L8:649:49,track:DDR_DQB1:L8:662:17,9.1,8.9984,False,3,0.1195,0.3585,False,False,False,
DDR_DQA3,DDR_DQB11,A_BYTE0,B_BYTE1,L8,actual_interconnect_only,track:DDR_DQA3:L8:649:49,track:DDR_DQB11:L8:694:54,5.525,5.4234,False,3,0.1195,0.3585,False,False,False,
DDR_DQA3,DDR_DQB11,A_BYTE0,B_BYTE1,L8,all_inner_layer_traces,track:DDR_DQA3:L8:649:49,track:DDR_DQB11:L8:694:54,5.525,5.4234,False,3,0.1195,0.3585,False,False,False,
DDR_DQA3,DDR_DQB3,A_BYTE0,B_BYTE0,L8,actual_interconnect_only,track:DDR_DQA3:L8:649:49,track:DDR_DQB3:L8:646:28,7.15,7.0484,False,3,0.1195,0.3585,False,False,False,
DDR_DQA3,DDR_DQB3,A_BYTE0,B_BYTE0,L8,all_inner_layer_traces,track:DDR_DQA3:L8:649:49,track:DDR_DQB3:L8:646:28,7.15,7.0484,False,3,0.1195,0.3585,False,False,False,
DDR_DQA3,DDR_DQB5,A_BYTE0,B_BYTE0,L8,actual_interconnect_only,track:DDR_DQA3:L8:649:49,track:DDR_DQB5:L8:665:39,6.825,6.7234,False,3,0.1195,0.3585,False,False,False,
DDR_DQA3,DDR_DQB5,A_BYTE0,B_BYTE0,L8,all_inner_layer_traces,track:DDR_DQA3:L8:649:49,track:DDR_DQB5:L8:665:39,6.825,6.7234,False,3,0.1195,0.3585,False,False,False,
DDR_DQA3,DDR_DQB6,A_BYTE0,B_BYTE0,L8,actual_interconnect_only,track:DDR_DQA3:L8:649:1,track:DDR_DQB6:L8:664:0,8.1254062398,8.0238062398,False,3,0.1195,0.3585,False,False,False,
DDR_DQA3,DDR_DQB6,A_BYTE0,B_BYTE0,L8,all_inner_layer_traces,track:DDR_DQA3:L8:649:1,track:DDR_DQB6:L8:664:0,8.1254062398,8.0238062398,False,3,0.1195,0.3585,False,False,False,
DDR_DQA3,DDR_DQB7,A_BYTE0,B_BYTE0,L8,actual_interconnect_only,track:DDR_DQA3:L8:649:1,track:DDR_DQB7:L8:660:0,8.8054160357,8.7038160357,False,3,0.1195,0.3585,False,False,False,
DDR_DQA3,DDR_DQB7,A_BYTE0,B_BYTE0,L8,all_inner_layer_traces,track:DDR_DQA3:L8:649:1,track:DDR_DQB7:L8:660:0,8.8054160357,8.7038160357,False,3,0.1195,0.3585,False,False,False,
DDR_DQA3,DDR_DQSA1_N,A_BYTE0,A_BYTE1,L8,actual_interconnect_only,track:DDR_DQA3:L8:649:28,track:DDR_DQSA1_N:L8:687:9,0.73125,0.62965,False,3,0.1195,0.3585,False,False,False,
DDR_DQA3,DDR_DQSA1_N,A_BYTE0,A_BYTE1,L8,all_inner_layer_traces,track:DDR_DQA3:L8:649:28,track:DDR_DQSA1_N:L8:687:9,0.73125,0.62965,False,3,0.1195,0.3585,False,False,False,
DDR_DQA3,DDR_DQSA1_P,A_BYTE0,A_BYTE1,L8,actual_interconnect_only,track:DDR_DQA3:L8:649:22,track:DDR_DQSA1_P:L8:710:10,1.625,1.5234,False,3,0.1195,0.3585,False,False,False,
DDR_DQA3,DDR_DQSA1_P,A_BYTE0,A_BYTE1,L8,all_inner_layer_traces,track:DDR_DQA3:L8:649:22,track:DDR_DQSA1_P:L8:710:10,1.625,1.5234,False,3,0.1195,0.3585,False,False,False,
DDR_DQA4,DDR_DQA5,A_BYTE0,A_BYTE0,L3,actual_interconnect_only,track:DDR_DQA4:L3:659:75,track:DDR_DQA5:L3:667:20,0.65,0.5484,False,2,0.13,0.26,False,False,False,
DDR_DQA4,DDR_DQA5,A_BYTE0,A_BYTE0,L3,all_inner_layer_traces,track:DDR_DQA4:L3:659:75,track:DDR_DQA5:L3:667:20,0.65,0.5484,False,2,0.13,0.26,False,False,False,
DDR_DQA4,DDR_DQA6,A_BYTE0,A_BYTE0,L3,actual_interconnect_only,track:DDR_DQA4:L3:659:75,track:DDR_DQA6:L3:674:10,1.6765384726,1.5749384726,False,2,0.13,0.26,False,False,False,
DDR_DQA4,DDR_DQA6,A_BYTE0,A_BYTE0,L3,all_inner_layer_traces,track:DDR_DQA4:L3:659:75,track:DDR_DQA6:L3:674:10,1.6765384726,1.5749384726,False,2,0.13,0.26,False,False,False,
DDR_DQA4,DDR_DQA8,A_BYTE0,A_BYTE1,L3,actual_interconnect_only,track:DDR_DQA4:L3:659:26,track:DDR_DQA8:L3:708:11,1.4433305668,1.3417305668,False,3,0.13,0.39,False,False,False,
DDR_DQA4,DDR_DQA8,A_BYTE0,A_BYTE1,L3,all_inner_layer_traces,track:DDR_DQA4:L3:659:26,track:DDR_DQA8:L3:708:11,1.4433305668,1.3417305668,False,3,0.13,0.39,False,False,False,
DDR_DQA4,DDR_DQB10,A_BYTE0,B_BYTE1,L3,actual_interconnect_only,track:DDR_DQA4:L3:659:0,track:DDR_DQB10:L3:703:3,8.1933686029,8.0917686029,False,3,0.13,0.39,False,False,False,
DDR_DQA4,DDR_DQB10,A_BYTE0,B_BYTE1,L3,all_inner_layer_traces,track:DDR_DQA4:L3:659:0,track:DDR_DQB10:L3:703:3,8.1933686029,8.0917686029,False,3,0.13,0.39,False,False,False,
DDR_DQA4,DDR_DQB12,A_BYTE0,B_BYTE1,L3,actual_interconnect_only,track:DDR_DQA4:L3:659:0,track:DDR_DQB12:L3:691:3,7.6672624882,7.5656624882,False,3,0.13,0.39,False,False,False,
DDR_DQA4,DDR_DQB12,A_BYTE0,B_BYTE1,L3,all_inner_layer_traces,track:DDR_DQA4:L3:659:0,track:DDR_DQB12:L3:691:3,7.6672624882,7.5656624882,False,3,0.13,0.39,False,False,False,
DDR_DQA4,DDR_DQB13,A_BYTE0,B_BYTE1,L3,actual_interconnect_only,track:DDR_DQA4:L3:659:66,track:DDR_DQB13:L3:673:29,8.2032696416,8.1016696416,False,3,0.13,0.39,False,False,False,
DDR_DQA4,DDR_DQB13,A_BYTE0,B_BYTE1,L3,all_inner_layer_traces,track:DDR_DQA4:L3:659:66,track:DDR_DQB13:L3:673:29,8.2032696416,8.1016696416,False,3,0.13,0.39,False,False,False,
DDR_DQA4,DDR_DQB14,A_BYTE0,B_BYTE1,L3,actual_interconnect_only,track:DDR_DQA4:L3:659:0,track:DDR_DQB14:L3:681:0,9.3065836911,9.2049836911,False,3,0.13,0.39,False,False,False,
DDR_DQA4,DDR_DQB14,A_BYTE0,B_BYTE1,L3,all_inner_layer_traces,track:DDR_DQA4:L3:659:0,track:DDR_DQB14:L3:681:0,9.3065836911,9.2049836911,False,3,0.13,0.39,False,False,False,
DDR_DQA4,DDR_DQB15,A_BYTE0,B_BYTE1,L3,actual_interconnect_only,track:DDR_DQA4:L3:659:66,track:DDR_DQB15:L3:692:5,9.8902493017,9.7886493017,False,3,0.13,0.39,False,False,False,
DDR_DQA4,DDR_DQB15,A_BYTE0,B_BYTE1,L3,all_inner_layer_traces,track:DDR_DQA4:L3:659:66,track:DDR_DQB15:L3:692:5,9.8902493017,9.7886493017,False,3,0.13,0.39,False,False,False,
DDR_DQA4,DDR_DQB2,A_BYTE0,B_BYTE0,L3,actual_interconnect_only,track:DDR_DQA4:L3:659:65,track:DDR_DQB2:L3:655:74,4.55,4.4484,False,3,0.13,0.39,False,False,False,
DDR_DQA4,DDR_DQB2,A_BYTE0,B_BYTE0,L3,all_inner_layer_traces,track:DDR_DQA4:L3:659:65,track:DDR_DQB2:L3:655:74,4.55,4.4484,False,3,0.13,0.39,False,False,False,
DDR_DQA4,DDR_DQB4,A_BYTE0,B_BYTE0,L3,actual_interconnect_only,track:DDR_DQA4:L3:659:65,track:DDR_DQB4:L3:663:90,3.9,3.7984,False,3,0.13,0.39,False,False,False,
DDR_DQA4,DDR_DQB4,A_BYTE0,B_BYTE0,L3,all_inner_layer_traces,track:DDR_DQA4:L3:659:65,track:DDR_DQB4:L3:663:90,3.9,3.7984,False,3,0.13,0.39,False,False,False,
DDR_DQA4,DDR_DQB8,A_BYTE0,B_BYTE1,L3,actual_interconnect_only,track:DDR_DQA4:L3:659:0,track:DDR_DQB8:L3:706:0,9.1923881554,9.0907881554,False,3,0.13,0.39,False,False,False,
DDR_DQA4,DDR_DQB8,A_BYTE0,B_BYTE1,L3,all_inner_layer_traces,track:DDR_DQA4:L3:659:0,track:DDR_DQB8:L3:706:0,9.1923881554,9.0907881554,False,3,0.13,0.39,False,False,False,
DDR_DQA4,DDR_DQB9,A_BYTE0,B_BYTE1,L3,actual_interconnect_only,track:DDR_DQA4:L3:659:0,track:DDR_DQB9:L3:704:3,8.8383419861,8.7367419861,False,3,0.13,0.39,False,False,False,
DDR_DQA4,DDR_DQB9,A_BYTE0,B_BYTE1,L3,all_inner_layer_traces,track:DDR_DQA4:L3:659:0,track:DDR_DQB9:L3:704:3,8.8383419861,8.7367419861,False,3,0.13,0.39,False,False,False,
DDR_DQA4,DDR_DQSA0_N,A_BYTE0,A_BYTE0,L3,actual_interconnect_only,track:DDR_DQA4:L3:659:20,track:DDR_DQSA0_N:L3:657:3,0.975,0.8734,False,3,0.13,0.39,False,False,False,
DDR_DQA4,DDR_DQSA0_N,A_BYTE0,A_BYTE0,L3,all_inner_layer_traces,track:DDR_DQA4:L3:659:20,track:DDR_DQSA0_N:L3:657:3,0.975,0.8734,False,3,0.13,0.39,False,False,False,
DDR_DQA4,DDR_DQSA0_P,A_BYTE0,A_BYTE0,L3,actual_interconnect_only,track:DDR_DQA4:L3:659:43,track:DDR_DQSA0_P:L3:652:36,0.2128673296,0.1112673296,False,3,0.13,0.39,True,True,True,
DDR_DQA4,DDR_DQSA0_P,A_BYTE0,A_BYTE0,L3,all_inner_layer_traces,track:DDR_DQA4:L3:659:43,track:DDR_DQSA0_P:L3:652:36,0.2128673296,0.1112673296,False,3,0.13,0.39,True,True,True,
DDR_DQA4,DDR_DQSB0_N,A_BYTE0,B_BYTE0,L3,actual_interconnect_only,track:DDR_DQA4:L3:659:65,track:DDR_DQSB0_N:L3:650:43,5.85,5.7484,False,3,0.13,0.39,False,False,False,
DDR_DQA4,DDR_DQSB0_N,A_BYTE0,B_BYTE0,L3,all_inner_layer_traces,track:DDR_DQA4:L3:659:65,track:DDR_DQSB0_N:L3:650:43,5.85,5.7484,False,3,0.13,0.39,False,False,False,
DDR_DQA4,DDR_DQSB0_P,A_BYTE0,B_BYTE0,L3,actual_interconnect_only,track:DDR_DQA4:L3:659:65,track:DDR_DQSB0_P:L3:651:67,5.2,5.0984,False,3,0.13,0.39,False,False,False,
DDR_DQA4,DDR_DQSB0_P,A_BYTE0,B_BYTE0,L3,all_inner_layer_traces,track:DDR_DQA4:L3:659:65,track:DDR_DQSB0_P:L3:651:67,5.2,5.0984,False,3,0.13,0.39,False,False,False,
DDR_DQA4,DDR_DQSB1_N,A_BYTE0,B_BYTE1,L3,actual_interconnect_only,track:DDR_DQA4:L3:659:70,track:DDR_DQSB1_N:L3:697:36,7.2563119076,7.1547119076,False,3,0.13,0.39,False,False,False,
DDR_DQA4,DDR_DQSB1_N,A_BYTE0,B_BYTE1,L3,all_inner_layer_traces,track:DDR_DQA4:L3:659:70,track:DDR_DQSB1_N:L3:697:36,7.2563119076,7.1547119076,False,3,0.13,0.39,False,False,False,
DDR_DQA4,DDR_DQSB1_P,A_BYTE0,B_BYTE1,L3,actual_interconnect_only,track:DDR_DQA4:L3:659:66,track:DDR_DQSB1_P:L3:690:11,8.909758081,8.808158081,False,3,0.13,0.39,False,False,False,
DDR_DQA4,DDR_DQSB1_P,A_BYTE0,B_BYTE1,L3,all_inner_layer_traces,track:DDR_DQA4:L3:659:66,track:DDR_DQSB1_P:L3:690:11,8.909758081,8.808158081,False,3,0.13,0.39,False,False,False,
DDR_DQA5,DDR_DQA6,A_BYTE0,A_BYTE0,L3,actual_interconnect_only,track:DDR_DQA5:L3:667:13,track:DDR_DQA6:L3:674:6,0.2298097039,0.1282097039,False,2,0.13,0.26,True,True,True,
DDR_DQA5,DDR_DQA6,A_BYTE0,A_BYTE0,L3,all_inner_layer_traces,track:DDR_DQA5:L3:667:13,track:DDR_DQA6:L3:674:6,0.2298097039,0.1282097039,False,2,0.13,0.26,True,True,True,
DDR_DQA5,DDR_DQA8,A_BYTE0,A_BYTE1,L3,actual_interconnect_only,track:DDR_DQA5:L3:667:0,track:DDR_DQA8:L3:708:0,0.766510967,0.664910967,False,3,0.13,0.39,False,False,False,
DDR_DQA5,DDR_DQA8,A_BYTE0,A_BYTE1,L3,all_inner_layer_traces,track:DDR_DQA5:L3:667:0,track:DDR_DQA8:L3:708:0,0.766510967,0.664910967,False,3,0.13,0.39,False,False,False,
DDR_DQA5,DDR_DQB10,A_BYTE0,B_BYTE1,L3,actual_interconnect_only,track:DDR_DQA5:L3:667:6,track:DDR_DQB10:L3:703:5,8.3680311491,8.2664311491,False,3,0.13,0.39,False,False,False,
DDR_DQA5,DDR_DQB10,A_BYTE0,B_BYTE1,L3,all_inner_layer_traces,track:DDR_DQA5:L3:667:6,track:DDR_DQB10:L3:703:5,8.3680311491,8.2664311491,False,3,0.13,0.39,False,False,False,
DDR_DQA5,DDR_DQB12,A_BYTE0,B_BYTE1,L3,actual_interconnect_only,track:DDR_DQA5:L3:667:3,track:DDR_DQB12:L3:691:3,7.8,7.6984,False,3,0.13,0.39,False,False,False,
DDR_DQA5,DDR_DQB12,A_BYTE0,B_BYTE1,L3,all_inner_layer_traces,track:DDR_DQA5:L3:667:3,track:DDR_DQB12:L3:691:3,7.8,7.6984,False,3,0.13,0.39,False,False,False,
DDR_DQA5,DDR_DQB13,A_BYTE0,B_BYTE1,L3,actual_interconnect_only,track:DDR_DQA5:L3:667:8,track:DDR_DQB13:L3:673:31,8.747722918,8.646122918,False,3,0.13,0.39,False,False,False,
DDR_DQA5,DDR_DQB13,A_BYTE0,B_BYTE1,L3,all_inner_layer_traces,track:DDR_DQA5:L3:667:8,track:DDR_DQB13:L3:673:31,8.747722918,8.646122918,False,3,0.13,0.39,False,False,False,
DDR_DQA5,DDR_DQB14,A_BYTE0,B_BYTE1,L3,actual_interconnect_only,track:DDR_DQA5:L3:667:4,track:DDR_DQB14:L3:681:0,9.425,9.3234,False,3,0.13,0.39,False,False,False,
DDR_DQA5,DDR_DQB14,A_BYTE0,B_BYTE1,L3,all_inner_layer_traces,track:DDR_DQA5:L3:667:4,track:DDR_DQB14:L3:681:0,9.425,9.3234,False,3,0.13,0.39,False,False,False,
DDR_DQA5,DDR_DQB15,A_BYTE0,B_BYTE1,L3,actual_interconnect_only,track:DDR_DQA5:L3:667:4,track:DDR_DQB15:L3:692:0,10.075,9.9734,False,3,0.13,0.39,False,False,False,
DDR_DQA5,DDR_DQB15,A_BYTE0,B_BYTE1,L3,all_inner_layer_traces,track:DDR_DQA5:L3:667:4,track:DDR_DQB15:L3:692:0,10.075,9.9734,False,3,0.13,0.39,False,False,False,
DDR_DQA5,DDR_DQB2,A_BYTE0,B_BYTE0,L3,actual_interconnect_only,track:DDR_DQA5:L3:667:20,track:DDR_DQB2:L3:655:75,6.175,6.0734,False,3,0.13,0.39,False,False,False,
DDR_DQA5,DDR_DQB2,A_BYTE0,B_BYTE0,L3,all_inner_layer_traces,track:DDR_DQA5:L3:667:20,track:DDR_DQB2:L3:655:75,6.175,6.0734,False,3,0.13,0.39,False,False,False,
DDR_DQA5,DDR_DQB4,A_BYTE0,B_BYTE0,L3,actual_interconnect_only,track:DDR_DQA5:L3:667:20,track:DDR_DQB4:L3:663:91,5.525,5.4234,False,3,0.13,0.39,False,False,False,
DDR_DQA5,DDR_DQB4,A_BYTE0,B_BYTE0,L3,all_inner_layer_traces,track:DDR_DQA5:L3:667:20,track:DDR_DQB4:L3:663:91,5.525,5.4234,False,3,0.13,0.39,False,False,False,
DDR_DQA5,DDR_DQB8,A_BYTE0,B_BYTE1,L3,actual_interconnect_only,track:DDR_DQA5:L3:667:3,track:DDR_DQB8:L3:706:0,9.425350209,9.323750209,False,3,0.13,0.39,False,False,False,
DDR_DQA5,DDR_DQB8,A_BYTE0,B_BYTE1,L3,all_inner_layer_traces,track:DDR_DQA5:L3:667:3,track:DDR_DQB8:L3:706:0,9.425350209,9.323750209,False,3,0.13,0.39,False,False,False,
DDR_DQA5,DDR_DQB9,A_BYTE0,B_BYTE1,L3,actual_interconnect_only,track:DDR_DQA5:L3:667:3,track:DDR_DQB9:L3:704:4,9.1,8.9984,False,3,0.13,0.39,False,False,False,
DDR_DQA5,DDR_DQB9,A_BYTE0,B_BYTE1,L3,all_inner_layer_traces,track:DDR_DQA5:L3:667:3,track:DDR_DQB9:L3:704:4,9.1,8.9984,False,3,0.13,0.39,False,False,False,
DDR_DQA5,DDR_DQSA0_N,A_BYTE0,A_BYTE0,L3,actual_interconnect_only,track:DDR_DQA5:L3:667:20,track:DDR_DQSA0_N:L3:657:25,0.6297941132,0.5281941132,False,3,0.13,0.39,False,False,False,
DDR_DQA5,DDR_DQSA0_N,A_BYTE0,A_BYTE0,L3,all_inner_layer_traces,track:DDR_DQA5:L3:667:20,track:DDR_DQSA0_N:L3:657:25,0.6297941132,0.5281941132,False,3,0.13,0.39,False,False,False,
DDR_DQA5,DDR_DQSA0_P,A_BYTE0,A_BYTE0,L3,actual_interconnect_only,track:DDR_DQA5:L3:667:0,track:DDR_DQSA0_P:L3:652:0,0.9192388155,0.8176388155,False,3,0.13,0.39,False,False,False,
DDR_DQA5,DDR_DQSA0_P,A_BYTE0,A_BYTE0,L3,all_inner_layer_traces,track:DDR_DQA5:L3:667:0,track:DDR_DQSA0_P:L3:652:0,0.9192388155,0.8176388155,False,3,0.13,0.39,False,False,False,
DDR_DQA5,DDR_DQSB0_N,A_BYTE0,B_BYTE0,L3,actual_interconnect_only,track:DDR_DQA5:L3:667:20,track:DDR_DQSB0_N:L3:650:44,7.475,7.3734,False,3,0.13,0.39,False,False,False,
DDR_DQA5,DDR_DQSB0_N,A_BYTE0,B_BYTE0,L3,all_inner_layer_traces,track:DDR_DQA5:L3:667:20,track:DDR_DQSB0_N:L3:650:44,7.475,7.3734,False,3,0.13,0.39,False,False,False,
DDR_DQA5,DDR_DQSB0_P,A_BYTE0,B_BYTE0,L3,actual_interconnect_only,track:DDR_DQA5:L3:667:20,track:DDR_DQSB0_P:L3:651:67,6.825,6.7234,False,3,0.13,0.39,False,False,False,
DDR_DQA5,DDR_DQSB0_P,A_BYTE0,B_BYTE0,L3,all_inner_layer_traces,track:DDR_DQA5:L3:667:20,track:DDR_DQSB0_P:L3:651:67,6.825,6.7234,False,3,0.13,0.39,False,False,False,
DDR_DQA5,DDR_DQSB1_N,A_BYTE0,B_BYTE1,L3,actual_interconnect_only,track:DDR_DQA5:L3:667:8,track:DDR_DQSB1_N:L3:697:37,7.7505569356,7.6489569356,False,3,0.13,0.39,False,False,False,
DDR_DQA5,DDR_DQSB1_N,A_BYTE0,B_BYTE1,L3,all_inner_layer_traces,track:DDR_DQA5:L3:667:8,track:DDR_DQSB1_N:L3:697:37,7.7505569356,7.6489569356,False,3,0.13,0.39,False,False,False,
DDR_DQA5,DDR_DQSB1_P,A_BYTE0,B_BYTE1,L3,actual_interconnect_only,track:DDR_DQA5:L3:667:8,track:DDR_DQSB1_P:L3:690:14,9.1585428017,9.0569428017,False,3,0.13,0.39,False,False,False,
DDR_DQA5,DDR_DQSB1_P,A_BYTE0,B_BYTE1,L3,all_inner_layer_traces,track:DDR_DQA5:L3:667:8,track:DDR_DQSB1_P:L3:690:14,9.1585428017,9.0569428017,False,3,0.13,0.39,False,False,False,
DDR_DQA6,DDR_DQA8,A_BYTE0,A_BYTE1,L3,actual_interconnect_only,track:DDR_DQA6:L3:674:4,track:DDR_DQA8:L3:708:0,0.325,0.2234,False,3,0.13,0.39,True,True,False,
DDR_DQA6,DDR_DQA8,A_BYTE0,A_BYTE1,L3,all_inner_layer_traces,track:DDR_DQA6:L3:674:4,track:DDR_DQA8:L3:708:0,0.325,0.2234,False,3,0.13,0.39,True,True,False,
DDR_DQA6,DDR_DQB10,A_BYTE0,B_BYTE1,L3,actual_interconnect_only,track:DDR_DQA6:L3:674:4,track:DDR_DQB10:L3:703:5,8.9264792192,8.8248792192,False,3,0.13,0.39,False,False,False,
DDR_DQA6,DDR_DQB10,A_BYTE0,B_BYTE1,L3,all_inner_layer_traces,track:DDR_DQA6:L3:674:4,track:DDR_DQB10:L3:703:5,8.9264792192,8.8248792192,False,3,0.13,0.39,False,False,False,
DDR_DQA6,DDR_DQB12,A_BYTE0,B_BYTE1,L3,actual_interconnect_only,track:DDR_DQA6:L3:674:3,track:DDR_DQB12:L3:691:3,8.45,8.3484,False,3,0.13,0.39,False,False,False,
DDR_DQA6,DDR_DQB12,A_BYTE0,B_BYTE1,L3,all_inner_layer_traces,track:DDR_DQA6:L3:674:3,track:DDR_DQB12:L3:691:3,8.45,8.3484,False,3,0.13,0.39,False,False,False,
DDR_DQA6,DDR_DQB13,A_BYTE0,B_BYTE1,L3,actual_interconnect_only,track:DDR_DQA6:L3:674:4,track:DDR_DQB13:L3:673:31,9.3531829475,9.2515829475,False,3,0.13,0.39,False,False,False,
DDR_DQA6,DDR_DQB13,A_BYTE0,B_BYTE1,L3,all_inner_layer_traces,track:DDR_DQA6:L3:674:4,track:DDR_DQB13:L3:673:31,9.3531829475,9.2515829475,False,3,0.13,0.39,False,False,False,
DDR_DQA6,DDR_DQB14,A_BYTE0,B_BYTE1,L3,actual_interconnect_only,track:DDR_DQA6:L3:674:4,track:DDR_DQB14:L3:681:0,10.075,9.9734,False,3,0.13,0.39,False,False,False,
DDR_DQA6,DDR_DQB14,A_BYTE0,B_BYTE1,L3,all_inner_layer_traces,track:DDR_DQA6:L3:674:4,track:DDR_DQB14:L3:681:0,10.075,9.9734,False,3,0.13,0.39,False,False,False,
DDR_DQA6,DDR_DQB15,A_BYTE0,B_BYTE1,L3,actual_interconnect_only,track:DDR_DQA6:L3:674:4,track:DDR_DQB15:L3:692:0,10.725,10.6234,False,3,0.13,0.39,False,False,False,
DDR_DQA6,DDR_DQB15,A_BYTE0,B_BYTE1,L3,all_inner_layer_traces,track:DDR_DQA6:L3:674:4,track:DDR_DQB15:L3:692:0,10.725,10.6234,False,3,0.13,0.39,False,False,False,
DDR_DQA6,DDR_DQB2,A_BYTE0,B_BYTE0,L3,actual_interconnect_only,track:DDR_DQA6:L3:674:10,track:DDR_DQB2:L3:655:75,7.1518463525,7.0502463525,False,3,0.13,0.39,False,False,False,
DDR_DQA6,DDR_DQB2,A_BYTE0,B_BYTE0,L3,all_inner_layer_traces,track:DDR_DQA6:L3:674:10,track:DDR_DQB2:L3:655:75,7.1518463525,7.0502463525,False,3,0.13,0.39,False,False,False,
DDR_DQA6,DDR_DQB4,A_BYTE0,B_BYTE0,L3,actual_interconnect_only,track:DDR_DQA6:L3:674:10,track:DDR_DQB4:L3:663:91,6.5020309327,6.4004309327,False,3,0.13,0.39,False,False,False,
DDR_DQA6,DDR_DQB4,A_BYTE0,B_BYTE0,L3,all_inner_layer_traces,track:DDR_DQA6:L3:674:10,track:DDR_DQB4:L3:663:91,6.5020309327,6.4004309327,False,3,0.13,0.39,False,False,False,
DDR_DQA6,DDR_DQB8,A_BYTE0,B_BYTE1,L3,actual_interconnect_only,track:DDR_DQA6:L3:674:3,track:DDR_DQB8:L3:706:0,10.0753276156,9.9737276156,False,3,0.13,0.39,False,False,False,
DDR_DQA6,DDR_DQB8,A_BYTE0,B_BYTE1,L3,all_inner_layer_traces,track:DDR_DQA6:L3:674:3,track:DDR_DQB8:L3:706:0,10.0753276156,9.9737276156,False,3,0.13,0.39,False,False,False,
DDR_DQA6,DDR_DQB9,A_BYTE0,B_BYTE1,L3,actual_interconnect_only,track:DDR_DQA6:L3:674:3,track:DDR_DQB9:L3:704:4,9.75,9.6484,False,3,0.13,0.39,False,False,False,
DDR_DQA6,DDR_DQB9,A_BYTE0,B_BYTE1,L3,all_inner_layer_traces,track:DDR_DQA6:L3:674:3,track:DDR_DQB9:L3:704:4,9.75,9.6484,False,3,0.13,0.39,False,False,False,
DDR_DQA6,DDR_DQSA0_N,A_BYTE0,A_BYTE0,L3,actual_interconnect_only,track:DDR_DQA6:L3:674:17,track:DDR_DQSA0_N:L3:657:22,0.325,0.2234,False,3,0.13,0.39,True,True,False,
DDR_DQA6,DDR_DQSA0_N,A_BYTE0,A_BYTE0,L3,all_inner_layer_traces,track:DDR_DQA6:L3:674:17,track:DDR_DQSA0_N:L3:657:22,0.325,0.2234,False,3,0.13,0.39,True,True,False,
DDR_DQA6,DDR_DQSA0_P,A_BYTE0,A_BYTE0,L3,actual_interconnect_only,track:DDR_DQA6:L3:674:0,track:DDR_DQSA0_P:L3:652:0,0.65,0.5484,False,3,0.13,0.39,False,False,False,
DDR_DQA6,DDR_DQSA0_P,A_BYTE0,A_BYTE0,L3,all_inner_layer_traces,track:DDR_DQA6:L3:674:0,track:DDR_DQSA0_P:L3:652:0,0.65,0.5484,False,3,0.13,0.39,False,False,False,
DDR_DQA6,DDR_DQSB0_N,A_BYTE0,B_BYTE0,L3,actual_interconnect_only,track:DDR_DQA6:L3:674:10,track:DDR_DQSB0_N:L3:650:44,8.4515623556,8.3499623556,False,3,0.13,0.39,False,False,False,
DDR_DQA6,DDR_DQSB0_N,A_BYTE0,B_BYTE0,L3,all_inner_layer_traces,track:DDR_DQA6:L3:674:10,track:DDR_DQSB0_N:L3:650:44,8.4515623556,8.3499623556,False,3,0.13,0.39,False,False,False,
DDR_DQA6,DDR_DQSB0_P,A_BYTE0,B_BYTE0,L3,actual_interconnect_only,track:DDR_DQA6:L3:674:10,track:DDR_DQSB0_P:L3:651:67,7.8016925247,7.7000925247,False,3,0.13,0.39,False,False,False,
DDR_DQA6,DDR_DQSB0_P,A_BYTE0,B_BYTE0,L3,all_inner_layer_traces,track:DDR_DQA6:L3:674:10,track:DDR_DQSB0_P:L3:651:67,7.8016925247,7.7000925247,False,3,0.13,0.39,False,False,False,
DDR_DQA6,DDR_DQSB1_N,A_BYTE0,B_BYTE1,L3,actual_interconnect_only,track:DDR_DQA6:L3:674:4,track:DDR_DQSB1_N:L3:697:37,8.3592786209,8.2576786209,False,3,0.13,0.39,False,False,False,
DDR_DQA6,DDR_DQSB1_N,A_BYTE0,B_BYTE1,L3,all_inner_layer_traces,track:DDR_DQA6:L3:674:4,track:DDR_DQSB1_N:L3:697:37,8.3592786209,8.2576786209,False,3,0.13,0.39,False,False,False,
DDR_DQA6,DDR_DQSB1_P,A_BYTE0,B_BYTE1,L3,actual_interconnect_only,track:DDR_DQA6:L3:674:4,track:DDR_DQSB1_P:L3:690:14,9.7350927705,9.6334927705,False,3,0.13,0.39,False,False,False,
DDR_DQA6,DDR_DQSB1_P,A_BYTE0,B_BYTE1,L3,all_inner_layer_traces,track:DDR_DQA6:L3:674:4,track:DDR_DQSB1_P:L3:690:14,9.7350927705,9.6334927705,False,3,0.13,0.39,False,False,False,
DDR_DQA7,DDR_DQA9,A_BYTE0,A_BYTE1,L8,actual_interconnect_only,track:DDR_DQA7:L8:669:5,track:DDR_DQA9:L8:686:17,1.54375,1.44215,False,3,0.1195,0.3585,False,False,False,
DDR_DQA7,DDR_DQA9,A_BYTE0,A_BYTE1,L8,all_inner_layer_traces,track:DDR_DQA7:L8:669:5,track:DDR_DQA9:L8:686:17,1.54375,1.44215,False,3,0.1195,0.3585,False,False,False,
DDR_DQA7,DDR_DQB0,A_BYTE0,B_BYTE0,L8,actual_interconnect_only,track:DDR_DQA7:L8:669:31,track:DDR_DQB0:L8:653:11,12.453212437,12.351612437,False,3,0.1195,0.3585,False,False,False,
DDR_DQA7,DDR_DQB0,A_BYTE0,B_BYTE0,L8,all_inner_layer_traces,track:DDR_DQA7:L8:669:31,track:DDR_DQB0:L8:653:11,12.453212437,12.351612437,False,3,0.1195,0.3585,False,False,False,
DDR_DQA7,DDR_DQB1,A_BYTE0,B_BYTE0,L8,actual_interconnect_only,track:DDR_DQA7:L8:669:31,track:DDR_DQB1:L8:662:17,11.8088949525,11.7072949525,False,3,0.1195,0.3585,False,False,False,
DDR_DQA7,DDR_DQB1,A_BYTE0,B_BYTE0,L8,all_inner_layer_traces,track:DDR_DQA7:L8:669:31,track:DDR_DQB1:L8:662:17,11.8088949525,11.7072949525,False,3,0.1195,0.3585,False,False,False,
DDR_DQA7,DDR_DQB11,A_BYTE0,B_BYTE1,L8,actual_interconnect_only,track:DDR_DQA7:L8:669:31,track:DDR_DQB11:L8:694:54,8.2405248619,8.1389248619,False,3,0.1195,0.3585,False,False,False,
DDR_DQA7,DDR_DQB11,A_BYTE0,B_BYTE1,L8,all_inner_layer_traces,track:DDR_DQA7:L8:669:31,track:DDR_DQB11:L8:694:54,8.2405248619,8.1389248619,False,3,0.1195,0.3585,False,False,False,
DDR_DQA7,DDR_DQB3,A_BYTE0,B_BYTE0,L8,actual_interconnect_only,track:DDR_DQA7:L8:669:31,track:DDR_DQB3:L8:646:28,9.8804099105,9.7788099105,False,3,0.1195,0.3585,False,False,False,
DDR_DQA7,DDR_DQB3,A_BYTE0,B_BYTE0,L8,all_inner_layer_traces,track:DDR_DQA7:L8:669:31,track:DDR_DQB3:L8:646:28,9.8804099105,9.7788099105,False,3,0.1195,0.3585,False,False,False,
DDR_DQA7,DDR_DQB5,A_BYTE0,B_BYTE0,L8,actual_interconnect_only,track:DDR_DQA7:L8:669:31,track:DDR_DQB5:L8:665:39,9.5247703384,9.4231703384,False,3,0.1195,0.3585,False,False,False,
DDR_DQA7,DDR_DQB5,A_BYTE0,B_BYTE0,L8,all_inner_layer_traces,track:DDR_DQA7:L8:669:31,track:DDR_DQB5:L8:665:39,9.5247703384,9.4231703384,False,3,0.1195,0.3585,False,False,False,
DDR_DQA7,DDR_DQB6,A_BYTE0,B_BYTE0,L8,actual_interconnect_only,track:DDR_DQA7:L8:669:0,track:DDR_DQB6:L8:664:0,11.0929313078,10.9913313078,False,3,0.1195,0.3585,False,False,False,
DDR_DQA7,DDR_DQB6,A_BYTE0,B_BYTE0,L8,all_inner_layer_traces,track:DDR_DQA7:L8:669:0,track:DDR_DQB6:L8:664:0,11.0929313078,10.9913313078,False,3,0.1195,0.3585,False,False,False,
DDR_DQA7,DDR_DQB7,A_BYTE0,B_BYTE0,L8,actual_interconnect_only,track:DDR_DQA7:L8:669:0,track:DDR_DQB7:L8:660:0,11.7045130185,11.6029130185,False,3,0.1195,0.3585,False,False,False,
DDR_DQA7,DDR_DQB7,A_BYTE0,B_BYTE0,L8,all_inner_layer_traces,track:DDR_DQA7:L8:669:0,track:DDR_DQB7:L8:660:0,11.7045130185,11.6029130185,False,3,0.1195,0.3585,False,False,False,
DDR_DQA7,DDR_DQSA1_N,A_BYTE0,A_BYTE1,L8,actual_interconnect_only,track:DDR_DQA7:L8:669:9,track:DDR_DQSA1_N:L8:687:9,0.22543361,0.12383361,False,3,0.1195,0.3585,True,True,True,
DDR_DQA7,DDR_DQSA1_N,A_BYTE0,A_BYTE1,L8,all_inner_layer_traces,track:DDR_DQA7:L8:669:9,track:DDR_DQSA1_N:L8:687:9,0.22543361,0.12383361,False,3,0.1195,0.3585,True,True,True,
DDR_DQA7,DDR_DQSA1_P,A_BYTE0,A_BYTE1,L8,actual_interconnect_only,track:DDR_DQA7:L8:669:1,track:DDR_DQSA1_P:L8:710:6,0.8636993473,0.7620993473,False,3,0.1195,0.3585,False,False,False,
DDR_DQA7,DDR_DQSA1_P,A_BYTE0,A_BYTE1,L8,all_inner_layer_traces,track:DDR_DQA7:L8:669:1,track:DDR_DQSA1_P:L8:710:6,0.8636993473,0.7620993473,False,3,0.1195,0.3585,False,False,False,
DDR_DQA8,DDR_DQB10,A_BYTE1,B_BYTE1,L3,actual_interconnect_only,track:DDR_DQA8:L3:708:0,track:DDR_DQB10:L3:703:4,9.425,9.3234,False,3,0.13,0.39,False,False,False,
DDR_DQA8,DDR_DQB10,A_BYTE1,B_BYTE1,L3,all_inner_layer_traces,track:DDR_DQA8:L3:708:0,track:DDR_DQB10:L3:703:4,9.425,9.3234,False,3,0.13,0.39,False,False,False,
DDR_DQA8,DDR_DQB12,A_BYTE1,B_BYTE1,L3,actual_interconnect_only,track:DDR_DQA8:L3:708:0,track:DDR_DQB12:L3:691:4,8.775,8.6734,False,3,0.13,0.39,False,False,False,
DDR_DQA8,DDR_DQB12,A_BYTE1,B_BYTE1,L3,all_inner_layer_traces,track:DDR_DQA8:L3:708:0,track:DDR_DQB12:L3:691:4,8.775,8.6734,False,3,0.13,0.39,False,False,False,
DDR_DQA8,DDR_DQB13,A_BYTE1,B_BYTE1,L3,actual_interconnect_only,track:DDR_DQA8:L3:708:0,track:DDR_DQB13:L3:673:0,9.8844891117,9.7828891117,False,3,0.13,0.39,False,False,False,
DDR_DQA8,DDR_DQB13,A_BYTE1,B_BYTE1,L3,all_inner_layer_traces,track:DDR_DQA8:L3:708:0,track:DDR_DQB13:L3:673:0,9.8844891117,9.7828891117,False,3,0.13,0.39,False,False,False,
DDR_DQA8,DDR_DQB14,A_BYTE1,B_BYTE1,L3,actual_interconnect_only,track:DDR_DQA8:L3:708:0,track:DDR_DQB14:L3:681:0,10.4,10.2984,False,3,0.13,0.39,False,False,False,
DDR_DQA8,DDR_DQB14,A_BYTE1,B_BYTE1,L3,all_inner_layer_traces,track:DDR_DQA8:L3:708:0,track:DDR_DQB14:L3:681:0,10.4,10.2984,False,3,0.13,0.39,False,False,False,
DDR_DQA8,DDR_DQB15,A_BYTE1,B_BYTE1,L3,actual_interconnect_only,track:DDR_DQA8:L3:708:0,track:DDR_DQB15:L3:692:0,11.05,10.9484,False,3,0.13,0.39,False,False,False,
DDR_DQA8,DDR_DQB15,A_BYTE1,B_BYTE1,L3,all_inner_layer_traces,track:DDR_DQA8:L3:708:0,track:DDR_DQB15:L3:692:0,11.05,10.9484,False,3,0.13,0.39,False,False,False,
DDR_DQA8,DDR_DQB2,A_BYTE1,B_BYTE0,L3,actual_interconnect_only,track:DDR_DQA8:L3:708:10,track:DDR_DQB2:L3:655:75,9.45846182,9.35686182,False,3,0.13,0.39,False,False,False,
DDR_DQA8,DDR_DQB2,A_BYTE1,B_BYTE0,L3,all_inner_layer_traces,track:DDR_DQA8:L3:708:10,track:DDR_DQB2:L3:655:75,9.45846182,9.35686182,False,3,0.13,0.39,False,False,False,
DDR_DQA8,DDR_DQB4,A_BYTE1,B_BYTE0,L3,actual_interconnect_only,track:DDR_DQA8:L3:708:10,track:DDR_DQB4:L3:663:91,8.9300055991,8.8284055991,False,3,0.13,0.39,False,False,False,
DDR_DQA8,DDR_DQB4,A_BYTE1,B_BYTE0,L3,all_inner_layer_traces,track:DDR_DQA8:L3:708:10,track:DDR_DQB4:L3:663:91,8.9300055991,8.8284055991,False,3,0.13,0.39,False,False,False,
DDR_DQA8,DDR_DQB8,A_BYTE1,B_BYTE1,L3,actual_interconnect_only,track:DDR_DQA8:L3:708:0,track:DDR_DQB8:L3:706:0,10.4050768858,10.3034768858,False,3,0.13,0.39,False,False,False,
DDR_DQA8,DDR_DQB8,A_BYTE1,B_BYTE1,L3,all_inner_layer_traces,track:DDR_DQA8:L3:708:0,track:DDR_DQB8:L3:706:0,10.4050768858,10.3034768858,False,3,0.13,0.39,False,False,False,
DDR_DQA8,DDR_DQB9,A_BYTE1,B_BYTE1,L3,actual_interconnect_only,track:DDR_DQA8:L3:708:0,track:DDR_DQB9:L3:704:4,10.075,9.9734,False,3,0.13,0.39,False,False,False,
DDR_DQA8,DDR_DQB9,A_BYTE1,B_BYTE1,L3,all_inner_layer_traces,track:DDR_DQA8:L3:708:0,track:DDR_DQB9:L3:704:4,10.075,9.9734,False,3,0.13,0.39,False,False,False,
DDR_DQA8,DDR_DQSA0_N,A_BYTE1,A_BYTE0,L3,actual_interconnect_only,track:DDR_DQA8:L3:708:9,track:DDR_DQSA0_N:L3:657:6,0.2298097039,0.1282097039,False,3,0.13,0.39,True,True,True,
DDR_DQA8,DDR_DQSA0_N,A_BYTE1,A_BYTE0,L3,all_inner_layer_traces,track:DDR_DQA8:L3:708:9,track:DDR_DQSA0_N:L3:657:6,0.2298097039,0.1282097039,False,3,0.13,0.39,True,True,True,
DDR_DQA8,DDR_DQSA0_P,A_BYTE1,A_BYTE0,L3,actual_interconnect_only,track:DDR_DQA8:L3:708:7,track:DDR_DQSA0_P:L3:652:14,1.090083139,0.988483139,False,3,0.13,0.39,False,False,False,
DDR_DQA8,DDR_DQSA0_P,A_BYTE1,A_BYTE0,L3,all_inner_layer_traces,track:DDR_DQA8:L3:708:7,track:DDR_DQSA0_P:L3:652:14,1.090083139,0.988483139,False,3,0.13,0.39,False,False,False,
DDR_DQA8,DDR_DQSB0_N,A_BYTE1,B_BYTE0,L3,actual_interconnect_only,track:DDR_DQA8:L3:708:10,track:DDR_DQSB0_N:L3:650:44,10.5561593395,10.4545593395,False,3,0.13,0.39,False,False,False,
DDR_DQA8,DDR_DQSB0_N,A_BYTE1,B_BYTE0,L3,all_inner_layer_traces,track:DDR_DQA8:L3:708:10,track:DDR_DQSB0_N:L3:650:44,10.5561593395,10.4545593395,False,3,0.13,0.39,False,False,False,
DDR_DQA8,DDR_DQSB0_P,A_BYTE1,B_BYTE0,L3,actual_interconnect_only,track:DDR_DQA8:L3:708:10,track:DDR_DQSB0_P:L3:651:67,10.0012499219,9.8996499219,False,3,0.13,0.39,False,False,False,
DDR_DQA8,DDR_DQSB0_P,A_BYTE1,B_BYTE0,L3,all_inner_layer_traces,track:DDR_DQA8:L3:708:10,track:DDR_DQSB0_P:L3:651:67,10.0012499219,9.8996499219,False,3,0.13,0.39,False,False,False,
DDR_DQA8,DDR_DQSB1_N,A_BYTE1,B_BYTE1,L3,actual_interconnect_only,track:DDR_DQA8:L3:708:6,track:DDR_DQSB1_N:L3:697:37,9.09564628,8.99404628,False,3,0.13,0.39,False,False,False,
DDR_DQA8,DDR_DQSB1_N,A_BYTE1,B_BYTE1,L3,all_inner_layer_traces,track:DDR_DQA8:L3:708:6,track:DDR_DQSB1_N:L3:697:37,9.09564628,8.99404628,False,3,0.13,0.39,False,False,False,
DDR_DQA8,DDR_DQSB1_P,A_BYTE1,B_BYTE1,L3,actual_interconnect_only,track:DDR_DQA8:L3:708:6,track:DDR_DQSB1_P:L3:690:14,10.5051568438,10.4035568438,False,3,0.13,0.39,False,False,False,
DDR_DQA8,DDR_DQSB1_P,A_BYTE1,B_BYTE1,L3,all_inner_layer_traces,track:DDR_DQA8:L3:708:6,track:DDR_DQSB1_P:L3:690:14,10.5051568438,10.4035568438,False,3,0.13,0.39,False,False,False,
DDR_DQA9,DDR_DQB0,A_BYTE1,B_BYTE0,L8,actual_interconnect_only,track:DDR_DQA9:L8:686:0,track:DDR_DQB0:L8:653:0,9.8844891117,9.7828891117,False,3,0.1195,0.3585,False,False,False,
DDR_DQA9,DDR_DQB0,A_BYTE1,B_BYTE0,L8,all_inner_layer_traces,track:DDR_DQA9:L8:686:0,track:DDR_DQB0:L8:653:0,9.8844891117,9.7828891117,False,3,0.1195,0.3585,False,False,False,
DDR_DQA9,DDR_DQB1,A_BYTE1,B_BYTE0,L8,actual_interconnect_only,track:DDR_DQA9:L8:686:0,track:DDR_DQB1:L8:662:0,9.75,9.6484,False,3,0.1195,0.3585,False,False,False,
DDR_DQA9,DDR_DQB1,A_BYTE1,B_BYTE0,L8,all_inner_layer_traces,track:DDR_DQA9:L8:686:0,track:DDR_DQB1:L8:662:0,9.75,9.6484,False,3,0.1195,0.3585,False,False,False,
DDR_DQA9,DDR_DQB11,A_BYTE1,B_BYTE1,L8,actual_interconnect_only,track:DDR_DQA9:L8:686:0,track:DDR_DQB11:L8:694:0,7.15,7.0484,False,3,0.1195,0.3585,False,False,False,
DDR_DQA9,DDR_DQB11,A_BYTE1,B_BYTE1,L8,all_inner_layer_traces,track:DDR_DQA9:L8:686:0,track:DDR_DQB11:L8:694:0,7.15,7.0484,False,3,0.1195,0.3585,False,False,False,
DDR_DQA9,DDR_DQB3,A_BYTE1,B_BYTE0,L8,actual_interconnect_only,track:DDR_DQA9:L8:686:0,track:DDR_DQB3:L8:646:0,9.3065836911,9.2049836911,False,3,0.1195,0.3585,False,False,False,
DDR_DQA9,DDR_DQB3,A_BYTE1,B_BYTE0,L8,all_inner_layer_traces,track:DDR_DQA9:L8:686:0,track:DDR_DQB3:L8:646:0,9.3065836911,9.2049836911,False,3,0.1195,0.3585,False,False,False,
DDR_DQA9,DDR_DQB5,A_BYTE1,B_BYTE0,L8,actual_interconnect_only,track:DDR_DQA9:L8:686:0,track:DDR_DQB5:L8:665:0,8.7990411409,8.6974411409,False,3,0.1195,0.3585,False,False,False,
DDR_DQA9,DDR_DQB5,A_BYTE1,B_BYTE0,L8,all_inner_layer_traces,track:DDR_DQA9:L8:686:0,track:DDR_DQB5:L8:665:0,8.7990411409,8.6974411409,False,3,0.1195,0.3585,False,False,False,
DDR_DQA9,DDR_DQB6,A_BYTE1,B_BYTE0,L8,actual_interconnect_only,track:DDR_DQA9:L8:686:0,track:DDR_DQB6:L8:664:0,8.4562476903,8.3546476903,False,3,0.1195,0.3585,False,False,False,
DDR_DQA9,DDR_DQB6,A_BYTE1,B_BYTE0,L8,all_inner_layer_traces,track:DDR_DQA9:L8:686:0,track:DDR_DQB6:L8:664:0,8.4562476903,8.3546476903,False,3,0.1195,0.3585,False,False,False,
DDR_DQA9,DDR_DQB7,A_BYTE1,B_BYTE0,L8,actual_interconnect_only,track:DDR_DQA9:L8:686:0,track:DDR_DQB7:L8:660:0,9.1,8.9984,False,3,0.1195,0.3585,False,False,False,
DDR_DQA9,DDR_DQB7,A_BYTE1,B_BYTE0,L8,all_inner_layer_traces,track:DDR_DQA9:L8:686:0,track:DDR_DQB7:L8:660:0,9.1,8.9984,False,3,0.1195,0.3585,False,False,False,
DDR_DQA9,DDR_DQSA1_N,A_BYTE1,A_BYTE1,L8,actual_interconnect_only,track:DDR_DQA9:L8:686:6,track:DDR_DQSA1_N:L8:687:0,0.325,0.2234,False,3,0.1195,0.3585,True,True,False,
DDR_DQA9,DDR_DQSA1_N,A_BYTE1,A_BYTE1,L8,all_inner_layer_traces,track:DDR_DQA9:L8:686:6,track:DDR_DQSA1_N:L8:687:0,0.325,0.2234,False,3,0.1195,0.3585,True,True,False,
DDR_DQA9,DDR_DQSA1_P,A_BYTE1,A_BYTE1,L8,actual_interconnect_only,track:DDR_DQA9:L8:686:9,track:DDR_DQSA1_P:L8:710:1,0.24375,0.14215,False,3,0.1195,0.3585,True,True,True,
DDR_DQA9,DDR_DQSA1_P,A_BYTE1,A_BYTE1,L8,all_inner_layer_traces,track:DDR_DQA9:L8:686:9,track:DDR_DQSA1_P:L8:710:1,0.24375,0.14215,False,3,0.1195,0.3585,True,True,True,
DDR_DQB0,DDR_DQB1,B_BYTE0,B_BYTE0,L8,actual_interconnect_only,track:DDR_DQB0:L8:653:6,track:DDR_DQB1:L8:662:1,0.2298097039,0.1282097039,False,2,0.1195,0.239,True,True,True,
DDR_DQB0,DDR_DQB1,B_BYTE0,B_BYTE0,L8,all_inner_layer_traces,track:DDR_DQB0:L8:653:6,track:DDR_DQB1:L8:662:1,0.2298097039,0.1282097039,False,2,0.1195,0.239,True,True,True,
DDR_DQB0,DDR_DQB11,B_BYTE0,B_BYTE1,L8,actual_interconnect_only,track:DDR_DQB0:L8:653:3,track:DDR_DQB11:L8:694:24,0.73125,0.62965,False,3,0.1195,0.3585,False,False,False,
DDR_DQB0,DDR_DQB11,B_BYTE0,B_BYTE1,L8,all_inner_layer_traces,track:DDR_DQB0:L8:653:3,track:DDR_DQB11:L8:694:24,0.73125,0.62965,False,3,0.1195,0.3585,False,False,False,
DDR_DQB0,DDR_DQB3,B_BYTE0,B_BYTE0,L8,actual_interconnect_only,track:DDR_DQB0:L8:653:7,track:DDR_DQB3:L8:646:15,0.2298097039,0.1282097039,False,2,0.1195,0.239,True,True,True,
DDR_DQB0,DDR_DQB3,B_BYTE0,B_BYTE0,L8,all_inner_layer_traces,track:DDR_DQB0:L8:653:7,track:DDR_DQB3:L8:646:15,0.2298097039,0.1282097039,False,2,0.1195,0.239,True,True,True,
DDR_DQB0,DDR_DQB5,B_BYTE0,B_BYTE0,L8,actual_interconnect_only,track:DDR_DQB0:L8:653:9,track:DDR_DQB5:L8:665:25,0.4875,0.3859,False,2,0.1195,0.239,False,False,False,
DDR_DQB0,DDR_DQB5,B_BYTE0,B_BYTE0,L8,all_inner_layer_traces,track:DDR_DQB0:L8:653:9,track:DDR_DQB5:L8:665:25,0.4875,0.3859,False,2,0.1195,0.239,False,False,False,
DDR_DQB0,DDR_DQB6,B_BYTE0,B_BYTE0,L8,actual_interconnect_only,track:DDR_DQB0:L8:653:4,track:DDR_DQB6:L8:664:3,1.3,1.1984,False,2,0.1195,0.239,False,False,False,
DDR_DQB0,DDR_DQB6,B_BYTE0,B_BYTE0,L8,all_inner_layer_traces,track:DDR_DQB0:L8:653:4,track:DDR_DQB6:L8:664:3,1.3,1.1984,False,2,0.1195,0.239,False,False,False,
DDR_DQB0,DDR_DQB7,B_BYTE0,B_BYTE0,L8,actual_interconnect_only,track:DDR_DQB0:L8:653:4,track:DDR_DQB7:L8:660:3,0.7267220927,0.6251220927,False,2,0.1195,0.239,False,False,False,
DDR_DQB0,DDR_DQB7,B_BYTE0,B_BYTE0,L8,all_inner_layer_traces,track:DDR_DQB0:L8:653:4,track:DDR_DQB7:L8:660:3,0.7267220927,0.6251220927,False,2,0.1195,0.239,False,False,False,
DDR_DQB0,DDR_DQSA1_N,B_BYTE0,A_BYTE1,L8,actual_interconnect_only,track:DDR_DQB0:L8:653:0,track:DDR_DQSA1_N:L8:687:0,11.4305785068,11.3289785068,False,3,0.1195,0.3585,False,False,False,
DDR_DQB0,DDR_DQSA1_N,B_BYTE0,A_BYTE1,L8,all_inner_layer_traces,track:DDR_DQB0:L8:653:0,track:DDR_DQSA1_N:L8:687:0,11.4305785068,11.3289785068,False,3,0.1195,0.3585,False,False,False,
DDR_DQB0,DDR_DQSA1_P,B_BYTE0,A_BYTE1,L8,actual_interconnect_only,track:DDR_DQB0:L8:653:4,track:DDR_DQSA1_P:L8:710:0,11.5274824469,11.4258824469,False,3,0.1195,0.3585,False,False,False,
DDR_DQB0,DDR_DQSA1_P,B_BYTE0,A_BYTE1,L8,all_inner_layer_traces,track:DDR_DQB0:L8:653:4,track:DDR_DQSA1_P:L8:710:0,11.5274824469,11.4258824469,False,3,0.1195,0.3585,False,False,False,
DDR_DQB1,DDR_DQB11,B_BYTE0,B_BYTE1,L8,actual_interconnect_only,track:DDR_DQB1:L8:662:16,track:DDR_DQB11:L8:694:39,0.8363097886,0.7347097886,False,3,0.1195,0.3585,False,False,False,
DDR_DQB1,DDR_DQB11,B_BYTE0,B_BYTE1,L8,all_inner_layer_traces,track:DDR_DQB1:L8:662:16,track:DDR_DQB11:L8:694:39,0.8363097886,0.7347097886,False,3,0.1195,0.3585,False,False,False,
DDR_DQB1,DDR_DQB3,B_BYTE0,B_BYTE0,L8,actual_interconnect_only,track:DDR_DQB1:L8:662:16,track:DDR_DQB3:L8:646:24,0.34375,0.24215,False,2,0.1195,0.239,False,True,False,
DDR_DQB1,DDR_DQB3,B_BYTE0,B_BYTE0,L8,all_inner_layer_traces,track:DDR_DQB1:L8:662:16,track:DDR_DQB3:L8:646:24,0.34375,0.24215,False,2,0.1195,0.239,False,True,False,
DDR_DQB1,DDR_DQB5,B_BYTE0,B_BYTE0,L8,actual_interconnect_only,track:DDR_DQB1:L8:662:16,track:DDR_DQB5:L8:665:32,0.5875,0.4859,False,2,0.1195,0.239,False,False,False,
DDR_DQB1,DDR_DQB5,B_BYTE0,B_BYTE0,L8,all_inner_layer_traces,track:DDR_DQB1:L8:662:16,track:DDR_DQB5:L8:665:32,0.5875,0.4859,False,2,0.1195,0.239,False,False,False,
DDR_DQB1,DDR_DQB6,B_BYTE0,B_BYTE0,L8,actual_interconnect_only,track:DDR_DQB1:L8:662:9,track:DDR_DQB6:L8:664:4,0.8595965623,0.7579965623,False,2,0.1195,0.239,False,False,False,
DDR_DQB1,DDR_DQB6,B_BYTE0,B_BYTE0,L8,all_inner_layer_traces,track:DDR_DQB1:L8:662:9,track:DDR_DQB6:L8:664:4,0.8595965623,0.7579965623,False,2,0.1195,0.239,False,False,False,
DDR_DQB1,DDR_DQB7,B_BYTE0,B_BYTE0,L8,actual_interconnect_only,track:DDR_DQB1:L8:662:0,track:DDR_DQB7:L8:660:3,0.3350023321,0.2334023321,False,2,0.1195,0.239,True,True,False,
DDR_DQB1,DDR_DQB7,B_BYTE0,B_BYTE0,L8,all_inner_layer_traces,track:DDR_DQB1:L8:662:0,track:DDR_DQB7:L8:660:3,0.3350023321,0.2334023321,False,2,0.1195,0.239,True,True,False,
DDR_DQB1,DDR_DQSA1_N,B_BYTE0,A_BYTE1,L8,actual_interconnect_only,track:DDR_DQB1:L8:662:0,track:DDR_DQSA1_N:L8:687:0,11.0929313078,10.9913313078,False,3,0.1195,0.3585,False,False,False,
DDR_DQB1,DDR_DQSA1_N,B_BYTE0,A_BYTE1,L8,all_inner_layer_traces,track:DDR_DQB1:L8:662:0,track:DDR_DQSA1_N:L8:687:0,11.0929313078,10.9913313078,False,3,0.1195,0.3585,False,False,False,
DDR_DQB1,DDR_DQSA1_P,B_BYTE0,A_BYTE1,L8,actual_interconnect_only,track:DDR_DQB1:L8:662:0,track:DDR_DQSA1_P:L8:710:0,11.1688461803,11.0672461803,False,3,0.1195,0.3585,False,False,False,
DDR_DQB1,DDR_DQSA1_P,B_BYTE0,A_BYTE1,L8,all_inner_layer_traces,track:DDR_DQB1:L8:662:0,track:DDR_DQSA1_P:L8:710:0,11.1688461803,11.0672461803,False,3,0.1195,0.3585,False,False,False,
DDR_DQB10,DDR_DQB12,B_BYTE1,B_BYTE1,L3,actual_interconnect_only,track:DDR_DQB10:L3:703:4,track:DDR_DQB12:L3:691:0,0.325,0.2234,False,2,0.13,0.26,True,True,False,
DDR_DQB10,DDR_DQB12,B_BYTE1,B_BYTE1,L3,all_inner_layer_traces,track:DDR_DQB10:L3:703:4,track:DDR_DQB12:L3:691:0,0.325,0.2234,False,2,0.13,0.26,True,True,False,
DDR_DQB10,DDR_DQB13,B_BYTE1,B_BYTE1,L3,actual_interconnect_only,track:DDR_DQB10:L3:703:0,track:DDR_DQB13:L3:673:0,0.325,0.2234,False,2,0.13,0.26,True,True,False,
DDR_DQB10,DDR_DQB13,B_BYTE1,B_BYTE1,L3,all_inner_layer_traces,track:DDR_DQB10:L3:703:0,track:DDR_DQB13:L3:673:0,0.325,0.2234,False,2,0.13,0.26,True,True,False,
DDR_DQB10,DDR_DQB14,B_BYTE1,B_BYTE1,L3,actual_interconnect_only,track:DDR_DQB10:L3:703:4,track:DDR_DQB14:L3:681:0,0.975,0.8734,False,2,0.13,0.26,False,False,False,
DDR_DQB10,DDR_DQB14,B_BYTE1,B_BYTE1,L3,all_inner_layer_traces,track:DDR_DQB10:L3:703:4,track:DDR_DQB14:L3:681:0,0.975,0.8734,False,2,0.13,0.26,False,False,False,
DDR_DQB10,DDR_DQB15,B_BYTE1,B_BYTE1,L3,actual_interconnect_only,track:DDR_DQB10:L3:703:4,track:DDR_DQB15:L3:692:0,1.625,1.5234,False,2,0.13,0.26,False,False,False,
DDR_DQB10,DDR_DQB15,B_BYTE1,B_BYTE1,L3,all_inner_layer_traces,track:DDR_DQB10:L3:703:4,track:DDR_DQB15:L3:692:0,1.625,1.5234,False,2,0.13,0.26,False,False,False,
DDR_DQB10,DDR_DQB2,B_BYTE1,B_BYTE0,L3,actual_interconnect_only,track:DDR_DQB10:L3:703:0,track:DDR_DQB2:L3:655:0,2.0554804791,1.9538804791,False,3,0.13,0.39,False,False,False,
DDR_DQB10,DDR_DQB2,B_BYTE1,B_BYTE0,L3,all_inner_layer_traces,track:DDR_DQB10:L3:703:0,track:DDR_DQB2:L3:655:0,2.0554804791,1.9538804791,False,3,0.13,0.39,False,False,False,
DDR_DQB10,DDR_DQB4,B_BYTE1,B_BYTE0,L3,actual_interconnect_only,track:DDR_DQB10:L3:703:0,track:DDR_DQB4:L3:663:0,1.95,1.8484,False,3,0.13,0.39,False,False,False,
DDR_DQB10,DDR_DQB4,B_BYTE1,B_BYTE0,L3,all_inner_layer_traces,track:DDR_DQB10:L3:703:0,track:DDR_DQB4:L3:663:0,1.95,1.8484,False,3,0.13,0.39,False,False,False,
DDR_DQB10,DDR_DQB8,B_BYTE1,B_BYTE1,L3,actual_interconnect_only,track:DDR_DQB10:L3:703:0,track:DDR_DQB8:L3:706:0,0.8125,0.7109,False,2,0.13,0.26,False,False,False,
DDR_DQB10,DDR_DQB8,B_BYTE1,B_BYTE1,L3,all_inner_layer_traces,track:DDR_DQB10:L3:703:0,track:DDR_DQB8:L3:706:0,0.8125,0.7109,False,2,0.13,0.26,False,False,False,
DDR_DQB10,DDR_DQB9,B_BYTE1,B_BYTE1,L3,actual_interconnect_only,track:DDR_DQB10:L3:703:0,track:DDR_DQB9:L3:704:3,0.40625,0.30465,False,2,0.13,0.26,False,True,False,
DDR_DQB10,DDR_DQB9,B_BYTE1,B_BYTE1,L3,all_inner_layer_traces,track:DDR_DQB10:L3:703:0,track:DDR_DQB9:L3:704:3,0.40625,0.30465,False,2,0.13,0.26,False,True,False,
DDR_DQB10,DDR_DQSA0_N,B_BYTE1,A_BYTE0,L3,actual_interconnect_only,track:DDR_DQB10:L3:703:3,track:DDR_DQSA0_N:L3:657:0,10.0753276156,9.9737276156,False,3,0.13,0.39,False,False,False,
DDR_DQB10,DDR_DQSA0_N,B_BYTE1,A_BYTE0,L3,all_inner_layer_traces,track:DDR_DQB10:L3:703:3,track:DDR_DQSA0_N:L3:657:0,10.0753276156,9.9737276156,False,3,0.13,0.39,False,False,False,
DDR_DQB10,DDR_DQSA0_P,B_BYTE1,A_BYTE0,L3,actual_interconnect_only,track:DDR_DQB10:L3:703:3,track:DDR_DQSA0_P:L3:652:1,9.1293333033,9.0277333033,False,3,0.13,0.39,False,False,False,
DDR_DQB10,DDR_DQSA0_P,B_BYTE1,A_BYTE0,L3,all_inner_layer_traces,track:DDR_DQB10:L3:703:3,track:DDR_DQSA0_P:L3:652:1,9.1293333033,9.0277333033,False,3,0.13,0.39,False,False,False,
DDR_DQB10,DDR_DQSB0_N,B_BYTE1,B_BYTE0,L3,actual_interconnect_only,track:DDR_DQB10:L3:703:0,track:DDR_DQSB0_N:L3:650:0,2.2176934104,2.1160934104,False,3,0.13,0.39,False,False,False,
DDR_DQB10,DDR_DQSB0_N,B_BYTE1,B_BYTE0,L3,all_inner_layer_traces,track:DDR_DQB10:L3:703:0,track:DDR_DQSB0_N:L3:650:0,2.2176934104,2.1160934104,False,3,0.13,0.39,False,False,False,
DDR_DQB10,DDR_DQSB0_P,B_BYTE1,B_BYTE0,L3,actual_interconnect_only,track:DDR_DQB10:L3:703:0,track:DDR_DQSB0_P:L3:651:0,1.8384776311,1.7368776311,False,3,0.13,0.39,False,False,False,
DDR_DQB10,DDR_DQSB0_P,B_BYTE1,B_BYTE0,L3,all_inner_layer_traces,track:DDR_DQB10:L3:703:0,track:DDR_DQSB0_P:L3:651:0,1.8384776311,1.7368776311,False,3,0.13,0.39,False,False,False,
DDR_DQB10,DDR_DQSB1_N,B_BYTE1,B_BYTE1,L3,actual_interconnect_only,track:DDR_DQB10:L3:703:5,track:DDR_DQSB1_N:L3:697:43,0.8,0.6984,False,3,0.13,0.39,False,False,False,
DDR_DQB10,DDR_DQSB1_N,B_BYTE1,B_BYTE1,L3,all_inner_layer_traces,track:DDR_DQB10:L3:703:5,track:DDR_DQSB1_N:L3:697:43,0.8,0.6984,False,3,0.13,0.39,False,False,False,
DDR_DQB10,DDR_DQSB1_P,B_BYTE1,B_BYTE1,L3,actual_interconnect_only,track:DDR_DQB10:L3:703:4,track:DDR_DQSB1_P:L3:690:14,0.863495802,0.761895802,False,3,0.13,0.39,False,False,False,
DDR_DQB10,DDR_DQSB1_P,B_BYTE1,B_BYTE1,L3,all_inner_layer_traces,track:DDR_DQB10:L3:703:4,track:DDR_DQSB1_P:L3:690:14,0.863495802,0.761895802,False,3,0.13,0.39,False,False,False,
DDR_DQB11,DDR_DQB3,B_BYTE1,B_BYTE0,L8,actual_interconnect_only,track:DDR_DQB11:L8:694:39,track:DDR_DQB3:L8:646:23,0.45625,0.35465,False,3,0.1195,0.3585,True,False,False,
DDR_DQB11,DDR_DQB3,B_BYTE1,B_BYTE0,L8,all_inner_layer_traces,track:DDR_DQB11:L8:694:39,track:DDR_DQB3:L8:646:23,0.45625,0.35465,False,3,0.1195,0.3585,True,False,False,
DDR_DQB11,DDR_DQB5,B_BYTE1,B_BYTE0,L8,actual_interconnect_only,track:DDR_DQB11:L8:694:39,track:DDR_DQB5:L8:665:31,0.2125,0.1109,False,3,0.1195,0.3585,True,True,True,
DDR_DQB11,DDR_DQB5,B_BYTE1,B_BYTE0,L8,all_inner_layer_traces,track:DDR_DQB11:L8:694:39,track:DDR_DQB5:L8:665:31,0.2125,0.1109,False,3,0.1195,0.3585,True,True,True,
DDR_DQB11,DDR_DQB6,B_BYTE1,B_BYTE0,L8,actual_interconnect_only,track:DDR_DQB11:L8:694:1,track:DDR_DQB6:L8:664:0,0.975,0.8734,False,3,0.1195,0.3585,False,False,False,
DDR_DQB11,DDR_DQB6,B_BYTE1,B_BYTE0,L8,all_inner_layer_traces,track:DDR_DQB11:L8:694:1,track:DDR_DQB6:L8:664:0,0.975,0.8734,False,3,0.1195,0.3585,False,False,False,
DDR_DQB11,DDR_DQB7,B_BYTE1,B_BYTE0,L8,actual_interconnect_only,track:DDR_DQB11:L8:694:24,track:DDR_DQB7:L8:660:3,1.6025004875,1.5009004875,False,3,0.1195,0.3585,False,False,False,
DDR_DQB11,DDR_DQB7,B_BYTE1,B_BYTE0,L8,all_inner_layer_traces,track:DDR_DQB11:L8:694:24,track:DDR_DQB7:L8:660:3,1.6025004875,1.5009004875,False,3,0.1195,0.3585,False,False,False,
DDR_DQB11,DDR_DQSA1_N,B_BYTE1,A_BYTE1,L8,actual_interconnect_only,track:DDR_DQB11:L8:694:70,track:DDR_DQSA1_N:L8:687:29,7.475,7.3734,False,3,0.1195,0.3585,False,False,False,
DDR_DQB11,DDR_DQSA1_N,B_BYTE1,A_BYTE1,L8,all_inner_layer_traces,track:DDR_DQB11:L8:694:70,track:DDR_DQSA1_N:L8:687:29,7.475,7.3734,False,3,0.1195,0.3585,False,False,False,
DDR_DQB11,DDR_DQSA1_P,B_BYTE1,A_BYTE1,L8,actual_interconnect_only,track:DDR_DQB11:L8:694:70,track:DDR_DQSA1_P:L8:710:1,7.9910521249,7.8894521249,False,3,0.1195,0.3585,False,False,False,
DDR_DQB11,DDR_DQSA1_P,B_BYTE1,A_BYTE1,L8,all_inner_layer_traces,track:DDR_DQB11:L8:694:70,track:DDR_DQSA1_P:L8:710:1,7.9910521249,7.8894521249,False,3,0.1195,0.3585,False,False,False,
DDR_DQB12,DDR_DQB13,B_BYTE1,B_BYTE1,L3,actual_interconnect_only,track:DDR_DQB12:L3:691:6,track:DDR_DQB13:L3:673:31,0.40625,0.30465,False,2,0.13,0.26,False,True,False,
DDR_DQB12,DDR_DQB13,B_BYTE1,B_BYTE1,L3,all_inner_layer_traces,track:DDR_DQB12:L3:691:6,track:DDR_DQB13:L3:673:31,0.40625,0.30465,False,2,0.13,0.26,False,True,False,
DDR_DQB12,DDR_DQB14,B_BYTE1,B_BYTE1,L3,actual_interconnect_only,track:DDR_DQB12:L3:691:0,track:DDR_DQB14:L3:681:0,1.3400093283,1.2384093283,False,2,0.13,0.26,False,False,False,
DDR_DQB12,DDR_DQB14,B_BYTE1,B_BYTE1,L3,all_inner_layer_traces,track:DDR_DQB12:L3:691:0,track:DDR_DQB14:L3:681:0,1.3400093283,1.2384093283,False,2,0.13,0.26,False,False,False,
DDR_DQB12,DDR_DQB15,B_BYTE1,B_BYTE1,L3,actual_interconnect_only,track:DDR_DQB12:L3:691:0,track:DDR_DQB15:L3:692:0,1.9768978223,1.8752978223,False,2,0.13,0.26,False,False,False,
DDR_DQB12,DDR_DQB15,B_BYTE1,B_BYTE1,L3,all_inner_layer_traces,track:DDR_DQB12:L3:691:0,track:DDR_DQB15:L3:692:0,1.9768978223,1.8752978223,False,2,0.13,0.26,False,False,False,
DDR_DQB12,DDR_DQB2,B_BYTE1,B_BYTE0,L3,actual_interconnect_only,track:DDR_DQB12:L3:691:6,track:DDR_DQB2:L3:655:94,2.6125,2.5109,False,3,0.13,0.39,False,False,False,
DDR_DQB12,DDR_DQB2,B_BYTE1,B_BYTE0,L3,all_inner_layer_traces,track:DDR_DQB12:L3:691:6,track:DDR_DQB2:L3:655:94,2.6125,2.5109,False,3,0.13,0.39,False,False,False,
DDR_DQB12,DDR_DQB4,B_BYTE1,B_BYTE0,L3,actual_interconnect_only,track:DDR_DQB12:L3:691:6,track:DDR_DQB4:L3:663:116,2.4,2.2984,False,3,0.13,0.39,False,False,False,
DDR_DQB12,DDR_DQB4,B_BYTE1,B_BYTE0,L3,all_inner_layer_traces,track:DDR_DQB12:L3:691:6,track:DDR_DQB4:L3:663:116,2.4,2.2984,False,3,0.13,0.39,False,False,False,
DDR_DQB12,DDR_DQB8,B_BYTE1,B_BYTE1,L3,actual_interconnect_only,track:DDR_DQB12:L3:691:0,track:DDR_DQB8:L3:706:0,1.3,1.1984,False,2,0.13,0.26,False,False,False,
DDR_DQB12,DDR_DQB8,B_BYTE1,B_BYTE1,L3,all_inner_layer_traces,track:DDR_DQB12:L3:691:0,track:DDR_DQB8:L3:706:0,1.3,1.1984,False,2,0.13,0.26,False,False,False,
DDR_DQB12,DDR_DQB9,B_BYTE1,B_BYTE1,L3,actual_interconnect_only,track:DDR_DQB12:L3:691:0,track:DDR_DQB9:L3:704:4,0.975,0.8734,False,2,0.13,0.26,False,False,False,
DDR_DQB12,DDR_DQB9,B_BYTE1,B_BYTE1,L3,all_inner_layer_traces,track:DDR_DQB12:L3:691:0,track:DDR_DQB9:L3:704:4,0.975,0.8734,False,2,0.13,0.26,False,False,False,
DDR_DQB12,DDR_DQSA0_N,B_BYTE1,A_BYTE0,L3,actual_interconnect_only,track:DDR_DQB12:L3:691:7,track:DDR_DQSA0_N:L3:657:29,9.1586025135,9.0570025135,False,3,0.13,0.39,False,False,False,
DDR_DQB12,DDR_DQSA0_N,B_BYTE1,A_BYTE0,L3,all_inner_layer_traces,track:DDR_DQB12:L3:691:7,track:DDR_DQSA0_N:L3:657:29,9.1586025135,9.0570025135,False,3,0.13,0.39,False,False,False,
DDR_DQB12,DDR_DQSA0_P,B_BYTE1,A_BYTE0,L3,actual_interconnect_only,track:DDR_DQB12:L3:691:3,track:DDR_DQSA0_P:L3:652:1,8.5621464343,8.4605464343,False,3,0.13,0.39,False,False,False,
DDR_DQB12,DDR_DQSA0_P,B_BYTE1,A_BYTE0,L3,all_inner_layer_traces,track:DDR_DQB12:L3:691:3,track:DDR_DQSA0_P:L3:652:1,8.5621464343,8.4605464343,False,3,0.13,0.39,False,False,False,
DDR_DQB12,DDR_DQSB0_N,B_BYTE1,B_BYTE0,L3,actual_interconnect_only,track:DDR_DQB12:L3:691:0,track:DDR_DQSB0_N:L3:650:0,3.1098696215,3.0082696215,False,3,0.13,0.39,False,False,False,
DDR_DQB12,DDR_DQSB0_N,B_BYTE1,B_BYTE0,L3,all_inner_layer_traces,track:DDR_DQB12:L3:691:0,track:DDR_DQSB0_N:L3:650:0,3.1098696215,3.0082696215,False,3,0.13,0.39,False,False,False,
DDR_DQB12,DDR_DQSB0_P,B_BYTE1,B_BYTE0,L3,actual_interconnect_only,track:DDR_DQB12:L3:691:0,track:DDR_DQSB0_P:L3:651:0,2.7577164466,2.6561164466,False,3,0.13,0.39,False,False,False,
DDR_DQB12,DDR_DQSB0_P,B_BYTE1,B_BYTE0,L3,all_inner_layer_traces,track:DDR_DQB12:L3:691:0,track:DDR_DQSB0_P:L3:651:0,2.7577164466,2.6561164466,False,3,0.13,0.39,False,False,False,
DDR_DQB12,DDR_DQSB1_N,B_BYTE1,B_BYTE1,L3,actual_interconnect_only,track:DDR_DQB12:L3:691:6,track:DDR_DQSB1_N:L3:697:42,0.0,-0.1016,False,3,0.13,0.39,True,True,True,
DDR_DQB12,DDR_DQSB1_N,B_BYTE1,B_BYTE1,L3,all_inner_layer_traces,track:DDR_DQB12:L3:691:6,track:DDR_DQSB1_N:L3:697:42,0.0,-0.1016,False,3,0.13,0.39,True,True,True,
DDR_DQB12,DDR_DQSB1_P,B_BYTE1,B_BYTE1,L3,actual_interconnect_only,track:DDR_DQB12:L3:691:4,track:DDR_DQSB1_P:L3:690:14,0.975,0.8734,False,3,0.13,0.39,False,False,False,
DDR_DQB12,DDR_DQSB1_P,B_BYTE1,B_BYTE1,L3,all_inner_layer_traces,track:DDR_DQB12:L3:691:4,track:DDR_DQSB1_P:L3:690:14,0.975,0.8734,False,3,0.13,0.39,False,False,False,
DDR_DQB13,DDR_DQB14,B_BYTE1,B_BYTE1,L3,actual_interconnect_only,track:DDR_DQB13:L3:673:28,track:DDR_DQB14:L3:681:9,0.6305999128,0.5289999128,False,2,0.13,0.26,False,False,False,
DDR_DQB13,DDR_DQB14,B_BYTE1,B_BYTE1,L3,all_inner_layer_traces,track:DDR_DQB13:L3:673:28,track:DDR_DQB14:L3:681:9,0.6305999128,0.5289999128,False,2,0.13,0.26,False,False,False,
DDR_DQB13,DDR_DQB15,B_BYTE1,B_BYTE1,L3,actual_interconnect_only,track:DDR_DQB13:L3:673:17,track:DDR_DQB15:L3:692:4,0.8719814003,0.7703814003,False,2,0.13,0.26,False,False,False,
DDR_DQB13,DDR_DQB15,B_BYTE1,B_BYTE1,L3,all_inner_layer_traces,track:DDR_DQB13:L3:673:17,track:DDR_DQB15:L3:692:4,0.8719814003,0.7703814003,False,2,0.13,0.26,False,False,False,
DDR_DQB13,DDR_DQB2,B_BYTE1,B_BYTE0,L3,actual_interconnect_only,track:DDR_DQB13:L3:673:11,track:DDR_DQB2:L3:655:35,0.975,0.8734,False,3,0.13,0.39,False,False,False,
DDR_DQB13,DDR_DQB2,B_BYTE1,B_BYTE0,L3,all_inner_layer_traces,track:DDR_DQB13:L3:673:11,track:DDR_DQB2:L3:655:35,0.975,0.8734,False,3,0.13,0.39,False,False,False,
DDR_DQB13,DDR_DQB4,B_BYTE1,B_BYTE0,L3,actual_interconnect_only,track:DDR_DQB13:L3:673:11,track:DDR_DQB4:L3:663:43,1.21875,1.11715,False,3,0.13,0.39,False,False,False,
DDR_DQB13,DDR_DQB4,B_BYTE1,B_BYTE0,L3,all_inner_layer_traces,track:DDR_DQB13:L3:673:11,track:DDR_DQB4:L3:663:43,1.21875,1.11715,False,3,0.13,0.39,False,False,False,
DDR_DQB13,DDR_DQB8,B_BYTE1,B_BYTE1,L3,actual_interconnect_only,track:DDR_DQB13:L3:673:4,track:DDR_DQB8:L3:706:0,0.4596194078,0.3580194078,False,2,0.13,0.26,False,False,False,
DDR_DQB13,DDR_DQB8,B_BYTE1,B_BYTE1,L3,all_inner_layer_traces,track:DDR_DQB13:L3:673:4,track:DDR_DQB8:L3:706:0,0.4596194078,0.3580194078,False,2,0.13,0.26,False,False,False,
DDR_DQB13,DDR_DQB9,B_BYTE1,B_BYTE1,L3,actual_interconnect_only,track:DDR_DQB13:L3:673:1,track:DDR_DQB9:L3:704:0,0.325,0.2234,False,2,0.13,0.26,True,True,False,
DDR_DQB13,DDR_DQB9,B_BYTE1,B_BYTE1,L3,all_inner_layer_traces,track:DDR_DQB13:L3:673:1,track:DDR_DQB9:L3:704:0,0.325,0.2234,False,2,0.13,0.26,True,True,False,
DDR_DQB13,DDR_DQSA0_N,B_BYTE1,A_BYTE0,L3,actual_interconnect_only,track:DDR_DQB13:L3:673:31,track:DDR_DQSA0_N:L3:657:29,9.7181531167,9.6165531167,False,3,0.13,0.39,False,False,False,
DDR_DQB13,DDR_DQSA0_N,B_BYTE1,A_BYTE0,L3,all_inner_layer_traces,track:DDR_DQB13:L3:673:31,track:DDR_DQSA0_N:L3:657:29,9.7181531167,9.6165531167,False,3,0.13,0.39,False,False,False,
DDR_DQB13,DDR_DQSA0_P,B_BYTE1,A_BYTE0,L3,actual_interconnect_only,track:DDR_DQB13:L3:673:0,track:DDR_DQSA0_P:L3:652:1,9.425,9.3234,False,3,0.13,0.39,False,False,False,
DDR_DQB13,DDR_DQSA0_P,B_BYTE1,A_BYTE0,L3,all_inner_layer_traces,track:DDR_DQB13:L3:673:0,track:DDR_DQSA0_P:L3:652:1,9.425,9.3234,False,3,0.13,0.39,False,False,False,
DDR_DQB13,DDR_DQSB0_N,B_BYTE1,B_BYTE0,L3,actual_interconnect_only,track:DDR_DQB13:L3:673:11,track:DDR_DQSB0_N:L3:650:20,0.4875,0.3859,False,3,0.13,0.39,True,False,False,
DDR_DQB13,DDR_DQSB0_N,B_BYTE1,B_BYTE0,L3,all_inner_layer_traces,track:DDR_DQB13:L3:673:11,track:DDR_DQSB0_N:L3:650:20,0.4875,0.3859,False,3,0.13,0.39,True,False,False,
DDR_DQB13,DDR_DQSB0_P,B_BYTE1,B_BYTE0,L3,actual_interconnect_only,track:DDR_DQB13:L3:673:11,track:DDR_DQSB0_P:L3:651:29,0.73125,0.62965,False,3,0.13,0.39,False,False,False,
DDR_DQB13,DDR_DQSB0_P,B_BYTE1,B_BYTE0,L3,all_inner_layer_traces,track:DDR_DQB13:L3:673:11,track:DDR_DQSB0_P:L3:651:29,0.73125,0.62965,False,3,0.13,0.39,False,False,False,
DDR_DQB13,DDR_DQSB1_N,B_BYTE1,B_BYTE1,L3,actual_interconnect_only,track:DDR_DQB13:L3:673:5,track:DDR_DQSB1_N:L3:697:1,0.0,-0.1016,False,3,0.13,0.39,True,True,True,
DDR_DQB13,DDR_DQSB1_N,B_BYTE1,B_BYTE1,L3,all_inner_layer_traces,track:DDR_DQB13:L3:673:5,track:DDR_DQSB1_N:L3:697:1,0.0,-0.1016,False,3,0.13,0.39,True,True,True,
DDR_DQB13,DDR_DQSB1_P,B_BYTE1,B_BYTE1,L3,actual_interconnect_only,track:DDR_DQB13:L3:673:28,track:DDR_DQSB1_P:L3:690:11,0.216956937,0.115356937,False,3,0.13,0.39,True,True,True,
DDR_DQB13,DDR_DQSB1_P,B_BYTE1,B_BYTE1,L3,all_inner_layer_traces,track:DDR_DQB13:L3:673:28,track:DDR_DQSB1_P:L3:690:11,0.216956937,0.115356937,False,3,0.13,0.39,True,True,True,
DDR_DQB14,DDR_DQB15,B_BYTE1,B_BYTE1,L3,actual_interconnect_only,track:DDR_DQB14:L3:681:8,track:DDR_DQB15:L3:692:5,0.325,0.2234,False,2,0.13,0.26,True,True,False,
DDR_DQB14,DDR_DQB15,B_BYTE1,B_BYTE1,L3,all_inner_layer_traces,track:DDR_DQB14:L3:681:8,track:DDR_DQB15:L3:692:5,0.325,0.2234,False,2,0.13,0.26,True,True,False,
DDR_DQB14,DDR_DQB2,B_BYTE1,B_BYTE0,L3,actual_interconnect_only,track:DDR_DQB14:L3:681:7,track:DDR_DQB2:L3:655:35,2.51875,2.41715,False,3,0.13,0.39,False,False,False,
DDR_DQB14,DDR_DQB2,B_BYTE1,B_BYTE0,L3,all_inner_layer_traces,track:DDR_DQB14:L3:681:7,track:DDR_DQB2:L3:655:35,2.51875,2.41715,False,3,0.13,0.39,False,False,False,
DDR_DQB14,DDR_DQB4,B_BYTE1,B_BYTE0,L3,actual_interconnect_only,track:DDR_DQB14:L3:681:9,track:DDR_DQB4:L3:663:122,2.7611492739,2.6595492739,False,3,0.13,0.39,False,False,False,
DDR_DQB14,DDR_DQB4,B_BYTE1,B_BYTE0,L3,all_inner_layer_traces,track:DDR_DQB14:L3:681:9,track:DDR_DQB4:L3:663:122,2.7611492739,2.6595492739,False,3,0.13,0.39,False,False,False,
DDR_DQB14,DDR_DQB8,B_BYTE1,B_BYTE1,L3,actual_interconnect_only,track:DDR_DQB14:L3:681:3,track:DDR_DQB8:L3:706:2,0.2298097039,0.1282097039,False,2,0.13,0.26,True,True,True,
DDR_DQB14,DDR_DQB8,B_BYTE1,B_BYTE1,L3,all_inner_layer_traces,track:DDR_DQB14:L3:681:3,track:DDR_DQB8:L3:706:2,0.2298097039,0.1282097039,False,2,0.13,0.26,True,True,True,
DDR_DQB14,DDR_DQB9,B_BYTE1,B_BYTE1,L3,actual_interconnect_only,track:DDR_DQB14:L3:681:0,track:DDR_DQB9:L3:704:4,0.325,0.2234,False,2,0.13,0.26,True,True,False,
DDR_DQB14,DDR_DQB9,B_BYTE1,B_BYTE1,L3,all_inner_layer_traces,track:DDR_DQB14:L3:681:0,track:DDR_DQB9:L3:704:4,0.325,0.2234,False,2,0.13,0.26,True,True,False,
DDR_DQB14,DDR_DQSA0_N,B_BYTE1,A_BYTE0,L3,actual_interconnect_only,track:DDR_DQB14:L3:681:9,track:DDR_DQSA0_N:L3:657:29,10.867497412,10.765897412,False,3,0.13,0.39,False,False,False,
DDR_DQB14,DDR_DQSA0_N,B_BYTE1,A_BYTE0,L3,all_inner_layer_traces,track:DDR_DQB14:L3:681:9,track:DDR_DQSA0_N:L3:657:29,10.867497412,10.765897412,False,3,0.13,0.39,False,False,False,
DDR_DQB14,DDR_DQSA0_P,B_BYTE1,A_BYTE0,L3,actual_interconnect_only,track:DDR_DQB14:L3:681:0,track:DDR_DQSA0_P:L3:652:1,10.2052070043,10.1036070043,False,3,0.13,0.39,False,False,False,
DDR_DQB14,DDR_DQSA0_P,B_BYTE1,A_BYTE0,L3,all_inner_layer_traces,track:DDR_DQB14:L3:681:0,track:DDR_DQSA0_P:L3:652:1,10.2052070043,10.1036070043,False,3,0.13,0.39,False,False,False,
DDR_DQB14,DDR_DQSB0_N,B_BYTE1,B_BYTE0,L3,actual_interconnect_only,track:DDR_DQB14:L3:681:7,track:DDR_DQSB0_N:L3:650:20,2.03125,1.92965,False,3,0.13,0.39,False,False,False,
DDR_DQB14,DDR_DQSB0_N,B_BYTE1,B_BYTE0,L3,all_inner_layer_traces,track:DDR_DQB14:L3:681:7,track:DDR_DQSB0_N:L3:650:20,2.03125,1.92965,False,3,0.13,0.39,False,False,False,
DDR_DQB14,DDR_DQSB0_P,B_BYTE1,B_BYTE0,L3,actual_interconnect_only,track:DDR_DQB14:L3:681:7,track:DDR_DQSB0_P:L3:651:29,2.275,2.1734,False,3,0.13,0.39,False,False,False,
DDR_DQB14,DDR_DQSB0_P,B_BYTE1,B_BYTE0,L3,all_inner_layer_traces,track:DDR_DQB14:L3:681:7,track:DDR_DQSB0_P:L3:651:29,2.275,2.1734,False,3,0.13,0.39,False,False,False,
DDR_DQB14,DDR_DQSB1_N,B_BYTE1,B_BYTE1,L3,actual_interconnect_only,track:DDR_DQB14:L3:681:0,track:DDR_DQSB1_N:L3:697:0,1.1718041645,1.0702041645,False,3,0.13,0.39,False,False,False,
DDR_DQB14,DDR_DQSB1_N,B_BYTE1,B_BYTE1,L3,all_inner_layer_traces,track:DDR_DQB14:L3:681:0,track:DDR_DQSB1_N:L3:697:0,1.1718041645,1.0702041645,False,3,0.13,0.39,False,False,False,
DDR_DQB14,DDR_DQSB1_P,B_BYTE1,B_BYTE1,L3,actual_interconnect_only,track:DDR_DQB14:L3:681:9,track:DDR_DQSB1_P:L3:690:12,0.325,0.2234,False,3,0.13,0.39,True,True,False,
DDR_DQB14,DDR_DQSB1_P,B_BYTE1,B_BYTE1,L3,all_inner_layer_traces,track:DDR_DQB14:L3:681:9,track:DDR_DQSB1_P:L3:690:12,0.325,0.2234,False,3,0.13,0.39,True,True,False,
DDR_DQB15,DDR_DQB2,B_BYTE1,B_BYTE0,L3,actual_interconnect_only,track:DDR_DQB15:L3:692:3,track:DDR_DQB2:L3:655:35,1.86875,1.76715,False,3,0.13,0.39,False,False,False,
DDR_DQB15,DDR_DQB2,B_BYTE1,B_BYTE0,L3,all_inner_layer_traces,track:DDR_DQB15:L3:692:3,track:DDR_DQB2:L3:655:35,1.86875,1.76715,False,3,0.13,0.39,False,False,False,
DDR_DQB15,DDR_DQB4,B_BYTE1,B_BYTE0,L3,actual_interconnect_only,track:DDR_DQB15:L3:692:3,track:DDR_DQB4:L3:663:43,2.1125,2.0109,False,3,0.13,0.39,False,False,False,
DDR_DQB15,DDR_DQB4,B_BYTE1,B_BYTE0,L3,all_inner_layer_traces,track:DDR_DQB15:L3:692:3,track:DDR_DQB4:L3:663:43,2.1125,2.0109,False,3,0.13,0.39,False,False,False,
DDR_DQB15,DDR_DQB8,B_BYTE1,B_BYTE1,L3,actual_interconnect_only,track:DDR_DQB15:L3:692:4,track:DDR_DQB8:L3:706:7,0.325,0.2234,False,2,0.13,0.26,True,True,False,
DDR_DQB15,DDR_DQB8,B_BYTE1,B_BYTE1,L3,all_inner_layer_traces,track:DDR_DQB15:L3:692:4,track:DDR_DQB8:L3:706:7,0.325,0.2234,False,2,0.13,0.26,True,True,False,
DDR_DQB15,DDR_DQB9,B_BYTE1,B_BYTE1,L3,actual_interconnect_only,track:DDR_DQB15:L3:692:0,track:DDR_DQB9:L3:704:4,0.975,0.8734,False,2,0.13,0.26,False,False,False,
DDR_DQB15,DDR_DQB9,B_BYTE1,B_BYTE1,L3,all_inner_layer_traces,track:DDR_DQB15:L3:692:0,track:DDR_DQB9:L3:704:4,0.975,0.8734,False,2,0.13,0.26,False,False,False,
DDR_DQB15,DDR_DQSA0_N,B_BYTE1,A_BYTE0,L3,actual_interconnect_only,track:DDR_DQB15:L3:692:5,track:DDR_DQSA0_N:L3:657:29,11.4542568506,11.3526568506,False,3,0.13,0.39,False,False,False,
DDR_DQB15,DDR_DQSA0_N,B_BYTE1,A_BYTE0,L3,all_inner_layer_traces,track:DDR_DQB15:L3:692:5,track:DDR_DQSA0_N:L3:657:29,11.4542568506,11.3526568506,False,3,0.13,0.39,False,False,False,
DDR_DQB15,DDR_DQSA0_P,B_BYTE1,A_BYTE0,L3,actual_interconnect_only,track:DDR_DQB15:L3:692:0,track:DDR_DQSA0_P:L3:652:1,10.8474075244,10.7458075244,False,3,0.13,0.39,False,False,False,
DDR_DQB15,DDR_DQSA0_P,B_BYTE1,A_BYTE0,L3,all_inner_layer_traces,track:DDR_DQB15:L3:692:0,track:DDR_DQSA0_P:L3:652:1,10.8474075244,10.7458075244,False,3,0.13,0.39,False,False,False,
DDR_DQB15,DDR_DQSB0_N,B_BYTE1,B_BYTE0,L3,actual_interconnect_only,track:DDR_DQB15:L3:692:3,track:DDR_DQSB0_N:L3:650:20,1.38125,1.27965,False,3,0.13,0.39,False,False,False,
DDR_DQB15,DDR_DQSB0_N,B_BYTE1,B_BYTE0,L3,all_inner_layer_traces,track:DDR_DQB15:L3:692:3,track:DDR_DQSB0_N:L3:650:20,1.38125,1.27965,False,3,0.13,0.39,False,False,False,
DDR_DQB15,DDR_DQSB0_P,B_BYTE1,B_BYTE0,L3,actual_interconnect_only,track:DDR_DQB15:L3:692:3,track:DDR_DQSB0_P:L3:651:29,1.625,1.5234,False,3,0.13,0.39,False,False,False,
DDR_DQB15,DDR_DQSB0_P,B_BYTE1,B_BYTE0,L3,all_inner_layer_traces,track:DDR_DQB15:L3:692:3,track:DDR_DQSB0_P:L3:651:29,1.625,1.5234,False,3,0.13,0.39,False,False,False,
DDR_DQB15,DDR_DQSB1_N,B_BYTE1,B_BYTE1,L3,actual_interconnect_only,track:DDR_DQB15:L3:692:0,track:DDR_DQSB1_N:L3:697:0,0.7267220927,0.6251220927,False,3,0.13,0.39,False,False,False,
DDR_DQB15,DDR_DQSB1_N,B_BYTE1,B_BYTE1,L3,all_inner_layer_traces,track:DDR_DQB15:L3:692:0,track:DDR_DQSB1_N:L3:697:0,0.7267220927,0.6251220927,False,3,0.13,0.39,False,False,False,
DDR_DQB15,DDR_DQSB1_P,B_BYTE1,B_BYTE1,L3,actual_interconnect_only,track:DDR_DQB15:L3:692:4,track:DDR_DQSB1_P:L3:690:9,0.3375,0.2359,False,3,0.13,0.39,True,True,False,
DDR_DQB15,DDR_DQSB1_P,B_BYTE1,B_BYTE1,L3,all_inner_layer_traces,track:DDR_DQB15:L3:692:4,track:DDR_DQSB1_P:L3:690:9,0.3375,0.2359,False,3,0.13,0.39,True,True,False,
DDR_DQB2,DDR_DQB4,B_BYTE0,B_BYTE0,L3,actual_interconnect_only,track:DDR_DQB2:L3:655:89,track:DDR_DQB4:L3:663:110,0.2043472841,0.1027472841,False,2,0.13,0.26,True,True,True,
DDR_DQB2,DDR_DQB4,B_BYTE0,B_BYTE0,L3,all_inner_layer_traces,track:DDR_DQB2:L3:655:89,track:DDR_DQB4:L3:663:110,0.2043472841,0.1027472841,False,2,0.13,0.26,True,True,True,
DDR_DQB2,DDR_DQB8,B_BYTE0,B_BYTE1,L3,actual_interconnect_only,track:DDR_DQB2:L3:655:35,track:DDR_DQB8:L3:706:7,2.19375,2.09215,False,3,0.13,0.39,False,False,False,
DDR_DQB2,DDR_DQB8,B_BYTE0,B_BYTE1,L3,all_inner_layer_traces,track:DDR_DQB2:L3:655:35,track:DDR_DQB8:L3:706:7,2.19375,2.09215,False,3,0.13,0.39,False,False,False,
DDR_DQB2,DDR_DQB9,B_BYTE0,B_BYTE1,L3,actual_interconnect_only,track:DDR_DQB2:L3:655:0,track:DDR_DQB9:L3:704:0,1.95,1.8484,False,3,0.13,0.39,False,False,False,
DDR_DQB2,DDR_DQB9,B_BYTE0,B_BYTE1,L3,all_inner_layer_traces,track:DDR_DQB2:L3:655:0,track:DDR_DQB9:L3:704:0,1.95,1.8484,False,3,0.13,0.39,False,False,False,
DDR_DQB2,DDR_DQSA0_N,B_BYTE0,A_BYTE0,L3,actual_interconnect_only,track:DDR_DQB2:L3:655:75,track:DDR_DQSA0_N:L3:657:29,6.175,6.0734,False,3,0.13,0.39,False,False,False,
DDR_DQB2,DDR_DQSA0_N,B_BYTE0,A_BYTE0,L3,all_inner_layer_traces,track:DDR_DQB2:L3:655:75,track:DDR_DQSA0_N:L3:657:29,6.175,6.0734,False,3,0.13,0.39,False,False,False,
DDR_DQB2,DDR_DQSA0_P,B_BYTE0,A_BYTE0,L3,actual_interconnect_only,track:DDR_DQB2:L3:655:75,track:DDR_DQSA0_P:L3:652:51,6.825,6.7234,False,3,0.13,0.39,False,False,False,
DDR_DQB2,DDR_DQSA0_P,B_BYTE0,A_BYTE0,L3,all_inner_layer_traces,track:DDR_DQB2:L3:655:75,track:DDR_DQSA0_P:L3:652:51,6.825,6.7234,False,3,0.13,0.39,False,False,False,
DDR_DQB2,DDR_DQSB0_N,B_BYTE0,B_BYTE0,L3,actual_interconnect_only,track:DDR_DQB2:L3:655:54,track:DDR_DQSB0_N:L3:650:30,0.45625,0.35465,False,3,0.13,0.39,True,False,False,
DDR_DQB2,DDR_DQSB0_N,B_BYTE0,B_BYTE0,L3,all_inner_layer_traces,track:DDR_DQB2:L3:655:54,track:DDR_DQSB0_N:L3:650:30,0.45625,0.35465,False,3,0.13,0.39,True,False,False,
DDR_DQB2,DDR_DQSB0_P,B_BYTE0,B_BYTE0,L3,actual_interconnect_only,track:DDR_DQB2:L3:655:46,track:DDR_DQSB0_P:L3:651:43,0.1816805232,0.0800805232,False,3,0.13,0.39,True,True,True,
DDR_DQB2,DDR_DQSB0_P,B_BYTE0,B_BYTE0,L3,all_inner_layer_traces,track:DDR_DQB2:L3:655:46,track:DDR_DQSB0_P:L3:651:43,0.1816805232,0.0800805232,False,3,0.13,0.39,True,True,True,
DDR_DQB2,DDR_DQSB1_N,B_BYTE0,B_BYTE1,L3,actual_interconnect_only,track:DDR_DQB2:L3:655:35,track:DDR_DQSB1_N:L3:697:14,0.73125,0.62965,False,3,0.13,0.39,False,False,False,
DDR_DQB2,DDR_DQSB1_N,B_BYTE0,B_BYTE1,L3,all_inner_layer_traces,track:DDR_DQB2:L3:655:35,track:DDR_DQSB1_N:L3:697:14,0.73125,0.62965,False,3,0.13,0.39,False,False,False,
DDR_DQB2,DDR_DQSB1_P,B_BYTE0,B_BYTE1,L3,actual_interconnect_only,track:DDR_DQB2:L3:655:35,track:DDR_DQSB1_P:L3:690:5,1.21875,1.11715,False,3,0.13,0.39,False,False,False,
DDR_DQB2,DDR_DQSB1_P,B_BYTE0,B_BYTE1,L3,all_inner_layer_traces,track:DDR_DQB2:L3:655:35,track:DDR_DQSB1_P:L3:690:5,1.21875,1.11715,False,3,0.13,0.39,False,False,False,
DDR_DQB3,DDR_DQB5,B_BYTE0,B_BYTE0,L8,actual_interconnect_only,track:DDR_DQB3:L8:646:21,track:DDR_DQB5:L8:665:28,0.2128673296,0.1112673296,False,2,0.1195,0.239,True,True,True,
DDR_DQB3,DDR_DQB5,B_BYTE0,B_BYTE0,L8,all_inner_layer_traces,track:DDR_DQB3:L8:646:21,track:DDR_DQB5:L8:665:28,0.2128673296,0.1112673296,False,2,0.1195,0.239,True,True,True,
DDR_DQB3,DDR_DQB6,B_BYTE0,B_BYTE0,L8,actual_interconnect_only,track:DDR_DQB3:L8:646:0,track:DDR_DQB6:L8:664:0,1.4534441854,1.3518441854,False,2,0.1195,0.239,False,False,False,
DDR_DQB3,DDR_DQB6,B_BYTE0,B_BYTE0,L8,all_inner_layer_traces,track:DDR_DQB3:L8:646:0,track:DDR_DQB6:L8:664:0,1.4534441854,1.3518441854,False,2,0.1195,0.239,False,False,False,
DDR_DQB3,DDR_DQB7,B_BYTE0,B_BYTE0,L8,actual_interconnect_only,track:DDR_DQB3:L8:646:13,track:DDR_DQB7:L8:660:3,1.018059582,0.916459582,False,2,0.1195,0.239,False,False,False,
DDR_DQB3,DDR_DQB7,B_BYTE0,B_BYTE0,L8,all_inner_layer_traces,track:DDR_DQB3:L8:646:13,track:DDR_DQB7:L8:660:3,1.018059582,0.916459582,False,2,0.1195,0.239,False,False,False,
DDR_DQB3,DDR_DQSA1_N,B_BYTE0,A_BYTE1,L8,actual_interconnect_only,track:DDR_DQB3:L8:646:28,track:DDR_DQSA1_N:L8:687:21,9.7247770701,9.6231770701,False,3,0.1195,0.3585,False,False,False,
DDR_DQB3,DDR_DQSA1_N,B_BYTE0,A_BYTE1,L8,all_inner_layer_traces,track:DDR_DQB3:L8:646:28,track:DDR_DQSA1_N:L8:687:21,9.7247770701,9.6231770701,False,3,0.1195,0.3585,False,False,False,
DDR_DQB3,DDR_DQSA1_P,B_BYTE0,A_BYTE1,L8,actual_interconnect_only,track:DDR_DQB3:L8:646:28,track:DDR_DQSA1_P:L8:710:19,10.6001179239,10.4985179239,False,3,0.1195,0.3585,False,False,False,
DDR_DQB3,DDR_DQSA1_P,B_BYTE0,A_BYTE1,L8,all_inner_layer_traces,track:DDR_DQB3:L8:646:28,track:DDR_DQSA1_P:L8:710:19,10.6001179239,10.4985179239,False,3,0.1195,0.3585,False,False,False,
DDR_DQB4,DDR_DQB8,B_BYTE0,B_BYTE1,L3,actual_interconnect_only,track:DDR_DQB4:L3:663:43,track:DDR_DQB8:L3:706:7,2.4375,2.3359,False,3,0.13,0.39,False,False,False,
DDR_DQB4,DDR_DQB8,B_BYTE0,B_BYTE1,L3,all_inner_layer_traces,track:DDR_DQB4:L3:663:43,track:DDR_DQB8:L3:706:7,2.4375,2.3359,False,3,0.13,0.39,False,False,False,
DDR_DQB4,DDR_DQB9,B_BYTE0,B_BYTE1,L3,actual_interconnect_only,track:DDR_DQB4:L3:663:0,track:DDR_DQB9:L3:704:0,1.9918682342,1.8902682342,False,3,0.13,0.39,False,False,False,
DDR_DQB4,DDR_DQB9,B_BYTE0,B_BYTE1,L3,all_inner_layer_traces,track:DDR_DQB4:L3:663:0,track:DDR_DQB9:L3:704:0,1.9918682342,1.8902682342,False,3,0.13,0.39,False,False,False,
DDR_DQB4,DDR_DQSA0_N,B_BYTE0,A_BYTE0,L3,actual_interconnect_only,track:DDR_DQB4:L3:663:91,track:DDR_DQSA0_N:L3:657:29,5.525,5.4234,False,3,0.13,0.39,False,False,False,
DDR_DQB4,DDR_DQSA0_N,B_BYTE0,A_BYTE0,L3,all_inner_layer_traces,track:DDR_DQB4:L3:663:91,track:DDR_DQSA0_N:L3:657:29,5.525,5.4234,False,3,0.13,0.39,False,False,False,
DDR_DQB4,DDR_DQSA0_P,B_BYTE0,A_BYTE0,L3,actual_interconnect_only,track:DDR_DQB4:L3:663:91,track:DDR_DQSA0_P:L3:652:51,6.175,6.0734,False,3,0.13,0.39,False,False,False,
DDR_DQB4,DDR_DQSA0_P,B_BYTE0,A_BYTE0,L3,all_inner_layer_traces,track:DDR_DQB4:L3:663:91,track:DDR_DQSA0_P:L3:652:51,6.175,6.0734,False,3,0.13,0.39,False,False,False,
DDR_DQB4,DDR_DQSB0_N,B_BYTE0,B_BYTE0,L3,actual_interconnect_only,track:DDR_DQB4:L3:663:131,track:DDR_DQSB0_N:L3:650:33,0.2128673296,0.1112673296,False,3,0.13,0.39,True,True,True,
DDR_DQB4,DDR_DQSB0_N,B_BYTE0,B_BYTE0,L3,all_inner_layer_traces,track:DDR_DQB4:L3:663:131,track:DDR_DQSB0_N:L3:650:33,0.2128673296,0.1112673296,False,3,0.13,0.39,True,True,True,
DDR_DQB4,DDR_DQSB0_P,B_BYTE0,B_BYTE0,L3,actual_interconnect_only,track:DDR_DQB4:L3:663:116,track:DDR_DQSB0_P:L3:651:79,0.45625,0.35465,False,3,0.13,0.39,True,False,False,
DDR_DQB4,DDR_DQSB0_P,B_BYTE0,B_BYTE0,L3,all_inner_layer_traces,track:DDR_DQB4:L3:663:116,track:DDR_DQSB0_P:L3:651:79,0.45625,0.35465,False,3,0.13,0.39,True,False,False,
DDR_DQB4,DDR_DQSB1_N,B_BYTE0,B_BYTE1,L3,actual_interconnect_only,track:DDR_DQB4:L3:663:43,track:DDR_DQSB1_N:L3:697:14,0.975,0.8734,False,3,0.13,0.39,False,False,False,
DDR_DQB4,DDR_DQSB1_N,B_BYTE0,B_BYTE1,L3,all_inner_layer_traces,track:DDR_DQB4:L3:663:43,track:DDR_DQSB1_N:L3:697:14,0.975,0.8734,False,3,0.13,0.39,False,False,False,
DDR_DQB4,DDR_DQSB1_P,B_BYTE0,B_BYTE1,L3,actual_interconnect_only,track:DDR_DQB4:L3:663:43,track:DDR_DQSB1_P:L3:690:5,1.4625,1.3609,False,3,0.13,0.39,False,False,False,
DDR_DQB4,DDR_DQSB1_P,B_BYTE0,B_BYTE1,L3,all_inner_layer_traces,track:DDR_DQB4:L3:663:43,track:DDR_DQSB1_P:L3:690:5,1.4625,1.3609,False,3,0.13,0.39,False,False,False,
DDR_DQB5,DDR_DQB6,B_BYTE0,B_BYTE0,L8,actual_interconnect_only,track:DDR_DQB5:L8:665:0,track:DDR_DQB6:L8:664:0,0.325,0.2234,False,2,0.1195,0.239,True,True,False,
DDR_DQB5,DDR_DQB6,B_BYTE0,B_BYTE0,L8,all_inner_layer_traces,track:DDR_DQB5:L8:665:0,track:DDR_DQB6:L8:664:0,0.325,0.2234,False,2,0.1195,0.239,True,True,False,
DDR_DQB5,DDR_DQB7,B_BYTE0,B_BYTE0,L8,actual_interconnect_only,track:DDR_DQB5:L8:665:0,track:DDR_DQB7:L8:660:0,0.65,0.5484,False,2,0.1195,0.239,False,False,False,
DDR_DQB5,DDR_DQB7,B_BYTE0,B_BYTE0,L8,all_inner_layer_traces,track:DDR_DQB5:L8:665:0,track:DDR_DQB7:L8:660:0,0.65,0.5484,False,2,0.1195,0.239,False,False,False,
DDR_DQB5,DDR_DQSA1_N,B_BYTE0,A_BYTE1,L8,actual_interconnect_only,track:DDR_DQB5:L8:665:39,track:DDR_DQSA1_N:L8:687:21,9.3296088644,9.2280088644,False,3,0.1195,0.3585,False,False,False,
DDR_DQB5,DDR_DQSA1_N,B_BYTE0,A_BYTE1,L8,all_inner_layer_traces,track:DDR_DQB5:L8:665:39,track:DDR_DQSA1_N:L8:687:21,9.3296088644,9.2280088644,False,3,0.1195,0.3585,False,False,False,
DDR_DQB5,DDR_DQSA1_P,B_BYTE0,A_BYTE1,L8,actual_interconnect_only,track:DDR_DQB5:L8:665:39,track:DDR_DQSA1_P:L8:710:19,10.2052070043,10.1036070043,False,3,0.1195,0.3585,False,False,False,
DDR_DQB5,DDR_DQSA1_P,B_BYTE0,A_BYTE1,L8,all_inner_layer_traces,track:DDR_DQB5:L8:665:39,track:DDR_DQSA1_P:L8:710:19,10.2052070043,10.1036070043,False,3,0.1195,0.3585,False,False,False,
DDR_DQB6,DDR_DQB7,B_BYTE0,B_BYTE0,L8,actual_interconnect_only,track:DDR_DQB6:L8:664:4,track:DDR_DQB7:L8:660:0,0.325,0.2234,False,2,0.1195,0.239,True,True,False,
DDR_DQB6,DDR_DQB7,B_BYTE0,B_BYTE0,L8,all_inner_layer_traces,track:DDR_DQB6:L8:664:4,track:DDR_DQB7:L8:660:0,0.325,0.2234,False,2,0.1195,0.239,True,True,False,
DDR_DQB6,DDR_DQSA1_N,B_BYTE0,A_BYTE1,L8,actual_interconnect_only,track:DDR_DQB6:L8:664:0,track:DDR_DQSA1_N:L8:687:0,9.8844891117,9.7828891117,False,3,0.1195,0.3585,False,False,False,
DDR_DQB6,DDR_DQSA1_N,B_BYTE0,A_BYTE1,L8,all_inner_layer_traces,track:DDR_DQB6:L8:664:0,track:DDR_DQSA1_N:L8:687:0,9.8844891117,9.7828891117,False,3,0.1195,0.3585,False,False,False,
DDR_DQB6,DDR_DQSA1_P,B_BYTE0,A_BYTE1,L8,actual_interconnect_only,track:DDR_DQB6:L8:664:0,track:DDR_DQSA1_P:L8:710:0,10.0118991705,9.9102991705,False,3,0.1195,0.3585,False,False,False,
DDR_DQB6,DDR_DQSA1_P,B_BYTE0,A_BYTE1,L8,all_inner_layer_traces,track:DDR_DQB6:L8:664:0,track:DDR_DQSA1_P:L8:710:0,10.0118991705,9.9102991705,False,3,0.1195,0.3585,False,False,False,
DDR_DQB7,DDR_DQSA1_N,B_BYTE0,A_BYTE1,L8,actual_interconnect_only,track:DDR_DQB7:L8:660:0,track:DDR_DQSA1_N:L8:687:0,10.445603142,10.344003142,False,3,0.1195,0.3585,False,False,False,
DDR_DQB7,DDR_DQSA1_N,B_BYTE0,A_BYTE1,L8,all_inner_layer_traces,track:DDR_DQB7:L8:660:0,track:DDR_DQSA1_N:L8:687:0,10.445603142,10.344003142,False,3,0.1195,0.3585,False,False,False,
DDR_DQB7,DDR_DQSA1_P,B_BYTE0,A_BYTE1,L8,actual_interconnect_only,track:DDR_DQB7:L8:660:0,track:DDR_DQSA1_P:L8:710:0,10.5261875815,10.4245875815,False,3,0.1195,0.3585,False,False,False,
DDR_DQB7,DDR_DQSA1_P,B_BYTE0,A_BYTE1,L8,all_inner_layer_traces,track:DDR_DQB7:L8:660:0,track:DDR_DQSA1_P:L8:710:0,10.5261875815,10.4245875815,False,3,0.1195,0.3585,False,False,False,
DDR_DQB8,DDR_DQB9,B_BYTE1,B_BYTE1,L3,actual_interconnect_only,track:DDR_DQB8:L3:706:0,track:DDR_DQB9:L3:704:0,0.325,0.2234,False,2,0.13,0.26,True,True,False,
DDR_DQB8,DDR_DQB9,B_BYTE1,B_BYTE1,L3,all_inner_layer_traces,track:DDR_DQB8:L3:706:0,track:DDR_DQB9:L3:704:0,0.325,0.2234,False,2,0.13,0.26,True,True,False,
DDR_DQB8,DDR_DQSA0_N,B_BYTE1,A_BYTE0,L3,actual_interconnect_only,track:DDR_DQB8:L3:706:0,track:DDR_DQSA0_N:L3:657:0,11.0547783786,10.9531783786,False,3,0.13,0.39,False,False,False,
DDR_DQB8,DDR_DQSA0_N,B_BYTE1,A_BYTE0,L3,all_inner_layer_traces,track:DDR_DQB8:L3:706:0,track:DDR_DQSA0_N:L3:657:0,11.0547783786,10.9531783786,False,3,0.13,0.39,False,False,False,
DDR_DQB8,DDR_DQSA0_P,B_BYTE1,A_BYTE0,L3,actual_interconnect_only,track:DDR_DQB8:L3:706:0,track:DDR_DQSA0_P:L3:652:1,10.1220674766,10.0204674766,False,3,0.13,0.39,False,False,False,
DDR_DQB8,DDR_DQSA0_P,B_BYTE1,A_BYTE0,L3,all_inner_layer_traces,track:DDR_DQB8:L3:706:0,track:DDR_DQSA0_P:L3:652:1,10.1220674766,10.0204674766,False,3,0.13,0.39,False,False,False,
DDR_DQB8,DDR_DQSB0_N,B_BYTE1,B_BYTE0,L3,actual_interconnect_only,track:DDR_DQB8:L3:706:7,track:DDR_DQSB0_N:L3:650:20,1.70625,1.60465,False,3,0.13,0.39,False,False,False,
DDR_DQB8,DDR_DQSB0_N,B_BYTE1,B_BYTE0,L3,all_inner_layer_traces,track:DDR_DQB8:L3:706:7,track:DDR_DQSB0_N:L3:650:20,1.70625,1.60465,False,3,0.13,0.39,False,False,False,
DDR_DQB8,DDR_DQSB0_P,B_BYTE1,B_BYTE0,L3,actual_interconnect_only,track:DDR_DQB8:L3:706:7,track:DDR_DQSB0_P:L3:651:29,1.95,1.8484,False,3,0.13,0.39,False,False,False,
DDR_DQB8,DDR_DQSB0_P,B_BYTE1,B_BYTE0,L3,all_inner_layer_traces,track:DDR_DQB8:L3:706:7,track:DDR_DQSB0_P:L3:651:29,1.95,1.8484,False,3,0.13,0.39,False,False,False,
DDR_DQB8,DDR_DQSB1_N,B_BYTE1,B_BYTE1,L3,actual_interconnect_only,track:DDR_DQB8:L3:706:1,track:DDR_DQSB1_N:L3:697:0,0.7267220927,0.6251220927,False,3,0.13,0.39,False,False,False,
DDR_DQB8,DDR_DQSB1_N,B_BYTE1,B_BYTE1,L3,all_inner_layer_traces,track:DDR_DQB8:L3:706:1,track:DDR_DQSB1_N:L3:697:0,0.7267220927,0.6251220927,False,3,0.13,0.39,False,False,False,
DDR_DQB8,DDR_DQSB1_P,B_BYTE1,B_BYTE1,L3,actual_interconnect_only,track:DDR_DQB8:L3:706:1,track:DDR_DQSB1_P:L3:690:0,0.3350023321,0.2334023321,False,3,0.13,0.39,True,True,False,
DDR_DQB8,DDR_DQSB1_P,B_BYTE1,B_BYTE1,L3,all_inner_layer_traces,track:DDR_DQB8:L3:706:1,track:DDR_DQSB1_P:L3:690:0,0.3350023321,0.2334023321,False,3,0.13,0.39,True,True,False,
DDR_DQB9,DDR_DQSA0_N,B_BYTE1,A_BYTE0,L3,actual_interconnect_only,track:DDR_DQB9:L3:704:3,track:DDR_DQSA0_N:L3:657:0,10.7253077607,10.6237077607,False,3,0.13,0.39,False,False,False,
DDR_DQB9,DDR_DQSA0_N,B_BYTE1,A_BYTE0,L3,all_inner_layer_traces,track:DDR_DQB9:L3:704:3,track:DDR_DQSA0_N:L3:657:0,10.7253077607,10.6237077607,False,3,0.13,0.39,False,False,False,
DDR_DQB9,DDR_DQSA0_P,B_BYTE1,A_BYTE0,L3,actual_interconnect_only,track:DDR_DQB9:L3:704:3,track:DDR_DQSA0_P:L3:652:1,9.7773834211,9.6757834211,False,3,0.13,0.39,False,False,False,
DDR_DQB9,DDR_DQSA0_P,B_BYTE1,A_BYTE0,L3,all_inner_layer_traces,track:DDR_DQB9:L3:704:3,track:DDR_DQSA0_P:L3:652:1,9.7773834211,9.6757834211,False,3,0.13,0.39,False,False,False,
DDR_DQB9,DDR_DQSB0_N,B_BYTE1,B_BYTE0,L3,actual_interconnect_only,track:DDR_DQB9:L3:704:0,track:DDR_DQSB0_N:L3:650:0,1.6750116604,1.5734116604,False,3,0.13,0.39,False,False,False,
DDR_DQB9,DDR_DQSB0_N,B_BYTE1,B_BYTE0,L3,all_inner_layer_traces,track:DDR_DQB9:L3:704:0,track:DDR_DQSB0_N:L3:650:0,1.6750116604,1.5734116604,False,3,0.13,0.39,False,False,False,
DDR_DQB9,DDR_DQSB0_P,B_BYTE1,B_BYTE0,L3,actual_interconnect_only,track:DDR_DQB9:L3:704:0,track:DDR_DQSB0_P:L3:651:0,1.4534441854,1.3518441854,False,3,0.13,0.39,False,False,False,
DDR_DQB9,DDR_DQSB0_P,B_BYTE1,B_BYTE0,L3,all_inner_layer_traces,track:DDR_DQB9:L3:704:0,track:DDR_DQSB0_P:L3:651:0,1.4534441854,1.3518441854,False,3,0.13,0.39,False,False,False,
DDR_DQB9,DDR_DQSB1_N,B_BYTE1,B_BYTE1,L3,actual_interconnect_only,track:DDR_DQB9:L3:704:0,track:DDR_DQSB1_N:L3:697:1,0.975,0.8734,False,3,0.13,0.39,False,False,False,
DDR_DQB9,DDR_DQSB1_N,B_BYTE1,B_BYTE1,L3,all_inner_layer_traces,track:DDR_DQB9:L3:704:0,track:DDR_DQSB1_N:L3:697:1,0.975,0.8734,False,3,0.13,0.39,False,False,False,
DDR_DQB9,DDR_DQSB1_P,B_BYTE1,B_BYTE1,L3,actual_interconnect_only,track:DDR_DQB9:L3:704:0,track:DDR_DQSB1_P:L3:690:0,0.7267220927,0.6251220927,False,3,0.13,0.39,False,False,False,
DDR_DQB9,DDR_DQSB1_P,B_BYTE1,B_BYTE1,L3,all_inner_layer_traces,track:DDR_DQB9:L3:704:0,track:DDR_DQSB1_P:L3:690:0,0.7267220927,0.6251220927,False,3,0.13,0.39,False,False,False,
DDR_DQSA0_N,DDR_DQSA0_P,A_BYTE0,A_BYTE0,L3,actual_interconnect_only,track:DDR_DQSA0_N:L3:657:25,track:DDR_DQSA0_P:L3:652:50,0.31875,0.21715,True,,0.13,,,,,False
DDR_DQSA0_N,DDR_DQSA0_P,A_BYTE0,A_BYTE0,L3,all_inner_layer_traces,track:DDR_DQSA0_N:L3:657:25,track:DDR_DQSA0_P:L3:652:50,0.31875,0.21715,True,,0.13,,,,,False
DDR_DQSA0_N,DDR_DQSB0_N,A_BYTE0,B_BYTE0,L3,actual_interconnect_only,track:DDR_DQSA0_N:L3:657:29,track:DDR_DQSB0_N:L3:650:44,7.475,7.3734,False,3,0.13,0.39,False,False,False,
DDR_DQSA0_N,DDR_DQSB0_N,A_BYTE0,B_BYTE0,L3,all_inner_layer_traces,track:DDR_DQSA0_N:L3:657:29,track:DDR_DQSB0_N:L3:650:44,7.475,7.3734,False,3,0.13,0.39,False,False,False,
DDR_DQSA0_N,DDR_DQSB0_P,A_BYTE0,B_BYTE0,L3,actual_interconnect_only,track:DDR_DQSA0_N:L3:657:29,track:DDR_DQSB0_P:L3:651:67,6.825,6.7234,False,3,0.13,0.39,False,False,False,
DDR_DQSA0_N,DDR_DQSB0_P,A_BYTE0,B_BYTE0,L3,all_inner_layer_traces,track:DDR_DQSA0_N:L3:657:29,track:DDR_DQSB0_P:L3:651:67,6.825,6.7234,False,3,0.13,0.39,False,False,False,
DDR_DQSA0_N,DDR_DQSB1_N,A_BYTE0,B_BYTE1,L3,actual_interconnect_only,track:DDR_DQSA0_N:L3:657:29,track:DDR_DQSB1_N:L3:697:36,8.7476447723,8.6460447723,False,3,0.13,0.39,False,False,False,
DDR_DQSA0_N,DDR_DQSB1_N,A_BYTE0,B_BYTE1,L3,all_inner_layer_traces,track:DDR_DQSA0_N:L3:657:29,track:DDR_DQSB1_N:L3:697:36,8.7476447723,8.6460447723,False,3,0.13,0.39,False,False,False,
DDR_DQSA0_N,DDR_DQSB1_P,A_BYTE0,B_BYTE1,L3,actual_interconnect_only,track:DDR_DQSA0_N:L3:657:29,track:DDR_DQSB1_P:L3:690:11,10.4630917545,10.3614917545,False,3,0.13,0.39,False,False,False,
DDR_DQSA0_N,DDR_DQSB1_P,A_BYTE0,B_BYTE1,L3,all_inner_layer_traces,track:DDR_DQSA0_N:L3:657:29,track:DDR_DQSB1_P:L3:690:11,10.4630917545,10.3614917545,False,3,0.13,0.39,False,False,False,
DDR_DQSA0_P,DDR_DQSB0_N,A_BYTE0,B_BYTE0,L3,actual_interconnect_only,track:DDR_DQSA0_P:L3:652:51,track:DDR_DQSB0_N:L3:650:44,8.125,8.0234,False,3,0.13,0.39,False,False,False,
DDR_DQSA0_P,DDR_DQSB0_N,A_BYTE0,B_BYTE0,L3,all_inner_layer_traces,track:DDR_DQSA0_P:L3:652:51,track:DDR_DQSB0_N:L3:650:44,8.125,8.0234,False,3,0.13,0.39,False,False,False,
DDR_DQSA0_P,DDR_DQSB0_P,A_BYTE0,B_BYTE0,L3,actual_interconnect_only,track:DDR_DQSA0_P:L3:652:51,track:DDR_DQSB0_P:L3:651:67,7.475,7.3734,False,3,0.13,0.39,False,False,False,
DDR_DQSA0_P,DDR_DQSB0_P,A_BYTE0,B_BYTE0,L3,all_inner_layer_traces,track:DDR_DQSA0_P:L3:652:51,track:DDR_DQSB0_P:L3:651:67,7.475,7.3734,False,3,0.13,0.39,False,False,False,
DDR_DQSA0_P,DDR_DQSB1_N,A_BYTE0,B_BYTE1,L3,actual_interconnect_only,track:DDR_DQSA0_P:L3:652:51,track:DDR_DQSB1_N:L3:697:36,9.3092045344,9.2076045344,False,3,0.13,0.39,False,False,False,
DDR_DQSA0_P,DDR_DQSB1_N,A_BYTE0,B_BYTE1,L3,all_inner_layer_traces,track:DDR_DQSA0_P:L3:652:51,track:DDR_DQSB1_N:L3:697:36,9.3092045344,9.2076045344,False,3,0.13,0.39,False,False,False,
DDR_DQSA0_P,DDR_DQSB1_P,A_BYTE0,B_BYTE1,L3,actual_interconnect_only,track:DDR_DQSA0_P:L3:652:1,track:DDR_DQSB1_P:L3:690:0,10.7692269918,10.6676269918,False,3,0.13,0.39,False,False,False,
DDR_DQSA0_P,DDR_DQSB1_P,A_BYTE0,B_BYTE1,L3,all_inner_layer_traces,track:DDR_DQSA0_P:L3:652:1,track:DDR_DQSB1_P:L3:690:0,10.7692269918,10.6676269918,False,3,0.13,0.39,False,False,False,
DDR_DQSA1_N,DDR_DQSA1_P,A_BYTE1,A_BYTE1,L8,actual_interconnect_only,track:DDR_DQSA1_N:L8:687:4,track:DDR_DQSA1_P:L8:710:0,0.24375,0.14215,True,,0.1195,,,,,False
DDR_DQSA1_N,DDR_DQSA1_P,A_BYTE1,A_BYTE1,L8,all_inner_layer_traces,track:DDR_DQSA1_N:L8:687:4,track:DDR_DQSA1_P:L8:710:0,0.24375,0.14215,True,,0.1195,,,,,False
DDR_DQSB0_N,DDR_DQSB0_P,B_BYTE0,B_BYTE0,L3,actual_interconnect_only,track:DDR_DQSB0_N:L3:650:32,track:DDR_DQSB0_P:L3:651:50,0.2043472841,0.1027472841,True,,0.13,,,,,False
DDR_DQSB0_N,DDR_DQSB0_P,B_BYTE0,B_BYTE0,L3,all_inner_layer_traces,track:DDR_DQSB0_N:L3:650:32,track:DDR_DQSB0_P:L3:651:50,0.2043472841,0.1027472841,True,,0.13,,,,,False
DDR_DQSB0_N,DDR_DQSB1_N,B_BYTE0,B_BYTE1,L3,actual_interconnect_only,track:DDR_DQSB0_N:L3:650:12,track:DDR_DQSB1_N:L3:697:8,0.2298097039,0.1282097039,False,3,0.13,0.39,True,True,True,
DDR_DQSB0_N,DDR_DQSB1_N,B_BYTE0,B_BYTE1,L3,all_inner_layer_traces,track:DDR_DQSB0_N:L3:650:12,track:DDR_DQSB1_N:L3:697:8,0.2298097039,0.1282097039,False,3,0.13,0.39,True,True,True,
DDR_DQSB0_N,DDR_DQSB1_P,B_BYTE0,B_BYTE1,L3,actual_interconnect_only,track:DDR_DQSB0_N:L3:650:20,track:DDR_DQSB1_P:L3:690:5,0.73125,0.62965,False,3,0.13,0.39,False,False,False,
DDR_DQSB0_N,DDR_DQSB1_P,B_BYTE0,B_BYTE1,L3,all_inner_layer_traces,track:DDR_DQSB0_N:L3:650:20,track:DDR_DQSB1_P:L3:690:5,0.73125,0.62965,False,3,0.13,0.39,False,False,False,
DDR_DQSB0_P,DDR_DQSB1_N,B_BYTE0,B_BYTE1,L3,actual_interconnect_only,track:DDR_DQSB0_P:L3:651:29,track:DDR_DQSB1_N:L3:697:14,0.4875,0.3859,False,3,0.13,0.39,True,False,False,
DDR_DQSB0_P,DDR_DQSB1_N,B_BYTE0,B_BYTE1,L3,all_inner_layer_traces,track:DDR_DQSB0_P:L3:651:29,track:DDR_DQSB1_N:L3:697:14,0.4875,0.3859,False,3,0.13,0.39,True,False,False,
DDR_DQSB0_P,DDR_DQSB1_P,B_BYTE0,B_BYTE1,L3,actual_interconnect_only,track:DDR_DQSB0_P:L3:651:29,track:DDR_DQSB1_P:L3:690:5,0.975,0.8734,False,3,0.13,0.39,False,False,False,
DDR_DQSB0_P,DDR_DQSB1_P,B_BYTE0,B_BYTE1,L3,all_inner_layer_traces,track:DDR_DQSB0_P:L3:651:29,track:DDR_DQSB1_P:L3:690:5,0.975,0.8734,False,3,0.13,0.39,False,False,False,
DDR_DQSB1_N,DDR_DQSB1_P,B_BYTE1,B_BYTE1,L3,actual_interconnect_only,track:DDR_DQSB1_N:L3:697:0,track:DDR_DQSB1_P:L3:690:1,0.24375,0.14215,True,,0.13,,,,,False
DDR_DQSB1_N,DDR_DQSB1_P,B_BYTE1,B_BYTE1,L3,all_inner_layer_traces,track:DDR_DQSB1_N:L3:697:0,track:DDR_DQSB1_P:L3:690:1,0.24375,0.14215,True,,0.13,,,,,False
