reference,symbol,ball,function,current_type,proposed_type,change_required,source_document,ball_map_page,ball_map_location,direction_pages,direction_section,manufacturer_type,electrical_role,no_use_classification,operating_scope,decision_reason,ambiguity_or_limit,current_net,current_disposition,other_net_endpoints
U3,KLMAG1JETD_153,A1,NC,no_connect,no_connect,false,Samsung KLMxGxJETD-B041 Rev.1.0,5,A row / column 1,5,3.1 Figure 1 legend and RFU definition,NC,No-connect ball,MANUFACTURER_NC,All normal supported operating modes of this exact part,Keep an explicit no-use electrical class and open circuit; retain the manufacturer classification separately.,A no_connect CAD type does not prove this physical ball is unbonded. DNU/RFU must not be used. The source does not grant alternative NC wiring; leave NC open rather than assuming grounding or routing-through is permitted.,unconnected-(U3A-NC-PadA1),MANUFACTURER_NC_DNU_MUST_REMAIN_OPEN,
U3,KLMAG1JETD_153,A2,NC,no_connect,no_connect,false,Samsung KLMxGxJETD-B041 Rev.1.0,5,A row / column 2,5,3.1 Figure 1 legend and RFU definition,NC,No-connect ball,MANUFACTURER_NC,All normal supported operating modes of this exact part,Keep an explicit no-use electrical class and open circuit; retain the manufacturer classification separately.,A no_connect CAD type does not prove this physical ball is unbonded. DNU/RFU must not be used. The source does not grant alternative NC wiring; leave NC open rather than assuming grounding or routing-through is permitted.,unconnected-(U3A-NC-PadA2),MANUFACTURER_NC_DNU_MUST_REMAIN_OPEN,
U3,KLMAG1JETD_153,A3,DAT0,bidirectional,bidirectional,false,Samsung KLMxGxJETD-B041 Rev.1.0,5,A row / column 3,5,3.1 Table 2 and pin definitions,Bidirectional push-pull,Read/write data channel,FUNCTIONAL,All normal supported operating modes of this exact part,Explicit bidirectional data channels; the memory drives reads and receives writes.,,EMMC_DAT0,153-ball grid verified; NC/RFU no-use flagged; VDDI cap TBD; strobe open,R563.1:; U11.9:S3A
U3,KLMAG1JETD_153,A4,DAT1,bidirectional,bidirectional,false,Samsung KLMxGxJETD-B041 Rev.1.0,5,A row / column 4,5,3.1 Table 2 and pin definitions,Bidirectional push-pull,Read/write data channel,FUNCTIONAL,All normal supported operating modes of this exact part,Explicit bidirectional data channels; the memory drives reads and receives writes.,,EMMC_DAT1,153-ball grid verified; NC/RFU no-use flagged; VDDI cap TBD; strobe open,R564.1:; U11.12:S4A
U3,KLMAG1JETD_153,A5,DAT2,bidirectional,bidirectional,false,Samsung KLMxGxJETD-B041 Rev.1.0,5,A row / column 5,5,3.1 Table 2 and pin definitions,Bidirectional push-pull,Read/write data channel,FUNCTIONAL,All normal supported operating modes of this exact part,Explicit bidirectional data channels; the memory drives reads and receives writes.,,EMMC_DAT2,153-ball grid verified; NC/RFU no-use flagged; VDDI cap TBD; strobe open,R565.1:; U12.16:S1A
U3,KLMAG1JETD_153,A6,VSS,power_in,power_in,false,Samsung KLMxGxJETD-B041 Rev.1.0,5,A row / column 6,5,3.1 Table 2 and pin definitions,Ground,Ground return,FUNCTIONAL,All normal supported operating modes of this exact part,Preserve Samsung-specific VDD=VCCQ and VDDF=VCC nomenclature; these are input supplies.,,GND,153-ball grid verified; NC/RFU no-use flagged; VDDI cap TBD; strobe open,C201.2:; C203.2:; C204.2:; C205.2:; C206.2:; C207.2:; C208.2:; C209.2:; C210.2:; C211.2:; C212.2:; C213.2:; C214.2:; C215.2:; C216.2:; C217.2:; C218.2:; C220.2:; C221.2:; C222.2:; C223.2:; C225.2:; C226.2:; C227.2:; C228.2:; C230.2:; C231.2:; C232.2:; C233.2:; C234.2:; C235.2:; C236.2:; C237.2:; C238.2:; C239.2:; C240.2:; C241.2:; C242.2:; C243.2:; C244.2:; C31.2:; C32.2:; C33.2:; C34.2:; C41.2:; C42.2:; C43.2:; C44.2:; C45.2:; C501.2:; C502.2:; C503.2:; C504.2:; C505.2:; C506.2:; C507.2:; C508.2:; C509.2:; C510.2:; C511.2:; C512.2:; C513.2:; C514.2:; C515.2:; C516.2:; C517.2:; C518.2:; C519.2:; C520.2:; C521.2:; C522.2:; C523.2:; C524.2:; C525.2:; C526.2:; C527.2:; C528.2:; C529.2:; C530.2:; C531.2:; C532.2:; C533.2:; C534.2:; C535.2:; C536.2:; C537.2:; C538.2:; C539.2:; C540.2:; C541.2:; C542.2:; C543.2:; C544.2:; C545.2:; C546.2:; C547.2:; C548.2:; C549.2:; C550.2:; C551.2:; C552.2:; C553.2:; C554.2:; C555.2:; C556.2:; C557.2:; C558.2:; C559.2:; C560.2:; C561.2:; C562.2:; C563.2:; C564.2:; C565.2:; C566.2:; C567.2:; C568.2:; C569.2:; C570.2:; C571.2:; C572.2:; C573.2:; C574.2:; C575.2:; C576.2:; C577.2:; C62.2:; C63.2:; C64.2:; C65.2:; C809.2:; C810.2:; C811.2:; C812.2:; C813.2:; C814.2:; C815.2:; C816.2:; J1.1:GND; J1.106:GND; J1.2:GND; J1.3:GND; J1.36:GND; J1.49:GND; J1.57:GND; J1.64:GND; J1.71:GND; J1.78:GND; J1.89:GND; R202.2:; R205.2:; R206.2:; R208.2:; R211.2:; R214.2:; R31.2:; R402.2:; R44.2:; R47.2:; R526.2:; R529.2:; R571.2:; R572.2:; R64.2:; R66.2:; R69.2:; R70.2:; R71.2:; U1.A13:VSS; U1.A16:VSS; U1.A19:VSS; U1.A9:TEST_EN; U1.B13:VSS; U1.B20:VSS; U1.C13:VSS; U1.D10:VSS; U1.D11:VSS; U1.D13:VSS; U1.D15:VSS; U1.D9:VSS; U1.E12:VSS; U1.E13:VSS; U1.E14:VSS; U1.E15:VSS; U1.E16:VSS; U1.E19:VSS; U1.E4:VSS; U1.E6:VSS; U1.E7:VSS; U1.E8:VSS; U1.F10:VSS; U1.F11:AVSS; U1.F16:VSS; U1.F4:VSS; U1.F6:VSS; U1.G13:VSS; U1.G14:VSS; U1.G15:VSS; U1.G16:VSS; U1.G6:VSS; U1.G7:AVSS; U1.G8:AVSS; U1.H11:VSS; U1.H13:VSS; U1.H15:VSS; U1.H16:VSS; U1.H20:VSS; U1.H7:VSS; U1.J11:VSS; U1.J13:VSS; U1.J15:VSS; U1.J7:VSS; U1.K10:VSS; U1.K12:VSS; U1.K14:VSS; U1.K16:VSS; U1.K18:VSS; U1.K3:VSS; U1.K6:VSS; U1.K8:VSS; U1.L10:VSS; U1.L12:VSS; U1.L15:VSS; U1.L19:VSS; U1.L7:VSS; U1.L8:VSS; U1.M10:VSS; U1.M12:VSS; U1.M15:VSS; U1.M16:VSS; U1.M6:VSS; U1.M8:VSS; U1.N10:VSS; U1.N12:VSS; U1.N15:VSS; U1.N16:VSS; U1.N3:VSS; U1.N5:VSS; U1.N8:VSS; U1.P10:VSS; U1.P12:VSS; U1.P14:VSS; U1.P15:VSS; U1.P20:VSS; U1.P6:VSS; U1.P7:VSS; U1.P8:VSS; U1.R10:VSS; U1.R12:VSS; U1.R14:VSS; U1.R16:VSS; U1.R3:VSS; U1.R6:VSS; U1.R7:VSS; U1.T15:VSS; U1.T3:VSS; U1.T7:VSS; U1.T8:VSS; U1.T9:VSS; U1.U19:VSS; U1.U3:VSS; U1.U8:VSS; U1.V3:VSS; U1.V4:VSS; U1.V5:VSS; U1.V6:VSS; U1.V7:VSS; U1.V8:VSS; U1.W1:VSS; U1.W16:VSS; U1.W20:VSS; U1.Y13:VSS; U1.Y19:VSS; U11.6:GND; U12.10:D4; U12.11:S4B; U12.12:S4A; U12.6:GND; U12.8:S3B; U13.1:S1B; U13.11:S4B; U13.15:SEL; U13.4:S2B; U13.6:GND; U13.8:S3B; U14.3:GND; U2.A10:VSS; U2.A3:VSS; U2.AB10:VSS; U2.AB3:VSS; U2.AB5:VSS; U2.AB8:VSS; U2.C1:VSS; U2.C12:VSS; U2.C5:VSS; U2.C8:VSS; U2.D11:VSS; U2.D2:VSS; U2.D4:VSS; U2.D9:VSS; U2.E1:VSS; U2.E12:VSS; U2.E5:VSS; U2.E8:VSS; U2.G1:VSS; U2.G10:VSS; U2.G12:VSS; U2.G3:VSS; U2.G5:VSS; U2.G8:VSS; U2.J1:VSS; U2.J10:VSS; U2.J12:VSS; U2.J3:VSS; U2.K11:VSS; U2.K2:VSS; U2.K4:VSS; U2.K9:VSS; U2.N11:VSS; U2.N2:VSS; U2.N4:VSS; U2.N9:VSS; U2.P1:VSS; U2.P10:VSS; U2.P12:VSS; U2.P3:VSS; U2.T1:VSS; U2.T10:VSS; U2.T12:VSS; U2.T3:VSS; U2.T5:VSS; U2.T8:VSS; U2.V1:VSS; U2.V12:VSS; U2.V5:VSS; U2.V8:VSS; U2.W11:VSS; U2.W2:VSS; U2.W4:VSS; U2.W9:VSS; U2.Y1:VSS; U2.Y12:VSS; U2.Y5:VSS; U2.Y8:VSS; U21.4:GND; U22.A1:AGND; U22.B1:PGND; U22.B2:PGND; U22.B3:PGND; U23.A1:AGND; U23.B1:PGND; U23.B2:PGND; U23.B3:PGND; U24.4:GND; U25.4:GND; U26.4:GND; U3.C4:VSS; U3.E7:VSS; U3.G5:VSS; U3.H10:VSS; U3.J5:VSS; U3.K8:VSS; U3.N2:VSS; U3.N5:VSS; U3.P4:VSS; U3.P6:VSS; U89.5:GND; U89.7:EP_GND; U90.5:GND; U90.7:EP_GND; U91.3:GND; U92.1:B_TIE_LOW; U92.2:GND; U93.3:GND; U94.1:B_TIE_LOW; U94.2:GND; U95.7:GND; Y2.2:GND; Y2.4:GND
U3,KLMAG1JETD_153,A7,RFU,no_connect,no_connect,false,Samsung KLMxGxJETD-B041 Rev.1.0,5,A row / column 7,5,3.1 Figure 1 legend and RFU definition,RFU,"Reserved ball, use prohibited",MANUFACTURER_RESERVED_FOR_FUTURE_USE,All normal supported operating modes of this exact part,Keep an explicit no-use electrical class and open circuit; retain the manufacturer classification separately.,A no_connect CAD type does not prove this physical ball is unbonded. DNU/RFU must not be used. The source does not grant alternative NC wiring; leave NC open rather than assuming grounding or routing-through is permitted.,unconnected-(U3A-RFU-PadA7),MANUFACTURER_RFU_NO_USE_MUST_REMAIN_OPEN,
U3,KLMAG1JETD_153,A8,NC,no_connect,no_connect,false,Samsung KLMxGxJETD-B041 Rev.1.0,5,A row / column 8,5,3.1 Figure 1 legend and RFU definition,NC,No-connect ball,MANUFACTURER_NC,All normal supported operating modes of this exact part,Keep an explicit no-use electrical class and open circuit; retain the manufacturer classification separately.,A no_connect CAD type does not prove this physical ball is unbonded. DNU/RFU must not be used. The source does not grant alternative NC wiring; leave NC open rather than assuming grounding or routing-through is permitted.,unconnected-(U3A-NC-PadA8),MANUFACTURER_NC_DNU_MUST_REMAIN_OPEN,
U3,KLMAG1JETD_153,A9,NC,no_connect,no_connect,false,Samsung KLMxGxJETD-B041 Rev.1.0,5,A row / column 9,5,3.1 Figure 1 legend and RFU definition,NC,No-connect ball,MANUFACTURER_NC,All normal supported operating modes of this exact part,Keep an explicit no-use electrical class and open circuit; retain the manufacturer classification separately.,A no_connect CAD type does not prove this physical ball is unbonded. DNU/RFU must not be used. The source does not grant alternative NC wiring; leave NC open rather than assuming grounding or routing-through is permitted.,unconnected-(U3A-NC-PadA9),MANUFACTURER_NC_DNU_MUST_REMAIN_OPEN,
U3,KLMAG1JETD_153,A10,NC,no_connect,no_connect,false,Samsung KLMxGxJETD-B041 Rev.1.0,5,A row / column 10,5,3.1 Figure 1 legend and RFU definition,NC,No-connect ball,MANUFACTURER_NC,All normal supported operating modes of this exact part,Keep an explicit no-use electrical class and open circuit; retain the manufacturer classification separately.,A no_connect CAD type does not prove this physical ball is unbonded. DNU/RFU must not be used. The source does not grant alternative NC wiring; leave NC open rather than assuming grounding or routing-through is permitted.,unconnected-(U3A-NC-PadA10),MANUFACTURER_NC_DNU_MUST_REMAIN_OPEN,
U3,KLMAG1JETD_153,A11,NC,no_connect,no_connect,false,Samsung KLMxGxJETD-B041 Rev.1.0,5,A row / column 11,5,3.1 Figure 1 legend and RFU definition,NC,No-connect ball,MANUFACTURER_NC,All normal supported operating modes of this exact part,Keep an explicit no-use electrical class and open circuit; retain the manufacturer classification separately.,A no_connect CAD type does not prove this physical ball is unbonded. DNU/RFU must not be used. The source does not grant alternative NC wiring; leave NC open rather than assuming grounding or routing-through is permitted.,unconnected-(U3A-NC-PadA11),MANUFACTURER_NC_DNU_MUST_REMAIN_OPEN,
U3,KLMAG1JETD_153,A12,NC,no_connect,no_connect,false,Samsung KLMxGxJETD-B041 Rev.1.0,5,A row / column 12,5,3.1 Figure 1 legend and RFU definition,NC,No-connect ball,MANUFACTURER_NC,All normal supported operating modes of this exact part,Keep an explicit no-use electrical class and open circuit; retain the manufacturer classification separately.,A no_connect CAD type does not prove this physical ball is unbonded. DNU/RFU must not be used. The source does not grant alternative NC wiring; leave NC open rather than assuming grounding or routing-through is permitted.,unconnected-(U3A-NC-PadA12),MANUFACTURER_NC_DNU_MUST_REMAIN_OPEN,
U3,KLMAG1JETD_153,A13,NC,no_connect,no_connect,false,Samsung KLMxGxJETD-B041 Rev.1.0,5,A row / column 13,5,3.1 Figure 1 legend and RFU definition,NC,No-connect ball,MANUFACTURER_NC,All normal supported operating modes of this exact part,Keep an explicit no-use electrical class and open circuit; retain the manufacturer classification separately.,A no_connect CAD type does not prove this physical ball is unbonded. DNU/RFU must not be used. The source does not grant alternative NC wiring; leave NC open rather than assuming grounding or routing-through is permitted.,unconnected-(U3A-NC-PadA13),MANUFACTURER_NC_DNU_MUST_REMAIN_OPEN,
U3,KLMAG1JETD_153,A14,NC,no_connect,no_connect,false,Samsung KLMxGxJETD-B041 Rev.1.0,5,A row / column 14,5,3.1 Figure 1 legend and RFU definition,NC,No-connect ball,MANUFACTURER_NC,All normal supported operating modes of this exact part,Keep an explicit no-use electrical class and open circuit; retain the manufacturer classification separately.,A no_connect CAD type does not prove this physical ball is unbonded. DNU/RFU must not be used. The source does not grant alternative NC wiring; leave NC open rather than assuming grounding or routing-through is permitted.,unconnected-(U3A-NC-PadA14),MANUFACTURER_NC_DNU_MUST_REMAIN_OPEN,
U3,KLMAG1JETD_153,B1,NC,no_connect,no_connect,false,Samsung KLMxGxJETD-B041 Rev.1.0,5,B row / column 1,5,3.1 Figure 1 legend and RFU definition,NC,No-connect ball,MANUFACTURER_NC,All normal supported operating modes of this exact part,Keep an explicit no-use electrical class and open circuit; retain the manufacturer classification separately.,A no_connect CAD type does not prove this physical ball is unbonded. DNU/RFU must not be used. The source does not grant alternative NC wiring; leave NC open rather than assuming grounding or routing-through is permitted.,unconnected-(U3A-NC-PadB1),MANUFACTURER_NC_DNU_MUST_REMAIN_OPEN,
U3,KLMAG1JETD_153,B2,DAT3,bidirectional,bidirectional,false,Samsung KLMxGxJETD-B041 Rev.1.0,5,B row / column 2,5,3.1 Table 2 and pin definitions,Bidirectional push-pull,Read/write data channel,FUNCTIONAL,All normal supported operating modes of this exact part,Explicit bidirectional data channels; the memory drives reads and receives writes.,,EMMC_DAT3,153-ball grid verified; NC/RFU no-use flagged; VDDI cap TBD; strobe open,R566.1:; U12.3:S2A
U3,KLMAG1JETD_153,B3,DAT4,bidirectional,bidirectional,false,Samsung KLMxGxJETD-B041 Rev.1.0,5,B row / column 3,5,3.1 Table 2 and pin definitions,Bidirectional push-pull,Read/write data channel,FUNCTIONAL,All normal supported operating modes of this exact part,Explicit bidirectional data channels; the memory drives reads and receives writes.,,EMMC_DAT4,153-ball grid verified; NC/RFU no-use flagged; VDDI cap TBD; strobe open,R567.1:; U13.16:S1A
U3,KLMAG1JETD_153,B4,DAT5,bidirectional,bidirectional,false,Samsung KLMxGxJETD-B041 Rev.1.0,5,B row / column 4,5,3.1 Table 2 and pin definitions,Bidirectional push-pull,Read/write data channel,FUNCTIONAL,All normal supported operating modes of this exact part,Explicit bidirectional data channels; the memory drives reads and receives writes.,,EMMC_DAT5,153-ball grid verified; NC/RFU no-use flagged; VDDI cap TBD; strobe open,R568.1:; U13.3:S2A
U3,KLMAG1JETD_153,B5,DAT6,bidirectional,bidirectional,false,Samsung KLMxGxJETD-B041 Rev.1.0,5,B row / column 5,5,3.1 Table 2 and pin definitions,Bidirectional push-pull,Read/write data channel,FUNCTIONAL,All normal supported operating modes of this exact part,Explicit bidirectional data channels; the memory drives reads and receives writes.,,EMMC_DAT6,153-ball grid verified; NC/RFU no-use flagged; VDDI cap TBD; strobe open,R569.1:; U13.9:S3A
U3,KLMAG1JETD_153,B6,DAT7,bidirectional,bidirectional,false,Samsung KLMxGxJETD-B041 Rev.1.0,5,B row / column 6,5,3.1 Table 2 and pin definitions,Bidirectional push-pull,Read/write data channel,FUNCTIONAL,All normal supported operating modes of this exact part,Explicit bidirectional data channels; the memory drives reads and receives writes.,,EMMC_DAT7,153-ball grid verified; NC/RFU no-use flagged; VDDI cap TBD; strobe open,R570.1:; U13.12:S4A
U3,KLMAG1JETD_153,B7,NC,no_connect,no_connect,false,Samsung KLMxGxJETD-B041 Rev.1.0,5,B row / column 7,5,3.1 Figure 1 legend and RFU definition,NC,No-connect ball,MANUFACTURER_NC,All normal supported operating modes of this exact part,Keep an explicit no-use electrical class and open circuit; retain the manufacturer classification separately.,A no_connect CAD type does not prove this physical ball is unbonded. DNU/RFU must not be used. The source does not grant alternative NC wiring; leave NC open rather than assuming grounding or routing-through is permitted.,unconnected-(U3A-NC-PadB7),MANUFACTURER_NC_DNU_MUST_REMAIN_OPEN,
U3,KLMAG1JETD_153,B8,NC,no_connect,no_connect,false,Samsung KLMxGxJETD-B041 Rev.1.0,5,B row / column 8,5,3.1 Figure 1 legend and RFU definition,NC,No-connect ball,MANUFACTURER_NC,All normal supported operating modes of this exact part,Keep an explicit no-use electrical class and open circuit; retain the manufacturer classification separately.,A no_connect CAD type does not prove this physical ball is unbonded. DNU/RFU must not be used. The source does not grant alternative NC wiring; leave NC open rather than assuming grounding or routing-through is permitted.,unconnected-(U3A-NC-PadB8),MANUFACTURER_NC_DNU_MUST_REMAIN_OPEN,
U3,KLMAG1JETD_153,B9,NC,no_connect,no_connect,false,Samsung KLMxGxJETD-B041 Rev.1.0,5,B row / column 9,5,3.1 Figure 1 legend and RFU definition,NC,No-connect ball,MANUFACTURER_NC,All normal supported operating modes of this exact part,Keep an explicit no-use electrical class and open circuit; retain the manufacturer classification separately.,A no_connect CAD type does not prove this physical ball is unbonded. DNU/RFU must not be used. The source does not grant alternative NC wiring; leave NC open rather than assuming grounding or routing-through is permitted.,unconnected-(U3A-NC-PadB9),MANUFACTURER_NC_DNU_MUST_REMAIN_OPEN,
U3,KLMAG1JETD_153,B10,NC,no_connect,no_connect,false,Samsung KLMxGxJETD-B041 Rev.1.0,5,B row / column 10,5,3.1 Figure 1 legend and RFU definition,NC,No-connect ball,MANUFACTURER_NC,All normal supported operating modes of this exact part,Keep an explicit no-use electrical class and open circuit; retain the manufacturer classification separately.,A no_connect CAD type does not prove this physical ball is unbonded. DNU/RFU must not be used. The source does not grant alternative NC wiring; leave NC open rather than assuming grounding or routing-through is permitted.,unconnected-(U3A-NC-PadB10),MANUFACTURER_NC_DNU_MUST_REMAIN_OPEN,
U3,KLMAG1JETD_153,B11,NC,no_connect,no_connect,false,Samsung KLMxGxJETD-B041 Rev.1.0,5,B row / column 11,5,3.1 Figure 1 legend and RFU definition,NC,No-connect ball,MANUFACTURER_NC,All normal supported operating modes of this exact part,Keep an explicit no-use electrical class and open circuit; retain the manufacturer classification separately.,A no_connect CAD type does not prove this physical ball is unbonded. DNU/RFU must not be used. The source does not grant alternative NC wiring; leave NC open rather than assuming grounding or routing-through is permitted.,unconnected-(U3A-NC-PadB11),MANUFACTURER_NC_DNU_MUST_REMAIN_OPEN,
U3,KLMAG1JETD_153,B12,NC,no_connect,no_connect,false,Samsung KLMxGxJETD-B041 Rev.1.0,5,B row / column 12,5,3.1 Figure 1 legend and RFU definition,NC,No-connect ball,MANUFACTURER_NC,All normal supported operating modes of this exact part,Keep an explicit no-use electrical class and open circuit; retain the manufacturer classification separately.,A no_connect CAD type does not prove this physical ball is unbonded. DNU/RFU must not be used. The source does not grant alternative NC wiring; leave NC open rather than assuming grounding or routing-through is permitted.,unconnected-(U3A-NC-PadB12),MANUFACTURER_NC_DNU_MUST_REMAIN_OPEN,
U3,KLMAG1JETD_153,B13,NC,no_connect,no_connect,false,Samsung KLMxGxJETD-B041 Rev.1.0,5,B row / column 13,5,3.1 Figure 1 legend and RFU definition,NC,No-connect ball,MANUFACTURER_NC,All normal supported operating modes of this exact part,Keep an explicit no-use electrical class and open circuit; retain the manufacturer classification separately.,A no_connect CAD type does not prove this physical ball is unbonded. DNU/RFU must not be used. The source does not grant alternative NC wiring; leave NC open rather than assuming grounding or routing-through is permitted.,unconnected-(U3A-NC-PadB13),MANUFACTURER_NC_DNU_MUST_REMAIN_OPEN,
U3,KLMAG1JETD_153,B14,NC,no_connect,no_connect,false,Samsung KLMxGxJETD-B041 Rev.1.0,5,B row / column 14,5,3.1 Figure 1 legend and RFU definition,NC,No-connect ball,MANUFACTURER_NC,All normal supported operating modes of this exact part,Keep an explicit no-use electrical class and open circuit; retain the manufacturer classification separately.,A no_connect CAD type does not prove this physical ball is unbonded. DNU/RFU must not be used. The source does not grant alternative NC wiring; leave NC open rather than assuming grounding or routing-through is permitted.,unconnected-(U3A-NC-PadB14),MANUFACTURER_NC_DNU_MUST_REMAIN_OPEN,
U3,KLMAG1JETD_153,C1,NC,no_connect,no_connect,false,Samsung KLMxGxJETD-B041 Rev.1.0,5,C row / column 1,5,3.1 Figure 1 legend and RFU definition,NC,No-connect ball,MANUFACTURER_NC,All normal supported operating modes of this exact part,Keep an explicit no-use electrical class and open circuit; retain the manufacturer classification separately.,A no_connect CAD type does not prove this physical ball is unbonded. DNU/RFU must not be used. The source does not grant alternative NC wiring; leave NC open rather than assuming grounding or routing-through is permitted.,unconnected-(U3A-NC-PadC1),MANUFACTURER_NC_DNU_MUST_REMAIN_OPEN,
U3,KLMAG1JETD_153,C2,VDDI,bidirectional,output,true,Samsung KLMxGxJETD-B041 Rev.1.0,5,C row / column 2,"5, 8",3.1 pin definitions; 3.2 Figure 5,Internal power node at regulator output,Analog internal-regulator stabilization node,FUNCTIONAL,All normal supported operating modes of this exact part,"Model the internal regulator node as an analog output connected only to its stabilization capacitor network, never an external supply input or usable power source.","KiCad output is a directional abstraction, not a literal digital-output classification from Samsung. The source does not specify external-load permission. Avoid power_out source semantics in this project. Figure 5 notes the regulator is required for 3.3V VDD; exact 1.8V VCCQ capacitor/ESR behavior remains an application-data qualification gap.",EMMC_VDDI,153-ball grid verified; NC/RFU no-use flagged; VDDI cap TBD; strobe open,C64.1:; C65.1:
U3,KLMAG1JETD_153,C3,NC,no_connect,no_connect,false,Samsung KLMxGxJETD-B041 Rev.1.0,5,C row / column 3,5,3.1 Figure 1 legend and RFU definition,NC,No-connect ball,MANUFACTURER_NC,All normal supported operating modes of this exact part,Keep an explicit no-use electrical class and open circuit; retain the manufacturer classification separately.,A no_connect CAD type does not prove this physical ball is unbonded. DNU/RFU must not be used. The source does not grant alternative NC wiring; leave NC open rather than assuming grounding or routing-through is permitted.,unconnected-(U3A-NC-PadC3),MANUFACTURER_NC_DNU_MUST_REMAIN_OPEN,
U3,KLMAG1JETD_153,C4,VSS,power_in,power_in,false,Samsung KLMxGxJETD-B041 Rev.1.0,5,C row / column 4,5,3.1 Table 2 and pin definitions,Ground,Ground return,FUNCTIONAL,All normal supported operating modes of this exact part,Preserve Samsung-specific VDD=VCCQ and VDDF=VCC nomenclature; these are input supplies.,,GND,153-ball grid verified; NC/RFU no-use flagged; VDDI cap TBD; strobe open,C201.2:; C203.2:; C204.2:; C205.2:; C206.2:; C207.2:; C208.2:; C209.2:; C210.2:; C211.2:; C212.2:; C213.2:; C214.2:; C215.2:; C216.2:; C217.2:; C218.2:; C220.2:; C221.2:; C222.2:; C223.2:; C225.2:; C226.2:; C227.2:; C228.2:; C230.2:; C231.2:; C232.2:; C233.2:; C234.2:; C235.2:; C236.2:; C237.2:; C238.2:; C239.2:; C240.2:; C241.2:; C242.2:; C243.2:; C244.2:; C31.2:; C32.2:; C33.2:; C34.2:; C41.2:; C42.2:; C43.2:; C44.2:; C45.2:; C501.2:; C502.2:; C503.2:; C504.2:; C505.2:; C506.2:; C507.2:; C508.2:; C509.2:; C510.2:; C511.2:; C512.2:; C513.2:; C514.2:; C515.2:; C516.2:; C517.2:; C518.2:; C519.2:; C520.2:; C521.2:; C522.2:; C523.2:; C524.2:; C525.2:; C526.2:; C527.2:; C528.2:; C529.2:; C530.2:; C531.2:; C532.2:; C533.2:; C534.2:; C535.2:; C536.2:; C537.2:; C538.2:; C539.2:; C540.2:; C541.2:; C542.2:; C543.2:; C544.2:; C545.2:; C546.2:; C547.2:; C548.2:; C549.2:; C550.2:; C551.2:; C552.2:; C553.2:; C554.2:; C555.2:; C556.2:; C557.2:; C558.2:; C559.2:; C560.2:; C561.2:; C562.2:; C563.2:; C564.2:; C565.2:; C566.2:; C567.2:; C568.2:; C569.2:; C570.2:; C571.2:; C572.2:; C573.2:; C574.2:; C575.2:; C576.2:; C577.2:; C62.2:; C63.2:; C64.2:; C65.2:; C809.2:; C810.2:; C811.2:; C812.2:; C813.2:; C814.2:; C815.2:; C816.2:; J1.1:GND; J1.106:GND; J1.2:GND; J1.3:GND; J1.36:GND; J1.49:GND; J1.57:GND; J1.64:GND; J1.71:GND; J1.78:GND; J1.89:GND; R202.2:; R205.2:; R206.2:; R208.2:; R211.2:; R214.2:; R31.2:; R402.2:; R44.2:; R47.2:; R526.2:; R529.2:; R571.2:; R572.2:; R64.2:; R66.2:; R69.2:; R70.2:; R71.2:; U1.A13:VSS; U1.A16:VSS; U1.A19:VSS; U1.A9:TEST_EN; U1.B13:VSS; U1.B20:VSS; U1.C13:VSS; U1.D10:VSS; U1.D11:VSS; U1.D13:VSS; U1.D15:VSS; U1.D9:VSS; U1.E12:VSS; U1.E13:VSS; U1.E14:VSS; U1.E15:VSS; U1.E16:VSS; U1.E19:VSS; U1.E4:VSS; U1.E6:VSS; U1.E7:VSS; U1.E8:VSS; U1.F10:VSS; U1.F11:AVSS; U1.F16:VSS; U1.F4:VSS; U1.F6:VSS; U1.G13:VSS; U1.G14:VSS; U1.G15:VSS; U1.G16:VSS; U1.G6:VSS; U1.G7:AVSS; U1.G8:AVSS; U1.H11:VSS; U1.H13:VSS; U1.H15:VSS; U1.H16:VSS; U1.H20:VSS; U1.H7:VSS; U1.J11:VSS; U1.J13:VSS; U1.J15:VSS; U1.J7:VSS; U1.K10:VSS; U1.K12:VSS; U1.K14:VSS; U1.K16:VSS; U1.K18:VSS; U1.K3:VSS; U1.K6:VSS; U1.K8:VSS; U1.L10:VSS; U1.L12:VSS; U1.L15:VSS; U1.L19:VSS; U1.L7:VSS; U1.L8:VSS; U1.M10:VSS; U1.M12:VSS; U1.M15:VSS; U1.M16:VSS; U1.M6:VSS; U1.M8:VSS; U1.N10:VSS; U1.N12:VSS; U1.N15:VSS; U1.N16:VSS; U1.N3:VSS; U1.N5:VSS; U1.N8:VSS; U1.P10:VSS; U1.P12:VSS; U1.P14:VSS; U1.P15:VSS; U1.P20:VSS; U1.P6:VSS; U1.P7:VSS; U1.P8:VSS; U1.R10:VSS; U1.R12:VSS; U1.R14:VSS; U1.R16:VSS; U1.R3:VSS; U1.R6:VSS; U1.R7:VSS; U1.T15:VSS; U1.T3:VSS; U1.T7:VSS; U1.T8:VSS; U1.T9:VSS; U1.U19:VSS; U1.U3:VSS; U1.U8:VSS; U1.V3:VSS; U1.V4:VSS; U1.V5:VSS; U1.V6:VSS; U1.V7:VSS; U1.V8:VSS; U1.W1:VSS; U1.W16:VSS; U1.W20:VSS; U1.Y13:VSS; U1.Y19:VSS; U11.6:GND; U12.10:D4; U12.11:S4B; U12.12:S4A; U12.6:GND; U12.8:S3B; U13.1:S1B; U13.11:S4B; U13.15:SEL; U13.4:S2B; U13.6:GND; U13.8:S3B; U14.3:GND; U2.A10:VSS; U2.A3:VSS; U2.AB10:VSS; U2.AB3:VSS; U2.AB5:VSS; U2.AB8:VSS; U2.C1:VSS; U2.C12:VSS; U2.C5:VSS; U2.C8:VSS; U2.D11:VSS; U2.D2:VSS; U2.D4:VSS; U2.D9:VSS; U2.E1:VSS; U2.E12:VSS; U2.E5:VSS; U2.E8:VSS; U2.G1:VSS; U2.G10:VSS; U2.G12:VSS; U2.G3:VSS; U2.G5:VSS; U2.G8:VSS; U2.J1:VSS; U2.J10:VSS; U2.J12:VSS; U2.J3:VSS; U2.K11:VSS; U2.K2:VSS; U2.K4:VSS; U2.K9:VSS; U2.N11:VSS; U2.N2:VSS; U2.N4:VSS; U2.N9:VSS; U2.P1:VSS; U2.P10:VSS; U2.P12:VSS; U2.P3:VSS; U2.T1:VSS; U2.T10:VSS; U2.T12:VSS; U2.T3:VSS; U2.T5:VSS; U2.T8:VSS; U2.V1:VSS; U2.V12:VSS; U2.V5:VSS; U2.V8:VSS; U2.W11:VSS; U2.W2:VSS; U2.W4:VSS; U2.W9:VSS; U2.Y1:VSS; U2.Y12:VSS; U2.Y5:VSS; U2.Y8:VSS; U21.4:GND; U22.A1:AGND; U22.B1:PGND; U22.B2:PGND; U22.B3:PGND; U23.A1:AGND; U23.B1:PGND; U23.B2:PGND; U23.B3:PGND; U24.4:GND; U25.4:GND; U26.4:GND; U3.A6:VSS; U3.E7:VSS; U3.G5:VSS; U3.H10:VSS; U3.J5:VSS; U3.K8:VSS; U3.N2:VSS; U3.N5:VSS; U3.P4:VSS; U3.P6:VSS; U89.5:GND; U89.7:EP_GND; U90.5:GND; U90.7:EP_GND; U91.3:GND; U92.1:B_TIE_LOW; U92.2:GND; U93.3:GND; U94.1:B_TIE_LOW; U94.2:GND; U95.7:GND; Y2.2:GND; Y2.4:GND
U3,KLMAG1JETD_153,C5,NC,no_connect,no_connect,false,Samsung KLMxGxJETD-B041 Rev.1.0,5,C row / column 5,5,3.1 Figure 1 legend and RFU definition,NC,No-connect ball,MANUFACTURER_NC,All normal supported operating modes of this exact part,Keep an explicit no-use electrical class and open circuit; retain the manufacturer classification separately.,A no_connect CAD type does not prove this physical ball is unbonded. DNU/RFU must not be used. The source does not grant alternative NC wiring; leave NC open rather than assuming grounding or routing-through is permitted.,unconnected-(U3A-NC-PadC5),MANUFACTURER_NC_DNU_MUST_REMAIN_OPEN,
U3,KLMAG1JETD_153,C6,VDD,power_in,power_in,false,Samsung KLMxGxJETD-B041 Rev.1.0,5,C row / column 6,5,3.1 Table 2 and pin definitions,Supply,VCCQ controller/interface supply input,FUNCTIONAL,All normal supported operating modes of this exact part,Preserve Samsung-specific VDD=VCCQ and VDDF=VCC nomenclature; these are input supplies.,,VEMMC_IO,153-ball grid verified; NC/RFU no-use flagged; VDDI cap TBD; strobe open,R34.2:; R561.2:; R562.2:; R563.2:; R564.2:; R565.2:; R566.2:; R567.2:; R568.2:; R569.2:; R570.2:; U3.M4:VDD; U3.N4:VDD; U3.P3:VDD; U3.P5:VDD
U3,KLMAG1JETD_153,C7,NC,no_connect,no_connect,false,Samsung KLMxGxJETD-B041 Rev.1.0,5,C row / column 7,5,3.1 Figure 1 legend and RFU definition,NC,No-connect ball,MANUFACTURER_NC,All normal supported operating modes of this exact part,Keep an explicit no-use electrical class and open circuit; retain the manufacturer classification separately.,A no_connect CAD type does not prove this physical ball is unbonded. DNU/RFU must not be used. The source does not grant alternative NC wiring; leave NC open rather than assuming grounding or routing-through is permitted.,unconnected-(U3A-NC-PadC7),MANUFACTURER_NC_DNU_MUST_REMAIN_OPEN,
U3,KLMAG1JETD_153,C8,NC,no_connect,no_connect,false,Samsung KLMxGxJETD-B041 Rev.1.0,5,C row / column 8,5,3.1 Figure 1 legend and RFU definition,NC,No-connect ball,MANUFACTURER_NC,All normal supported operating modes of this exact part,Keep an explicit no-use electrical class and open circuit; retain the manufacturer classification separately.,A no_connect CAD type does not prove this physical ball is unbonded. DNU/RFU must not be used. The source does not grant alternative NC wiring; leave NC open rather than assuming grounding or routing-through is permitted.,unconnected-(U3A-NC-PadC8),MANUFACTURER_NC_DNU_MUST_REMAIN_OPEN,
U3,KLMAG1JETD_153,C9,NC,no_connect,no_connect,false,Samsung KLMxGxJETD-B041 Rev.1.0,5,C row / column 9,5,3.1 Figure 1 legend and RFU definition,NC,No-connect ball,MANUFACTURER_NC,All normal supported operating modes of this exact part,Keep an explicit no-use electrical class and open circuit; retain the manufacturer classification separately.,A no_connect CAD type does not prove this physical ball is unbonded. DNU/RFU must not be used. The source does not grant alternative NC wiring; leave NC open rather than assuming grounding or routing-through is permitted.,unconnected-(U3A-NC-PadC9),MANUFACTURER_NC_DNU_MUST_REMAIN_OPEN,
U3,KLMAG1JETD_153,C10,NC,no_connect,no_connect,false,Samsung KLMxGxJETD-B041 Rev.1.0,5,C row / column 10,5,3.1 Figure 1 legend and RFU definition,NC,No-connect ball,MANUFACTURER_NC,All normal supported operating modes of this exact part,Keep an explicit no-use electrical class and open circuit; retain the manufacturer classification separately.,A no_connect CAD type does not prove this physical ball is unbonded. DNU/RFU must not be used. The source does not grant alternative NC wiring; leave NC open rather than assuming grounding or routing-through is permitted.,unconnected-(U3A-NC-PadC10),MANUFACTURER_NC_DNU_MUST_REMAIN_OPEN,
U3,KLMAG1JETD_153,C11,NC,no_connect,no_connect,false,Samsung KLMxGxJETD-B041 Rev.1.0,5,C row / column 11,5,3.1 Figure 1 legend and RFU definition,NC,No-connect ball,MANUFACTURER_NC,All normal supported operating modes of this exact part,Keep an explicit no-use electrical class and open circuit; retain the manufacturer classification separately.,A no_connect CAD type does not prove this physical ball is unbonded. DNU/RFU must not be used. The source does not grant alternative NC wiring; leave NC open rather than assuming grounding or routing-through is permitted.,unconnected-(U3A-NC-PadC11),MANUFACTURER_NC_DNU_MUST_REMAIN_OPEN,
U3,KLMAG1JETD_153,C12,NC,no_connect,no_connect,false,Samsung KLMxGxJETD-B041 Rev.1.0,5,C row / column 12,5,3.1 Figure 1 legend and RFU definition,NC,No-connect ball,MANUFACTURER_NC,All normal supported operating modes of this exact part,Keep an explicit no-use electrical class and open circuit; retain the manufacturer classification separately.,A no_connect CAD type does not prove this physical ball is unbonded. DNU/RFU must not be used. The source does not grant alternative NC wiring; leave NC open rather than assuming grounding or routing-through is permitted.,unconnected-(U3A-NC-PadC12),MANUFACTURER_NC_DNU_MUST_REMAIN_OPEN,
U3,KLMAG1JETD_153,C13,NC,no_connect,no_connect,false,Samsung KLMxGxJETD-B041 Rev.1.0,5,C row / column 13,5,3.1 Figure 1 legend and RFU definition,NC,No-connect ball,MANUFACTURER_NC,All normal supported operating modes of this exact part,Keep an explicit no-use electrical class and open circuit; retain the manufacturer classification separately.,A no_connect CAD type does not prove this physical ball is unbonded. DNU/RFU must not be used. The source does not grant alternative NC wiring; leave NC open rather than assuming grounding or routing-through is permitted.,unconnected-(U3B-NC-PadC13),MANUFACTURER_NC_DNU_MUST_REMAIN_OPEN,
U3,KLMAG1JETD_153,C14,NC,no_connect,no_connect,false,Samsung KLMxGxJETD-B041 Rev.1.0,5,C row / column 14,5,3.1 Figure 1 legend and RFU definition,NC,No-connect ball,MANUFACTURER_NC,All normal supported operating modes of this exact part,Keep an explicit no-use electrical class and open circuit; retain the manufacturer classification separately.,A no_connect CAD type does not prove this physical ball is unbonded. DNU/RFU must not be used. The source does not grant alternative NC wiring; leave NC open rather than assuming grounding or routing-through is permitted.,unconnected-(U3B-NC-PadC14),MANUFACTURER_NC_DNU_MUST_REMAIN_OPEN,
U3,KLMAG1JETD_153,D1,NC,no_connect,no_connect,false,Samsung KLMxGxJETD-B041 Rev.1.0,5,D row / column 1,5,3.1 Figure 1 legend and RFU definition,NC,No-connect ball,MANUFACTURER_NC,All normal supported operating modes of this exact part,Keep an explicit no-use electrical class and open circuit; retain the manufacturer classification separately.,A no_connect CAD type does not prove this physical ball is unbonded. DNU/RFU must not be used. The source does not grant alternative NC wiring; leave NC open rather than assuming grounding or routing-through is permitted.,unconnected-(U3B-NC-PadD1),MANUFACTURER_NC_DNU_MUST_REMAIN_OPEN,
U3,KLMAG1JETD_153,D2,NC,no_connect,no_connect,false,Samsung KLMxGxJETD-B041 Rev.1.0,5,D row / column 2,5,3.1 Figure 1 legend and RFU definition,NC,No-connect ball,MANUFACTURER_NC,All normal supported operating modes of this exact part,Keep an explicit no-use electrical class and open circuit; retain the manufacturer classification separately.,A no_connect CAD type does not prove this physical ball is unbonded. DNU/RFU must not be used. The source does not grant alternative NC wiring; leave NC open rather than assuming grounding or routing-through is permitted.,unconnected-(U3B-NC-PadD2),MANUFACTURER_NC_DNU_MUST_REMAIN_OPEN,
U3,KLMAG1JETD_153,D3,NC,no_connect,no_connect,false,Samsung KLMxGxJETD-B041 Rev.1.0,5,D row / column 3,5,3.1 Figure 1 legend and RFU definition,NC,No-connect ball,MANUFACTURER_NC,All normal supported operating modes of this exact part,Keep an explicit no-use electrical class and open circuit; retain the manufacturer classification separately.,A no_connect CAD type does not prove this physical ball is unbonded. DNU/RFU must not be used. The source does not grant alternative NC wiring; leave NC open rather than assuming grounding or routing-through is permitted.,unconnected-(U3B-NC-PadD3),MANUFACTURER_NC_DNU_MUST_REMAIN_OPEN,
U3,KLMAG1JETD_153,D4,NC,no_connect,no_connect,false,Samsung KLMxGxJETD-B041 Rev.1.0,5,D row / column 4,5,3.1 Figure 1 legend and RFU definition,NC,No-connect ball,MANUFACTURER_NC,All normal supported operating modes of this exact part,Keep an explicit no-use electrical class and open circuit; retain the manufacturer classification separately.,A no_connect CAD type does not prove this physical ball is unbonded. DNU/RFU must not be used. The source does not grant alternative NC wiring; leave NC open rather than assuming grounding or routing-through is permitted.,unconnected-(U3B-NC-PadD4),MANUFACTURER_NC_DNU_MUST_REMAIN_OPEN,
U3,KLMAG1JETD_153,D12,NC,no_connect,no_connect,false,Samsung KLMxGxJETD-B041 Rev.1.0,5,D row / column 12,5,3.1 Figure 1 legend and RFU definition,NC,No-connect ball,MANUFACTURER_NC,All normal supported operating modes of this exact part,Keep an explicit no-use electrical class and open circuit; retain the manufacturer classification separately.,A no_connect CAD type does not prove this physical ball is unbonded. DNU/RFU must not be used. The source does not grant alternative NC wiring; leave NC open rather than assuming grounding or routing-through is permitted.,unconnected-(U3B-NC-PadD12),MANUFACTURER_NC_DNU_MUST_REMAIN_OPEN,
U3,KLMAG1JETD_153,D13,NC,no_connect,no_connect,false,Samsung KLMxGxJETD-B041 Rev.1.0,5,D row / column 13,5,3.1 Figure 1 legend and RFU definition,NC,No-connect ball,MANUFACTURER_NC,All normal supported operating modes of this exact part,Keep an explicit no-use electrical class and open circuit; retain the manufacturer classification separately.,A no_connect CAD type does not prove this physical ball is unbonded. DNU/RFU must not be used. The source does not grant alternative NC wiring; leave NC open rather than assuming grounding or routing-through is permitted.,unconnected-(U3B-NC-PadD13),MANUFACTURER_NC_DNU_MUST_REMAIN_OPEN,
U3,KLMAG1JETD_153,D14,NC,no_connect,no_connect,false,Samsung KLMxGxJETD-B041 Rev.1.0,5,D row / column 14,5,3.1 Figure 1 legend and RFU definition,NC,No-connect ball,MANUFACTURER_NC,All normal supported operating modes of this exact part,Keep an explicit no-use electrical class and open circuit; retain the manufacturer classification separately.,A no_connect CAD type does not prove this physical ball is unbonded. DNU/RFU must not be used. The source does not grant alternative NC wiring; leave NC open rather than assuming grounding or routing-through is permitted.,unconnected-(U3B-NC-PadD14),MANUFACTURER_NC_DNU_MUST_REMAIN_OPEN,
U3,KLMAG1JETD_153,E1,NC,no_connect,no_connect,false,Samsung KLMxGxJETD-B041 Rev.1.0,5,E row / column 1,5,3.1 Figure 1 legend and RFU definition,NC,No-connect ball,MANUFACTURER_NC,All normal supported operating modes of this exact part,Keep an explicit no-use electrical class and open circuit; retain the manufacturer classification separately.,A no_connect CAD type does not prove this physical ball is unbonded. DNU/RFU must not be used. The source does not grant alternative NC wiring; leave NC open rather than assuming grounding or routing-through is permitted.,unconnected-(U3B-NC-PadE1),MANUFACTURER_NC_DNU_MUST_REMAIN_OPEN,
U3,KLMAG1JETD_153,E2,NC,no_connect,no_connect,false,Samsung KLMxGxJETD-B041 Rev.1.0,5,E row / column 2,5,3.1 Figure 1 legend and RFU definition,NC,No-connect ball,MANUFACTURER_NC,All normal supported operating modes of this exact part,Keep an explicit no-use electrical class and open circuit; retain the manufacturer classification separately.,A no_connect CAD type does not prove this physical ball is unbonded. DNU/RFU must not be used. The source does not grant alternative NC wiring; leave NC open rather than assuming grounding or routing-through is permitted.,unconnected-(U3B-NC-PadE2),MANUFACTURER_NC_DNU_MUST_REMAIN_OPEN,
U3,KLMAG1JETD_153,E3,NC,no_connect,no_connect,false,Samsung KLMxGxJETD-B041 Rev.1.0,5,E row / column 3,5,3.1 Figure 1 legend and RFU definition,NC,No-connect ball,MANUFACTURER_NC,All normal supported operating modes of this exact part,Keep an explicit no-use electrical class and open circuit; retain the manufacturer classification separately.,A no_connect CAD type does not prove this physical ball is unbonded. DNU/RFU must not be used. The source does not grant alternative NC wiring; leave NC open rather than assuming grounding or routing-through is permitted.,unconnected-(U3B-NC-PadE3),MANUFACTURER_NC_DNU_MUST_REMAIN_OPEN,
U3,KLMAG1JETD_153,E5,RFU,no_connect,no_connect,false,Samsung KLMxGxJETD-B041 Rev.1.0,5,E row / column 5,5,3.1 Figure 1 legend and RFU definition,RFU,"Reserved ball, use prohibited",MANUFACTURER_RESERVED_FOR_FUTURE_USE,All normal supported operating modes of this exact part,Keep an explicit no-use electrical class and open circuit; retain the manufacturer classification separately.,A no_connect CAD type does not prove this physical ball is unbonded. DNU/RFU must not be used. The source does not grant alternative NC wiring; leave NC open rather than assuming grounding or routing-through is permitted.,unconnected-(U3B-RFU-PadE5),MANUFACTURER_RFU_NO_USE_MUST_REMAIN_OPEN,
U3,KLMAG1JETD_153,E6,VDDF,power_in,power_in,false,Samsung KLMxGxJETD-B041 Rev.1.0,5,E row / column 6,5,3.1 Table 2 and pin definitions,Supply,VCC flash supply input,FUNCTIONAL,All normal supported operating modes of this exact part,Preserve Samsung-specific VDD=VCCQ and VDDF=VCC nomenclature; these are input supplies.,,VDD_3V3,153-ball grid verified; NC/RFU no-use flagged; VDDI cap TBD; strobe open,C228.1:; C229.1:; C31.1:; C32.1:; C33.1:; C34.1:; C816.1:; FB210.1:; J1.7:VOUT_3V3; JP1.2:2; L26.2:; R213.1:; R221.1:; R32.2:; R33.2:; R527.1:; U11.14:VDD; U12.14:VDD; U13.14:VDD; U14.5:VCC; U3.F5:VDDF; U3.J10:VDDF; U3.K9:VDDF; U95.14:VCCB
U3,KLMAG1JETD_153,E7,VSS,power_in,power_in,false,Samsung KLMxGxJETD-B041 Rev.1.0,5,E row / column 7,5,3.1 Table 2 and pin definitions,Ground,Ground return,FUNCTIONAL,All normal supported operating modes of this exact part,Preserve Samsung-specific VDD=VCCQ and VDDF=VCC nomenclature; these are input supplies.,,GND,153-ball grid verified; NC/RFU no-use flagged; VDDI cap TBD; strobe open,C201.2:; C203.2:; C204.2:; C205.2:; C206.2:; C207.2:; C208.2:; C209.2:; C210.2:; C211.2:; C212.2:; C213.2:; C214.2:; C215.2:; C216.2:; C217.2:; C218.2:; C220.2:; C221.2:; C222.2:; C223.2:; C225.2:; C226.2:; C227.2:; C228.2:; C230.2:; C231.2:; C232.2:; C233.2:; C234.2:; C235.2:; C236.2:; C237.2:; C238.2:; C239.2:; C240.2:; C241.2:; C242.2:; C243.2:; C244.2:; C31.2:; C32.2:; C33.2:; C34.2:; C41.2:; C42.2:; C43.2:; C44.2:; C45.2:; C501.2:; C502.2:; C503.2:; C504.2:; C505.2:; C506.2:; C507.2:; C508.2:; C509.2:; C510.2:; C511.2:; C512.2:; C513.2:; C514.2:; C515.2:; C516.2:; C517.2:; C518.2:; C519.2:; C520.2:; C521.2:; C522.2:; C523.2:; C524.2:; C525.2:; C526.2:; C527.2:; C528.2:; C529.2:; C530.2:; C531.2:; C532.2:; C533.2:; C534.2:; C535.2:; C536.2:; C537.2:; C538.2:; C539.2:; C540.2:; C541.2:; C542.2:; C543.2:; C544.2:; C545.2:; C546.2:; C547.2:; C548.2:; C549.2:; C550.2:; C551.2:; C552.2:; C553.2:; C554.2:; C555.2:; C556.2:; C557.2:; C558.2:; C559.2:; C560.2:; C561.2:; C562.2:; C563.2:; C564.2:; C565.2:; C566.2:; C567.2:; C568.2:; C569.2:; C570.2:; C571.2:; C572.2:; C573.2:; C574.2:; C575.2:; C576.2:; C577.2:; C62.2:; C63.2:; C64.2:; C65.2:; C809.2:; C810.2:; C811.2:; C812.2:; C813.2:; C814.2:; C815.2:; C816.2:; J1.1:GND; J1.106:GND; J1.2:GND; J1.3:GND; J1.36:GND; J1.49:GND; J1.57:GND; J1.64:GND; J1.71:GND; J1.78:GND; J1.89:GND; R202.2:; R205.2:; R206.2:; R208.2:; R211.2:; R214.2:; R31.2:; R402.2:; R44.2:; R47.2:; R526.2:; R529.2:; R571.2:; R572.2:; R64.2:; R66.2:; R69.2:; R70.2:; R71.2:; U1.A13:VSS; U1.A16:VSS; U1.A19:VSS; U1.A9:TEST_EN; U1.B13:VSS; U1.B20:VSS; U1.C13:VSS; U1.D10:VSS; U1.D11:VSS; U1.D13:VSS; U1.D15:VSS; U1.D9:VSS; U1.E12:VSS; U1.E13:VSS; U1.E14:VSS; U1.E15:VSS; U1.E16:VSS; U1.E19:VSS; U1.E4:VSS; U1.E6:VSS; U1.E7:VSS; U1.E8:VSS; U1.F10:VSS; U1.F11:AVSS; U1.F16:VSS; U1.F4:VSS; U1.F6:VSS; U1.G13:VSS; U1.G14:VSS; U1.G15:VSS; U1.G16:VSS; U1.G6:VSS; U1.G7:AVSS; U1.G8:AVSS; U1.H11:VSS; U1.H13:VSS; U1.H15:VSS; U1.H16:VSS; U1.H20:VSS; U1.H7:VSS; U1.J11:VSS; U1.J13:VSS; U1.J15:VSS; U1.J7:VSS; U1.K10:VSS; U1.K12:VSS; U1.K14:VSS; U1.K16:VSS; U1.K18:VSS; U1.K3:VSS; U1.K6:VSS; U1.K8:VSS; U1.L10:VSS; U1.L12:VSS; U1.L15:VSS; U1.L19:VSS; U1.L7:VSS; U1.L8:VSS; U1.M10:VSS; U1.M12:VSS; U1.M15:VSS; U1.M16:VSS; U1.M6:VSS; U1.M8:VSS; U1.N10:VSS; U1.N12:VSS; U1.N15:VSS; U1.N16:VSS; U1.N3:VSS; U1.N5:VSS; U1.N8:VSS; U1.P10:VSS; U1.P12:VSS; U1.P14:VSS; U1.P15:VSS; U1.P20:VSS; U1.P6:VSS; U1.P7:VSS; U1.P8:VSS; U1.R10:VSS; U1.R12:VSS; U1.R14:VSS; U1.R16:VSS; U1.R3:VSS; U1.R6:VSS; U1.R7:VSS; U1.T15:VSS; U1.T3:VSS; U1.T7:VSS; U1.T8:VSS; U1.T9:VSS; U1.U19:VSS; U1.U3:VSS; U1.U8:VSS; U1.V3:VSS; U1.V4:VSS; U1.V5:VSS; U1.V6:VSS; U1.V7:VSS; U1.V8:VSS; U1.W1:VSS; U1.W16:VSS; U1.W20:VSS; U1.Y13:VSS; U1.Y19:VSS; U11.6:GND; U12.10:D4; U12.11:S4B; U12.12:S4A; U12.6:GND; U12.8:S3B; U13.1:S1B; U13.11:S4B; U13.15:SEL; U13.4:S2B; U13.6:GND; U13.8:S3B; U14.3:GND; U2.A10:VSS; U2.A3:VSS; U2.AB10:VSS; U2.AB3:VSS; U2.AB5:VSS; U2.AB8:VSS; U2.C1:VSS; U2.C12:VSS; U2.C5:VSS; U2.C8:VSS; U2.D11:VSS; U2.D2:VSS; U2.D4:VSS; U2.D9:VSS; U2.E1:VSS; U2.E12:VSS; U2.E5:VSS; U2.E8:VSS; U2.G1:VSS; U2.G10:VSS; U2.G12:VSS; U2.G3:VSS; U2.G5:VSS; U2.G8:VSS; U2.J1:VSS; U2.J10:VSS; U2.J12:VSS; U2.J3:VSS; U2.K11:VSS; U2.K2:VSS; U2.K4:VSS; U2.K9:VSS; U2.N11:VSS; U2.N2:VSS; U2.N4:VSS; U2.N9:VSS; U2.P1:VSS; U2.P10:VSS; U2.P12:VSS; U2.P3:VSS; U2.T1:VSS; U2.T10:VSS; U2.T12:VSS; U2.T3:VSS; U2.T5:VSS; U2.T8:VSS; U2.V1:VSS; U2.V12:VSS; U2.V5:VSS; U2.V8:VSS; U2.W11:VSS; U2.W2:VSS; U2.W4:VSS; U2.W9:VSS; U2.Y1:VSS; U2.Y12:VSS; U2.Y5:VSS; U2.Y8:VSS; U21.4:GND; U22.A1:AGND; U22.B1:PGND; U22.B2:PGND; U22.B3:PGND; U23.A1:AGND; U23.B1:PGND; U23.B2:PGND; U23.B3:PGND; U24.4:GND; U25.4:GND; U26.4:GND; U3.A6:VSS; U3.C4:VSS; U3.G5:VSS; U3.H10:VSS; U3.J5:VSS; U3.K8:VSS; U3.N2:VSS; U3.N5:VSS; U3.P4:VSS; U3.P6:VSS; U89.5:GND; U89.7:EP_GND; U90.5:GND; U90.7:EP_GND; U91.3:GND; U92.1:B_TIE_LOW; U92.2:GND; U93.3:GND; U94.1:B_TIE_LOW; U94.2:GND; U95.7:GND; Y2.2:GND; Y2.4:GND
U3,KLMAG1JETD_153,E8,RFU,no_connect,no_connect,false,Samsung KLMxGxJETD-B041 Rev.1.0,5,E row / column 8,5,3.1 Figure 1 legend and RFU definition,RFU,"Reserved ball, use prohibited",MANUFACTURER_RESERVED_FOR_FUTURE_USE,All normal supported operating modes of this exact part,Keep an explicit no-use electrical class and open circuit; retain the manufacturer classification separately.,A no_connect CAD type does not prove this physical ball is unbonded. DNU/RFU must not be used. The source does not grant alternative NC wiring; leave NC open rather than assuming grounding or routing-through is permitted.,unconnected-(U3B-RFU-PadE8),MANUFACTURER_RFU_NO_USE_MUST_REMAIN_OPEN,
U3,KLMAG1JETD_153,E9,RFU,no_connect,no_connect,false,Samsung KLMxGxJETD-B041 Rev.1.0,5,E row / column 9,5,3.1 Figure 1 legend and RFU definition,RFU,"Reserved ball, use prohibited",MANUFACTURER_RESERVED_FOR_FUTURE_USE,All normal supported operating modes of this exact part,Keep an explicit no-use electrical class and open circuit; retain the manufacturer classification separately.,A no_connect CAD type does not prove this physical ball is unbonded. DNU/RFU must not be used. The source does not grant alternative NC wiring; leave NC open rather than assuming grounding or routing-through is permitted.,unconnected-(U3B-RFU-PadE9),MANUFACTURER_RFU_NO_USE_MUST_REMAIN_OPEN,
U3,KLMAG1JETD_153,E10,RFU,no_connect,no_connect,false,Samsung KLMxGxJETD-B041 Rev.1.0,5,E row / column 10,5,3.1 Figure 1 legend and RFU definition,RFU,"Reserved ball, use prohibited",MANUFACTURER_RESERVED_FOR_FUTURE_USE,All normal supported operating modes of this exact part,Keep an explicit no-use electrical class and open circuit; retain the manufacturer classification separately.,A no_connect CAD type does not prove this physical ball is unbonded. DNU/RFU must not be used. The source does not grant alternative NC wiring; leave NC open rather than assuming grounding or routing-through is permitted.,unconnected-(U3B-RFU-PadE10),MANUFACTURER_RFU_NO_USE_MUST_REMAIN_OPEN,
U3,KLMAG1JETD_153,E12,NC,no_connect,no_connect,false,Samsung KLMxGxJETD-B041 Rev.1.0,5,E row / column 12,5,3.1 Figure 1 legend and RFU definition,NC,No-connect ball,MANUFACTURER_NC,All normal supported operating modes of this exact part,Keep an explicit no-use electrical class and open circuit; retain the manufacturer classification separately.,A no_connect CAD type does not prove this physical ball is unbonded. DNU/RFU must not be used. The source does not grant alternative NC wiring; leave NC open rather than assuming grounding or routing-through is permitted.,unconnected-(U3B-NC-PadE12),MANUFACTURER_NC_DNU_MUST_REMAIN_OPEN,
U3,KLMAG1JETD_153,E13,NC,no_connect,no_connect,false,Samsung KLMxGxJETD-B041 Rev.1.0,5,E row / column 13,5,3.1 Figure 1 legend and RFU definition,NC,No-connect ball,MANUFACTURER_NC,All normal supported operating modes of this exact part,Keep an explicit no-use electrical class and open circuit; retain the manufacturer classification separately.,A no_connect CAD type does not prove this physical ball is unbonded. DNU/RFU must not be used. The source does not grant alternative NC wiring; leave NC open rather than assuming grounding or routing-through is permitted.,unconnected-(U3B-NC-PadE13),MANUFACTURER_NC_DNU_MUST_REMAIN_OPEN,
U3,KLMAG1JETD_153,E14,NC,no_connect,no_connect,false,Samsung KLMxGxJETD-B041 Rev.1.0,5,E row / column 14,5,3.1 Figure 1 legend and RFU definition,NC,No-connect ball,MANUFACTURER_NC,All normal supported operating modes of this exact part,Keep an explicit no-use electrical class and open circuit; retain the manufacturer classification separately.,A no_connect CAD type does not prove this physical ball is unbonded. DNU/RFU must not be used. The source does not grant alternative NC wiring; leave NC open rather than assuming grounding or routing-through is permitted.,unconnected-(U3B-NC-PadE14),MANUFACTURER_NC_DNU_MUST_REMAIN_OPEN,
U3,KLMAG1JETD_153,F1,NC,no_connect,no_connect,false,Samsung KLMxGxJETD-B041 Rev.1.0,5,F row / column 1,5,3.1 Figure 1 legend and RFU definition,NC,No-connect ball,MANUFACTURER_NC,All normal supported operating modes of this exact part,Keep an explicit no-use electrical class and open circuit; retain the manufacturer classification separately.,A no_connect CAD type does not prove this physical ball is unbonded. DNU/RFU must not be used. The source does not grant alternative NC wiring; leave NC open rather than assuming grounding or routing-through is permitted.,unconnected-(U3B-NC-PadF1),MANUFACTURER_NC_DNU_MUST_REMAIN_OPEN,
U3,KLMAG1JETD_153,F2,NC,no_connect,no_connect,false,Samsung KLMxGxJETD-B041 Rev.1.0,5,F row / column 2,5,3.1 Figure 1 legend and RFU definition,NC,No-connect ball,MANUFACTURER_NC,All normal supported operating modes of this exact part,Keep an explicit no-use electrical class and open circuit; retain the manufacturer classification separately.,A no_connect CAD type does not prove this physical ball is unbonded. DNU/RFU must not be used. The source does not grant alternative NC wiring; leave NC open rather than assuming grounding or routing-through is permitted.,unconnected-(U3B-NC-PadF2),MANUFACTURER_NC_DNU_MUST_REMAIN_OPEN,
U3,KLMAG1JETD_153,F3,NC,no_connect,no_connect,false,Samsung KLMxGxJETD-B041 Rev.1.0,5,F row / column 3,5,3.1 Figure 1 legend and RFU definition,NC,No-connect ball,MANUFACTURER_NC,All normal supported operating modes of this exact part,Keep an explicit no-use electrical class and open circuit; retain the manufacturer classification separately.,A no_connect CAD type does not prove this physical ball is unbonded. DNU/RFU must not be used. The source does not grant alternative NC wiring; leave NC open rather than assuming grounding or routing-through is permitted.,unconnected-(U3B-NC-PadF3),MANUFACTURER_NC_DNU_MUST_REMAIN_OPEN,
U3,KLMAG1JETD_153,F5,VDDF,power_in,power_in,false,Samsung KLMxGxJETD-B041 Rev.1.0,5,F row / column 5,5,3.1 Table 2 and pin definitions,Supply,VCC flash supply input,FUNCTIONAL,All normal supported operating modes of this exact part,Preserve Samsung-specific VDD=VCCQ and VDDF=VCC nomenclature; these are input supplies.,,VDD_3V3,153-ball grid verified; NC/RFU no-use flagged; VDDI cap TBD; strobe open,C228.1:; C229.1:; C31.1:; C32.1:; C33.1:; C34.1:; C816.1:; FB210.1:; J1.7:VOUT_3V3; JP1.2:2; L26.2:; R213.1:; R221.1:; R32.2:; R33.2:; R527.1:; U11.14:VDD; U12.14:VDD; U13.14:VDD; U14.5:VCC; U3.E6:VDDF; U3.J10:VDDF; U3.K9:VDDF; U95.14:VCCB
U3,KLMAG1JETD_153,F10,RFU,no_connect,no_connect,false,Samsung KLMxGxJETD-B041 Rev.1.0,5,F row / column 10,5,3.1 Figure 1 legend and RFU definition,RFU,"Reserved ball, use prohibited",MANUFACTURER_RESERVED_FOR_FUTURE_USE,All normal supported operating modes of this exact part,Keep an explicit no-use electrical class and open circuit; retain the manufacturer classification separately.,A no_connect CAD type does not prove this physical ball is unbonded. DNU/RFU must not be used. The source does not grant alternative NC wiring; leave NC open rather than assuming grounding or routing-through is permitted.,unconnected-(U3B-RFU-PadF10),MANUFACTURER_RFU_NO_USE_MUST_REMAIN_OPEN,
U3,KLMAG1JETD_153,F12,NC,no_connect,no_connect,false,Samsung KLMxGxJETD-B041 Rev.1.0,5,F row / column 12,5,3.1 Figure 1 legend and RFU definition,NC,No-connect ball,MANUFACTURER_NC,All normal supported operating modes of this exact part,Keep an explicit no-use electrical class and open circuit; retain the manufacturer classification separately.,A no_connect CAD type does not prove this physical ball is unbonded. DNU/RFU must not be used. The source does not grant alternative NC wiring; leave NC open rather than assuming grounding or routing-through is permitted.,unconnected-(U3B-NC-PadF12),MANUFACTURER_NC_DNU_MUST_REMAIN_OPEN,
U3,KLMAG1JETD_153,F13,NC,no_connect,no_connect,false,Samsung KLMxGxJETD-B041 Rev.1.0,5,F row / column 13,5,3.1 Figure 1 legend and RFU definition,NC,No-connect ball,MANUFACTURER_NC,All normal supported operating modes of this exact part,Keep an explicit no-use electrical class and open circuit; retain the manufacturer classification separately.,A no_connect CAD type does not prove this physical ball is unbonded. DNU/RFU must not be used. The source does not grant alternative NC wiring; leave NC open rather than assuming grounding or routing-through is permitted.,unconnected-(U3B-NC-PadF13),MANUFACTURER_NC_DNU_MUST_REMAIN_OPEN,
U3,KLMAG1JETD_153,F14,NC,no_connect,no_connect,false,Samsung KLMxGxJETD-B041 Rev.1.0,5,F row / column 14,5,3.1 Figure 1 legend and RFU definition,NC,No-connect ball,MANUFACTURER_NC,All normal supported operating modes of this exact part,Keep an explicit no-use electrical class and open circuit; retain the manufacturer classification separately.,A no_connect CAD type does not prove this physical ball is unbonded. DNU/RFU must not be used. The source does not grant alternative NC wiring; leave NC open rather than assuming grounding or routing-through is permitted.,unconnected-(U3B-NC-PadF14),MANUFACTURER_NC_DNU_MUST_REMAIN_OPEN,
U3,KLMAG1JETD_153,G1,NC,no_connect,no_connect,false,Samsung KLMxGxJETD-B041 Rev.1.0,5,G row / column 1,5,3.1 Figure 1 legend and RFU definition,NC,No-connect ball,MANUFACTURER_NC,All normal supported operating modes of this exact part,Keep an explicit no-use electrical class and open circuit; retain the manufacturer classification separately.,A no_connect CAD type does not prove this physical ball is unbonded. DNU/RFU must not be used. The source does not grant alternative NC wiring; leave NC open rather than assuming grounding or routing-through is permitted.,unconnected-(U3B-NC-PadG1),MANUFACTURER_NC_DNU_MUST_REMAIN_OPEN,
U3,KLMAG1JETD_153,G2,NC,no_connect,no_connect,false,Samsung KLMxGxJETD-B041 Rev.1.0,5,G row / column 2,5,3.1 Figure 1 legend and RFU definition,NC,No-connect ball,MANUFACTURER_NC,All normal supported operating modes of this exact part,Keep an explicit no-use electrical class and open circuit; retain the manufacturer classification separately.,A no_connect CAD type does not prove this physical ball is unbonded. DNU/RFU must not be used. The source does not grant alternative NC wiring; leave NC open rather than assuming grounding or routing-through is permitted.,unconnected-(U3B-NC-PadG2),MANUFACTURER_NC_DNU_MUST_REMAIN_OPEN,
U3,KLMAG1JETD_153,G3,RFU,no_connect,no_connect,false,Samsung KLMxGxJETD-B041 Rev.1.0,5,G row / column 3,5,3.1 Figure 1 legend and RFU definition,RFU,"Reserved ball, use prohibited",MANUFACTURER_RESERVED_FOR_FUTURE_USE,All normal supported operating modes of this exact part,Keep an explicit no-use electrical class and open circuit; retain the manufacturer classification separately.,A no_connect CAD type does not prove this physical ball is unbonded. DNU/RFU must not be used. The source does not grant alternative NC wiring; leave NC open rather than assuming grounding or routing-through is permitted.,unconnected-(U3B-RFU-PadG3),MANUFACTURER_RFU_NO_USE_MUST_REMAIN_OPEN,
U3,KLMAG1JETD_153,G5,VSS,power_in,power_in,false,Samsung KLMxGxJETD-B041 Rev.1.0,5,G row / column 5,5,3.1 Table 2 and pin definitions,Ground,Ground return,FUNCTIONAL,All normal supported operating modes of this exact part,Preserve Samsung-specific VDD=VCCQ and VDDF=VCC nomenclature; these are input supplies.,,GND,153-ball grid verified; NC/RFU no-use flagged; VDDI cap TBD; strobe open,C201.2:; C203.2:; C204.2:; C205.2:; C206.2:; C207.2:; C208.2:; C209.2:; C210.2:; C211.2:; C212.2:; C213.2:; C214.2:; C215.2:; C216.2:; C217.2:; C218.2:; C220.2:; C221.2:; C222.2:; C223.2:; C225.2:; C226.2:; C227.2:; C228.2:; C230.2:; C231.2:; C232.2:; C233.2:; C234.2:; C235.2:; C236.2:; C237.2:; C238.2:; C239.2:; C240.2:; C241.2:; C242.2:; C243.2:; C244.2:; C31.2:; C32.2:; C33.2:; C34.2:; C41.2:; C42.2:; C43.2:; C44.2:; C45.2:; C501.2:; C502.2:; C503.2:; C504.2:; C505.2:; C506.2:; C507.2:; C508.2:; C509.2:; C510.2:; C511.2:; C512.2:; C513.2:; C514.2:; C515.2:; C516.2:; C517.2:; C518.2:; C519.2:; C520.2:; C521.2:; C522.2:; C523.2:; C524.2:; C525.2:; C526.2:; C527.2:; C528.2:; C529.2:; C530.2:; C531.2:; C532.2:; C533.2:; C534.2:; C535.2:; C536.2:; C537.2:; C538.2:; C539.2:; C540.2:; C541.2:; C542.2:; C543.2:; C544.2:; C545.2:; C546.2:; C547.2:; C548.2:; C549.2:; C550.2:; C551.2:; C552.2:; C553.2:; C554.2:; C555.2:; C556.2:; C557.2:; C558.2:; C559.2:; C560.2:; C561.2:; C562.2:; C563.2:; C564.2:; C565.2:; C566.2:; C567.2:; C568.2:; C569.2:; C570.2:; C571.2:; C572.2:; C573.2:; C574.2:; C575.2:; C576.2:; C577.2:; C62.2:; C63.2:; C64.2:; C65.2:; C809.2:; C810.2:; C811.2:; C812.2:; C813.2:; C814.2:; C815.2:; C816.2:; J1.1:GND; J1.106:GND; J1.2:GND; J1.3:GND; J1.36:GND; J1.49:GND; J1.57:GND; J1.64:GND; J1.71:GND; J1.78:GND; J1.89:GND; R202.2:; R205.2:; R206.2:; R208.2:; R211.2:; R214.2:; R31.2:; R402.2:; R44.2:; R47.2:; R526.2:; R529.2:; R571.2:; R572.2:; R64.2:; R66.2:; R69.2:; R70.2:; R71.2:; U1.A13:VSS; U1.A16:VSS; U1.A19:VSS; U1.A9:TEST_EN; U1.B13:VSS; U1.B20:VSS; U1.C13:VSS; U1.D10:VSS; U1.D11:VSS; U1.D13:VSS; U1.D15:VSS; U1.D9:VSS; U1.E12:VSS; U1.E13:VSS; U1.E14:VSS; U1.E15:VSS; U1.E16:VSS; U1.E19:VSS; U1.E4:VSS; U1.E6:VSS; U1.E7:VSS; U1.E8:VSS; U1.F10:VSS; U1.F11:AVSS; U1.F16:VSS; U1.F4:VSS; U1.F6:VSS; U1.G13:VSS; U1.G14:VSS; U1.G15:VSS; U1.G16:VSS; U1.G6:VSS; U1.G7:AVSS; U1.G8:AVSS; U1.H11:VSS; U1.H13:VSS; U1.H15:VSS; U1.H16:VSS; U1.H20:VSS; U1.H7:VSS; U1.J11:VSS; U1.J13:VSS; U1.J15:VSS; U1.J7:VSS; U1.K10:VSS; U1.K12:VSS; U1.K14:VSS; U1.K16:VSS; U1.K18:VSS; U1.K3:VSS; U1.K6:VSS; U1.K8:VSS; U1.L10:VSS; U1.L12:VSS; U1.L15:VSS; U1.L19:VSS; U1.L7:VSS; U1.L8:VSS; U1.M10:VSS; U1.M12:VSS; U1.M15:VSS; U1.M16:VSS; U1.M6:VSS; U1.M8:VSS; U1.N10:VSS; U1.N12:VSS; U1.N15:VSS; U1.N16:VSS; U1.N3:VSS; U1.N5:VSS; U1.N8:VSS; U1.P10:VSS; U1.P12:VSS; U1.P14:VSS; U1.P15:VSS; U1.P20:VSS; U1.P6:VSS; U1.P7:VSS; U1.P8:VSS; U1.R10:VSS; U1.R12:VSS; U1.R14:VSS; U1.R16:VSS; U1.R3:VSS; U1.R6:VSS; U1.R7:VSS; U1.T15:VSS; U1.T3:VSS; U1.T7:VSS; U1.T8:VSS; U1.T9:VSS; U1.U19:VSS; U1.U3:VSS; U1.U8:VSS; U1.V3:VSS; U1.V4:VSS; U1.V5:VSS; U1.V6:VSS; U1.V7:VSS; U1.V8:VSS; U1.W1:VSS; U1.W16:VSS; U1.W20:VSS; U1.Y13:VSS; U1.Y19:VSS; U11.6:GND; U12.10:D4; U12.11:S4B; U12.12:S4A; U12.6:GND; U12.8:S3B; U13.1:S1B; U13.11:S4B; U13.15:SEL; U13.4:S2B; U13.6:GND; U13.8:S3B; U14.3:GND; U2.A10:VSS; U2.A3:VSS; U2.AB10:VSS; U2.AB3:VSS; U2.AB5:VSS; U2.AB8:VSS; U2.C1:VSS; U2.C12:VSS; U2.C5:VSS; U2.C8:VSS; U2.D11:VSS; U2.D2:VSS; U2.D4:VSS; U2.D9:VSS; U2.E1:VSS; U2.E12:VSS; U2.E5:VSS; U2.E8:VSS; U2.G1:VSS; U2.G10:VSS; U2.G12:VSS; U2.G3:VSS; U2.G5:VSS; U2.G8:VSS; U2.J1:VSS; U2.J10:VSS; U2.J12:VSS; U2.J3:VSS; U2.K11:VSS; U2.K2:VSS; U2.K4:VSS; U2.K9:VSS; U2.N11:VSS; U2.N2:VSS; U2.N4:VSS; U2.N9:VSS; U2.P1:VSS; U2.P10:VSS; U2.P12:VSS; U2.P3:VSS; U2.T1:VSS; U2.T10:VSS; U2.T12:VSS; U2.T3:VSS; U2.T5:VSS; U2.T8:VSS; U2.V1:VSS; U2.V12:VSS; U2.V5:VSS; U2.V8:VSS; U2.W11:VSS; U2.W2:VSS; U2.W4:VSS; U2.W9:VSS; U2.Y1:VSS; U2.Y12:VSS; U2.Y5:VSS; U2.Y8:VSS; U21.4:GND; U22.A1:AGND; U22.B1:PGND; U22.B2:PGND; U22.B3:PGND; U23.A1:AGND; U23.B1:PGND; U23.B2:PGND; U23.B3:PGND; U24.4:GND; U25.4:GND; U26.4:GND; U3.A6:VSS; U3.C4:VSS; U3.E7:VSS; U3.H10:VSS; U3.J5:VSS; U3.K8:VSS; U3.N2:VSS; U3.N5:VSS; U3.P4:VSS; U3.P6:VSS; U89.5:GND; U89.7:EP_GND; U90.5:GND; U90.7:EP_GND; U91.3:GND; U92.1:B_TIE_LOW; U92.2:GND; U93.3:GND; U94.1:B_TIE_LOW; U94.2:GND; U95.7:GND; Y2.2:GND; Y2.4:GND
U3,KLMAG1JETD_153,G10,RFU,no_connect,no_connect,false,Samsung KLMxGxJETD-B041 Rev.1.0,5,G row / column 10,5,3.1 Figure 1 legend and RFU definition,RFU,"Reserved ball, use prohibited",MANUFACTURER_RESERVED_FOR_FUTURE_USE,All normal supported operating modes of this exact part,Keep an explicit no-use electrical class and open circuit; retain the manufacturer classification separately.,A no_connect CAD type does not prove this physical ball is unbonded. DNU/RFU must not be used. The source does not grant alternative NC wiring; leave NC open rather than assuming grounding or routing-through is permitted.,unconnected-(U3B-RFU-PadG10),MANUFACTURER_RFU_NO_USE_MUST_REMAIN_OPEN,
U3,KLMAG1JETD_153,G12,NC,no_connect,no_connect,false,Samsung KLMxGxJETD-B041 Rev.1.0,5,G row / column 12,5,3.1 Figure 1 legend and RFU definition,NC,No-connect ball,MANUFACTURER_NC,All normal supported operating modes of this exact part,Keep an explicit no-use electrical class and open circuit; retain the manufacturer classification separately.,A no_connect CAD type does not prove this physical ball is unbonded. DNU/RFU must not be used. The source does not grant alternative NC wiring; leave NC open rather than assuming grounding or routing-through is permitted.,unconnected-(U3B-NC-PadG12),MANUFACTURER_NC_DNU_MUST_REMAIN_OPEN,
U3,KLMAG1JETD_153,G13,NC,no_connect,no_connect,false,Samsung KLMxGxJETD-B041 Rev.1.0,5,G row / column 13,5,3.1 Figure 1 legend and RFU definition,NC,No-connect ball,MANUFACTURER_NC,All normal supported operating modes of this exact part,Keep an explicit no-use electrical class and open circuit; retain the manufacturer classification separately.,A no_connect CAD type does not prove this physical ball is unbonded. DNU/RFU must not be used. The source does not grant alternative NC wiring; leave NC open rather than assuming grounding or routing-through is permitted.,unconnected-(U3B-NC-PadG13),MANUFACTURER_NC_DNU_MUST_REMAIN_OPEN,
U3,KLMAG1JETD_153,G14,NC,no_connect,no_connect,false,Samsung KLMxGxJETD-B041 Rev.1.0,5,G row / column 14,5,3.1 Figure 1 legend and RFU definition,NC,No-connect ball,MANUFACTURER_NC,All normal supported operating modes of this exact part,Keep an explicit no-use electrical class and open circuit; retain the manufacturer classification separately.,A no_connect CAD type does not prove this physical ball is unbonded. DNU/RFU must not be used. The source does not grant alternative NC wiring; leave NC open rather than assuming grounding or routing-through is permitted.,unconnected-(U3B-NC-PadG14),MANUFACTURER_NC_DNU_MUST_REMAIN_OPEN,
U3,KLMAG1JETD_153,H1,NC,no_connect,no_connect,false,Samsung KLMxGxJETD-B041 Rev.1.0,5,H row / column 1,5,3.1 Figure 1 legend and RFU definition,NC,No-connect ball,MANUFACTURER_NC,All normal supported operating modes of this exact part,Keep an explicit no-use electrical class and open circuit; retain the manufacturer classification separately.,A no_connect CAD type does not prove this physical ball is unbonded. DNU/RFU must not be used. The source does not grant alternative NC wiring; leave NC open rather than assuming grounding or routing-through is permitted.,unconnected-(U3B-NC-PadH1),MANUFACTURER_NC_DNU_MUST_REMAIN_OPEN,
U3,KLMAG1JETD_153,H2,NC,no_connect,no_connect,false,Samsung KLMxGxJETD-B041 Rev.1.0,5,H row / column 2,5,3.1 Figure 1 legend and RFU definition,NC,No-connect ball,MANUFACTURER_NC,All normal supported operating modes of this exact part,Keep an explicit no-use electrical class and open circuit; retain the manufacturer classification separately.,A no_connect CAD type does not prove this physical ball is unbonded. DNU/RFU must not be used. The source does not grant alternative NC wiring; leave NC open rather than assuming grounding or routing-through is permitted.,unconnected-(U3B-NC-PadH2),MANUFACTURER_NC_DNU_MUST_REMAIN_OPEN,
U3,KLMAG1JETD_153,H3,NC,no_connect,no_connect,false,Samsung KLMxGxJETD-B041 Rev.1.0,5,H row / column 3,5,3.1 Figure 1 legend and RFU definition,NC,No-connect ball,MANUFACTURER_NC,All normal supported operating modes of this exact part,Keep an explicit no-use electrical class and open circuit; retain the manufacturer classification separately.,A no_connect CAD type does not prove this physical ball is unbonded. DNU/RFU must not be used. The source does not grant alternative NC wiring; leave NC open rather than assuming grounding or routing-through is permitted.,unconnected-(U3B-NC-PadH3),MANUFACTURER_NC_DNU_MUST_REMAIN_OPEN,
U3,KLMAG1JETD_153,H5,Data Strobe,output,output,false,Samsung KLMxGxJETD-B041 Rev.1.0,5,H row / column 5,"5, 23",3.1 pin definitions; 8.3.2 HS400 device output timing,Generated from eMMC to host,HS400 data strobe output,FUNCTIONAL_OUTPUT_UNUSED_HS200,Functional output in HS400; intentionally unused in current HS200-only design,The device generates the strobe; preserve output direction with the existing explicit unused marker in the HS200-only compact design.,"Unused for this selected bus mode does not make H5 a manufacturer NC, RFU, or DNU ball.",unconnected-(U3C-Data_Strobe-PadH5),EMMC_HS200_UNUSED_HS400_STROBE_OUTPUT,
U3,KLMAG1JETD_153,H10,VSS,power_in,power_in,false,Samsung KLMxGxJETD-B041 Rev.1.0,5,H row / column 10,5,3.1 Table 2 and pin definitions,Ground,Ground return,FUNCTIONAL,All normal supported operating modes of this exact part,Preserve Samsung-specific VDD=VCCQ and VDDF=VCC nomenclature; these are input supplies.,,GND,153-ball grid verified; NC/RFU no-use flagged; VDDI cap TBD; strobe open,C201.2:; C203.2:; C204.2:; C205.2:; C206.2:; C207.2:; C208.2:; C209.2:; C210.2:; C211.2:; C212.2:; C213.2:; C214.2:; C215.2:; C216.2:; C217.2:; C218.2:; C220.2:; C221.2:; C222.2:; C223.2:; C225.2:; C226.2:; C227.2:; C228.2:; C230.2:; C231.2:; C232.2:; C233.2:; C234.2:; C235.2:; C236.2:; C237.2:; C238.2:; C239.2:; C240.2:; C241.2:; C242.2:; C243.2:; C244.2:; C31.2:; C32.2:; C33.2:; C34.2:; C41.2:; C42.2:; C43.2:; C44.2:; C45.2:; C501.2:; C502.2:; C503.2:; C504.2:; C505.2:; C506.2:; C507.2:; C508.2:; C509.2:; C510.2:; C511.2:; C512.2:; C513.2:; C514.2:; C515.2:; C516.2:; C517.2:; C518.2:; C519.2:; C520.2:; C521.2:; C522.2:; C523.2:; C524.2:; C525.2:; C526.2:; C527.2:; C528.2:; C529.2:; C530.2:; C531.2:; C532.2:; C533.2:; C534.2:; C535.2:; C536.2:; C537.2:; C538.2:; C539.2:; C540.2:; C541.2:; C542.2:; C543.2:; C544.2:; C545.2:; C546.2:; C547.2:; C548.2:; C549.2:; C550.2:; C551.2:; C552.2:; C553.2:; C554.2:; C555.2:; C556.2:; C557.2:; C558.2:; C559.2:; C560.2:; C561.2:; C562.2:; C563.2:; C564.2:; C565.2:; C566.2:; C567.2:; C568.2:; C569.2:; C570.2:; C571.2:; C572.2:; C573.2:; C574.2:; C575.2:; C576.2:; C577.2:; C62.2:; C63.2:; C64.2:; C65.2:; C809.2:; C810.2:; C811.2:; C812.2:; C813.2:; C814.2:; C815.2:; C816.2:; J1.1:GND; J1.106:GND; J1.2:GND; J1.3:GND; J1.36:GND; J1.49:GND; J1.57:GND; J1.64:GND; J1.71:GND; J1.78:GND; J1.89:GND; R202.2:; R205.2:; R206.2:; R208.2:; R211.2:; R214.2:; R31.2:; R402.2:; R44.2:; R47.2:; R526.2:; R529.2:; R571.2:; R572.2:; R64.2:; R66.2:; R69.2:; R70.2:; R71.2:; U1.A13:VSS; U1.A16:VSS; U1.A19:VSS; U1.A9:TEST_EN; U1.B13:VSS; U1.B20:VSS; U1.C13:VSS; U1.D10:VSS; U1.D11:VSS; U1.D13:VSS; U1.D15:VSS; U1.D9:VSS; U1.E12:VSS; U1.E13:VSS; U1.E14:VSS; U1.E15:VSS; U1.E16:VSS; U1.E19:VSS; U1.E4:VSS; U1.E6:VSS; U1.E7:VSS; U1.E8:VSS; U1.F10:VSS; U1.F11:AVSS; U1.F16:VSS; U1.F4:VSS; U1.F6:VSS; U1.G13:VSS; U1.G14:VSS; U1.G15:VSS; U1.G16:VSS; U1.G6:VSS; U1.G7:AVSS; U1.G8:AVSS; U1.H11:VSS; U1.H13:VSS; U1.H15:VSS; U1.H16:VSS; U1.H20:VSS; U1.H7:VSS; U1.J11:VSS; U1.J13:VSS; U1.J15:VSS; U1.J7:VSS; U1.K10:VSS; U1.K12:VSS; U1.K14:VSS; U1.K16:VSS; U1.K18:VSS; U1.K3:VSS; U1.K6:VSS; U1.K8:VSS; U1.L10:VSS; U1.L12:VSS; U1.L15:VSS; U1.L19:VSS; U1.L7:VSS; U1.L8:VSS; U1.M10:VSS; U1.M12:VSS; U1.M15:VSS; U1.M16:VSS; U1.M6:VSS; U1.M8:VSS; U1.N10:VSS; U1.N12:VSS; U1.N15:VSS; U1.N16:VSS; U1.N3:VSS; U1.N5:VSS; U1.N8:VSS; U1.P10:VSS; U1.P12:VSS; U1.P14:VSS; U1.P15:VSS; U1.P20:VSS; U1.P6:VSS; U1.P7:VSS; U1.P8:VSS; U1.R10:VSS; U1.R12:VSS; U1.R14:VSS; U1.R16:VSS; U1.R3:VSS; U1.R6:VSS; U1.R7:VSS; U1.T15:VSS; U1.T3:VSS; U1.T7:VSS; U1.T8:VSS; U1.T9:VSS; U1.U19:VSS; U1.U3:VSS; U1.U8:VSS; U1.V3:VSS; U1.V4:VSS; U1.V5:VSS; U1.V6:VSS; U1.V7:VSS; U1.V8:VSS; U1.W1:VSS; U1.W16:VSS; U1.W20:VSS; U1.Y13:VSS; U1.Y19:VSS; U11.6:GND; U12.10:D4; U12.11:S4B; U12.12:S4A; U12.6:GND; U12.8:S3B; U13.1:S1B; U13.11:S4B; U13.15:SEL; U13.4:S2B; U13.6:GND; U13.8:S3B; U14.3:GND; U2.A10:VSS; U2.A3:VSS; U2.AB10:VSS; U2.AB3:VSS; U2.AB5:VSS; U2.AB8:VSS; U2.C1:VSS; U2.C12:VSS; U2.C5:VSS; U2.C8:VSS; U2.D11:VSS; U2.D2:VSS; U2.D4:VSS; U2.D9:VSS; U2.E1:VSS; U2.E12:VSS; U2.E5:VSS; U2.E8:VSS; U2.G1:VSS; U2.G10:VSS; U2.G12:VSS; U2.G3:VSS; U2.G5:VSS; U2.G8:VSS; U2.J1:VSS; U2.J10:VSS; U2.J12:VSS; U2.J3:VSS; U2.K11:VSS; U2.K2:VSS; U2.K4:VSS; U2.K9:VSS; U2.N11:VSS; U2.N2:VSS; U2.N4:VSS; U2.N9:VSS; U2.P1:VSS; U2.P10:VSS; U2.P12:VSS; U2.P3:VSS; U2.T1:VSS; U2.T10:VSS; U2.T12:VSS; U2.T3:VSS; U2.T5:VSS; U2.T8:VSS; U2.V1:VSS; U2.V12:VSS; U2.V5:VSS; U2.V8:VSS; U2.W11:VSS; U2.W2:VSS; U2.W4:VSS; U2.W9:VSS; U2.Y1:VSS; U2.Y12:VSS; U2.Y5:VSS; U2.Y8:VSS; U21.4:GND; U22.A1:AGND; U22.B1:PGND; U22.B2:PGND; U22.B3:PGND; U23.A1:AGND; U23.B1:PGND; U23.B2:PGND; U23.B3:PGND; U24.4:GND; U25.4:GND; U26.4:GND; U3.A6:VSS; U3.C4:VSS; U3.E7:VSS; U3.G5:VSS; U3.J5:VSS; U3.K8:VSS; U3.N2:VSS; U3.N5:VSS; U3.P4:VSS; U3.P6:VSS; U89.5:GND; U89.7:EP_GND; U90.5:GND; U90.7:EP_GND; U91.3:GND; U92.1:B_TIE_LOW; U92.2:GND; U93.3:GND; U94.1:B_TIE_LOW; U94.2:GND; U95.7:GND; Y2.2:GND; Y2.4:GND
U3,KLMAG1JETD_153,H12,NC,no_connect,no_connect,false,Samsung KLMxGxJETD-B041 Rev.1.0,5,H row / column 12,5,3.1 Figure 1 legend and RFU definition,NC,No-connect ball,MANUFACTURER_NC,All normal supported operating modes of this exact part,Keep an explicit no-use electrical class and open circuit; retain the manufacturer classification separately.,A no_connect CAD type does not prove this physical ball is unbonded. DNU/RFU must not be used. The source does not grant alternative NC wiring; leave NC open rather than assuming grounding or routing-through is permitted.,unconnected-(U3C-NC-PadH12),MANUFACTURER_NC_DNU_MUST_REMAIN_OPEN,
U3,KLMAG1JETD_153,H13,NC,no_connect,no_connect,false,Samsung KLMxGxJETD-B041 Rev.1.0,5,H row / column 13,5,3.1 Figure 1 legend and RFU definition,NC,No-connect ball,MANUFACTURER_NC,All normal supported operating modes of this exact part,Keep an explicit no-use electrical class and open circuit; retain the manufacturer classification separately.,A no_connect CAD type does not prove this physical ball is unbonded. DNU/RFU must not be used. The source does not grant alternative NC wiring; leave NC open rather than assuming grounding or routing-through is permitted.,unconnected-(U3C-NC-PadH13),MANUFACTURER_NC_DNU_MUST_REMAIN_OPEN,
U3,KLMAG1JETD_153,H14,NC,no_connect,no_connect,false,Samsung KLMxGxJETD-B041 Rev.1.0,5,H row / column 14,5,3.1 Figure 1 legend and RFU definition,NC,No-connect ball,MANUFACTURER_NC,All normal supported operating modes of this exact part,Keep an explicit no-use electrical class and open circuit; retain the manufacturer classification separately.,A no_connect CAD type does not prove this physical ball is unbonded. DNU/RFU must not be used. The source does not grant alternative NC wiring; leave NC open rather than assuming grounding or routing-through is permitted.,unconnected-(U3C-NC-PadH14),MANUFACTURER_NC_DNU_MUST_REMAIN_OPEN,
U3,KLMAG1JETD_153,J1,NC,no_connect,no_connect,false,Samsung KLMxGxJETD-B041 Rev.1.0,5,J row / column 1,5,3.1 Figure 1 legend and RFU definition,NC,No-connect ball,MANUFACTURER_NC,All normal supported operating modes of this exact part,Keep an explicit no-use electrical class and open circuit; retain the manufacturer classification separately.,A no_connect CAD type does not prove this physical ball is unbonded. DNU/RFU must not be used. The source does not grant alternative NC wiring; leave NC open rather than assuming grounding or routing-through is permitted.,unconnected-(U3C-NC-PadJ1),MANUFACTURER_NC_DNU_MUST_REMAIN_OPEN,
U3,KLMAG1JETD_153,J2,NC,no_connect,no_connect,false,Samsung KLMxGxJETD-B041 Rev.1.0,5,J row / column 2,5,3.1 Figure 1 legend and RFU definition,NC,No-connect ball,MANUFACTURER_NC,All normal supported operating modes of this exact part,Keep an explicit no-use electrical class and open circuit; retain the manufacturer classification separately.,A no_connect CAD type does not prove this physical ball is unbonded. DNU/RFU must not be used. The source does not grant alternative NC wiring; leave NC open rather than assuming grounding or routing-through is permitted.,unconnected-(U3C-NC-PadJ2),MANUFACTURER_NC_DNU_MUST_REMAIN_OPEN,
U3,KLMAG1JETD_153,J3,NC,no_connect,no_connect,false,Samsung KLMxGxJETD-B041 Rev.1.0,5,J row / column 3,5,3.1 Figure 1 legend and RFU definition,NC,No-connect ball,MANUFACTURER_NC,All normal supported operating modes of this exact part,Keep an explicit no-use electrical class and open circuit; retain the manufacturer classification separately.,A no_connect CAD type does not prove this physical ball is unbonded. DNU/RFU must not be used. The source does not grant alternative NC wiring; leave NC open rather than assuming grounding or routing-through is permitted.,unconnected-(U3C-NC-PadJ3),MANUFACTURER_NC_DNU_MUST_REMAIN_OPEN,
U3,KLMAG1JETD_153,J5,VSS,power_in,power_in,false,Samsung KLMxGxJETD-B041 Rev.1.0,5,J row / column 5,5,3.1 Table 2 and pin definitions,Ground,Ground return,FUNCTIONAL,All normal supported operating modes of this exact part,Preserve Samsung-specific VDD=VCCQ and VDDF=VCC nomenclature; these are input supplies.,,GND,153-ball grid verified; NC/RFU no-use flagged; VDDI cap TBD; strobe open,C201.2:; C203.2:; C204.2:; C205.2:; C206.2:; C207.2:; C208.2:; C209.2:; C210.2:; C211.2:; C212.2:; C213.2:; C214.2:; C215.2:; C216.2:; C217.2:; C218.2:; C220.2:; C221.2:; C222.2:; C223.2:; C225.2:; C226.2:; C227.2:; C228.2:; C230.2:; C231.2:; C232.2:; C233.2:; C234.2:; C235.2:; C236.2:; C237.2:; C238.2:; C239.2:; C240.2:; C241.2:; C242.2:; C243.2:; C244.2:; C31.2:; C32.2:; C33.2:; C34.2:; C41.2:; C42.2:; C43.2:; C44.2:; C45.2:; C501.2:; C502.2:; C503.2:; C504.2:; C505.2:; C506.2:; C507.2:; C508.2:; C509.2:; C510.2:; C511.2:; C512.2:; C513.2:; C514.2:; C515.2:; C516.2:; C517.2:; C518.2:; C519.2:; C520.2:; C521.2:; C522.2:; C523.2:; C524.2:; C525.2:; C526.2:; C527.2:; C528.2:; C529.2:; C530.2:; C531.2:; C532.2:; C533.2:; C534.2:; C535.2:; C536.2:; C537.2:; C538.2:; C539.2:; C540.2:; C541.2:; C542.2:; C543.2:; C544.2:; C545.2:; C546.2:; C547.2:; C548.2:; C549.2:; C550.2:; C551.2:; C552.2:; C553.2:; C554.2:; C555.2:; C556.2:; C557.2:; C558.2:; C559.2:; C560.2:; C561.2:; C562.2:; C563.2:; C564.2:; C565.2:; C566.2:; C567.2:; C568.2:; C569.2:; C570.2:; C571.2:; C572.2:; C573.2:; C574.2:; C575.2:; C576.2:; C577.2:; C62.2:; C63.2:; C64.2:; C65.2:; C809.2:; C810.2:; C811.2:; C812.2:; C813.2:; C814.2:; C815.2:; C816.2:; J1.1:GND; J1.106:GND; J1.2:GND; J1.3:GND; J1.36:GND; J1.49:GND; J1.57:GND; J1.64:GND; J1.71:GND; J1.78:GND; J1.89:GND; R202.2:; R205.2:; R206.2:; R208.2:; R211.2:; R214.2:; R31.2:; R402.2:; R44.2:; R47.2:; R526.2:; R529.2:; R571.2:; R572.2:; R64.2:; R66.2:; R69.2:; R70.2:; R71.2:; U1.A13:VSS; U1.A16:VSS; U1.A19:VSS; U1.A9:TEST_EN; U1.B13:VSS; U1.B20:VSS; U1.C13:VSS; U1.D10:VSS; U1.D11:VSS; U1.D13:VSS; U1.D15:VSS; U1.D9:VSS; U1.E12:VSS; U1.E13:VSS; U1.E14:VSS; U1.E15:VSS; U1.E16:VSS; U1.E19:VSS; U1.E4:VSS; U1.E6:VSS; U1.E7:VSS; U1.E8:VSS; U1.F10:VSS; U1.F11:AVSS; U1.F16:VSS; U1.F4:VSS; U1.F6:VSS; U1.G13:VSS; U1.G14:VSS; U1.G15:VSS; U1.G16:VSS; U1.G6:VSS; U1.G7:AVSS; U1.G8:AVSS; U1.H11:VSS; U1.H13:VSS; U1.H15:VSS; U1.H16:VSS; U1.H20:VSS; U1.H7:VSS; U1.J11:VSS; U1.J13:VSS; U1.J15:VSS; U1.J7:VSS; U1.K10:VSS; U1.K12:VSS; U1.K14:VSS; U1.K16:VSS; U1.K18:VSS; U1.K3:VSS; U1.K6:VSS; U1.K8:VSS; U1.L10:VSS; U1.L12:VSS; U1.L15:VSS; U1.L19:VSS; U1.L7:VSS; U1.L8:VSS; U1.M10:VSS; U1.M12:VSS; U1.M15:VSS; U1.M16:VSS; U1.M6:VSS; U1.M8:VSS; U1.N10:VSS; U1.N12:VSS; U1.N15:VSS; U1.N16:VSS; U1.N3:VSS; U1.N5:VSS; U1.N8:VSS; U1.P10:VSS; U1.P12:VSS; U1.P14:VSS; U1.P15:VSS; U1.P20:VSS; U1.P6:VSS; U1.P7:VSS; U1.P8:VSS; U1.R10:VSS; U1.R12:VSS; U1.R14:VSS; U1.R16:VSS; U1.R3:VSS; U1.R6:VSS; U1.R7:VSS; U1.T15:VSS; U1.T3:VSS; U1.T7:VSS; U1.T8:VSS; U1.T9:VSS; U1.U19:VSS; U1.U3:VSS; U1.U8:VSS; U1.V3:VSS; U1.V4:VSS; U1.V5:VSS; U1.V6:VSS; U1.V7:VSS; U1.V8:VSS; U1.W1:VSS; U1.W16:VSS; U1.W20:VSS; U1.Y13:VSS; U1.Y19:VSS; U11.6:GND; U12.10:D4; U12.11:S4B; U12.12:S4A; U12.6:GND; U12.8:S3B; U13.1:S1B; U13.11:S4B; U13.15:SEL; U13.4:S2B; U13.6:GND; U13.8:S3B; U14.3:GND; U2.A10:VSS; U2.A3:VSS; U2.AB10:VSS; U2.AB3:VSS; U2.AB5:VSS; U2.AB8:VSS; U2.C1:VSS; U2.C12:VSS; U2.C5:VSS; U2.C8:VSS; U2.D11:VSS; U2.D2:VSS; U2.D4:VSS; U2.D9:VSS; U2.E1:VSS; U2.E12:VSS; U2.E5:VSS; U2.E8:VSS; U2.G1:VSS; U2.G10:VSS; U2.G12:VSS; U2.G3:VSS; U2.G5:VSS; U2.G8:VSS; U2.J1:VSS; U2.J10:VSS; U2.J12:VSS; U2.J3:VSS; U2.K11:VSS; U2.K2:VSS; U2.K4:VSS; U2.K9:VSS; U2.N11:VSS; U2.N2:VSS; U2.N4:VSS; U2.N9:VSS; U2.P1:VSS; U2.P10:VSS; U2.P12:VSS; U2.P3:VSS; U2.T1:VSS; U2.T10:VSS; U2.T12:VSS; U2.T3:VSS; U2.T5:VSS; U2.T8:VSS; U2.V1:VSS; U2.V12:VSS; U2.V5:VSS; U2.V8:VSS; U2.W11:VSS; U2.W2:VSS; U2.W4:VSS; U2.W9:VSS; U2.Y1:VSS; U2.Y12:VSS; U2.Y5:VSS; U2.Y8:VSS; U21.4:GND; U22.A1:AGND; U22.B1:PGND; U22.B2:PGND; U22.B3:PGND; U23.A1:AGND; U23.B1:PGND; U23.B2:PGND; U23.B3:PGND; U24.4:GND; U25.4:GND; U26.4:GND; U3.A6:VSS; U3.C4:VSS; U3.E7:VSS; U3.G5:VSS; U3.H10:VSS; U3.K8:VSS; U3.N2:VSS; U3.N5:VSS; U3.P4:VSS; U3.P6:VSS; U89.5:GND; U89.7:EP_GND; U90.5:GND; U90.7:EP_GND; U91.3:GND; U92.1:B_TIE_LOW; U92.2:GND; U93.3:GND; U94.1:B_TIE_LOW; U94.2:GND; U95.7:GND; Y2.2:GND; Y2.4:GND
U3,KLMAG1JETD_153,J10,VDDF,power_in,power_in,false,Samsung KLMxGxJETD-B041 Rev.1.0,5,J row / column 10,5,3.1 Table 2 and pin definitions,Supply,VCC flash supply input,FUNCTIONAL,All normal supported operating modes of this exact part,Preserve Samsung-specific VDD=VCCQ and VDDF=VCC nomenclature; these are input supplies.,,VDD_3V3,153-ball grid verified; NC/RFU no-use flagged; VDDI cap TBD; strobe open,C228.1:; C229.1:; C31.1:; C32.1:; C33.1:; C34.1:; C816.1:; FB210.1:; J1.7:VOUT_3V3; JP1.2:2; L26.2:; R213.1:; R221.1:; R32.2:; R33.2:; R527.1:; U11.14:VDD; U12.14:VDD; U13.14:VDD; U14.5:VCC; U3.E6:VDDF; U3.F5:VDDF; U3.K9:VDDF; U95.14:VCCB
U3,KLMAG1JETD_153,J12,NC,no_connect,no_connect,false,Samsung KLMxGxJETD-B041 Rev.1.0,5,J row / column 12,5,3.1 Figure 1 legend and RFU definition,NC,No-connect ball,MANUFACTURER_NC,All normal supported operating modes of this exact part,Keep an explicit no-use electrical class and open circuit; retain the manufacturer classification separately.,A no_connect CAD type does not prove this physical ball is unbonded. DNU/RFU must not be used. The source does not grant alternative NC wiring; leave NC open rather than assuming grounding or routing-through is permitted.,unconnected-(U3C-NC-PadJ12),MANUFACTURER_NC_DNU_MUST_REMAIN_OPEN,
U3,KLMAG1JETD_153,J13,NC,no_connect,no_connect,false,Samsung KLMxGxJETD-B041 Rev.1.0,5,J row / column 13,5,3.1 Figure 1 legend and RFU definition,NC,No-connect ball,MANUFACTURER_NC,All normal supported operating modes of this exact part,Keep an explicit no-use electrical class and open circuit; retain the manufacturer classification separately.,A no_connect CAD type does not prove this physical ball is unbonded. DNU/RFU must not be used. The source does not grant alternative NC wiring; leave NC open rather than assuming grounding or routing-through is permitted.,unconnected-(U3C-NC-PadJ13),MANUFACTURER_NC_DNU_MUST_REMAIN_OPEN,
U3,KLMAG1JETD_153,J14,NC,no_connect,no_connect,false,Samsung KLMxGxJETD-B041 Rev.1.0,5,J row / column 14,5,3.1 Figure 1 legend and RFU definition,NC,No-connect ball,MANUFACTURER_NC,All normal supported operating modes of this exact part,Keep an explicit no-use electrical class and open circuit; retain the manufacturer classification separately.,A no_connect CAD type does not prove this physical ball is unbonded. DNU/RFU must not be used. The source does not grant alternative NC wiring; leave NC open rather than assuming grounding or routing-through is permitted.,unconnected-(U3C-NC-PadJ14),MANUFACTURER_NC_DNU_MUST_REMAIN_OPEN,
U3,KLMAG1JETD_153,K1,NC,no_connect,no_connect,false,Samsung KLMxGxJETD-B041 Rev.1.0,5,K row / column 1,5,3.1 Figure 1 legend and RFU definition,NC,No-connect ball,MANUFACTURER_NC,All normal supported operating modes of this exact part,Keep an explicit no-use electrical class and open circuit; retain the manufacturer classification separately.,A no_connect CAD type does not prove this physical ball is unbonded. DNU/RFU must not be used. The source does not grant alternative NC wiring; leave NC open rather than assuming grounding or routing-through is permitted.,unconnected-(U3C-NC-PadK1),MANUFACTURER_NC_DNU_MUST_REMAIN_OPEN,
U3,KLMAG1JETD_153,K2,NC,no_connect,no_connect,false,Samsung KLMxGxJETD-B041 Rev.1.0,5,K row / column 2,5,3.1 Figure 1 legend and RFU definition,NC,No-connect ball,MANUFACTURER_NC,All normal supported operating modes of this exact part,Keep an explicit no-use electrical class and open circuit; retain the manufacturer classification separately.,A no_connect CAD type does not prove this physical ball is unbonded. DNU/RFU must not be used. The source does not grant alternative NC wiring; leave NC open rather than assuming grounding or routing-through is permitted.,unconnected-(U3C-NC-PadK2),MANUFACTURER_NC_DNU_MUST_REMAIN_OPEN,
U3,KLMAG1JETD_153,K3,NC,no_connect,no_connect,false,Samsung KLMxGxJETD-B041 Rev.1.0,5,K row / column 3,5,3.1 Figure 1 legend and RFU definition,NC,No-connect ball,MANUFACTURER_NC,All normal supported operating modes of this exact part,Keep an explicit no-use electrical class and open circuit; retain the manufacturer classification separately.,A no_connect CAD type does not prove this physical ball is unbonded. DNU/RFU must not be used. The source does not grant alternative NC wiring; leave NC open rather than assuming grounding or routing-through is permitted.,unconnected-(U3C-NC-PadK3),MANUFACTURER_NC_DNU_MUST_REMAIN_OPEN,
U3,KLMAG1JETD_153,K5,RSTN,bidirectional,input,true,Samsung KLMxGxJETD-B041 Rev.1.0,5,K row / column 5,"5, 8",3.1 pin definitions; 3.2 Figure 5,H/W reset; inward architecture arrow,Host-supplied active-low reset input,FUNCTIONAL,All normal supported operating modes of this exact part,Hardware reset enters the controller; Figure 5 shows inward RESET arrow.,Input direction does not establish the RST_n_FUNCTION EXT_CSD setting or power/reset timing.,EMMC_RSTN,153-ball grid verified; NC/RFU no-use flagged; VDDI cap TBD; strobe open,R34.1:; U12.7:D3
U3,KLMAG1JETD_153,K6,RFU,no_connect,no_connect,false,Samsung KLMxGxJETD-B041 Rev.1.0,5,K row / column 6,5,3.1 Figure 1 legend and RFU definition,RFU,"Reserved ball, use prohibited",MANUFACTURER_RESERVED_FOR_FUTURE_USE,All normal supported operating modes of this exact part,Keep an explicit no-use electrical class and open circuit; retain the manufacturer classification separately.,A no_connect CAD type does not prove this physical ball is unbonded. DNU/RFU must not be used. The source does not grant alternative NC wiring; leave NC open rather than assuming grounding or routing-through is permitted.,unconnected-(U3C-RFU-PadK6),MANUFACTURER_RFU_NO_USE_MUST_REMAIN_OPEN,
U3,KLMAG1JETD_153,K7,RFU,no_connect,no_connect,false,Samsung KLMxGxJETD-B041 Rev.1.0,5,K row / column 7,5,3.1 Figure 1 legend and RFU definition,RFU,"Reserved ball, use prohibited",MANUFACTURER_RESERVED_FOR_FUTURE_USE,All normal supported operating modes of this exact part,Keep an explicit no-use electrical class and open circuit; retain the manufacturer classification separately.,A no_connect CAD type does not prove this physical ball is unbonded. DNU/RFU must not be used. The source does not grant alternative NC wiring; leave NC open rather than assuming grounding or routing-through is permitted.,unconnected-(U3C-RFU-PadK7),MANUFACTURER_RFU_NO_USE_MUST_REMAIN_OPEN,
U3,KLMAG1JETD_153,K8,VSS,power_in,power_in,false,Samsung KLMxGxJETD-B041 Rev.1.0,5,K row / column 8,5,3.1 Table 2 and pin definitions,Ground,Ground return,FUNCTIONAL,All normal supported operating modes of this exact part,Preserve Samsung-specific VDD=VCCQ and VDDF=VCC nomenclature; these are input supplies.,,GND,153-ball grid verified; NC/RFU no-use flagged; VDDI cap TBD; strobe open,C201.2:; C203.2:; C204.2:; C205.2:; C206.2:; C207.2:; C208.2:; C209.2:; C210.2:; C211.2:; C212.2:; C213.2:; C214.2:; C215.2:; C216.2:; C217.2:; C218.2:; C220.2:; C221.2:; C222.2:; C223.2:; C225.2:; C226.2:; C227.2:; C228.2:; C230.2:; C231.2:; C232.2:; C233.2:; C234.2:; C235.2:; C236.2:; C237.2:; C238.2:; C239.2:; C240.2:; C241.2:; C242.2:; C243.2:; C244.2:; C31.2:; C32.2:; C33.2:; C34.2:; C41.2:; C42.2:; C43.2:; C44.2:; C45.2:; C501.2:; C502.2:; C503.2:; C504.2:; C505.2:; C506.2:; C507.2:; C508.2:; C509.2:; C510.2:; C511.2:; C512.2:; C513.2:; C514.2:; C515.2:; C516.2:; C517.2:; C518.2:; C519.2:; C520.2:; C521.2:; C522.2:; C523.2:; C524.2:; C525.2:; C526.2:; C527.2:; C528.2:; C529.2:; C530.2:; C531.2:; C532.2:; C533.2:; C534.2:; C535.2:; C536.2:; C537.2:; C538.2:; C539.2:; C540.2:; C541.2:; C542.2:; C543.2:; C544.2:; C545.2:; C546.2:; C547.2:; C548.2:; C549.2:; C550.2:; C551.2:; C552.2:; C553.2:; C554.2:; C555.2:; C556.2:; C557.2:; C558.2:; C559.2:; C560.2:; C561.2:; C562.2:; C563.2:; C564.2:; C565.2:; C566.2:; C567.2:; C568.2:; C569.2:; C570.2:; C571.2:; C572.2:; C573.2:; C574.2:; C575.2:; C576.2:; C577.2:; C62.2:; C63.2:; C64.2:; C65.2:; C809.2:; C810.2:; C811.2:; C812.2:; C813.2:; C814.2:; C815.2:; C816.2:; J1.1:GND; J1.106:GND; J1.2:GND; J1.3:GND; J1.36:GND; J1.49:GND; J1.57:GND; J1.64:GND; J1.71:GND; J1.78:GND; J1.89:GND; R202.2:; R205.2:; R206.2:; R208.2:; R211.2:; R214.2:; R31.2:; R402.2:; R44.2:; R47.2:; R526.2:; R529.2:; R571.2:; R572.2:; R64.2:; R66.2:; R69.2:; R70.2:; R71.2:; U1.A13:VSS; U1.A16:VSS; U1.A19:VSS; U1.A9:TEST_EN; U1.B13:VSS; U1.B20:VSS; U1.C13:VSS; U1.D10:VSS; U1.D11:VSS; U1.D13:VSS; U1.D15:VSS; U1.D9:VSS; U1.E12:VSS; U1.E13:VSS; U1.E14:VSS; U1.E15:VSS; U1.E16:VSS; U1.E19:VSS; U1.E4:VSS; U1.E6:VSS; U1.E7:VSS; U1.E8:VSS; U1.F10:VSS; U1.F11:AVSS; U1.F16:VSS; U1.F4:VSS; U1.F6:VSS; U1.G13:VSS; U1.G14:VSS; U1.G15:VSS; U1.G16:VSS; U1.G6:VSS; U1.G7:AVSS; U1.G8:AVSS; U1.H11:VSS; U1.H13:VSS; U1.H15:VSS; U1.H16:VSS; U1.H20:VSS; U1.H7:VSS; U1.J11:VSS; U1.J13:VSS; U1.J15:VSS; U1.J7:VSS; U1.K10:VSS; U1.K12:VSS; U1.K14:VSS; U1.K16:VSS; U1.K18:VSS; U1.K3:VSS; U1.K6:VSS; U1.K8:VSS; U1.L10:VSS; U1.L12:VSS; U1.L15:VSS; U1.L19:VSS; U1.L7:VSS; U1.L8:VSS; U1.M10:VSS; U1.M12:VSS; U1.M15:VSS; U1.M16:VSS; U1.M6:VSS; U1.M8:VSS; U1.N10:VSS; U1.N12:VSS; U1.N15:VSS; U1.N16:VSS; U1.N3:VSS; U1.N5:VSS; U1.N8:VSS; U1.P10:VSS; U1.P12:VSS; U1.P14:VSS; U1.P15:VSS; U1.P20:VSS; U1.P6:VSS; U1.P7:VSS; U1.P8:VSS; U1.R10:VSS; U1.R12:VSS; U1.R14:VSS; U1.R16:VSS; U1.R3:VSS; U1.R6:VSS; U1.R7:VSS; U1.T15:VSS; U1.T3:VSS; U1.T7:VSS; U1.T8:VSS; U1.T9:VSS; U1.U19:VSS; U1.U3:VSS; U1.U8:VSS; U1.V3:VSS; U1.V4:VSS; U1.V5:VSS; U1.V6:VSS; U1.V7:VSS; U1.V8:VSS; U1.W1:VSS; U1.W16:VSS; U1.W20:VSS; U1.Y13:VSS; U1.Y19:VSS; U11.6:GND; U12.10:D4; U12.11:S4B; U12.12:S4A; U12.6:GND; U12.8:S3B; U13.1:S1B; U13.11:S4B; U13.15:SEL; U13.4:S2B; U13.6:GND; U13.8:S3B; U14.3:GND; U2.A10:VSS; U2.A3:VSS; U2.AB10:VSS; U2.AB3:VSS; U2.AB5:VSS; U2.AB8:VSS; U2.C1:VSS; U2.C12:VSS; U2.C5:VSS; U2.C8:VSS; U2.D11:VSS; U2.D2:VSS; U2.D4:VSS; U2.D9:VSS; U2.E1:VSS; U2.E12:VSS; U2.E5:VSS; U2.E8:VSS; U2.G1:VSS; U2.G10:VSS; U2.G12:VSS; U2.G3:VSS; U2.G5:VSS; U2.G8:VSS; U2.J1:VSS; U2.J10:VSS; U2.J12:VSS; U2.J3:VSS; U2.K11:VSS; U2.K2:VSS; U2.K4:VSS; U2.K9:VSS; U2.N11:VSS; U2.N2:VSS; U2.N4:VSS; U2.N9:VSS; U2.P1:VSS; U2.P10:VSS; U2.P12:VSS; U2.P3:VSS; U2.T1:VSS; U2.T10:VSS; U2.T12:VSS; U2.T3:VSS; U2.T5:VSS; U2.T8:VSS; U2.V1:VSS; U2.V12:VSS; U2.V5:VSS; U2.V8:VSS; U2.W11:VSS; U2.W2:VSS; U2.W4:VSS; U2.W9:VSS; U2.Y1:VSS; U2.Y12:VSS; U2.Y5:VSS; U2.Y8:VSS; U21.4:GND; U22.A1:AGND; U22.B1:PGND; U22.B2:PGND; U22.B3:PGND; U23.A1:AGND; U23.B1:PGND; U23.B2:PGND; U23.B3:PGND; U24.4:GND; U25.4:GND; U26.4:GND; U3.A6:VSS; U3.C4:VSS; U3.E7:VSS; U3.G5:VSS; U3.H10:VSS; U3.J5:VSS; U3.N2:VSS; U3.N5:VSS; U3.P4:VSS; U3.P6:VSS; U89.5:GND; U89.7:EP_GND; U90.5:GND; U90.7:EP_GND; U91.3:GND; U92.1:B_TIE_LOW; U92.2:GND; U93.3:GND; U94.1:B_TIE_LOW; U94.2:GND; U95.7:GND; Y2.2:GND; Y2.4:GND
U3,KLMAG1JETD_153,K9,VDDF,power_in,power_in,false,Samsung KLMxGxJETD-B041 Rev.1.0,5,K row / column 9,5,3.1 Table 2 and pin definitions,Supply,VCC flash supply input,FUNCTIONAL,All normal supported operating modes of this exact part,Preserve Samsung-specific VDD=VCCQ and VDDF=VCC nomenclature; these are input supplies.,,VDD_3V3,153-ball grid verified; NC/RFU no-use flagged; VDDI cap TBD; strobe open,C228.1:; C229.1:; C31.1:; C32.1:; C33.1:; C34.1:; C816.1:; FB210.1:; J1.7:VOUT_3V3; JP1.2:2; L26.2:; R213.1:; R221.1:; R32.2:; R33.2:; R527.1:; U11.14:VDD; U12.14:VDD; U13.14:VDD; U14.5:VCC; U3.E6:VDDF; U3.F5:VDDF; U3.J10:VDDF; U95.14:VCCB
U3,KLMAG1JETD_153,K10,RFU,no_connect,no_connect,false,Samsung KLMxGxJETD-B041 Rev.1.0,5,K row / column 10,5,3.1 Figure 1 legend and RFU definition,RFU,"Reserved ball, use prohibited",MANUFACTURER_RESERVED_FOR_FUTURE_USE,All normal supported operating modes of this exact part,Keep an explicit no-use electrical class and open circuit; retain the manufacturer classification separately.,A no_connect CAD type does not prove this physical ball is unbonded. DNU/RFU must not be used. The source does not grant alternative NC wiring; leave NC open rather than assuming grounding or routing-through is permitted.,unconnected-(U3C-RFU-PadK10),MANUFACTURER_RFU_NO_USE_MUST_REMAIN_OPEN,
U3,KLMAG1JETD_153,K12,NC,no_connect,no_connect,false,Samsung KLMxGxJETD-B041 Rev.1.0,5,K row / column 12,5,3.1 Figure 1 legend and RFU definition,NC,No-connect ball,MANUFACTURER_NC,All normal supported operating modes of this exact part,Keep an explicit no-use electrical class and open circuit; retain the manufacturer classification separately.,A no_connect CAD type does not prove this physical ball is unbonded. DNU/RFU must not be used. The source does not grant alternative NC wiring; leave NC open rather than assuming grounding or routing-through is permitted.,unconnected-(U3C-NC-PadK12),MANUFACTURER_NC_DNU_MUST_REMAIN_OPEN,
U3,KLMAG1JETD_153,K13,NC,no_connect,no_connect,false,Samsung KLMxGxJETD-B041 Rev.1.0,5,K row / column 13,5,3.1 Figure 1 legend and RFU definition,NC,No-connect ball,MANUFACTURER_NC,All normal supported operating modes of this exact part,Keep an explicit no-use electrical class and open circuit; retain the manufacturer classification separately.,A no_connect CAD type does not prove this physical ball is unbonded. DNU/RFU must not be used. The source does not grant alternative NC wiring; leave NC open rather than assuming grounding or routing-through is permitted.,unconnected-(U3C-NC-PadK13),MANUFACTURER_NC_DNU_MUST_REMAIN_OPEN,
U3,KLMAG1JETD_153,K14,NC,no_connect,no_connect,false,Samsung KLMxGxJETD-B041 Rev.1.0,5,K row / column 14,5,3.1 Figure 1 legend and RFU definition,NC,No-connect ball,MANUFACTURER_NC,All normal supported operating modes of this exact part,Keep an explicit no-use electrical class and open circuit; retain the manufacturer classification separately.,A no_connect CAD type does not prove this physical ball is unbonded. DNU/RFU must not be used. The source does not grant alternative NC wiring; leave NC open rather than assuming grounding or routing-through is permitted.,unconnected-(U3C-NC-PadK14),MANUFACTURER_NC_DNU_MUST_REMAIN_OPEN,
U3,KLMAG1JETD_153,L1,NC,no_connect,no_connect,false,Samsung KLMxGxJETD-B041 Rev.1.0,5,L row / column 1,5,3.1 Figure 1 legend and RFU definition,NC,No-connect ball,MANUFACTURER_NC,All normal supported operating modes of this exact part,Keep an explicit no-use electrical class and open circuit; retain the manufacturer classification separately.,A no_connect CAD type does not prove this physical ball is unbonded. DNU/RFU must not be used. The source does not grant alternative NC wiring; leave NC open rather than assuming grounding or routing-through is permitted.,unconnected-(U3C-NC-PadL1),MANUFACTURER_NC_DNU_MUST_REMAIN_OPEN,
U3,KLMAG1JETD_153,L2,NC,no_connect,no_connect,false,Samsung KLMxGxJETD-B041 Rev.1.0,5,L row / column 2,5,3.1 Figure 1 legend and RFU definition,NC,No-connect ball,MANUFACTURER_NC,All normal supported operating modes of this exact part,Keep an explicit no-use electrical class and open circuit; retain the manufacturer classification separately.,A no_connect CAD type does not prove this physical ball is unbonded. DNU/RFU must not be used. The source does not grant alternative NC wiring; leave NC open rather than assuming grounding or routing-through is permitted.,unconnected-(U3C-NC-PadL2),MANUFACTURER_NC_DNU_MUST_REMAIN_OPEN,
U3,KLMAG1JETD_153,L3,NC,no_connect,no_connect,false,Samsung KLMxGxJETD-B041 Rev.1.0,5,L row / column 3,5,3.1 Figure 1 legend and RFU definition,NC,No-connect ball,MANUFACTURER_NC,All normal supported operating modes of this exact part,Keep an explicit no-use electrical class and open circuit; retain the manufacturer classification separately.,A no_connect CAD type does not prove this physical ball is unbonded. DNU/RFU must not be used. The source does not grant alternative NC wiring; leave NC open rather than assuming grounding or routing-through is permitted.,unconnected-(U3C-NC-PadL3),MANUFACTURER_NC_DNU_MUST_REMAIN_OPEN,
U3,KLMAG1JETD_153,L12,NC,no_connect,no_connect,false,Samsung KLMxGxJETD-B041 Rev.1.0,5,L row / column 12,5,3.1 Figure 1 legend and RFU definition,NC,No-connect ball,MANUFACTURER_NC,All normal supported operating modes of this exact part,Keep an explicit no-use electrical class and open circuit; retain the manufacturer classification separately.,A no_connect CAD type does not prove this physical ball is unbonded. DNU/RFU must not be used. The source does not grant alternative NC wiring; leave NC open rather than assuming grounding or routing-through is permitted.,unconnected-(U3C-NC-PadL12),MANUFACTURER_NC_DNU_MUST_REMAIN_OPEN,
U3,KLMAG1JETD_153,L13,NC,no_connect,no_connect,false,Samsung KLMxGxJETD-B041 Rev.1.0,5,L row / column 13,5,3.1 Figure 1 legend and RFU definition,NC,No-connect ball,MANUFACTURER_NC,All normal supported operating modes of this exact part,Keep an explicit no-use electrical class and open circuit; retain the manufacturer classification separately.,A no_connect CAD type does not prove this physical ball is unbonded. DNU/RFU must not be used. The source does not grant alternative NC wiring; leave NC open rather than assuming grounding or routing-through is permitted.,unconnected-(U3C-NC-PadL13),MANUFACTURER_NC_DNU_MUST_REMAIN_OPEN,
U3,KLMAG1JETD_153,L14,NC,no_connect,no_connect,false,Samsung KLMxGxJETD-B041 Rev.1.0,5,L row / column 14,5,3.1 Figure 1 legend and RFU definition,NC,No-connect ball,MANUFACTURER_NC,All normal supported operating modes of this exact part,Keep an explicit no-use electrical class and open circuit; retain the manufacturer classification separately.,A no_connect CAD type does not prove this physical ball is unbonded. DNU/RFU must not be used. The source does not grant alternative NC wiring; leave NC open rather than assuming grounding or routing-through is permitted.,unconnected-(U3C-NC-PadL14),MANUFACTURER_NC_DNU_MUST_REMAIN_OPEN,
U3,KLMAG1JETD_153,M1,NC,no_connect,no_connect,false,Samsung KLMxGxJETD-B041 Rev.1.0,5,M row / column 1,5,3.1 Figure 1 legend and RFU definition,NC,No-connect ball,MANUFACTURER_NC,All normal supported operating modes of this exact part,Keep an explicit no-use electrical class and open circuit; retain the manufacturer classification separately.,A no_connect CAD type does not prove this physical ball is unbonded. DNU/RFU must not be used. The source does not grant alternative NC wiring; leave NC open rather than assuming grounding or routing-through is permitted.,unconnected-(U3C-NC-PadM1),MANUFACTURER_NC_DNU_MUST_REMAIN_OPEN,
U3,KLMAG1JETD_153,M2,NC,no_connect,no_connect,false,Samsung KLMxGxJETD-B041 Rev.1.0,5,M row / column 2,5,3.1 Figure 1 legend and RFU definition,NC,No-connect ball,MANUFACTURER_NC,All normal supported operating modes of this exact part,Keep an explicit no-use electrical class and open circuit; retain the manufacturer classification separately.,A no_connect CAD type does not prove this physical ball is unbonded. DNU/RFU must not be used. The source does not grant alternative NC wiring; leave NC open rather than assuming grounding or routing-through is permitted.,unconnected-(U3C-NC-PadM2),MANUFACTURER_NC_DNU_MUST_REMAIN_OPEN,
U3,KLMAG1JETD_153,M3,NC,no_connect,no_connect,false,Samsung KLMxGxJETD-B041 Rev.1.0,5,M row / column 3,5,3.1 Figure 1 legend and RFU definition,NC,No-connect ball,MANUFACTURER_NC,All normal supported operating modes of this exact part,Keep an explicit no-use electrical class and open circuit; retain the manufacturer classification separately.,A no_connect CAD type does not prove this physical ball is unbonded. DNU/RFU must not be used. The source does not grant alternative NC wiring; leave NC open rather than assuming grounding or routing-through is permitted.,unconnected-(U3C-NC-PadM3),MANUFACTURER_NC_DNU_MUST_REMAIN_OPEN,
U3,KLMAG1JETD_153,M4,VDD,power_in,power_in,false,Samsung KLMxGxJETD-B041 Rev.1.0,5,M row / column 4,5,3.1 Table 2 and pin definitions,Supply,VCCQ controller/interface supply input,FUNCTIONAL,All normal supported operating modes of this exact part,Preserve Samsung-specific VDD=VCCQ and VDDF=VCC nomenclature; these are input supplies.,,VEMMC_IO,153-ball grid verified; NC/RFU no-use flagged; VDDI cap TBD; strobe open,R34.2:; R561.2:; R562.2:; R563.2:; R564.2:; R565.2:; R566.2:; R567.2:; R568.2:; R569.2:; R570.2:; U3.C6:VDD; U3.N4:VDD; U3.P3:VDD; U3.P5:VDD
U3,KLMAG1JETD_153,M5,CMD,bidirectional,bidirectional,false,Samsung KLMxGxJETD-B041 Rev.1.0,5,M row / column 5,5,3.1 Table 2 and pin definitions,"Bidirectional, open-drain and push-pull",Command and response channel,FUNCTIONAL,All normal supported operating modes of this exact part,Initialization uses open-drain; normal command transfers use push-pull. Both receive and transmit capability must remain represented.,A single open_collector pin type cannot represent both supported drive modes and bidirectional receive capability. Firmware/protocol checks remain separate.,EMMC_CMD,153-ball grid verified; NC/RFU no-use flagged; VDDI cap TBD; strobe open,R562.1:; U11.3:S2A
U3,KLMAG1JETD_153,M6,CLK,bidirectional,input,true,Samsung KLMxGxJETD-B041 Rev.1.0,5,M row / column 6,5,3.1 Table 2 and pin definitions,Clock input,Host-supplied clock input,FUNCTIONAL,All normal supported operating modes of this exact part,Manufacturer explicitly calls CLK a clock input.,,EMMC_CLK,153-ball grid verified; NC/RFU no-use flagged; VDDI cap TBD; strobe open,R571.1:; U11.16:S1A
U3,KLMAG1JETD_153,M7,NC,no_connect,no_connect,false,Samsung KLMxGxJETD-B041 Rev.1.0,5,M row / column 7,5,3.1 Figure 1 legend and RFU definition,NC,No-connect ball,MANUFACTURER_NC,All normal supported operating modes of this exact part,Keep an explicit no-use electrical class and open circuit; retain the manufacturer classification separately.,A no_connect CAD type does not prove this physical ball is unbonded. DNU/RFU must not be used. The source does not grant alternative NC wiring; leave NC open rather than assuming grounding or routing-through is permitted.,unconnected-(U3C-NC-PadM7),MANUFACTURER_NC_DNU_MUST_REMAIN_OPEN,
U3,KLMAG1JETD_153,M8,NC,no_connect,no_connect,false,Samsung KLMxGxJETD-B041 Rev.1.0,5,M row / column 8,5,3.1 Figure 1 legend and RFU definition,NC,No-connect ball,MANUFACTURER_NC,All normal supported operating modes of this exact part,Keep an explicit no-use electrical class and open circuit; retain the manufacturer classification separately.,A no_connect CAD type does not prove this physical ball is unbonded. DNU/RFU must not be used. The source does not grant alternative NC wiring; leave NC open rather than assuming grounding or routing-through is permitted.,unconnected-(U3C-NC-PadM8),MANUFACTURER_NC_DNU_MUST_REMAIN_OPEN,
U3,KLMAG1JETD_153,M9,NC,no_connect,no_connect,false,Samsung KLMxGxJETD-B041 Rev.1.0,5,M row / column 9,5,3.1 Figure 1 legend and RFU definition,NC,No-connect ball,MANUFACTURER_NC,All normal supported operating modes of this exact part,Keep an explicit no-use electrical class and open circuit; retain the manufacturer classification separately.,A no_connect CAD type does not prove this physical ball is unbonded. DNU/RFU must not be used. The source does not grant alternative NC wiring; leave NC open rather than assuming grounding or routing-through is permitted.,unconnected-(U3C-NC-PadM9),MANUFACTURER_NC_DNU_MUST_REMAIN_OPEN,
U3,KLMAG1JETD_153,M10,NC,no_connect,no_connect,false,Samsung KLMxGxJETD-B041 Rev.1.0,5,M row / column 10,5,3.1 Figure 1 legend and RFU definition,NC,No-connect ball,MANUFACTURER_NC,All normal supported operating modes of this exact part,Keep an explicit no-use electrical class and open circuit; retain the manufacturer classification separately.,A no_connect CAD type does not prove this physical ball is unbonded. DNU/RFU must not be used. The source does not grant alternative NC wiring; leave NC open rather than assuming grounding or routing-through is permitted.,unconnected-(U3D-NC-PadM10),MANUFACTURER_NC_DNU_MUST_REMAIN_OPEN,
U3,KLMAG1JETD_153,M11,NC,no_connect,no_connect,false,Samsung KLMxGxJETD-B041 Rev.1.0,5,M row / column 11,5,3.1 Figure 1 legend and RFU definition,NC,No-connect ball,MANUFACTURER_NC,All normal supported operating modes of this exact part,Keep an explicit no-use electrical class and open circuit; retain the manufacturer classification separately.,A no_connect CAD type does not prove this physical ball is unbonded. DNU/RFU must not be used. The source does not grant alternative NC wiring; leave NC open rather than assuming grounding or routing-through is permitted.,unconnected-(U3D-NC-PadM11),MANUFACTURER_NC_DNU_MUST_REMAIN_OPEN,
U3,KLMAG1JETD_153,M12,NC,no_connect,no_connect,false,Samsung KLMxGxJETD-B041 Rev.1.0,5,M row / column 12,5,3.1 Figure 1 legend and RFU definition,NC,No-connect ball,MANUFACTURER_NC,All normal supported operating modes of this exact part,Keep an explicit no-use electrical class and open circuit; retain the manufacturer classification separately.,A no_connect CAD type does not prove this physical ball is unbonded. DNU/RFU must not be used. The source does not grant alternative NC wiring; leave NC open rather than assuming grounding or routing-through is permitted.,unconnected-(U3D-NC-PadM12),MANUFACTURER_NC_DNU_MUST_REMAIN_OPEN,
U3,KLMAG1JETD_153,M13,NC,no_connect,no_connect,false,Samsung KLMxGxJETD-B041 Rev.1.0,5,M row / column 13,5,3.1 Figure 1 legend and RFU definition,NC,No-connect ball,MANUFACTURER_NC,All normal supported operating modes of this exact part,Keep an explicit no-use electrical class and open circuit; retain the manufacturer classification separately.,A no_connect CAD type does not prove this physical ball is unbonded. DNU/RFU must not be used. The source does not grant alternative NC wiring; leave NC open rather than assuming grounding or routing-through is permitted.,unconnected-(U3D-NC-PadM13),MANUFACTURER_NC_DNU_MUST_REMAIN_OPEN,
U3,KLMAG1JETD_153,M14,NC,no_connect,no_connect,false,Samsung KLMxGxJETD-B041 Rev.1.0,5,M row / column 14,5,3.1 Figure 1 legend and RFU definition,NC,No-connect ball,MANUFACTURER_NC,All normal supported operating modes of this exact part,Keep an explicit no-use electrical class and open circuit; retain the manufacturer classification separately.,A no_connect CAD type does not prove this physical ball is unbonded. DNU/RFU must not be used. The source does not grant alternative NC wiring; leave NC open rather than assuming grounding or routing-through is permitted.,unconnected-(U3D-NC-PadM14),MANUFACTURER_NC_DNU_MUST_REMAIN_OPEN,
U3,KLMAG1JETD_153,N1,NC,no_connect,no_connect,false,Samsung KLMxGxJETD-B041 Rev.1.0,5,N row / column 1,5,3.1 Figure 1 legend and RFU definition,NC,No-connect ball,MANUFACTURER_NC,All normal supported operating modes of this exact part,Keep an explicit no-use electrical class and open circuit; retain the manufacturer classification separately.,A no_connect CAD type does not prove this physical ball is unbonded. DNU/RFU must not be used. The source does not grant alternative NC wiring; leave NC open rather than assuming grounding or routing-through is permitted.,unconnected-(U3D-NC-PadN1),MANUFACTURER_NC_DNU_MUST_REMAIN_OPEN,
U3,KLMAG1JETD_153,N2,VSS,power_in,power_in,false,Samsung KLMxGxJETD-B041 Rev.1.0,5,N row / column 2,5,3.1 Table 2 and pin definitions,Ground,Ground return,FUNCTIONAL,All normal supported operating modes of this exact part,Preserve Samsung-specific VDD=VCCQ and VDDF=VCC nomenclature; these are input supplies.,,GND,153-ball grid verified; NC/RFU no-use flagged; VDDI cap TBD; strobe open,C201.2:; C203.2:; C204.2:; C205.2:; C206.2:; C207.2:; C208.2:; C209.2:; C210.2:; C211.2:; C212.2:; C213.2:; C214.2:; C215.2:; C216.2:; C217.2:; C218.2:; C220.2:; C221.2:; C222.2:; C223.2:; C225.2:; C226.2:; C227.2:; C228.2:; C230.2:; C231.2:; C232.2:; C233.2:; C234.2:; C235.2:; C236.2:; C237.2:; C238.2:; C239.2:; C240.2:; C241.2:; C242.2:; C243.2:; C244.2:; C31.2:; C32.2:; C33.2:; C34.2:; C41.2:; C42.2:; C43.2:; C44.2:; C45.2:; C501.2:; C502.2:; C503.2:; C504.2:; C505.2:; C506.2:; C507.2:; C508.2:; C509.2:; C510.2:; C511.2:; C512.2:; C513.2:; C514.2:; C515.2:; C516.2:; C517.2:; C518.2:; C519.2:; C520.2:; C521.2:; C522.2:; C523.2:; C524.2:; C525.2:; C526.2:; C527.2:; C528.2:; C529.2:; C530.2:; C531.2:; C532.2:; C533.2:; C534.2:; C535.2:; C536.2:; C537.2:; C538.2:; C539.2:; C540.2:; C541.2:; C542.2:; C543.2:; C544.2:; C545.2:; C546.2:; C547.2:; C548.2:; C549.2:; C550.2:; C551.2:; C552.2:; C553.2:; C554.2:; C555.2:; C556.2:; C557.2:; C558.2:; C559.2:; C560.2:; C561.2:; C562.2:; C563.2:; C564.2:; C565.2:; C566.2:; C567.2:; C568.2:; C569.2:; C570.2:; C571.2:; C572.2:; C573.2:; C574.2:; C575.2:; C576.2:; C577.2:; C62.2:; C63.2:; C64.2:; C65.2:; C809.2:; C810.2:; C811.2:; C812.2:; C813.2:; C814.2:; C815.2:; C816.2:; J1.1:GND; J1.106:GND; J1.2:GND; J1.3:GND; J1.36:GND; J1.49:GND; J1.57:GND; J1.64:GND; J1.71:GND; J1.78:GND; J1.89:GND; R202.2:; R205.2:; R206.2:; R208.2:; R211.2:; R214.2:; R31.2:; R402.2:; R44.2:; R47.2:; R526.2:; R529.2:; R571.2:; R572.2:; R64.2:; R66.2:; R69.2:; R70.2:; R71.2:; U1.A13:VSS; U1.A16:VSS; U1.A19:VSS; U1.A9:TEST_EN; U1.B13:VSS; U1.B20:VSS; U1.C13:VSS; U1.D10:VSS; U1.D11:VSS; U1.D13:VSS; U1.D15:VSS; U1.D9:VSS; U1.E12:VSS; U1.E13:VSS; U1.E14:VSS; U1.E15:VSS; U1.E16:VSS; U1.E19:VSS; U1.E4:VSS; U1.E6:VSS; U1.E7:VSS; U1.E8:VSS; U1.F10:VSS; U1.F11:AVSS; U1.F16:VSS; U1.F4:VSS; U1.F6:VSS; U1.G13:VSS; U1.G14:VSS; U1.G15:VSS; U1.G16:VSS; U1.G6:VSS; U1.G7:AVSS; U1.G8:AVSS; U1.H11:VSS; U1.H13:VSS; U1.H15:VSS; U1.H16:VSS; U1.H20:VSS; U1.H7:VSS; U1.J11:VSS; U1.J13:VSS; U1.J15:VSS; U1.J7:VSS; U1.K10:VSS; U1.K12:VSS; U1.K14:VSS; U1.K16:VSS; U1.K18:VSS; U1.K3:VSS; U1.K6:VSS; U1.K8:VSS; U1.L10:VSS; U1.L12:VSS; U1.L15:VSS; U1.L19:VSS; U1.L7:VSS; U1.L8:VSS; U1.M10:VSS; U1.M12:VSS; U1.M15:VSS; U1.M16:VSS; U1.M6:VSS; U1.M8:VSS; U1.N10:VSS; U1.N12:VSS; U1.N15:VSS; U1.N16:VSS; U1.N3:VSS; U1.N5:VSS; U1.N8:VSS; U1.P10:VSS; U1.P12:VSS; U1.P14:VSS; U1.P15:VSS; U1.P20:VSS; U1.P6:VSS; U1.P7:VSS; U1.P8:VSS; U1.R10:VSS; U1.R12:VSS; U1.R14:VSS; U1.R16:VSS; U1.R3:VSS; U1.R6:VSS; U1.R7:VSS; U1.T15:VSS; U1.T3:VSS; U1.T7:VSS; U1.T8:VSS; U1.T9:VSS; U1.U19:VSS; U1.U3:VSS; U1.U8:VSS; U1.V3:VSS; U1.V4:VSS; U1.V5:VSS; U1.V6:VSS; U1.V7:VSS; U1.V8:VSS; U1.W1:VSS; U1.W16:VSS; U1.W20:VSS; U1.Y13:VSS; U1.Y19:VSS; U11.6:GND; U12.10:D4; U12.11:S4B; U12.12:S4A; U12.6:GND; U12.8:S3B; U13.1:S1B; U13.11:S4B; U13.15:SEL; U13.4:S2B; U13.6:GND; U13.8:S3B; U14.3:GND; U2.A10:VSS; U2.A3:VSS; U2.AB10:VSS; U2.AB3:VSS; U2.AB5:VSS; U2.AB8:VSS; U2.C1:VSS; U2.C12:VSS; U2.C5:VSS; U2.C8:VSS; U2.D11:VSS; U2.D2:VSS; U2.D4:VSS; U2.D9:VSS; U2.E1:VSS; U2.E12:VSS; U2.E5:VSS; U2.E8:VSS; U2.G1:VSS; U2.G10:VSS; U2.G12:VSS; U2.G3:VSS; U2.G5:VSS; U2.G8:VSS; U2.J1:VSS; U2.J10:VSS; U2.J12:VSS; U2.J3:VSS; U2.K11:VSS; U2.K2:VSS; U2.K4:VSS; U2.K9:VSS; U2.N11:VSS; U2.N2:VSS; U2.N4:VSS; U2.N9:VSS; U2.P1:VSS; U2.P10:VSS; U2.P12:VSS; U2.P3:VSS; U2.T1:VSS; U2.T10:VSS; U2.T12:VSS; U2.T3:VSS; U2.T5:VSS; U2.T8:VSS; U2.V1:VSS; U2.V12:VSS; U2.V5:VSS; U2.V8:VSS; U2.W11:VSS; U2.W2:VSS; U2.W4:VSS; U2.W9:VSS; U2.Y1:VSS; U2.Y12:VSS; U2.Y5:VSS; U2.Y8:VSS; U21.4:GND; U22.A1:AGND; U22.B1:PGND; U22.B2:PGND; U22.B3:PGND; U23.A1:AGND; U23.B1:PGND; U23.B2:PGND; U23.B3:PGND; U24.4:GND; U25.4:GND; U26.4:GND; U3.A6:VSS; U3.C4:VSS; U3.E7:VSS; U3.G5:VSS; U3.H10:VSS; U3.J5:VSS; U3.K8:VSS; U3.N5:VSS; U3.P4:VSS; U3.P6:VSS; U89.5:GND; U89.7:EP_GND; U90.5:GND; U90.7:EP_GND; U91.3:GND; U92.1:B_TIE_LOW; U92.2:GND; U93.3:GND; U94.1:B_TIE_LOW; U94.2:GND; U95.7:GND; Y2.2:GND; Y2.4:GND
U3,KLMAG1JETD_153,N3,NC,no_connect,no_connect,false,Samsung KLMxGxJETD-B041 Rev.1.0,5,N row / column 3,5,3.1 Figure 1 legend and RFU definition,NC,No-connect ball,MANUFACTURER_NC,All normal supported operating modes of this exact part,Keep an explicit no-use electrical class and open circuit; retain the manufacturer classification separately.,A no_connect CAD type does not prove this physical ball is unbonded. DNU/RFU must not be used. The source does not grant alternative NC wiring; leave NC open rather than assuming grounding or routing-through is permitted.,unconnected-(U3D-NC-PadN3),MANUFACTURER_NC_DNU_MUST_REMAIN_OPEN,
U3,KLMAG1JETD_153,N4,VDD,power_in,power_in,false,Samsung KLMxGxJETD-B041 Rev.1.0,5,N row / column 4,5,3.1 Table 2 and pin definitions,Supply,VCCQ controller/interface supply input,FUNCTIONAL,All normal supported operating modes of this exact part,Preserve Samsung-specific VDD=VCCQ and VDDF=VCC nomenclature; these are input supplies.,,VEMMC_IO,153-ball grid verified; NC/RFU no-use flagged; VDDI cap TBD; strobe open,R34.2:; R561.2:; R562.2:; R563.2:; R564.2:; R565.2:; R566.2:; R567.2:; R568.2:; R569.2:; R570.2:; U3.C6:VDD; U3.M4:VDD; U3.P3:VDD; U3.P5:VDD
U3,KLMAG1JETD_153,N5,VSS,power_in,power_in,false,Samsung KLMxGxJETD-B041 Rev.1.0,5,N row / column 5,5,3.1 Table 2 and pin definitions,Ground,Ground return,FUNCTIONAL,All normal supported operating modes of this exact part,Preserve Samsung-specific VDD=VCCQ and VDDF=VCC nomenclature; these are input supplies.,,GND,153-ball grid verified; NC/RFU no-use flagged; VDDI cap TBD; strobe open,C201.2:; C203.2:; C204.2:; C205.2:; C206.2:; C207.2:; C208.2:; C209.2:; C210.2:; C211.2:; C212.2:; C213.2:; C214.2:; C215.2:; C216.2:; C217.2:; C218.2:; C220.2:; C221.2:; C222.2:; C223.2:; C225.2:; C226.2:; C227.2:; C228.2:; C230.2:; C231.2:; C232.2:; C233.2:; C234.2:; C235.2:; C236.2:; C237.2:; C238.2:; C239.2:; C240.2:; C241.2:; C242.2:; C243.2:; C244.2:; C31.2:; C32.2:; C33.2:; C34.2:; C41.2:; C42.2:; C43.2:; C44.2:; C45.2:; C501.2:; C502.2:; C503.2:; C504.2:; C505.2:; C506.2:; C507.2:; C508.2:; C509.2:; C510.2:; C511.2:; C512.2:; C513.2:; C514.2:; C515.2:; C516.2:; C517.2:; C518.2:; C519.2:; C520.2:; C521.2:; C522.2:; C523.2:; C524.2:; C525.2:; C526.2:; C527.2:; C528.2:; C529.2:; C530.2:; C531.2:; C532.2:; C533.2:; C534.2:; C535.2:; C536.2:; C537.2:; C538.2:; C539.2:; C540.2:; C541.2:; C542.2:; C543.2:; C544.2:; C545.2:; C546.2:; C547.2:; C548.2:; C549.2:; C550.2:; C551.2:; C552.2:; C553.2:; C554.2:; C555.2:; C556.2:; C557.2:; C558.2:; C559.2:; C560.2:; C561.2:; C562.2:; C563.2:; C564.2:; C565.2:; C566.2:; C567.2:; C568.2:; C569.2:; C570.2:; C571.2:; C572.2:; C573.2:; C574.2:; C575.2:; C576.2:; C577.2:; C62.2:; C63.2:; C64.2:; C65.2:; C809.2:; C810.2:; C811.2:; C812.2:; C813.2:; C814.2:; C815.2:; C816.2:; J1.1:GND; J1.106:GND; J1.2:GND; J1.3:GND; J1.36:GND; J1.49:GND; J1.57:GND; J1.64:GND; J1.71:GND; J1.78:GND; J1.89:GND; R202.2:; R205.2:; R206.2:; R208.2:; R211.2:; R214.2:; R31.2:; R402.2:; R44.2:; R47.2:; R526.2:; R529.2:; R571.2:; R572.2:; R64.2:; R66.2:; R69.2:; R70.2:; R71.2:; U1.A13:VSS; U1.A16:VSS; U1.A19:VSS; U1.A9:TEST_EN; U1.B13:VSS; U1.B20:VSS; U1.C13:VSS; U1.D10:VSS; U1.D11:VSS; U1.D13:VSS; U1.D15:VSS; U1.D9:VSS; U1.E12:VSS; U1.E13:VSS; U1.E14:VSS; U1.E15:VSS; U1.E16:VSS; U1.E19:VSS; U1.E4:VSS; U1.E6:VSS; U1.E7:VSS; U1.E8:VSS; U1.F10:VSS; U1.F11:AVSS; U1.F16:VSS; U1.F4:VSS; U1.F6:VSS; U1.G13:VSS; U1.G14:VSS; U1.G15:VSS; U1.G16:VSS; U1.G6:VSS; U1.G7:AVSS; U1.G8:AVSS; U1.H11:VSS; U1.H13:VSS; U1.H15:VSS; U1.H16:VSS; U1.H20:VSS; U1.H7:VSS; U1.J11:VSS; U1.J13:VSS; U1.J15:VSS; U1.J7:VSS; U1.K10:VSS; U1.K12:VSS; U1.K14:VSS; U1.K16:VSS; U1.K18:VSS; U1.K3:VSS; U1.K6:VSS; U1.K8:VSS; U1.L10:VSS; U1.L12:VSS; U1.L15:VSS; U1.L19:VSS; U1.L7:VSS; U1.L8:VSS; U1.M10:VSS; U1.M12:VSS; U1.M15:VSS; U1.M16:VSS; U1.M6:VSS; U1.M8:VSS; U1.N10:VSS; U1.N12:VSS; U1.N15:VSS; U1.N16:VSS; U1.N3:VSS; U1.N5:VSS; U1.N8:VSS; U1.P10:VSS; U1.P12:VSS; U1.P14:VSS; U1.P15:VSS; U1.P20:VSS; U1.P6:VSS; U1.P7:VSS; U1.P8:VSS; U1.R10:VSS; U1.R12:VSS; U1.R14:VSS; U1.R16:VSS; U1.R3:VSS; U1.R6:VSS; U1.R7:VSS; U1.T15:VSS; U1.T3:VSS; U1.T7:VSS; U1.T8:VSS; U1.T9:VSS; U1.U19:VSS; U1.U3:VSS; U1.U8:VSS; U1.V3:VSS; U1.V4:VSS; U1.V5:VSS; U1.V6:VSS; U1.V7:VSS; U1.V8:VSS; U1.W1:VSS; U1.W16:VSS; U1.W20:VSS; U1.Y13:VSS; U1.Y19:VSS; U11.6:GND; U12.10:D4; U12.11:S4B; U12.12:S4A; U12.6:GND; U12.8:S3B; U13.1:S1B; U13.11:S4B; U13.15:SEL; U13.4:S2B; U13.6:GND; U13.8:S3B; U14.3:GND; U2.A10:VSS; U2.A3:VSS; U2.AB10:VSS; U2.AB3:VSS; U2.AB5:VSS; U2.AB8:VSS; U2.C1:VSS; U2.C12:VSS; U2.C5:VSS; U2.C8:VSS; U2.D11:VSS; U2.D2:VSS; U2.D4:VSS; U2.D9:VSS; U2.E1:VSS; U2.E12:VSS; U2.E5:VSS; U2.E8:VSS; U2.G1:VSS; U2.G10:VSS; U2.G12:VSS; U2.G3:VSS; U2.G5:VSS; U2.G8:VSS; U2.J1:VSS; U2.J10:VSS; U2.J12:VSS; U2.J3:VSS; U2.K11:VSS; U2.K2:VSS; U2.K4:VSS; U2.K9:VSS; U2.N11:VSS; U2.N2:VSS; U2.N4:VSS; U2.N9:VSS; U2.P1:VSS; U2.P10:VSS; U2.P12:VSS; U2.P3:VSS; U2.T1:VSS; U2.T10:VSS; U2.T12:VSS; U2.T3:VSS; U2.T5:VSS; U2.T8:VSS; U2.V1:VSS; U2.V12:VSS; U2.V5:VSS; U2.V8:VSS; U2.W11:VSS; U2.W2:VSS; U2.W4:VSS; U2.W9:VSS; U2.Y1:VSS; U2.Y12:VSS; U2.Y5:VSS; U2.Y8:VSS; U21.4:GND; U22.A1:AGND; U22.B1:PGND; U22.B2:PGND; U22.B3:PGND; U23.A1:AGND; U23.B1:PGND; U23.B2:PGND; U23.B3:PGND; U24.4:GND; U25.4:GND; U26.4:GND; U3.A6:VSS; U3.C4:VSS; U3.E7:VSS; U3.G5:VSS; U3.H10:VSS; U3.J5:VSS; U3.K8:VSS; U3.N2:VSS; U3.P4:VSS; U3.P6:VSS; U89.5:GND; U89.7:EP_GND; U90.5:GND; U90.7:EP_GND; U91.3:GND; U92.1:B_TIE_LOW; U92.2:GND; U93.3:GND; U94.1:B_TIE_LOW; U94.2:GND; U95.7:GND; Y2.2:GND; Y2.4:GND
U3,KLMAG1JETD_153,N6,NC,no_connect,no_connect,false,Samsung KLMxGxJETD-B041 Rev.1.0,5,N row / column 6,5,3.1 Figure 1 legend and RFU definition,NC,No-connect ball,MANUFACTURER_NC,All normal supported operating modes of this exact part,Keep an explicit no-use electrical class and open circuit; retain the manufacturer classification separately.,A no_connect CAD type does not prove this physical ball is unbonded. DNU/RFU must not be used. The source does not grant alternative NC wiring; leave NC open rather than assuming grounding or routing-through is permitted.,unconnected-(U3D-NC-PadN6),MANUFACTURER_NC_DNU_MUST_REMAIN_OPEN,
U3,KLMAG1JETD_153,N7,NC,no_connect,no_connect,false,Samsung KLMxGxJETD-B041 Rev.1.0,5,N row / column 7,5,3.1 Figure 1 legend and RFU definition,NC,No-connect ball,MANUFACTURER_NC,All normal supported operating modes of this exact part,Keep an explicit no-use electrical class and open circuit; retain the manufacturer classification separately.,A no_connect CAD type does not prove this physical ball is unbonded. DNU/RFU must not be used. The source does not grant alternative NC wiring; leave NC open rather than assuming grounding or routing-through is permitted.,unconnected-(U3D-NC-PadN7),MANUFACTURER_NC_DNU_MUST_REMAIN_OPEN,
U3,KLMAG1JETD_153,N8,NC,no_connect,no_connect,false,Samsung KLMxGxJETD-B041 Rev.1.0,5,N row / column 8,5,3.1 Figure 1 legend and RFU definition,NC,No-connect ball,MANUFACTURER_NC,All normal supported operating modes of this exact part,Keep an explicit no-use electrical class and open circuit; retain the manufacturer classification separately.,A no_connect CAD type does not prove this physical ball is unbonded. DNU/RFU must not be used. The source does not grant alternative NC wiring; leave NC open rather than assuming grounding or routing-through is permitted.,unconnected-(U3D-NC-PadN8),MANUFACTURER_NC_DNU_MUST_REMAIN_OPEN,
U3,KLMAG1JETD_153,N9,NC,no_connect,no_connect,false,Samsung KLMxGxJETD-B041 Rev.1.0,5,N row / column 9,5,3.1 Figure 1 legend and RFU definition,NC,No-connect ball,MANUFACTURER_NC,All normal supported operating modes of this exact part,Keep an explicit no-use electrical class and open circuit; retain the manufacturer classification separately.,A no_connect CAD type does not prove this physical ball is unbonded. DNU/RFU must not be used. The source does not grant alternative NC wiring; leave NC open rather than assuming grounding or routing-through is permitted.,unconnected-(U3D-NC-PadN9),MANUFACTURER_NC_DNU_MUST_REMAIN_OPEN,
U3,KLMAG1JETD_153,N10,NC,no_connect,no_connect,false,Samsung KLMxGxJETD-B041 Rev.1.0,5,N row / column 10,5,3.1 Figure 1 legend and RFU definition,NC,No-connect ball,MANUFACTURER_NC,All normal supported operating modes of this exact part,Keep an explicit no-use electrical class and open circuit; retain the manufacturer classification separately.,A no_connect CAD type does not prove this physical ball is unbonded. DNU/RFU must not be used. The source does not grant alternative NC wiring; leave NC open rather than assuming grounding or routing-through is permitted.,unconnected-(U3D-NC-PadN10),MANUFACTURER_NC_DNU_MUST_REMAIN_OPEN,
U3,KLMAG1JETD_153,N11,NC,no_connect,no_connect,false,Samsung KLMxGxJETD-B041 Rev.1.0,5,N row / column 11,5,3.1 Figure 1 legend and RFU definition,NC,No-connect ball,MANUFACTURER_NC,All normal supported operating modes of this exact part,Keep an explicit no-use electrical class and open circuit; retain the manufacturer classification separately.,A no_connect CAD type does not prove this physical ball is unbonded. DNU/RFU must not be used. The source does not grant alternative NC wiring; leave NC open rather than assuming grounding or routing-through is permitted.,unconnected-(U3D-NC-PadN11),MANUFACTURER_NC_DNU_MUST_REMAIN_OPEN,
U3,KLMAG1JETD_153,N12,NC,no_connect,no_connect,false,Samsung KLMxGxJETD-B041 Rev.1.0,5,N row / column 12,5,3.1 Figure 1 legend and RFU definition,NC,No-connect ball,MANUFACTURER_NC,All normal supported operating modes of this exact part,Keep an explicit no-use electrical class and open circuit; retain the manufacturer classification separately.,A no_connect CAD type does not prove this physical ball is unbonded. DNU/RFU must not be used. The source does not grant alternative NC wiring; leave NC open rather than assuming grounding or routing-through is permitted.,unconnected-(U3D-NC-PadN12),MANUFACTURER_NC_DNU_MUST_REMAIN_OPEN,
U3,KLMAG1JETD_153,N13,NC,no_connect,no_connect,false,Samsung KLMxGxJETD-B041 Rev.1.0,5,N row / column 13,5,3.1 Figure 1 legend and RFU definition,NC,No-connect ball,MANUFACTURER_NC,All normal supported operating modes of this exact part,Keep an explicit no-use electrical class and open circuit; retain the manufacturer classification separately.,A no_connect CAD type does not prove this physical ball is unbonded. DNU/RFU must not be used. The source does not grant alternative NC wiring; leave NC open rather than assuming grounding or routing-through is permitted.,unconnected-(U3D-NC-PadN13),MANUFACTURER_NC_DNU_MUST_REMAIN_OPEN,
U3,KLMAG1JETD_153,N14,NC,no_connect,no_connect,false,Samsung KLMxGxJETD-B041 Rev.1.0,5,N row / column 14,5,3.1 Figure 1 legend and RFU definition,NC,No-connect ball,MANUFACTURER_NC,All normal supported operating modes of this exact part,Keep an explicit no-use electrical class and open circuit; retain the manufacturer classification separately.,A no_connect CAD type does not prove this physical ball is unbonded. DNU/RFU must not be used. The source does not grant alternative NC wiring; leave NC open rather than assuming grounding or routing-through is permitted.,unconnected-(U3D-NC-PadN14),MANUFACTURER_NC_DNU_MUST_REMAIN_OPEN,
U3,KLMAG1JETD_153,P1,NC,no_connect,no_connect,false,Samsung KLMxGxJETD-B041 Rev.1.0,5,P row / column 1,5,3.1 Figure 1 legend and RFU definition,NC,No-connect ball,MANUFACTURER_NC,All normal supported operating modes of this exact part,Keep an explicit no-use electrical class and open circuit; retain the manufacturer classification separately.,A no_connect CAD type does not prove this physical ball is unbonded. DNU/RFU must not be used. The source does not grant alternative NC wiring; leave NC open rather than assuming grounding or routing-through is permitted.,unconnected-(U3D-NC-PadP1),MANUFACTURER_NC_DNU_MUST_REMAIN_OPEN,
U3,KLMAG1JETD_153,P2,NC,no_connect,no_connect,false,Samsung KLMxGxJETD-B041 Rev.1.0,5,P row / column 2,5,3.1 Figure 1 legend and RFU definition,NC,No-connect ball,MANUFACTURER_NC,All normal supported operating modes of this exact part,Keep an explicit no-use electrical class and open circuit; retain the manufacturer classification separately.,A no_connect CAD type does not prove this physical ball is unbonded. DNU/RFU must not be used. The source does not grant alternative NC wiring; leave NC open rather than assuming grounding or routing-through is permitted.,unconnected-(U3D-NC-PadP2),MANUFACTURER_NC_DNU_MUST_REMAIN_OPEN,
U3,KLMAG1JETD_153,P3,VDD,power_in,power_in,false,Samsung KLMxGxJETD-B041 Rev.1.0,5,P row / column 3,5,3.1 Table 2 and pin definitions,Supply,VCCQ controller/interface supply input,FUNCTIONAL,All normal supported operating modes of this exact part,Preserve Samsung-specific VDD=VCCQ and VDDF=VCC nomenclature; these are input supplies.,,VEMMC_IO,153-ball grid verified; NC/RFU no-use flagged; VDDI cap TBD; strobe open,R34.2:; R561.2:; R562.2:; R563.2:; R564.2:; R565.2:; R566.2:; R567.2:; R568.2:; R569.2:; R570.2:; U3.C6:VDD; U3.M4:VDD; U3.N4:VDD; U3.P5:VDD
U3,KLMAG1JETD_153,P4,VSS,power_in,power_in,false,Samsung KLMxGxJETD-B041 Rev.1.0,5,P row / column 4,5,3.1 Table 2 and pin definitions,Ground,Ground return,FUNCTIONAL,All normal supported operating modes of this exact part,Preserve Samsung-specific VDD=VCCQ and VDDF=VCC nomenclature; these are input supplies.,,GND,153-ball grid verified; NC/RFU no-use flagged; VDDI cap TBD; strobe open,C201.2:; C203.2:; C204.2:; C205.2:; C206.2:; C207.2:; C208.2:; C209.2:; C210.2:; C211.2:; C212.2:; C213.2:; C214.2:; C215.2:; C216.2:; C217.2:; C218.2:; C220.2:; C221.2:; C222.2:; C223.2:; C225.2:; C226.2:; C227.2:; C228.2:; C230.2:; C231.2:; C232.2:; C233.2:; C234.2:; C235.2:; C236.2:; C237.2:; C238.2:; C239.2:; C240.2:; C241.2:; C242.2:; C243.2:; C244.2:; C31.2:; C32.2:; C33.2:; C34.2:; C41.2:; C42.2:; C43.2:; C44.2:; C45.2:; C501.2:; C502.2:; C503.2:; C504.2:; C505.2:; C506.2:; C507.2:; C508.2:; C509.2:; C510.2:; C511.2:; C512.2:; C513.2:; C514.2:; C515.2:; C516.2:; C517.2:; C518.2:; C519.2:; C520.2:; C521.2:; C522.2:; C523.2:; C524.2:; C525.2:; C526.2:; C527.2:; C528.2:; C529.2:; C530.2:; C531.2:; C532.2:; C533.2:; C534.2:; C535.2:; C536.2:; C537.2:; C538.2:; C539.2:; C540.2:; C541.2:; C542.2:; C543.2:; C544.2:; C545.2:; C546.2:; C547.2:; C548.2:; C549.2:; C550.2:; C551.2:; C552.2:; C553.2:; C554.2:; C555.2:; C556.2:; C557.2:; C558.2:; C559.2:; C560.2:; C561.2:; C562.2:; C563.2:; C564.2:; C565.2:; C566.2:; C567.2:; C568.2:; C569.2:; C570.2:; C571.2:; C572.2:; C573.2:; C574.2:; C575.2:; C576.2:; C577.2:; C62.2:; C63.2:; C64.2:; C65.2:; C809.2:; C810.2:; C811.2:; C812.2:; C813.2:; C814.2:; C815.2:; C816.2:; J1.1:GND; J1.106:GND; J1.2:GND; J1.3:GND; J1.36:GND; J1.49:GND; J1.57:GND; J1.64:GND; J1.71:GND; J1.78:GND; J1.89:GND; R202.2:; R205.2:; R206.2:; R208.2:; R211.2:; R214.2:; R31.2:; R402.2:; R44.2:; R47.2:; R526.2:; R529.2:; R571.2:; R572.2:; R64.2:; R66.2:; R69.2:; R70.2:; R71.2:; U1.A13:VSS; U1.A16:VSS; U1.A19:VSS; U1.A9:TEST_EN; U1.B13:VSS; U1.B20:VSS; U1.C13:VSS; U1.D10:VSS; U1.D11:VSS; U1.D13:VSS; U1.D15:VSS; U1.D9:VSS; U1.E12:VSS; U1.E13:VSS; U1.E14:VSS; U1.E15:VSS; U1.E16:VSS; U1.E19:VSS; U1.E4:VSS; U1.E6:VSS; U1.E7:VSS; U1.E8:VSS; U1.F10:VSS; U1.F11:AVSS; U1.F16:VSS; U1.F4:VSS; U1.F6:VSS; U1.G13:VSS; U1.G14:VSS; U1.G15:VSS; U1.G16:VSS; U1.G6:VSS; U1.G7:AVSS; U1.G8:AVSS; U1.H11:VSS; U1.H13:VSS; U1.H15:VSS; U1.H16:VSS; U1.H20:VSS; U1.H7:VSS; U1.J11:VSS; U1.J13:VSS; U1.J15:VSS; U1.J7:VSS; U1.K10:VSS; U1.K12:VSS; U1.K14:VSS; U1.K16:VSS; U1.K18:VSS; U1.K3:VSS; U1.K6:VSS; U1.K8:VSS; U1.L10:VSS; U1.L12:VSS; U1.L15:VSS; U1.L19:VSS; U1.L7:VSS; U1.L8:VSS; U1.M10:VSS; U1.M12:VSS; U1.M15:VSS; U1.M16:VSS; U1.M6:VSS; U1.M8:VSS; U1.N10:VSS; U1.N12:VSS; U1.N15:VSS; U1.N16:VSS; U1.N3:VSS; U1.N5:VSS; U1.N8:VSS; U1.P10:VSS; U1.P12:VSS; U1.P14:VSS; U1.P15:VSS; U1.P20:VSS; U1.P6:VSS; U1.P7:VSS; U1.P8:VSS; U1.R10:VSS; U1.R12:VSS; U1.R14:VSS; U1.R16:VSS; U1.R3:VSS; U1.R6:VSS; U1.R7:VSS; U1.T15:VSS; U1.T3:VSS; U1.T7:VSS; U1.T8:VSS; U1.T9:VSS; U1.U19:VSS; U1.U3:VSS; U1.U8:VSS; U1.V3:VSS; U1.V4:VSS; U1.V5:VSS; U1.V6:VSS; U1.V7:VSS; U1.V8:VSS; U1.W1:VSS; U1.W16:VSS; U1.W20:VSS; U1.Y13:VSS; U1.Y19:VSS; U11.6:GND; U12.10:D4; U12.11:S4B; U12.12:S4A; U12.6:GND; U12.8:S3B; U13.1:S1B; U13.11:S4B; U13.15:SEL; U13.4:S2B; U13.6:GND; U13.8:S3B; U14.3:GND; U2.A10:VSS; U2.A3:VSS; U2.AB10:VSS; U2.AB3:VSS; U2.AB5:VSS; U2.AB8:VSS; U2.C1:VSS; U2.C12:VSS; U2.C5:VSS; U2.C8:VSS; U2.D11:VSS; U2.D2:VSS; U2.D4:VSS; U2.D9:VSS; U2.E1:VSS; U2.E12:VSS; U2.E5:VSS; U2.E8:VSS; U2.G1:VSS; U2.G10:VSS; U2.G12:VSS; U2.G3:VSS; U2.G5:VSS; U2.G8:VSS; U2.J1:VSS; U2.J10:VSS; U2.J12:VSS; U2.J3:VSS; U2.K11:VSS; U2.K2:VSS; U2.K4:VSS; U2.K9:VSS; U2.N11:VSS; U2.N2:VSS; U2.N4:VSS; U2.N9:VSS; U2.P1:VSS; U2.P10:VSS; U2.P12:VSS; U2.P3:VSS; U2.T1:VSS; U2.T10:VSS; U2.T12:VSS; U2.T3:VSS; U2.T5:VSS; U2.T8:VSS; U2.V1:VSS; U2.V12:VSS; U2.V5:VSS; U2.V8:VSS; U2.W11:VSS; U2.W2:VSS; U2.W4:VSS; U2.W9:VSS; U2.Y1:VSS; U2.Y12:VSS; U2.Y5:VSS; U2.Y8:VSS; U21.4:GND; U22.A1:AGND; U22.B1:PGND; U22.B2:PGND; U22.B3:PGND; U23.A1:AGND; U23.B1:PGND; U23.B2:PGND; U23.B3:PGND; U24.4:GND; U25.4:GND; U26.4:GND; U3.A6:VSS; U3.C4:VSS; U3.E7:VSS; U3.G5:VSS; U3.H10:VSS; U3.J5:VSS; U3.K8:VSS; U3.N2:VSS; U3.N5:VSS; U3.P6:VSS; U89.5:GND; U89.7:EP_GND; U90.5:GND; U90.7:EP_GND; U91.3:GND; U92.1:B_TIE_LOW; U92.2:GND; U93.3:GND; U94.1:B_TIE_LOW; U94.2:GND; U95.7:GND; Y2.2:GND; Y2.4:GND
U3,KLMAG1JETD_153,P5,VDD,power_in,power_in,false,Samsung KLMxGxJETD-B041 Rev.1.0,5,P row / column 5,5,3.1 Table 2 and pin definitions,Supply,VCCQ controller/interface supply input,FUNCTIONAL,All normal supported operating modes of this exact part,Preserve Samsung-specific VDD=VCCQ and VDDF=VCC nomenclature; these are input supplies.,,VEMMC_IO,153-ball grid verified; NC/RFU no-use flagged; VDDI cap TBD; strobe open,R34.2:; R561.2:; R562.2:; R563.2:; R564.2:; R565.2:; R566.2:; R567.2:; R568.2:; R569.2:; R570.2:; U3.C6:VDD; U3.M4:VDD; U3.N4:VDD; U3.P3:VDD
U3,KLMAG1JETD_153,P6,VSS,power_in,power_in,false,Samsung KLMxGxJETD-B041 Rev.1.0,5,P row / column 6,5,3.1 Table 2 and pin definitions,Ground,Ground return,FUNCTIONAL,All normal supported operating modes of this exact part,Preserve Samsung-specific VDD=VCCQ and VDDF=VCC nomenclature; these are input supplies.,,GND,153-ball grid verified; NC/RFU no-use flagged; VDDI cap TBD; strobe open,C201.2:; C203.2:; C204.2:; C205.2:; C206.2:; C207.2:; C208.2:; C209.2:; C210.2:; C211.2:; C212.2:; C213.2:; C214.2:; C215.2:; C216.2:; C217.2:; C218.2:; C220.2:; C221.2:; C222.2:; C223.2:; C225.2:; C226.2:; C227.2:; C228.2:; C230.2:; C231.2:; C232.2:; C233.2:; C234.2:; C235.2:; C236.2:; C237.2:; C238.2:; C239.2:; C240.2:; C241.2:; C242.2:; C243.2:; C244.2:; C31.2:; C32.2:; C33.2:; C34.2:; C41.2:; C42.2:; C43.2:; C44.2:; C45.2:; C501.2:; C502.2:; C503.2:; C504.2:; C505.2:; C506.2:; C507.2:; C508.2:; C509.2:; C510.2:; C511.2:; C512.2:; C513.2:; C514.2:; C515.2:; C516.2:; C517.2:; C518.2:; C519.2:; C520.2:; C521.2:; C522.2:; C523.2:; C524.2:; C525.2:; C526.2:; C527.2:; C528.2:; C529.2:; C530.2:; C531.2:; C532.2:; C533.2:; C534.2:; C535.2:; C536.2:; C537.2:; C538.2:; C539.2:; C540.2:; C541.2:; C542.2:; C543.2:; C544.2:; C545.2:; C546.2:; C547.2:; C548.2:; C549.2:; C550.2:; C551.2:; C552.2:; C553.2:; C554.2:; C555.2:; C556.2:; C557.2:; C558.2:; C559.2:; C560.2:; C561.2:; C562.2:; C563.2:; C564.2:; C565.2:; C566.2:; C567.2:; C568.2:; C569.2:; C570.2:; C571.2:; C572.2:; C573.2:; C574.2:; C575.2:; C576.2:; C577.2:; C62.2:; C63.2:; C64.2:; C65.2:; C809.2:; C810.2:; C811.2:; C812.2:; C813.2:; C814.2:; C815.2:; C816.2:; J1.1:GND; J1.106:GND; J1.2:GND; J1.3:GND; J1.36:GND; J1.49:GND; J1.57:GND; J1.64:GND; J1.71:GND; J1.78:GND; J1.89:GND; R202.2:; R205.2:; R206.2:; R208.2:; R211.2:; R214.2:; R31.2:; R402.2:; R44.2:; R47.2:; R526.2:; R529.2:; R571.2:; R572.2:; R64.2:; R66.2:; R69.2:; R70.2:; R71.2:; U1.A13:VSS; U1.A16:VSS; U1.A19:VSS; U1.A9:TEST_EN; U1.B13:VSS; U1.B20:VSS; U1.C13:VSS; U1.D10:VSS; U1.D11:VSS; U1.D13:VSS; U1.D15:VSS; U1.D9:VSS; U1.E12:VSS; U1.E13:VSS; U1.E14:VSS; U1.E15:VSS; U1.E16:VSS; U1.E19:VSS; U1.E4:VSS; U1.E6:VSS; U1.E7:VSS; U1.E8:VSS; U1.F10:VSS; U1.F11:AVSS; U1.F16:VSS; U1.F4:VSS; U1.F6:VSS; U1.G13:VSS; U1.G14:VSS; U1.G15:VSS; U1.G16:VSS; U1.G6:VSS; U1.G7:AVSS; U1.G8:AVSS; U1.H11:VSS; U1.H13:VSS; U1.H15:VSS; U1.H16:VSS; U1.H20:VSS; U1.H7:VSS; U1.J11:VSS; U1.J13:VSS; U1.J15:VSS; U1.J7:VSS; U1.K10:VSS; U1.K12:VSS; U1.K14:VSS; U1.K16:VSS; U1.K18:VSS; U1.K3:VSS; U1.K6:VSS; U1.K8:VSS; U1.L10:VSS; U1.L12:VSS; U1.L15:VSS; U1.L19:VSS; U1.L7:VSS; U1.L8:VSS; U1.M10:VSS; U1.M12:VSS; U1.M15:VSS; U1.M16:VSS; U1.M6:VSS; U1.M8:VSS; U1.N10:VSS; U1.N12:VSS; U1.N15:VSS; U1.N16:VSS; U1.N3:VSS; U1.N5:VSS; U1.N8:VSS; U1.P10:VSS; U1.P12:VSS; U1.P14:VSS; U1.P15:VSS; U1.P20:VSS; U1.P6:VSS; U1.P7:VSS; U1.P8:VSS; U1.R10:VSS; U1.R12:VSS; U1.R14:VSS; U1.R16:VSS; U1.R3:VSS; U1.R6:VSS; U1.R7:VSS; U1.T15:VSS; U1.T3:VSS; U1.T7:VSS; U1.T8:VSS; U1.T9:VSS; U1.U19:VSS; U1.U3:VSS; U1.U8:VSS; U1.V3:VSS; U1.V4:VSS; U1.V5:VSS; U1.V6:VSS; U1.V7:VSS; U1.V8:VSS; U1.W1:VSS; U1.W16:VSS; U1.W20:VSS; U1.Y13:VSS; U1.Y19:VSS; U11.6:GND; U12.10:D4; U12.11:S4B; U12.12:S4A; U12.6:GND; U12.8:S3B; U13.1:S1B; U13.11:S4B; U13.15:SEL; U13.4:S2B; U13.6:GND; U13.8:S3B; U14.3:GND; U2.A10:VSS; U2.A3:VSS; U2.AB10:VSS; U2.AB3:VSS; U2.AB5:VSS; U2.AB8:VSS; U2.C1:VSS; U2.C12:VSS; U2.C5:VSS; U2.C8:VSS; U2.D11:VSS; U2.D2:VSS; U2.D4:VSS; U2.D9:VSS; U2.E1:VSS; U2.E12:VSS; U2.E5:VSS; U2.E8:VSS; U2.G1:VSS; U2.G10:VSS; U2.G12:VSS; U2.G3:VSS; U2.G5:VSS; U2.G8:VSS; U2.J1:VSS; U2.J10:VSS; U2.J12:VSS; U2.J3:VSS; U2.K11:VSS; U2.K2:VSS; U2.K4:VSS; U2.K9:VSS; U2.N11:VSS; U2.N2:VSS; U2.N4:VSS; U2.N9:VSS; U2.P1:VSS; U2.P10:VSS; U2.P12:VSS; U2.P3:VSS; U2.T1:VSS; U2.T10:VSS; U2.T12:VSS; U2.T3:VSS; U2.T5:VSS; U2.T8:VSS; U2.V1:VSS; U2.V12:VSS; U2.V5:VSS; U2.V8:VSS; U2.W11:VSS; U2.W2:VSS; U2.W4:VSS; U2.W9:VSS; U2.Y1:VSS; U2.Y12:VSS; U2.Y5:VSS; U2.Y8:VSS; U21.4:GND; U22.A1:AGND; U22.B1:PGND; U22.B2:PGND; U22.B3:PGND; U23.A1:AGND; U23.B1:PGND; U23.B2:PGND; U23.B3:PGND; U24.4:GND; U25.4:GND; U26.4:GND; U3.A6:VSS; U3.C4:VSS; U3.E7:VSS; U3.G5:VSS; U3.H10:VSS; U3.J5:VSS; U3.K8:VSS; U3.N2:VSS; U3.N5:VSS; U3.P4:VSS; U89.5:GND; U89.7:EP_GND; U90.5:GND; U90.7:EP_GND; U91.3:GND; U92.1:B_TIE_LOW; U92.2:GND; U93.3:GND; U94.1:B_TIE_LOW; U94.2:GND; U95.7:GND; Y2.2:GND; Y2.4:GND
U3,KLMAG1JETD_153,P7,RFU,no_connect,no_connect,false,Samsung KLMxGxJETD-B041 Rev.1.0,5,P row / column 7,5,3.1 Figure 1 legend and RFU definition,RFU,"Reserved ball, use prohibited",MANUFACTURER_RESERVED_FOR_FUTURE_USE,All normal supported operating modes of this exact part,Keep an explicit no-use electrical class and open circuit; retain the manufacturer classification separately.,A no_connect CAD type does not prove this physical ball is unbonded. DNU/RFU must not be used. The source does not grant alternative NC wiring; leave NC open rather than assuming grounding or routing-through is permitted.,unconnected-(U3D-RFU-PadP7),MANUFACTURER_RFU_NO_USE_MUST_REMAIN_OPEN,
U3,KLMAG1JETD_153,P8,NC,no_connect,no_connect,false,Samsung KLMxGxJETD-B041 Rev.1.0,5,P row / column 8,5,3.1 Figure 1 legend and RFU definition,NC,No-connect ball,MANUFACTURER_NC,All normal supported operating modes of this exact part,Keep an explicit no-use electrical class and open circuit; retain the manufacturer classification separately.,A no_connect CAD type does not prove this physical ball is unbonded. DNU/RFU must not be used. The source does not grant alternative NC wiring; leave NC open rather than assuming grounding or routing-through is permitted.,unconnected-(U3D-NC-PadP8),MANUFACTURER_NC_DNU_MUST_REMAIN_OPEN,
U3,KLMAG1JETD_153,P9,NC,no_connect,no_connect,false,Samsung KLMxGxJETD-B041 Rev.1.0,5,P row / column 9,5,3.1 Figure 1 legend and RFU definition,NC,No-connect ball,MANUFACTURER_NC,All normal supported operating modes of this exact part,Keep an explicit no-use electrical class and open circuit; retain the manufacturer classification separately.,A no_connect CAD type does not prove this physical ball is unbonded. DNU/RFU must not be used. The source does not grant alternative NC wiring; leave NC open rather than assuming grounding or routing-through is permitted.,unconnected-(U3D-NC-PadP9),MANUFACTURER_NC_DNU_MUST_REMAIN_OPEN,
U3,KLMAG1JETD_153,P10,RFU,no_connect,no_connect,false,Samsung KLMxGxJETD-B041 Rev.1.0,5,P row / column 10,5,3.1 Figure 1 legend and RFU definition,RFU,"Reserved ball, use prohibited",MANUFACTURER_RESERVED_FOR_FUTURE_USE,All normal supported operating modes of this exact part,Keep an explicit no-use electrical class and open circuit; retain the manufacturer classification separately.,A no_connect CAD type does not prove this physical ball is unbonded. DNU/RFU must not be used. The source does not grant alternative NC wiring; leave NC open rather than assuming grounding or routing-through is permitted.,unconnected-(U3D-RFU-PadP10),MANUFACTURER_RFU_NO_USE_MUST_REMAIN_OPEN,
U3,KLMAG1JETD_153,P11,NC,no_connect,no_connect,false,Samsung KLMxGxJETD-B041 Rev.1.0,5,P row / column 11,5,3.1 Figure 1 legend and RFU definition,NC,No-connect ball,MANUFACTURER_NC,All normal supported operating modes of this exact part,Keep an explicit no-use electrical class and open circuit; retain the manufacturer classification separately.,A no_connect CAD type does not prove this physical ball is unbonded. DNU/RFU must not be used. The source does not grant alternative NC wiring; leave NC open rather than assuming grounding or routing-through is permitted.,unconnected-(U3D-NC-PadP11),MANUFACTURER_NC_DNU_MUST_REMAIN_OPEN,
U3,KLMAG1JETD_153,P12,NC,no_connect,no_connect,false,Samsung KLMxGxJETD-B041 Rev.1.0,5,P row / column 12,5,3.1 Figure 1 legend and RFU definition,NC,No-connect ball,MANUFACTURER_NC,All normal supported operating modes of this exact part,Keep an explicit no-use electrical class and open circuit; retain the manufacturer classification separately.,A no_connect CAD type does not prove this physical ball is unbonded. DNU/RFU must not be used. The source does not grant alternative NC wiring; leave NC open rather than assuming grounding or routing-through is permitted.,unconnected-(U3D-NC-PadP12),MANUFACTURER_NC_DNU_MUST_REMAIN_OPEN,
U3,KLMAG1JETD_153,P13,NC,no_connect,no_connect,false,Samsung KLMxGxJETD-B041 Rev.1.0,5,P row / column 13,5,3.1 Figure 1 legend and RFU definition,NC,No-connect ball,MANUFACTURER_NC,All normal supported operating modes of this exact part,Keep an explicit no-use electrical class and open circuit; retain the manufacturer classification separately.,A no_connect CAD type does not prove this physical ball is unbonded. DNU/RFU must not be used. The source does not grant alternative NC wiring; leave NC open rather than assuming grounding or routing-through is permitted.,unconnected-(U3D-NC-PadP13),MANUFACTURER_NC_DNU_MUST_REMAIN_OPEN,
U3,KLMAG1JETD_153,P14,NC,no_connect,no_connect,false,Samsung KLMxGxJETD-B041 Rev.1.0,5,P row / column 14,5,3.1 Figure 1 legend and RFU definition,NC,No-connect ball,MANUFACTURER_NC,All normal supported operating modes of this exact part,Keep an explicit no-use electrical class and open circuit; retain the manufacturer classification separately.,A no_connect CAD type does not prove this physical ball is unbonded. DNU/RFU must not be used. The source does not grant alternative NC wiring; leave NC open rather than assuming grounding or routing-through is permitted.,unconnected-(U3D-NC-PadP14),MANUFACTURER_NC_DNU_MUST_REMAIN_OPEN,
