ball,canonical_signal,official_name,official_dir,official_io_family,official_supply_domain,source_sheet,source_row,source_cells,current_type,reusable_type,proposed_compact_type,change_required,electrical_role,decision_basis,operating_scope,reason,additional_primary_evidence,ambiguity_or_limit,current_net,current_disposition
A2,USB0_DP,USB0_DP,IO,USB,AVDD3P3_USB,1.K230&K230D管脚信息表,4,A4:F4; I4,bidirectional,bidirectional,bidirectional,false,dedicated digital bidirectional,DIRECT_PINOUT,normal functional operation,Use explicit dedicated pin direction; no GPIO mux exists for this physical function.,,,USB0_P,module-name correspondence CANDIDATE
A3,USB1_VBUS,USB1_VBUS,IO,USB,AVDD3P3_USB,1.K230&K230D管脚信息表,5,A5:F5; I5,bidirectional,passive,passive,true,analog VBUS sense/current-limited interface,ANALOG_MODEL_EXCEPTION,normal functional operation,"VBUS sense connection requires 30k to 5V, not a normal CMOS power input.",HDG correspondingDDR/USB/MIPI circuit,KiCad has no analog-bias/calibration pin class. Passive documents this physical analog-node model; separately assert required resistor/divider/capacitor connectivity. It does not prove safe voltage or a no-use disposition.,USB1_VBUS,parent verified 01studio bias source
A4,USB1_DN,USB1_DN,IO,USB,AVDD3P3_USB,1.K230&K230D管脚信息表,6,A6:F6; I6,bidirectional,bidirectional,bidirectional,false,dedicated digital bidirectional,DIRECT_PINOUT,normal functional operation,Use explicit dedicated pin direction; no GPIO mux exists for this physical function.,,,USB1_N,module-name correspondence CANDIDATE
A5,MMC0_CLK,MMC0_CLK,O,MMC,VDD3P3_SD/VDD1P8,1.K230&K230D管脚信息表,7,A7:F7; I7,bidirectional,output,output,true,dedicated digital output,DIRECT_PINOUT,normal functional operation,Use explicit dedicated pin direction; no GPIO mux exists for this physical function.,,,MMC0_CLK,dedicated storage path; strobe unresolved
A6,MMC0_RST_N,MMC0_RST_N,O,MMC,VDD3P3_SD/VDD1P8,1.K230&K230D管脚信息表,8,A8:F8; I8,bidirectional,output,output,true,dedicated digital output,DIRECT_PINOUT,normal functional operation,Use explicit dedicated pin direction; no GPIO mux exists for this physical function.,,,MMC0_RST_N,dedicated storage path; strobe unresolved
A7,MMC0_D5,MMC0_D5,IO,MMC,VDD3P3_SD/VDD1P8,1.K230&K230D管脚信息表,9,A9:F9; I9,bidirectional,bidirectional,bidirectional,false,dedicated digital bidirectional,DIRECT_PINOUT,normal functional operation,Use explicit dedicated pin direction; no GPIO mux exists for this physical function.,,,MMC0_D5,dedicated storage path; strobe unresolved
A8,CLK24M_XOUT,CLK24M_XOUT,COUT,LVCMOS18,VDD1P8,1.K230&K230D管脚信息表,10,A10:F10; I10,bidirectional,output,output,true,crystal amplifier output,CRYSTAL_DIRECTION,normal functional operation,"Preserve CIN/COUT directional oscillator role; KiCad input/output class is not a claim of digital buffer behavior. Crystal, feedback resistor, load capacitors and startup must be checked separately.",HDG clock references,,CLK24_XOUT,existing aux
A9,TEST_EN,TEST_EN,I,LVCMOS18,VDD1P8,1.K230&K230D管脚信息表,11,A11:F11; I11,input,input,input,false,dedicated digital input,DIRECT_PINOUT,normal functional operation,Use explicit dedicated pin direction; no GPIO mux exists for this physical function.,,,GND,parent verified private GPIO assignment / TEST_EN ground
A10,GPIO66/INT2,INT2,I,PMU,AVDD1P8_LDO,1.K230&K230D管脚信息表,12,A12:F12; I12,bidirectional,bidirectional,bidirectional,false,private software I2C on mux-capable PMU GPIO,MUX_CAPABILITY,GPIO65/66/67/69 software I2C mux,"Official primary PMU function is input, but current design reuses GPIO with drive-low/release/read. Retain bidirectional; open-drain behavior and initialization require firmware/IO matrix checks.",TRM 12.9 and 14.5; internal-pmu-i2c-review,,PWR_CPU_SDA,parent verified private GPIO assignment / TEST_EN ground
A11,GPIO67/INT3,INT3,I,PMU,AVDD1P8_LDO,1.K230&K230D管脚信息表,13,A13:F13; I13,bidirectional,bidirectional,bidirectional,false,private software I2C on mux-capable PMU GPIO,MUX_CAPABILITY,GPIO65/66/67/69 software I2C mux,"Official primary PMU function is input, but current design reuses GPIO with drive-low/release/read. Retain bidirectional; open-drain behavior and initialization require firmware/IO matrix checks.",TRM 12.9 and 14.5; internal-pmu-i2c-review,,PWR_KPU_SCL,parent verified private GPIO assignment / TEST_EN ground
A12,CLK32K768_XOUT,CLK32K768_XOUT,COUT,LVCMOS18,AVDD1P8_RTC,1.K230&K230D管脚信息表,14,A14:F14; I14,bidirectional,output,output,true,crystal amplifier output,CRYSTAL_DIRECTION,normal functional operation,"Preserve CIN/COUT directional oscillator role; KiCad input/output class is not a claim of digital buffer behavior. Crystal, feedback resistor, load capacitors and startup must be checked separately.",HDG clock references,,RTC_XOUT,existing aux
A13,VSS,VSS,G,—,—,1.K230&K230D管脚信息表,15,A15:F15; I15,power_in,power_in,power_in,false,ground return,DIRECT_PINOUT,normal functional operation,Keep actual source-input/ground electrical type; no type promotion to create an ERC source.,,,GND,named ground ball
A14,DDR_DQB3,DDR_DQ19_DQB3,IO,DDR,VDDIO_DDR,1.K230&K230D管脚信息表,16,A16:F16; I16,bidirectional,bidirectional,bidirectional,false,DDR data/strobe/DM-DBI,FUNCTIONAL_DERIVATION,normal functional operation,DQ and DQS transfer in both directions; LP4 DMI supports read DBI and write DM/DBI. Do not reduce DMI to output-only.,"Samsung LP4 p7 key features (read/write DBI), p10 ballout, p11 block diagram",,DDR_DQB0,01studio exact DDR join
A15,DDR_DQSB0N,DDR_DQS2N_DQSB0N,IO,DDR,VDDIO_DDR,1.K230&K230D管脚信息表,17,A17:F17; I17,bidirectional,bidirectional,bidirectional,false,DDR data/strobe/DM-DBI,FUNCTIONAL_DERIVATION,normal functional operation,DQ and DQS transfer in both directions; LP4 DMI supports read DBI and write DM/DBI. Do not reduce DMI to output-only.,"Samsung LP4 p7 key features (read/write DBI), p10 ballout, p11 block diagram",,DDR_DQSB0_N,01studio exact DDR join
A16,VSS,VSS,G,—,—,1.K230&K230D管脚信息表,18,A18:F18; I18,power_in,power_in,power_in,false,ground return,DIRECT_PINOUT,normal functional operation,Keep actual source-input/ground electrical type; no type promotion to create an ERC source.,,,GND,named ground ball
A17,DDR_DQB4,DDR_DQ20_DQB4,IO,DDR,VDDIO_DDR,1.K230&K230D管脚信息表,19,A19:F19; I19,bidirectional,bidirectional,bidirectional,false,DDR data/strobe/DM-DBI,FUNCTIONAL_DERIVATION,normal functional operation,DQ and DQS transfer in both directions; LP4 DMI supports read DBI and write DM/DBI. Do not reduce DMI to output-only.,"Samsung LP4 p7 key features (read/write DBI), p10 ballout, p11 block diagram",,DDR_DQB1,01studio exact DDR join
A18,DDR_DQSB1N,DDR_DQS0N_DQSB1N,IO,DDR,VDDIO_DDR,1.K230&K230D管脚信息表,20,A20:F20; I20,bidirectional,bidirectional,bidirectional,false,DDR data/strobe/DM-DBI,FUNCTIONAL_DERIVATION,normal functional operation,DQ and DQS transfer in both directions; LP4 DMI supports read DBI and write DM/DBI. Do not reduce DMI to output-only.,"Samsung LP4 p7 key features (read/write DBI), p10 ballout, p11 block diagram",,DDR_DQSB1_N,01studio exact DDR join
A19,VSS,VSS,G,—,—,1.K230&K230D管脚信息表,21,A21:F21; I21,power_in,power_in,power_in,false,ground return,DIRECT_PINOUT,normal functional operation,Keep actual source-input/ground electrical type; no type promotion to create an ERC source.,,,GND,named ground ball
A20,NC,NC,—,—,—,1.K230&K230D管脚信息表,22,A22:F22; I22,no_connect,no_connect,no_connect,false,manufacturer named NC,DIRECT_PINOUT,normal functional operation,Explicit standalone NC in official package pinout.,,,unconnected-(U1I-NC-PadA20),MANUFACTURER_NC_DNU_MUST_REMAIN_OPEN
B1,ADC_2,ADC_2,I,ADC,AVDD1P8_ADC,1.K230&K230D管脚信息表,23,A23:F23; I23,bidirectional,input,input,true,analog signal input,ANALOG_SIGNAL_DIRECTION,normal functional operation,"Official analog signal direction maps to ERC input/output, not to digital electricalthresholds. Output bias/VCM pins are not generic power_out supplies.",,,ADC2,module-name correspondence CANDIDATE
B2,USB0_DN,USB0_DN,IO,USB,AVDD3P3_USB,1.K230&K230D管脚信息表,24,A24:F24; I24,bidirectional,bidirectional,bidirectional,false,dedicated digital bidirectional,DIRECT_PINOUT,normal functional operation,Use explicit dedicated pin direction; no GPIO mux exists for this physical function.,,,USB0_N,module-name correspondence CANDIDATE
B3,USB1_ID,USB1_ID,IO,USB,AVDD3P3_USB,1.K230&K230D管脚信息表,25,A25:F25; I25,bidirectional,input,input,true,USB analog ID sense,FUNCTIONAL_DERIVATION,normal functional operation,Guide OTG mode selection andTRM ID sampling establish sense direction. ERC input expresses direction only; this is not a generic digital input threshold model.,TRM USB analog ID input sampling PDF p1131; HDG USB,WorkbookDIR=IO is generic USB classification. Verify analog ID termination separately.,USB1_ID,module-name correspondence CANDIDATE
B4,USB1_DP,USB1_DP,IO,USB,AVDD3P3_USB,1.K230&K230D管脚信息表,26,A26:F26; I26,bidirectional,bidirectional,bidirectional,false,dedicated digital bidirectional,DIRECT_PINOUT,normal functional operation,Use explicit dedicated pin direction; no GPIO mux exists for this physical function.,,,USB1_P,module-name correspondence CANDIDATE
B5,MMC0_D2,MMC0_D2,IO,MMC,VDD3P3_SD/VDD1P8,1.K230&K230D管脚信息表,27,A27:F27; I27,bidirectional,bidirectional,bidirectional,false,dedicated digital bidirectional,DIRECT_PINOUT,normal functional operation,Use explicit dedicated pin direction; no GPIO mux exists for this physical function.,,,MMC0_D2,dedicated storage path; strobe unresolved
B6,MMC0_STROBE,MMC0_STROBE,I,MMC,VDD3P3_SD/VDD1P8,1.K230&K230D管脚信息表,28,A28:F28; I28,input,input,input,false,dedicated digital input,DIRECT_PINOUT,normal functional operation,Use explicit dedicated pin direction; no GPIO mux exists for this physical function.,,,MMC0_STROBE,dedicated storage path; strobe unresolved
B7,MMC0_D6,MMC0_D6,IO,MMC,VDD3P3_SD/VDD1P8,1.K230&K230D管脚信息表,29,A29:F29; I29,bidirectional,bidirectional,bidirectional,false,dedicated digital bidirectional,DIRECT_PINOUT,normal functional operation,Use explicit dedicated pin direction; no GPIO mux exists for this physical function.,,,MMC0_D6,dedicated storage path; strobe unresolved
B8,CLK24M_XIN,CLK24M_XIN,CIN,LVCMOS18,VDD1P8,1.K230&K230D管脚信息表,30,A30:F30; I30,bidirectional,input,input,true,crystal amplifier input,CRYSTAL_DIRECTION,normal functional operation,"Preserve CIN/COUT directional oscillator role; KiCad input/output class is not a claim of digital buffer behavior. Crystal, feedback resistor, load capacitors and startup must be checked separately.",HDG clock references,,CLK24_XIN,existing aux
B9,RSTN,RSTN,I,LVCMOS18,VDD1P8,1.K230&K230D管脚信息表,31,A31:F31; I31,input,input,input,false,dedicated digital input,DIRECT_PINOUT,normal functional operation,Use explicit dedicated pin direction; no GPIO mux exists for this physical function.,,,SOC_RSTN,existing aux
B10,GPIO65/INT1,INT1,I,PMU,AVDD1P8_LDO,1.K230&K230D管脚信息表,32,A32:F32; I32,bidirectional,bidirectional,bidirectional,false,private software I2C on mux-capable PMU GPIO,MUX_CAPABILITY,GPIO65/66/67/69 software I2C mux,"Official primary PMU function is input, but current design reuses GPIO with drive-low/release/read. Retain bidirectional; open-drain behavior and initialization require firmware/IO matrix checks.",TRM 12.9 and 14.5; internal-pmu-i2c-review,,PWR_CPU_SCL,parent verified private GPIO assignment / TEST_EN ground
B11,GPIO70/OUT0,OUT0,O,PMU,AVDD1P8_LDO,1.K230&K230D管脚信息表,33,A33:F33; I33,output,bidirectional,output,false,board-fixed PMU observation output; GPIO-capable reusable pad,MUX_CAPABILITY,current compact design only; status outputs,Current board routes PMU 70/71 status outputs to test points. Reusable symbol remains bidirectional.,TRM 14.3/14.5; PMU startup contract,,PMU_OUT0_STATUS,parent verified private GPIO assignment / TEST_EN ground
B12,CLK32K768_XIN,CLK32K768_XIN,CIN,LVCMOS18,AVDD1P8_RTC,1.K230&K230D管脚信息表,34,A34:F34; I34,bidirectional,input,input,true,crystal amplifier input,CRYSTAL_DIRECTION,normal functional operation,"Preserve CIN/COUT directional oscillator role; KiCad input/output class is not a claim of digital buffer behavior. Crystal, feedback resistor, load capacitors and startup must be checked separately.",HDG clock references,,RTC_XIN,existing aux
B13,VSS,VSS,G,—,—,1.K230&K230D管脚信息表,35,A35:F35; I35,power_in,power_in,power_in,false,ground return,DIRECT_PINOUT,normal functional operation,Keep actual source-input/ground electrical type; no type promotion to create an ERC source.,,,GND,named ground ball
B14,DDR_DQB2,DDR_DQ18_DQB2,IO,DDR,VDDIO_DDR,1.K230&K230D管脚信息表,36,A36:F36; I36,bidirectional,bidirectional,bidirectional,false,DDR data/strobe/DM-DBI,FUNCTIONAL_DERIVATION,normal functional operation,DQ and DQS transfer in both directions; LP4 DMI supports read DBI and write DM/DBI. Do not reduce DMI to output-only.,"Samsung LP4 p7 key features (read/write DBI), p10 ballout, p11 block diagram",,DDR_DQB3,01studio exact DDR join
B15,DDR_DQSB0P,DDR_DQS2P_DQSB0P,IO,DDR,VDDIO_DDR,1.K230&K230D管脚信息表,37,A37:F37; I37,bidirectional,bidirectional,bidirectional,false,DDR data/strobe/DM-DBI,FUNCTIONAL_DERIVATION,normal functional operation,DQ and DQS transfer in both directions; LP4 DMI supports read DBI and write DM/DBI. Do not reduce DMI to output-only.,"Samsung LP4 p7 key features (read/write DBI), p10 ballout, p11 block diagram",,DDR_DQSB0_P,01studio exact DDR join
B16,DDR_DQB5,DDR_DQ21_DQB5,IO,DDR,VDDIO_DDR,1.K230&K230D管脚信息表,38,A38:F38; I38,bidirectional,bidirectional,bidirectional,false,DDR data/strobe/DM-DBI,FUNCTIONAL_DERIVATION,normal functional operation,DQ and DQS transfer in both directions; LP4 DMI supports read DBI and write DM/DBI. Do not reduce DMI to output-only.,"Samsung LP4 p7 key features (read/write DBI), p10 ballout, p11 block diagram",,DDR_DQB5,01studio exact DDR join
B17,DDR_DQB7,DDR_DQ23_DQB7,IO,DDR,VDDIO_DDR,1.K230&K230D管脚信息表,39,A39:F39; I39,bidirectional,bidirectional,bidirectional,false,DDR data/strobe/DM-DBI,FUNCTIONAL_DERIVATION,normal functional operation,DQ and DQS transfer in both directions; LP4 DMI supports read DBI and write DM/DBI. Do not reduce DMI to output-only.,"Samsung LP4 p7 key features (read/write DBI), p10 ballout, p11 block diagram",,DDR_DQB7,01studio exact DDR join
B18,DDR_DQSB1P,DDR_DQS0P_DQSB1P,IO,DDR,VDDIO_DDR,1.K230&K230D管脚信息表,40,A40:F40; I40,bidirectional,bidirectional,bidirectional,false,DDR data/strobe/DM-DBI,FUNCTIONAL_DERIVATION,normal functional operation,DQ and DQS transfer in both directions; LP4 DMI supports read DBI and write DM/DBI. Do not reduce DMI to output-only.,"Samsung LP4 p7 key features (read/write DBI), p10 ballout, p11 block diagram",,DDR_DQSB1_P,01studio exact DDR join
B19,DDR_DQB9,DDR_DQ6_DQB9,IO,DDR,VDDIO_DDR,1.K230&K230D管脚信息表,41,A41:F41; I41,bidirectional,bidirectional,bidirectional,false,DDR data/strobe/DM-DBI,FUNCTIONAL_DERIVATION,normal functional operation,DQ and DQS transfer in both directions; LP4 DMI supports read DBI and write DM/DBI. Do not reduce DMI to output-only.,"Samsung LP4 p7 key features (read/write DBI), p10 ballout, p11 block diagram",,DDR_DQB15,01studio exact DDR join
B20,VSS,VSS,G,—,—,1.K230&K230D管脚信息表,42,A42:F42; I42,power_in,power_in,power_in,false,ground return,DIRECT_PINOUT,normal functional operation,Keep actual source-input/ground electrical type; no type promotion to create an ERC source.,,,GND,named ground ball
C1,ADC_4,ADC_4,I,ADC,AVDD1P8_ADC,1.K230&K230D管脚信息表,43,A43:F43; I43,bidirectional,input,input,true,analog signal input,ANALOG_SIGNAL_DIRECTION,normal functional operation,"Official analog signal direction maps to ERC input/output, not to digital electricalthresholds. Output bias/VCM pins are not generic power_out supplies.",,,ADC4,module-name correspondence CANDIDATE
C2,ADC_0,ADC_0,I,ADC,AVDD1P8_ADC,1.K230&K230D管脚信息表,44,A44:F44; I44,bidirectional,input,input,true,analog signal input,ANALOG_SIGNAL_DIRECTION,normal functional operation,"Official analog signal direction maps to ERC input/output, not to digital electricalthresholds. Output bias/VCM pins are not generic power_out supplies.",,,ADC0,module-name correspondence CANDIDATE
C3,USB0_VBUS,USB0_VBUS,IO,USB,AVDD3P3_USB,1.K230&K230D管脚信息表,45,A45:F45; I45,bidirectional,passive,passive,true,analog VBUS sense/current-limited interface,ANALOG_MODEL_EXCEPTION,normal functional operation,"VBUS sense connection requires 30k to 5V, not a normal CMOS power input.",HDG correspondingDDR/USB/MIPI circuit,KiCad has no analog-bias/calibration pin class. Passive documents this physical analog-node model; separately assert required resistor/divider/capacitor connectivity. It does not prove safe voltage or a no-use disposition.,USB0_VBUS,parent verified 01studio bias source
C4,USB1_TXRTUNE,USB1_TXRTUNE,IO,USB,AVDD3P3_USB,1.K230&K230D管脚信息表,46,A46:F46; I46,bidirectional,passive,passive,true,analog USB calibration,ANALOG_MODEL_EXCEPTION,normal functional operation,TXRTUNE external 200 ohm calibration resistor.,HDG correspondingDDR/USB/MIPI circuit,KiCad has no analog-bias/calibration pin class. Passive documents this physical analog-node model; separately assert required resistor/divider/capacitor connectivity. It does not prove safe voltage or a no-use disposition.,USB1_TXRTUNE,parent verified 01studio bias source
C5,MMC0_D1,MMC0_D1,IO,MMC,VDD3P3_SD/VDD1P8,1.K230&K230D管脚信息表,47,A47:F47; I47,bidirectional,bidirectional,bidirectional,false,dedicated digital bidirectional,DIRECT_PINOUT,normal functional operation,Use explicit dedicated pin direction; no GPIO mux exists for this physical function.,,,MMC0_D1,dedicated storage path; strobe unresolved
C6,MMC0_D3,MMC0_D3,IO,MMC,VDD3P3_SD/VDD1P8,1.K230&K230D管脚信息表,48,A48:F48; I48,bidirectional,bidirectional,bidirectional,false,dedicated digital bidirectional,DIRECT_PINOUT,normal functional operation,Use explicit dedicated pin direction; no GPIO mux exists for this physical function.,,,MMC0_D3,dedicated storage path; strobe unresolved
C7,MMC0_D7,MMC0_D7,IO,MMC,VDD3P3_SD/VDD1P8,1.K230&K230D管脚信息表,49,A49:F49; I49,bidirectional,bidirectional,bidirectional,false,dedicated digital bidirectional,DIRECT_PINOUT,normal functional operation,Use explicit dedicated pin direction; no GPIO mux exists for this physical function.,,,MMC0_D7,dedicated storage path; strobe unresolved
C8,GPIO0/BOOT0,GPIO0,IO,LVCMOS18,VDD1P8,1.K230&K230D管脚信息表,50,A50:F50; I50,bidirectional,bidirectional,bidirectional,false,mux-capable GPIO,MUX_CAPABILITY,normal functional operation,Preserve all GPIO alternate functions; default peripheral direction is not the complete pad capability.,,,BOOT0,existing aux
C9,GPIO1/BOOT1,GPIO1,IO,LVCMOS18,VDD1P8,1.K230&K230D管脚信息表,55,A55:F55; I55,bidirectional,bidirectional,bidirectional,false,mux-capable GPIO,MUX_CAPABILITY,normal functional operation,Preserve all GPIO alternate functions; default peripheral direction is not the complete pad capability.,,,BOOT1,existing aux
C10,GPIO64/INT0,INT0,I,PMU,AVDD1P8_LDO,1.K230&K230D管脚信息表,60,A60:F60; I60,input,bidirectional,input,false,board-fixed PMU input; GPIO-capable reusable pad,MUX_CAPABILITY,current compact design only; no GPIO/output remux,Current board PMU 64 inactive input and PMU 68 same-domain automatic-start strap require input-only firmware ownership. Reusable symbol remains bidirectional.,TRM 14.3/14.5; PMU startup contract,,PMU_INT0,parent verified private GPIO assignment / TEST_EN ground
C11,GPIO71/OUT1,OUT1,O,PMU,AVDD1P8_LDO,1.K230&K230D管脚信息表,61,A61:F61; I61,output,bidirectional,output,false,board-fixed PMU observation output; GPIO-capable reusable pad,MUX_CAPABILITY,current compact design only; status outputs,Current board routes PMU 70/71 status outputs to test points. Reusable symbol remains bidirectional.,TRM 14.3/14.5; PMU startup contract,,PMU_OUT1_STATUS,parent verified private GPIO assignment / TEST_EN ground
C12,GPIO68/INT4,INT4,I,PMU,AVDD1P8_LDO,1.K230&K230D管脚信息表,62,A62:F62; I62,input,bidirectional,input,false,board-fixed PMU input; GPIO-capable reusable pad,MUX_CAPABILITY,current compact design only; no GPIO/output remux,Current board PMU 64 inactive input and PMU 68 same-domain automatic-start strap require input-only firmware ownership. Reusable symbol remains bidirectional.,TRM 14.3/14.5; PMU startup contract,,PMU_INT4_AUTO_START,parent verified private GPIO assignment / TEST_EN ground
C13,VSS,VSS,G,—,—,1.K230&K230D管脚信息表,63,A63:F63; I63,power_in,power_in,power_in,false,ground return,DIRECT_PINOUT,normal functional operation,Keep actual source-input/ground electrical type; no type promotion to create an ERC source.,,,GND,named ground ball
C14,DDR_DQB0,DDR_DQ16_DQB0,IO,DDR,VDDIO_DDR,1.K230&K230D管脚信息表,64,A64:F64; I64,bidirectional,bidirectional,bidirectional,false,DDR data/strobe/DM-DBI,FUNCTIONAL_DERIVATION,normal functional operation,DQ and DQS transfer in both directions; LP4 DMI supports read DBI and write DM/DBI. Do not reduce DMI to output-only.,"Samsung LP4 p7 key features (read/write DBI), p10 ballout, p11 block diagram",,DDR_DQB2,01studio exact DDR join
C15,DDR_DMIB0,DDR_DM2_DMIB0,IO,DDR,VDDIO_DDR,1.K230&K230D管脚信息表,65,A65:F65; I65,bidirectional,bidirectional,bidirectional,false,DDR data/strobe/DM-DBI,FUNCTIONAL_DERIVATION,normal functional operation,DQ and DQS transfer in both directions; LP4 DMI supports read DBI and write DM/DBI. Do not reduce DMI to output-only.,"Samsung LP4 p7 key features (read/write DBI), p10 ballout, p11 block diagram",,DDR_DMIB0,01studio exact DDR join
C16,DDR_DQB6,DDR_DQ22_DQB6,IO,DDR,VDDIO_DDR,1.K230&K230D管脚信息表,66,A66:F66; I66,bidirectional,bidirectional,bidirectional,false,DDR data/strobe/DM-DBI,FUNCTIONAL_DERIVATION,normal functional operation,DQ and DQS transfer in both directions; LP4 DMI supports read DBI and write DM/DBI. Do not reduce DMI to output-only.,"Samsung LP4 p7 key features (read/write DBI), p10 ballout, p11 block diagram",,DDR_DQB6,01studio exact DDR join
C17,DDR_DQB15,DDR_DQ0_DQB15,IO,DDR,VDDIO_DDR,1.K230&K230D管脚信息表,67,A67:F67; I67,bidirectional,bidirectional,bidirectional,false,DDR data/strobe/DM-DBI,FUNCTIONAL_DERIVATION,normal functional operation,DQ and DQS transfer in both directions; LP4 DMI supports read DBI and write DM/DBI. Do not reduce DMI to output-only.,"Samsung LP4 p7 key features (read/write DBI), p10 ballout, p11 block diagram",,DDR_DQB9,01studio exact DDR join
C18,DDR_DQB12,DDR_DQ3_DQB12,IO,DDR,VDDIO_DDR,1.K230&K230D管脚信息表,68,A68:F68; I68,bidirectional,bidirectional,bidirectional,false,DDR data/strobe/DM-DBI,FUNCTIONAL_DERIVATION,normal functional operation,DQ and DQS transfer in both directions; LP4 DMI supports read DBI and write DM/DBI. Do not reduce DMI to output-only.,"Samsung LP4 p7 key features (read/write DBI), p10 ballout, p11 block diagram",,DDR_DQB8,01studio exact DDR join
C19,DDR_DQB8,DDR_DQ7_DQB8,IO,DDR,VDDIO_DDR,1.K230&K230D管脚信息表,69,A69:F69; I69,bidirectional,bidirectional,bidirectional,false,DDR data/strobe/DM-DBI,FUNCTIONAL_DERIVATION,normal functional operation,DQ and DQS transfer in both directions; LP4 DMI supports read DBI and write DM/DBI. Do not reduce DMI to output-only.,"Samsung LP4 p7 key features (read/write DBI), p10 ballout, p11 block diagram",,DDR_DQB14,01studio exact DDR join
C20,DDR_NC,DDR_NC,IO,DDR,VDDIO_DDR,1.K230&K230D管脚信息表,70,A70:F70; I70,bidirectional,no_connect,no_connect,true,documented DDR no-use in both LP3/LP4,DIRECT_PINOUT,normal functional operation,"Official row explicitly says NC in both supported DDR modes. no_connect is a documented no-use electrical classification, not proof that the physical ball is unbonded.",,,unconnected-(U1E-DDR_NC-PadC20),OFFICIAL_PINOUT_LP4_MODE_UNUSED
D1,ADC_5,ADC_5,I,ADC,AVDD1P8_ADC,1.K230&K230D管脚信息表,71,A71:F71; I71,bidirectional,input,input,true,analog signal input,ANALOG_SIGNAL_DIRECTION,normal functional operation,"Official analog signal direction maps to ERC input/output, not to digital electricalthresholds. Output bias/VCM pins are not generic power_out supplies.",,,ADC5,module-name correspondence CANDIDATE
D2,ADC_1,ADC_1,I,ADC,AVDD1P8_ADC,1.K230&K230D管脚信息表,72,A72:F72; I72,bidirectional,input,input,true,analog signal input,ANALOG_SIGNAL_DIRECTION,normal functional operation,"Official analog signal direction maps to ERC input/output, not to digital electricalthresholds. Output bias/VCM pins are not generic power_out supplies.",,,ADC1,module-name correspondence CANDIDATE
D3,USB0_ID,USB0_ID,IO,USB,AVDD3P3_USB,1.K230&K230D管脚信息表,73,A73:F73; I73,bidirectional,input,input,true,USB analog ID sense,FUNCTIONAL_DERIVATION,normal functional operation,Guide OTG mode selection andTRM ID sampling establish sense direction. ERC input expresses direction only; this is not a generic digital input threshold model.,TRM USB analog ID input sampling PDF p1131; HDG USB,WorkbookDIR=IO is generic USB classification. Verify analog ID termination separately.,USB0_ID,module-name correspondence CANDIDATE
D4,USB0_TXRTUNE,USB0_TXRTUNE,IO,USB,AVDD3P3_USB,1.K230&K230D管脚信息表,74,A74:F74; I74,bidirectional,passive,passive,true,analog USB calibration,ANALOG_MODEL_EXCEPTION,normal functional operation,TXRTUNE external 200 ohm calibration resistor.,HDG correspondingDDR/USB/MIPI circuit,KiCad has no analog-bias/calibration pin class. Passive documents this physical analog-node model; separately assert required resistor/divider/capacitor connectivity. It does not prove safe voltage or a no-use disposition.,USB0_TXRTUNE,parent verified 01studio bias source
D5,MMC0_D0,MMC0_D0,IO,MMC,VDD3P3_SD/VDD1P8,1.K230&K230D管脚信息表,75,A75:F75; I75,bidirectional,bidirectional,bidirectional,false,dedicated digital bidirectional,DIRECT_PINOUT,normal functional operation,Use explicit dedicated pin direction; no GPIO mux exists for this physical function.,,,MMC0_D0,dedicated storage path; strobe unresolved
D6,MMC0_CMD,MMC0_CMD,IO,MMC,VDD3P3_SD/VDD1P8,1.K230&K230D管脚信息表,76,A76:F76; I76,bidirectional,bidirectional,bidirectional,false,dedicated digital bidirectional,DIRECT_PINOUT,normal functional operation,Use explicit dedicated pin direction; no GPIO mux exists for this physical function.,,,MMC0_CMD,dedicated storage path; strobe unresolved
D7,MMC0_D4,MMC0_D4,IO,MMC,VDD3P3_SD/VDD1P8,1.K230&K230D管脚信息表,77,A77:F77; I77,bidirectional,bidirectional,bidirectional,false,dedicated digital bidirectional,DIRECT_PINOUT,normal functional operation,Use explicit dedicated pin direction; no GPIO mux exists for this physical function.,,,MMC0_D4,dedicated storage path; strobe unresolved
D8,ANA_TS_VTEST,ANA_TS_VTEST,O,—,—,1.K230&K230D管脚信息表,78,A78:F78; I78,output,output,output,false,analog signal output,ANALOG_SIGNAL_DIRECTION,normal functional operation,"Official analog signal direction maps to ERC input/output, not to digital electricalthresholds. Output bias/VCM pins are not generic power_out supplies.",,,unconnected-(U1J-ANA_TS_VTEST-PadD8),REFERENCE_UNUSED_ANALOG_TEST_OUTPUT
D9,VSS,VSS,G,—,—,1.K230&K230D管脚信息表,79,A79:F79; I79,power_in,power_in,power_in,false,ground return,DIRECT_PINOUT,normal functional operation,Keep actual source-input/ground electrical type; no type promotion to create an ERC source.,,,GND,named ground ball
D10,VSS,VSS,G,—,—,1.K230&K230D管脚信息表,80,A80:F80; I80,power_in,power_in,power_in,false,ground return,DIRECT_PINOUT,normal functional operation,Keep actual source-input/ground electrical type; no type promotion to create an ERC source.,,,GND,named ground ball
D11,VSS,VSS,G,—,—,1.K230&K230D管脚信息表,81,A81:F81; I81,power_in,power_in,power_in,false,ground return,DIRECT_PINOUT,normal functional operation,Keep actual source-input/ground electrical type; no type promotion to create an ERC source.,,,GND,named ground ball
D12,GPIO69/INT5,INT5,I,PMU,AVDD1P8_LDO,1.K230&K230D管脚信息表,82,A82:F82; I82,bidirectional,bidirectional,bidirectional,false,private software I2C on mux-capable PMU GPIO,MUX_CAPABILITY,GPIO65/66/67/69 software I2C mux,"Official primary PMU function is input, but current design reuses GPIO with drive-low/release/read. Retain bidirectional; open-drain behavior and initialization require firmware/IO matrix checks.",TRM 12.9 and 14.5; internal-pmu-i2c-review,,PWR_KPU_SDA,parent verified private GPIO assignment / TEST_EN ground
D13,VSS,VSS,G,—,—,1.K230&K230D管脚信息表,83,A83:F83; I83,power_in,power_in,power_in,false,ground return,DIRECT_PINOUT,normal functional operation,Keep actual source-input/ground electrical type; no type promotion to create an ERC source.,,,GND,named ground ball
D14,DDR_DQB1,DDR_DQ17_DQB1,IO,DDR,VDDIO_DDR,1.K230&K230D管脚信息表,84,A84:F84; I84,bidirectional,bidirectional,bidirectional,false,DDR data/strobe/DM-DBI,FUNCTIONAL_DERIVATION,normal functional operation,DQ and DQS transfer in both directions; LP4 DMI supports read DBI and write DM/DBI. Do not reduce DMI to output-only.,"Samsung LP4 p7 key features (read/write DBI), p10 ballout, p11 block diagram",,DDR_DQB4,01studio exact DDR join
D15,VSS,VSS,G,—,—,1.K230&K230D管脚信息表,85,A85:F85; I85,power_in,power_in,power_in,false,ground return,DIRECT_PINOUT,normal functional operation,Keep actual source-input/ground electrical type; no type promotion to create an ERC source.,,,GND,named ground ball
D16,DDR_DQB14,DDR_DQ1_DQB14,IO,DDR,VDDIO_DDR,1.K230&K230D管脚信息表,86,A86:F86; I86,bidirectional,bidirectional,bidirectional,false,DDR data/strobe/DM-DBI,FUNCTIONAL_DERIVATION,normal functional operation,DQ and DQS transfer in both directions; LP4 DMI supports read DBI and write DM/DBI. Do not reduce DMI to output-only.,"Samsung LP4 p7 key features (read/write DBI), p10 ballout, p11 block diagram",,DDR_DQB13,01studio exact DDR join
D17,DDR_DQB13,DDR_DQ2_DQB13,IO,DDR,VDDIO_DDR,1.K230&K230D管脚信息表,87,A87:F87; I87,bidirectional,bidirectional,bidirectional,false,DDR data/strobe/DM-DBI,FUNCTIONAL_DERIVATION,normal functional operation,DQ and DQS transfer in both directions; LP4 DMI supports read DBI and write DM/DBI. Do not reduce DMI to output-only.,"Samsung LP4 p7 key features (read/write DBI), p10 ballout, p11 block diagram",,DDR_DQB10,01studio exact DDR join
D18,DDR_DMIB1,DDR_DM0_DMIB1,IO,DDR,VDDIO_DDR,1.K230&K230D管脚信息表,88,A88:F88; I88,bidirectional,bidirectional,bidirectional,false,DDR data/strobe/DM-DBI,FUNCTIONAL_DERIVATION,normal functional operation,DQ and DQS transfer in both directions; LP4 DMI supports read DBI and write DM/DBI. Do not reduce DMI to output-only.,"Samsung LP4 p7 key features (read/write DBI), p10 ballout, p11 block diagram",,DDR_DMIB1,01studio exact DDR join
D19,DDR_NC,DDR_NC,IO,DDR,VDDIO_DDR,1.K230&K230D管脚信息表,89,A89:F89; I89,bidirectional,no_connect,no_connect,true,documented DDR no-use in both LP3/LP4,DIRECT_PINOUT,normal functional operation,"Official row explicitly says NC in both supported DDR modes. no_connect is a documented no-use electrical classification, not proof that the physical ball is unbonded.",,,unconnected-(U1E-DDR_NC-PadD19),OFFICIAL_PINOUT_LP4_MODE_UNUSED
D20,DDR_NC,DDR_NC,IO,DDR,VDDIO_DDR,1.K230&K230D管脚信息表,90,A90:F90; I90,bidirectional,no_connect,no_connect,true,documented DDR no-use in both LP3/LP4,DIRECT_PINOUT,normal functional operation,"Official row explicitly says NC in both supported DDR modes. no_connect is a documented no-use electrical classification, not proof that the physical ball is unbonded.",,,unconnected-(U1E-DDR_NC-PadD20),OFFICIAL_PINOUT_LP4_MODE_UNUSED
E1,MIC_PL,MICPL,I,Audio Codec,AVDD1P8_CODEC,1.K230&K230D管脚信息表,91,A91:F91; I91,bidirectional,input,input,true,analog signal input,ANALOG_SIGNAL_DIRECTION,normal functional operation,"Official analog signal direction maps to ERC input/output, not to digital electricalthresholds. Output bias/VCM pins are not generic power_out supplies.",,,MIC_PL,module-name correspondence CANDIDATE
E2,MIC_NL,MICNL,I,Audio Codec,AVDD1P8_CODEC,1.K230&K230D管脚信息表,92,A92:F92; I92,bidirectional,input,input,true,analog signal input,ANALOG_SIGNAL_DIRECTION,normal functional operation,"Official analog signal direction maps to ERC input/output, not to digital electricalthresholds. Output bias/VCM pins are not generic power_out supplies.",,,MIC_NL,module-name correspondence CANDIDATE
E3,MIC_BIAS,MIC_BIAS,O,Audio Codec,AVDD1P8_CODEC,1.K230&K230D管脚信息表,93,A93:F93; I93,bidirectional,output,output,true,analog signal output,ANALOG_SIGNAL_DIRECTION,normal functional operation,"Official analog signal direction maps to ERC input/output, not to digital electricalthresholds. Output bias/VCM pins are not generic power_out supplies.",,,MIC_BIAS,module-name correspondence CANDIDATE
E4,VSS,VSS,G,—,—,1.K230&K230D管脚信息表,94,A94:F94; I94,power_in,power_in,power_in,false,ground return,DIRECT_PINOUT,normal functional operation,Keep actual source-input/ground electrical type; no type promotion to create an ERC source.,,,GND,named ground ball
E6,VSS,VSS,G,—,—,1.K230&K230D管脚信息表,96,A96:F96; I96,power_in,power_in,power_in,false,ground return,DIRECT_PINOUT,normal functional operation,Keep actual source-input/ground electrical type; no type promotion to create an ERC source.,,,GND,named ground ball
E7,VSS,VSS,G,—,—,1.K230&K230D管脚信息表,97,A97:F97; I97,power_in,power_in,power_in,false,ground return,DIRECT_PINOUT,normal functional operation,Keep actual source-input/ground electrical type; no type promotion to create an ERC source.,,,GND,named ground ball
E8,VSS,VSS,G,—,—,1.K230&K230D管脚信息表,98,A98:F98; I98,power_in,power_in,power_in,false,ground return,DIRECT_PINOUT,normal functional operation,Keep actual source-input/ground electrical type; no type promotion to create an ERC source.,,,GND,named ground ball
E9,AVDD3P3_USB,AVDD3P3_USB,P,—,—,1.K230&K230D管脚信息表,99,A99:F99; I99,power_in,power_in,power_in,false,supply input,DIRECT_PINOUT,normal functional operation,Keep actual source-input/ground electrical type; no type promotion to create an ERC source.,,,AVDD3P3_USB,canonical rail endpoint; PMU shared RTC/LDO filtered domain
E10,VDD3P3_SD,VDD3P3_SD,P,—,—,1.K230&K230D管脚信息表,100,A100:F100; I100,power_in,power_in,power_in,false,supply input,DIRECT_PINOUT,normal functional operation,Keep actual source-input/ground electrical type; no type promotion to create an ERC source.,,,VDD3P3_SD,canonical rail endpoint; PMU shared RTC/LDO filtered domain
E11,VDD1P8,VDD1P8,P,—,—,1.K230&K230D管脚信息表,101,A101:F101; I101,power_in,power_in,power_in,false,supply input,DIRECT_PINOUT,normal functional operation,Keep actual source-input/ground electrical type; no type promotion to create an ERC source.,,,VDD1P8,canonical rail endpoint; PMU shared RTC/LDO filtered domain
E12,VSS,VSS,G,—,—,1.K230&K230D管脚信息表,102,A102:F102; I102,power_in,power_in,power_in,false,ground return,DIRECT_PINOUT,normal functional operation,Keep actual source-input/ground electrical type; no type promotion to create an ERC source.,,,GND,named ground ball
E13,VSS,VSS,G,—,—,1.K230&K230D管脚信息表,103,A103:F103; I103,power_in,power_in,power_in,false,ground return,DIRECT_PINOUT,normal functional operation,Keep actual source-input/ground electrical type; no type promotion to create an ERC source.,,,GND,named ground ball
E14,VSS,VSS,G,—,—,1.K230&K230D管脚信息表,104,A104:F104; I104,power_in,power_in,power_in,false,ground return,DIRECT_PINOUT,normal functional operation,Keep actual source-input/ground electrical type; no type promotion to create an ERC source.,,,GND,named ground ball
E15,VSS,VSS,G,—,—,1.K230&K230D管脚信息表,105,A105:F105; I105,power_in,power_in,power_in,false,ground return,DIRECT_PINOUT,normal functional operation,Keep actual source-input/ground electrical type; no type promotion to create an ERC source.,,,GND,named ground ball
E16,VSS,VSS,G,—,—,1.K230&K230D管脚信息表,106,A106:F106; I106,power_in,power_in,power_in,false,ground return,DIRECT_PINOUT,normal functional operation,Keep actual source-input/ground electrical type; no type promotion to create an ERC source.,,,GND,named ground ball
E17,DDR_DQB10,DDR_DQ5_DQB10,IO,DDR,VDDIO_DDR,1.K230&K230D管脚信息表,107,A107:F107; I107,bidirectional,bidirectional,bidirectional,false,DDR data/strobe/DM-DBI,FUNCTIONAL_DERIVATION,normal functional operation,DQ and DQS transfer in both directions; LP4 DMI supports read DBI and write DM/DBI. Do not reduce DMI to output-only.,"Samsung LP4 p7 key features (read/write DBI), p10 ballout, p11 block diagram",,DDR_DQB11,01studio exact DDR join
E18,DDR_DQB11,DDR_DQ4_DQB11,IO,DDR,VDDIO_DDR,1.K230&K230D管脚信息表,108,A108:F108; I108,bidirectional,bidirectional,bidirectional,false,DDR data/strobe/DM-DBI,FUNCTIONAL_DERIVATION,normal functional operation,DQ and DQS transfer in both directions; LP4 DMI supports read DBI and write DM/DBI. Do not reduce DMI to output-only.,"Samsung LP4 p7 key features (read/write DBI), p10 ballout, p11 block diagram",,DDR_DQB12,01studio exact DDR join
E19,VSS,VSS,G,—,—,1.K230&K230D管脚信息表,109,A109:F109; I109,power_in,power_in,power_in,false,ground return,DIRECT_PINOUT,normal functional operation,Keep actual source-input/ground electrical type; no type promotion to create an ERC source.,,,GND,named ground ball
E20,DDR_CAB0,DDR_NC_CAB0,IO,DDR,VDD1P1_DDR_IO,1.K230&K230D管脚信息表,110,A110:F110; I110,bidirectional,output,output,true,DDR controller command/clock/reset output,FUNCTIONAL_DERIVATION,normal functional operation,"Controller drives DRAM CA, CS, CKE, differential CLK or RESET. DIR=IO is a coarse workbook classification; selected memory endpoints/protocol establish controller direction.",HDG Figure3-12; Samsung LP4 pp10-11,Derived functional direction; source workbookDIR remainsIO.,DDR_CAB0,01studio exact DDR join
F1,MIC_PR,MICPR,I,Audio Codec,AVDD1P8_CODEC,1.K230&K230D管脚信息表,111,A111:F111; I111,bidirectional,input,input,true,analog signal input,ANALOG_SIGNAL_DIRECTION,normal functional operation,"Official analog signal direction maps to ERC input/output, not to digital electricalthresholds. Output bias/VCM pins are not generic power_out supplies.",,,MIC_PR,module-name correspondence CANDIDATE
F2,MIC_NR,MICNR,I,Audio Codec,AVDD1P8_CODEC,1.K230&K230D管脚信息表,112,A112:F112; I112,bidirectional,input,input,true,analog signal input,ANALOG_SIGNAL_DIRECTION,normal functional operation,"Official analog signal direction maps to ERC input/output, not to digital electricalthresholds. Output bias/VCM pins are not generic power_out supplies.",,,MIC_NR,module-name correspondence CANDIDATE
F3,CODEC_VCM,CODEC_VCM,O,Audio Codec,AVDD1P8_CODEC,1.K230&K230D管脚信息表,113,A113:F113; I113,bidirectional,output,output,true,analog signal output,ANALOG_SIGNAL_DIRECTION,normal functional operation,"Official analog signal direction maps to ERC input/output, not to digital electricalthresholds. Output bias/VCM pins are not generic power_out supplies.",,,CODEC_VCM,parent verified 01studio bias source
F4,VSS,VSS,G,—,—,1.K230&K230D管脚信息表,114,A114:F114; I114,power_in,power_in,power_in,false,ground return,DIRECT_PINOUT,normal functional operation,Keep actual source-input/ground electrical type; no type promotion to create an ERC source.,,,GND,named ground ball
F6,VSS,VSS,G,—,—,1.K230&K230D管脚信息表,116,A116:F116; I116,power_in,power_in,power_in,false,ground return,DIRECT_PINOUT,normal functional operation,Keep actual source-input/ground electrical type; no type promotion to create an ERC source.,,,GND,named ground ball
F7,AVDD1P8_CODEC,AVDD1P8_CODEC,P,—,—,1.K230&K230D管脚信息表,117,A117:F117; I117,power_in,power_in,power_in,false,supply input,DIRECT_PINOUT,normal functional operation,Keep actual source-input/ground electrical type; no type promotion to create an ERC source.,,,AVDD1P8_CODEC,canonical rail endpoint; PMU shared RTC/LDO filtered domain
F8,AVDD1P8_ADC,AVDD1P8_ADC,P,—,—,1.K230&K230D管脚信息表,118,A118:F118; I118,power_in,power_in,power_in,false,supply input,DIRECT_PINOUT,normal functional operation,Keep actual source-input/ground electrical type; no type promotion to create an ERC source.,,,AVDD1P8_ADC,canonical rail endpoint; PMU shared RTC/LDO filtered domain
F9,AVDD1P8_USB,AVDD1P8_USB,P,—,—,1.K230&K230D管脚信息表,119,A119:F119; I119,power_in,power_in,power_in,false,supply input,DIRECT_PINOUT,normal functional operation,Keep actual source-input/ground electrical type; no type promotion to create an ERC source.,,,AVDD1P8_USB,canonical rail endpoint; PMU shared RTC/LDO filtered domain
F10,VSS,VSS,G,—,—,1.K230&K230D管脚信息表,120,A120:F120; I120,power_in,power_in,power_in,false,ground return,DIRECT_PINOUT,normal functional operation,Keep actual source-input/ground electrical type; no type promotion to create an ERC source.,,,GND,named ground ball
F11,AVSS,AVSS,G,—,—,1.K230&K230D管脚信息表,121,A121:F121; I121,power_in,power_in,power_in,false,ground return,DIRECT_PINOUT,normal functional operation,Keep actual source-input/ground electrical type; no type promotion to create an ERC source.,,,GND,named ground ball
F12,VDD0P8_CORE,VDD0P8_CORE,P,—,—,1.K230&K230D管脚信息表,122,A122:F122; I122,power_in,power_in,power_in,false,supply input,DIRECT_PINOUT,normal functional operation,Keep actual source-input/ground electrical type; no type promotion to create an ERC source.,,,VDD0P8_CORE,canonical rail endpoint; PMU shared RTC/LDO filtered domain
F13,VDD1P8,VDD1P8,P,—,—,1.K230&K230D管脚信息表,123,A123:F123; I123,power_in,power_in,power_in,false,supply input,DIRECT_PINOUT,normal functional operation,Keep actual source-input/ground electrical type; no type promotion to create an ERC source.,,,VDD1P8,canonical rail endpoint; PMU shared RTC/LDO filtered domain
F14,AVDD1P8_LDO,AVDD1P8_LDO,P,—,—,1.K230&K230D管脚信息表,124,A124:F124; I124,power_in,power_in,power_in,false,supply input,DIRECT_PINOUT,normal functional operation,Keep actual source-input/ground electrical type; no type promotion to create an ERC source.,,,AVDD1P8_PMU,canonical rail endpoint; PMU shared RTC/LDO filtered domain
F15,AVDD1P8_RTC,AVDD1P8_RTC,P,—,—,1.K230&K230D管脚信息表,125,A125:F125; I125,power_in,power_in,power_in,false,supply input,DIRECT_PINOUT,normal functional operation,Keep actual source-input/ground electrical type; no type promotion to create an ERC source.,,,AVDD1P8_PMU,canonical rail endpoint; PMU shared RTC/LDO filtered domain
F16,VSS,VSS,G,—,—,1.K230&K230D管脚信息表,126,A126:F126; I126,power_in,power_in,power_in,false,ground return,DIRECT_PINOUT,normal functional operation,Keep actual source-input/ground electrical type; no type promotion to create an ERC source.,,,GND,named ground ball
F17,DDR_CAB4,DDR_NC_CAB4,IO,DDR,VDDIO_DDR,1.K230&K230D管脚信息表,127,A127:F127; I127,bidirectional,output,output,true,DDR controller command/clock/reset output,FUNCTIONAL_DERIVATION,normal functional operation,"Controller drives DRAM CA, CS, CKE, differential CLK or RESET. DIR=IO is a coarse workbook classification; selected memory endpoints/protocol establish controller direction.",HDG Figure3-12; Samsung LP4 pp10-11,Derived functional direction; source workbookDIR remainsIO.,DDR_CAB4,01studio exact DDR join
F18,DDR_NC,DDR_NC,IO,DDR,VDDIO_DDR,1.K230&K230D管脚信息表,128,A128:F128; I128,bidirectional,no_connect,no_connect,true,documented DDR no-use in both LP3/LP4,DIRECT_PINOUT,normal functional operation,"Official row explicitly says NC in both supported DDR modes. no_connect is a documented no-use electrical classification, not proof that the physical ball is unbonded.",,,unconnected-(U1E-DDR_NC-PadF18),OFFICIAL_PINOUT_LP4_MODE_UNUSED
F19,DDR_CAB5,DDR_NC_CAB5,IO,DDR,VDDIO_DDR,1.K230&K230D管脚信息表,129,A129:F129; I129,bidirectional,output,output,true,DDR controller command/clock/reset output,FUNCTIONAL_DERIVATION,normal functional operation,"Controller drives DRAM CA, CS, CKE, differential CLK or RESET. DIR=IO is a coarse workbook classification; selected memory endpoints/protocol establish controller direction.",HDG Figure3-12; Samsung LP4 pp10-11,Derived functional direction; source workbookDIR remainsIO.,DDR_CAB5,01studio exact DDR join
F20,DDR_CLKBN,DDR_NC_CLKBN,IO,DDR,VDDIO_DDR,1.K230&K230D管脚信息表,130,A130:F130; I130,bidirectional,output,output,true,DDR controller command/clock/reset output,FUNCTIONAL_DERIVATION,normal functional operation,"Controller drives DRAM CA, CS, CKE, differential CLK or RESET. DIR=IO is a coarse workbook classification; selected memory endpoints/protocol establish controller direction.",HDG Figure3-12; Samsung LP4 pp10-11,Derived functional direction; source workbookDIR remainsIO.,DDR_CLKB_N,01studio exact DDR join
G1,HP_OUTL,HPOUTL,O,Audio Codec,AVDD1P8_CODEC,1.K230&K230D管脚信息表,131,A131:F131; I131,bidirectional,output,output,true,analog signal output,ANALOG_SIGNAL_DIRECTION,normal functional operation,"Official analog signal direction maps to ERC input/output, not to digital electricalthresholds. Output bias/VCM pins are not generic power_out supplies.",,,HP_OUTL,module-name correspondence CANDIDATE
G2,HP_OUTR,HPOUTR,O,Audio Codec,AVDD1P8_CODEC,1.K230&K230D管脚信息表,132,A132:F132; I132,bidirectional,output,output,true,analog signal output,ANALOG_SIGNAL_DIRECTION,normal functional operation,"Official analog signal direction maps to ERC input/output, not to digital electricalthresholds. Output bias/VCM pins are not generic power_out supplies.",,,HP_OUTR,module-name correspondence CANDIDATE
G3,ADC_3,ADC_3,I,ADC,AVDD1P8_ADC,1.K230&K230D管脚信息表,133,A133:F133; I133,bidirectional,input,input,true,analog signal input,ANALOG_SIGNAL_DIRECTION,normal functional operation,"Official analog signal direction maps to ERC input/output, not to digital electricalthresholds. Output bias/VCM pins are not generic power_out supplies.",,,ADC3,module-name correspondence CANDIDATE
G4,GPIO48/UART4_TXD/IIC0_SCL/SPI2AXI_DIN,GPIO48,IO,LVCMOS18/33,VDDIO_BANK3,1.K230&K230D管脚信息表,134,A134:F134; I134,bidirectional,bidirectional,bidirectional,false,mux-capable GPIO,MUX_CAPABILITY,normal functional operation,Preserve all GPIO alternate functions; default peripheral direction is not the complete pad capability.,,,BANK3_GPIO48,module-name correspondence CANDIDATE
G5,GPIO49/UART4_RXD/IIC0_SDA/SPI2AXI_DOUT,GPIO49,IO,LVCMOS18/33,VDDIO_BANK3,1.K230&K230D管脚信息表,139,A139:F139; I139,bidirectional,bidirectional,bidirectional,false,mux-capable GPIO,MUX_CAPABILITY,normal functional operation,Preserve all GPIO alternate functions; default peripheral direction is not the complete pad capability.,,,BANK3_GPIO49,module-name correspondence CANDIDATE
G6,VSS,VSS,G,—,—,1.K230&K230D管脚信息表,144,A144:F144; I144,power_in,power_in,power_in,false,ground return,DIRECT_PINOUT,normal functional operation,Keep actual source-input/ground electrical type; no type promotion to create an ERC source.,,,GND,named ground ball
G7,AVSS,AVSS,G,—,—,1.K230&K230D管脚信息表,145,A145:F145; I145,power_in,power_in,power_in,false,ground return,DIRECT_PINOUT,normal functional operation,Keep actual source-input/ground electrical type; no type promotion to create an ERC source.,,,GND,named ground ball
G8,AVSS,AVSS,G,—,—,1.K230&K230D管脚信息表,146,A146:F146; I146,power_in,power_in,power_in,false,ground return,DIRECT_PINOUT,normal functional operation,Keep actual source-input/ground electrical type; no type promotion to create an ERC source.,,,GND,named ground ball
G9,VDD0P8_CORE,VDD0P8_CORE,P,—,—,1.K230&K230D管脚信息表,147,A147:F147; I147,power_in,power_in,power_in,false,supply input,DIRECT_PINOUT,normal functional operation,Keep actual source-input/ground electrical type; no type promotion to create an ERC source.,,,VDD0P8_CORE,canonical rail endpoint; PMU shared RTC/LDO filtered domain
G10,VDD0P8_CORE,VDD0P8_CORE,P,—,—,1.K230&K230D管脚信息表,148,A148:F148; I148,power_in,power_in,power_in,false,supply input,DIRECT_PINOUT,normal functional operation,Keep actual source-input/ground electrical type; no type promotion to create an ERC source.,,,VDD0P8_CORE,canonical rail endpoint; PMU shared RTC/LDO filtered domain
G11,AVDD0P8_PLL,AVDD0P8_PLL,P,—,—,1.K230&K230D管脚信息表,149,A149:F149; I149,power_in,power_in,power_in,false,supply input,DIRECT_PINOUT,normal functional operation,Keep actual source-input/ground electrical type; no type promotion to create an ERC source.,,,AVDD0P8_PLL,canonical rail endpoint; PMU shared RTC/LDO filtered domain
G12,VDD0P8_CPU,VDD0P8_CPU,P,—,—,1.K230&K230D管脚信息表,150,A150:F150; I150,power_in,power_in,power_in,false,supply input,DIRECT_PINOUT,normal functional operation,Keep actual source-input/ground electrical type; no type promotion to create an ERC source.,,,VDD0P8_CPU,canonical rail endpoint; PMU shared RTC/LDO filtered domain
G13,VSS,VSS,G,—,—,1.K230&K230D管脚信息表,151,A151:F151; I151,power_in,power_in,power_in,false,ground return,DIRECT_PINOUT,normal functional operation,Keep actual source-input/ground electrical type; no type promotion to create an ERC source.,,,GND,named ground ball
G14,VSS,VSS,G,—,—,1.K230&K230D管脚信息表,152,A152:F152; I152,power_in,power_in,power_in,false,ground return,DIRECT_PINOUT,normal functional operation,Keep actual source-input/ground electrical type; no type promotion to create an ERC source.,,,GND,named ground ball
G15,VSS,VSS,G,—,—,1.K230&K230D管脚信息表,153,A153:F153; I153,power_in,power_in,power_in,false,ground return,DIRECT_PINOUT,normal functional operation,Keep actual source-input/ground electrical type; no type promotion to create an ERC source.,,,GND,named ground ball
G16,VSS,VSS,G,—,—,1.K230&K230D管脚信息表,154,A154:F154; I154,power_in,power_in,power_in,false,ground return,DIRECT_PINOUT,normal functional operation,Keep actual source-input/ground electrical type; no type promotion to create an ERC source.,,,GND,named ground ball
G17,DDR_NC,DDR_NC,IO,DDR,VDDIO_DDR,1.K230&K230D管脚信息表,155,A155:F155; I155,bidirectional,no_connect,no_connect,true,documented DDR no-use in both LP3/LP4,DIRECT_PINOUT,normal functional operation,"Official row explicitly says NC in both supported DDR modes. no_connect is a documented no-use electrical classification, not proof that the physical ball is unbonded.",,,unconnected-(U1E-DDR_NC-PadG17),OFFICIAL_PINOUT_LP4_MODE_UNUSED
G18,DDR_CAB2,DDR_NC_CAB2,IO,DDR,VDDIO_DDR,1.K230&K230D管脚信息表,156,A156:F156; I156,bidirectional,output,output,true,DDR controller command/clock/reset output,FUNCTIONAL_DERIVATION,normal functional operation,"Controller drives DRAM CA, CS, CKE, differential CLK or RESET. DIR=IO is a coarse workbook classification; selected memory endpoints/protocol establish controller direction.",HDG Figure3-12; Samsung LP4 pp10-11,Derived functional direction; source workbookDIR remainsIO.,DDR_CAB2,01studio exact DDR join
G19,DDR_CAB1,DDR_NC_CAB1,IO,DDR,VDDIO_DDR,1.K230&K230D管脚信息表,157,A157:F157; I157,bidirectional,output,output,true,DDR controller command/clock/reset output,FUNCTIONAL_DERIVATION,normal functional operation,"Controller drives DRAM CA, CS, CKE, differential CLK or RESET. DIR=IO is a coarse workbook classification; selected memory endpoints/protocol establish controller direction.",HDG Figure3-12; Samsung LP4 pp10-11,Derived functional direction; source workbookDIR remainsIO.,DDR_CAB1,01studio exact DDR join
G20,DDR_CLKBP,DDR_NC_CLKBP,IO,DDR,VDDIO_DDR,1.K230&K230D管脚信息表,158,A158:F158; I158,bidirectional,output,output,true,DDR controller command/clock/reset output,FUNCTIONAL_DERIVATION,normal functional operation,"Controller drives DRAM CA, CS, CKE, differential CLK or RESET. DIR=IO is a coarse workbook classification; selected memory endpoints/protocol establish controller direction.",HDG Figure3-12; Samsung LP4 pp10-11,Derived functional direction; source workbookDIR remainsIO.,DDR_CLKB_P,01studio exact DDR join
H1,GPIO42/UART1_RTS/PWM0/QSPI1_D2,GPIO42,IO,LVCMOS18/33,VDDIO_BANK3,1.K230&K230D管脚信息表,159,A159:F159; I159,bidirectional,bidirectional,bidirectional,false,mux-capable GPIO,MUX_CAPABILITY,normal functional operation,Preserve all GPIO alternate functions; default peripheral direction is not the complete pad capability.,,,BANK3_GPIO42,module-name correspondence CANDIDATE
H2,GPIO44/UART2_TXD/IIC3_SCL/SPI2AXI_CLK,GPIO44,IO,LVCMOS18/33,VDDIO_BANK3,1.K230&K230D管脚信息表,164,A164:F164; I164,bidirectional,bidirectional,bidirectional,false,mux-capable GPIO,MUX_CAPABILITY,normal functional operation,Preserve all GPIO alternate functions; default peripheral direction is not the complete pad capability.,,,BANK3_GPIO44,module-name correspondence CANDIDATE
H3,GPIO45/UART2_RXD/IIC3_SDA/SPI2AXI_CS,GPIO45,IO,LVCMOS18/33,VDDIO_BANK3,1.K230&K230D管脚信息表,169,A169:F169; I169,bidirectional,bidirectional,bidirectional,false,mux-capable GPIO,MUX_CAPABILITY,normal functional operation,Preserve all GPIO alternate functions; default peripheral direction is not the complete pad capability.,,,BANK3_GPIO45,module-name correspondence CANDIDATE
H4,GPIO46/UART2_RTS/PWM2/IIC4_SCL,GPIO46,IO,LVCMOS18/33,VDDIO_BANK3,1.K230&K230D管脚信息表,174,A174:F174; I174,bidirectional,bidirectional,bidirectional,false,mux-capable GPIO,MUX_CAPABILITY,normal functional operation,Preserve all GPIO alternate functions; default peripheral direction is not the complete pad capability.,,,BANK3_GPIO46,module-name correspondence CANDIDATE
H5,GPIO47/UART2_CTS/PWM3/IIC4_SDA,GPIO47,IO,LVCMOS18/33,VDDIO_BANK3,1.K230&K230D管脚信息表,179,A179:F179; I179,bidirectional,bidirectional,bidirectional,false,mux-capable GPIO,MUX_CAPABILITY,normal functional operation,Preserve all GPIO alternate functions; default peripheral direction is not the complete pad capability.,,,BANK3_GPIO47,module-name correspondence CANDIDATE
H6,VDDIO_BANK3,VDDIO_BANK3,P,—,—,1.K230&K230D管脚信息表,184,A184:F184; I184,power_in,power_in,power_in,false,supply input,DIRECT_PINOUT,normal functional operation,Keep actual source-input/ground electrical type; no type promotion to create an ERC source.,,,BANK3_VDDIO,module-name correspondence CANDIDATE
H7,VSS,VSS,G,—,—,1.K230&K230D管脚信息表,185,A185:F185; I185,power_in,power_in,power_in,false,ground return,DIRECT_PINOUT,normal functional operation,Keep actual source-input/ground electrical type; no type promotion to create an ERC source.,,,GND,named ground ball
H8,VDD0P8_KPU,VDD0P8_KPU,P,—,—,1.K230&K230D管脚信息表,186,A186:F186; I186,power_in,power_in,power_in,false,supply input,DIRECT_PINOUT,normal functional operation,Keep actual source-input/ground electrical type; no type promotion to create an ERC source.,,,VDD0P8_KPU,canonical rail endpoint; PMU shared RTC/LDO filtered domain
H9,VDD0P8_KPU,VDD0P8_KPU,P,—,—,1.K230&K230D管脚信息表,187,A187:F187; I187,power_in,power_in,power_in,false,supply input,DIRECT_PINOUT,normal functional operation,Keep actual source-input/ground electrical type; no type promotion to create an ERC source.,,,VDD0P8_KPU,canonical rail endpoint; PMU shared RTC/LDO filtered domain
H10,VDD0P8_KPU,VDD0P8_KPU,P,—,—,1.K230&K230D管脚信息表,188,A188:F188; I188,power_in,power_in,power_in,false,supply input,DIRECT_PINOUT,normal functional operation,Keep actual source-input/ground electrical type; no type promotion to create an ERC source.,,,VDD0P8_KPU,canonical rail endpoint; PMU shared RTC/LDO filtered domain
H11,VSS,VSS,G,—,—,1.K230&K230D管脚信息表,189,A189:F189; I189,power_in,power_in,power_in,false,ground return,DIRECT_PINOUT,normal functional operation,Keep actual source-input/ground electrical type; no type promotion to create an ERC source.,,,GND,named ground ball
H12,VDD0P8_CPU,VDD0P8_CPU,P,—,—,1.K230&K230D管脚信息表,190,A190:F190; I190,power_in,power_in,power_in,false,supply input,DIRECT_PINOUT,normal functional operation,Keep actual source-input/ground electrical type; no type promotion to create an ERC source.,,,VDD0P8_CPU,canonical rail endpoint; PMU shared RTC/LDO filtered domain
H13,VSS,VSS,G,—,—,1.K230&K230D管脚信息表,191,A191:F191; I191,power_in,power_in,power_in,false,ground return,DIRECT_PINOUT,normal functional operation,Keep actual source-input/ground electrical type; no type promotion to create an ERC source.,,,GND,named ground ball
H14,VDD1P1_DDR_IO,VDDIO_DDR,P,—,—,1.K230&K230D管脚信息表,192,A192:F192; I192,power_in,power_in,power_in,false,supply input,DIRECT_PINOUT,normal functional operation,Keep actual source-input/ground electrical type; no type promotion to create an ERC source.,,,VDD1P1_DDR_IO,canonical rail endpoint; PMU shared RTC/LDO filtered domain
H15,VSS,VSS,G,—,—,1.K230&K230D管脚信息表,193,A193:F193; I193,power_in,power_in,power_in,false,ground return,DIRECT_PINOUT,normal functional operation,Keep actual source-input/ground electrical type; no type promotion to create an ERC source.,,,GND,named ground ball
H16,VSS,VSS,G,—,—,1.K230&K230D管脚信息表,194,A194:F194; I194,power_in,power_in,power_in,false,ground return,DIRECT_PINOUT,normal functional operation,Keep actual source-input/ground electrical type; no type promotion to create an ERC source.,,,GND,named ground ball
H17,DDR_CAB3,DDR_NC_CAB3,IO,DDR,VDDIO_DDR,1.K230&K230D管脚信息表,195,A195:F195; I195,bidirectional,output,output,true,DDR controller command/clock/reset output,FUNCTIONAL_DERIVATION,normal functional operation,"Controller drives DRAM CA, CS, CKE, differential CLK or RESET. DIR=IO is a coarse workbook classification; selected memory endpoints/protocol establish controller direction.",HDG Figure3-12; Samsung LP4 pp10-11,Derived functional direction; source workbookDIR remainsIO.,DDR_CAB3,01studio exact DDR join
H18,DDR_NC,DDR_NC,IO,DDR,VDDIO_DDR,1.K230&K230D管脚信息表,196,A196:F196; I196,bidirectional,no_connect,no_connect,true,documented DDR no-use in both LP3/LP4,DIRECT_PINOUT,normal functional operation,"Official row explicitly says NC in both supported DDR modes. no_connect is a documented no-use electrical classification, not proof that the physical ball is unbonded.",,,unconnected-(U1E-DDR_NC-PadH18),OFFICIAL_PINOUT_LP4_MODE_UNUSED
H19,DDR_NC,DDR_NC,IO,DDR,VDDIO_DDR,1.K230&K230D管脚信息表,197,A197:F197; I197,bidirectional,no_connect,no_connect,true,documented DDR no-use in both LP3/LP4,DIRECT_PINOUT,normal functional operation,"Official row explicitly says NC in both supported DDR modes. no_connect is a documented no-use electrical classification, not proof that the physical ball is unbonded.",,,unconnected-(U1E-DDR_NC-PadH19),OFFICIAL_PINOUT_LP4_MODE_UNUSED
H20,VSS,VSS,G,—,—,1.K230&K230D管脚信息表,198,A198:F198; I198,power_in,power_in,power_in,false,ground return,DIRECT_PINOUT,normal functional operation,Keep actual source-input/ground electrical type; no type promotion to create an ERC source.,,,GND,named ground ball
J1,GPIO41/UART1_RXD/IIC1_SDA/QSPI1_D1,GPIO41,IO,LVCMOS18/33,VDDIO_BANK3,1.K230&K230D管脚信息表,199,A199:F199; I199,bidirectional,bidirectional,bidirectional,false,mux-capable GPIO,MUX_CAPABILITY,normal functional operation,Preserve all GPIO alternate functions; default peripheral direction is not the complete pad capability.,,,BANK3_GPIO41,module-name correspondence CANDIDATE
J2,GPIO40/UART1_TXD/IIC1_SCL/QSPI1_D0,GPIO40,IO,LVCMOS18/33,VDDIO_BANK3,1.K230&K230D管脚信息表,204,A204:F204; I204,bidirectional,bidirectional,bidirectional,false,mux-capable GPIO,MUX_CAPABILITY,normal functional operation,Preserve all GPIO alternate functions; default peripheral direction is not the complete pad capability.,,,BANK3_GPIO40,module-name correspondence CANDIDATE
J3,GPIO39/UART0_RXD/QSPI1_CLK/VSYNC0,GPIO39,IO,LVCMOS18/33,VDDIO_BANK3,1.K230&K230D管脚信息表,209,A209:F209; I209,bidirectional,bidirectional,bidirectional,false,mux-capable GPIO,MUX_CAPABILITY,normal functional operation,Preserve all GPIO alternate functions; default peripheral direction is not the complete pad capability.,,,BANK3_GPIO39,module-name correspondence CANDIDATE
J4,GPIO38/UART0_TXD/QSPI1_CS0/HSYNC0,GPIO38,IO,LVCMOS18/33,VDDIO_BANK3,1.K230&K230D管脚信息表,214,A214:F214; I214,bidirectional,bidirectional,bidirectional,false,mux-capable GPIO,MUX_CAPABILITY,normal functional operation,Preserve all GPIO alternate functions; default peripheral direction is not the complete pad capability.,,,BANK3_GPIO38,module-name correspondence CANDIDATE
J5,GPIO14/OSPI_CS/QSPI0_CS0,GPIO14,IO,LVCMOS18/33,VDDIO_BANK1,1.K230&K230D管脚信息表,219,A219:F219; I219,bidirectional,bidirectional,bidirectional,false,mux-capable GPIO,MUX_CAPABILITY,normal functional operation,Preserve all GPIO alternate functions; default peripheral direction is not the complete pad capability.,,,BANK1_GPIO14,module-name correspondence CANDIDATE
J6,GPIO43/UART1_CTS/PWM1/QSPI1_D3,GPIO43,IO,LVCMOS18/33,VDDIO_BANK3,1.K230&K230D管脚信息表,224,A224:F224; I224,bidirectional,bidirectional,bidirectional,false,mux-capable GPIO,MUX_CAPABILITY,normal functional operation,Preserve all GPIO alternate functions; default peripheral direction is not the complete pad capability.,,,BANK3_GPIO43,module-name correspondence CANDIDATE
J7,VSS,VSS,G,—,—,1.K230&K230D管脚信息表,229,A229:F229; I229,power_in,power_in,power_in,false,ground return,DIRECT_PINOUT,normal functional operation,Keep actual source-input/ground electrical type; no type promotion to create an ERC source.,,,GND,named ground ball
J8,VDD0P8_KPU,VDD0P8_KPU,P,—,—,1.K230&K230D管脚信息表,230,A230:F230; I230,power_in,power_in,power_in,false,supply input,DIRECT_PINOUT,normal functional operation,Keep actual source-input/ground electrical type; no type promotion to create an ERC source.,,,VDD0P8_KPU,canonical rail endpoint; PMU shared RTC/LDO filtered domain
J9,VDD0P8_KPU,VDD0P8_KPU,P,—,—,1.K230&K230D管脚信息表,231,A231:F231; I231,power_in,power_in,power_in,false,supply input,DIRECT_PINOUT,normal functional operation,Keep actual source-input/ground electrical type; no type promotion to create an ERC source.,,,VDD0P8_KPU,canonical rail endpoint; PMU shared RTC/LDO filtered domain
J10,VDD0P8_KPU,VDD0P8_KPU,P,—,—,1.K230&K230D管脚信息表,232,A232:F232; I232,power_in,power_in,power_in,false,supply input,DIRECT_PINOUT,normal functional operation,Keep actual source-input/ground electrical type; no type promotion to create an ERC source.,,,VDD0P8_KPU,canonical rail endpoint; PMU shared RTC/LDO filtered domain
J11,VSS,VSS,G,—,—,1.K230&K230D管脚信息表,233,A233:F233; I233,power_in,power_in,power_in,false,ground return,DIRECT_PINOUT,normal functional operation,Keep actual source-input/ground electrical type; no type promotion to create an ERC source.,,,GND,named ground ball
J12,VDD0P8_CPU,VDD0P8_CPU,P,—,—,1.K230&K230D管脚信息表,234,A234:F234; I234,power_in,power_in,power_in,false,supply input,DIRECT_PINOUT,normal functional operation,Keep actual source-input/ground electrical type; no type promotion to create an ERC source.,,,VDD0P8_CPU,canonical rail endpoint; PMU shared RTC/LDO filtered domain
J13,VSS,VSS,G,—,—,1.K230&K230D管脚信息表,235,A235:F235; I235,power_in,power_in,power_in,false,ground return,DIRECT_PINOUT,normal functional operation,Keep actual source-input/ground electrical type; no type promotion to create an ERC source.,,,GND,named ground ball
J14,VDD1P1_DDR_IO,VDDIO_DDR,P,—,—,1.K230&K230D管脚信息表,236,A236:F236; I236,power_in,power_in,power_in,false,supply input,DIRECT_PINOUT,normal functional operation,Keep actual source-input/ground electrical type; no type promotion to create an ERC source.,,,VDD1P1_DDR_IO,canonical rail endpoint; PMU shared RTC/LDO filtered domain
J15,VSS,VSS,G,—,—,1.K230&K230D管脚信息表,237,A237:F237; I237,power_in,power_in,power_in,false,ground return,DIRECT_PINOUT,normal functional operation,Keep actual source-input/ground electrical type; no type promotion to create an ERC source.,,,GND,named ground ball
J16,DDR_RESET,DDR_RESET,IO,DDR,VDDIO_DDR,1.K230&K230D管脚信息表,238,A238:F238; I238,bidirectional,output,output,true,DDR controller command/clock/reset output,FUNCTIONAL_DERIVATION,normal functional operation,"Controller drives DRAM CA, CS, CKE, differential CLK or RESET. DIR=IO is a coarse workbook classification; selected memory endpoints/protocol establish controller direction.",HDG Figure3-12; Samsung LP4 pp10-11,Derived functional direction; source workbookDIR remainsIO.,DDR_RESET,01studio exact DDR join
J17,DDR_CKEB1,DDR_NC_CKEB1,IO,DDR,VDDIO_DDR,1.K230&K230D管脚信息表,239,A239:F239; I239,output,output,output,false,DDR controller command/clock/reset output,FUNCTIONAL_DERIVATION,rank 1 function intentionally unused in single-rankdesign; retain output type,"Controller drives DRAM CA, CS, CKE, differential CLK or RESET. DIR=IO is a coarse workbook classification; selected memory endpoints/protocol establish controller direction.",HDG Figure3-12; Samsung LP4 pp10-11,Derived functional direction; source workbookDIR remainsIO.,unconnected-(U1E-DDR_CKEB1-PadJ17),REFERENCE_SINGLE_RANK_UNUSED_OUTPUT
J18,DDR_CKEB0,DDR_NC_CKEB0,IO,DDR,VDDIO_DDR,1.K230&K230D管脚信息表,240,A240:F240; I240,bidirectional,output,output,true,DDR controller command/clock/reset output,FUNCTIONAL_DERIVATION,normal functional operation,"Controller drives DRAM CA, CS, CKE, differential CLK or RESET. DIR=IO is a coarse workbook classification; selected memory endpoints/protocol establish controller direction.",HDG Figure3-12; Samsung LP4 pp10-11,Derived functional direction; source workbookDIR remainsIO.,DDR_CKEB0,01studio exact DDR join
J19,DDR_CSB1,DDR_NC_CSB1,IO,DDR,VDDIO_DDR,1.K230&K230D管脚信息表,241,A241:F241; I241,output,output,output,false,DDR controller command/clock/reset output,FUNCTIONAL_DERIVATION,rank 1 function intentionally unused in single-rankdesign; retain output type,"Controller drives DRAM CA, CS, CKE, differential CLK or RESET. DIR=IO is a coarse workbook classification; selected memory endpoints/protocol establish controller direction.",HDG Figure3-12; Samsung LP4 pp10-11,Derived functional direction; source workbookDIR remainsIO.,unconnected-(U1F-DDR_CSB1-PadJ19),REFERENCE_SINGLE_RANK_UNUSED_OUTPUT
J20,DDR_CSB0,DDR_NC_CSB0,IO,DDR,VDDIO_DDR,1.K230&K230D管脚信息表,242,A242:F242; I242,bidirectional,output,output,true,DDR controller command/clock/reset output,FUNCTIONAL_DERIVATION,normal functional operation,"Controller drives DRAM CA, CS, CKE, differential CLK or RESET. DIR=IO is a coarse workbook classification; selected memory endpoints/protocol establish controller direction.",HDG Figure3-12; Samsung LP4 pp10-11,Derived functional direction; source workbookDIR remainsIO.,DDR_CSB0,01studio exact DDR join
K1,GPIO15/OSPI_CLK/QSPI0_CLK,GPIO15,IO,LVCMOS18/33,VDDIO_BANK1,1.K230&K230D管脚信息表,243,A243:F243; I243,bidirectional,bidirectional,bidirectional,false,mux-capable GPIO,MUX_CAPABILITY,normal functional operation,Preserve all GPIO alternate functions; default peripheral direction is not the complete pad capability.,,,BANK1_GPIO15,module-name correspondence CANDIDATE
K2,GPIO16/OSPI_D0/QSPI1_CS4/QSPI0_D0,GPIO16,IO,LVCMOS18/33,VDDIO_BANK1,1.K230&K230D管脚信息表,248,A248:F248; I248,bidirectional,bidirectional,bidirectional,false,mux-capable GPIO,MUX_CAPABILITY,normal functional operation,Preserve all GPIO alternate functions; default peripheral direction is not the complete pad capability.,,,BANK1_GPIO16,module-name correspondence CANDIDATE
K3,VSS,VSS,G,—,—,1.K230&K230D管脚信息表,253,A253:F253; I253,power_in,power_in,power_in,false,ground return,DIRECT_PINOUT,normal functional operation,Keep actual source-input/ground electrical type; no type promotion to create an ERC source.,,,GND,named ground ball
K4,GPIO17/OSPI_D1/QSPI1_CS3/QSPI0_D1,GPIO17,IO,LVCMOS18/33,VDDIO_BANK1,1.K230&K230D管脚信息表,254,A254:F254; I254,bidirectional,bidirectional,bidirectional,false,mux-capable GPIO,MUX_CAPABILITY,normal functional operation,Preserve all GPIO alternate functions; default peripheral direction is not the complete pad capability.,,,BANK1_GPIO17,module-name correspondence CANDIDATE
K5,GPIO18/OSPI_D2/QSPI1_CS2/QSPI0_D2,GPIO18,IO,LVCMOS18/33,VDDIO_BANK1,1.K230&K230D管脚信息表,259,A259:F259; I259,bidirectional,bidirectional,bidirectional,false,mux-capable GPIO,MUX_CAPABILITY,normal functional operation,Preserve all GPIO alternate functions; default peripheral direction is not the complete pad capability.,,,BANK1_GPIO18,module-name correspondence CANDIDATE
K6,VSS,VSS,G,—,—,1.K230&K230D管脚信息表,264,A264:F264; I264,power_in,power_in,power_in,false,ground return,DIRECT_PINOUT,normal functional operation,Keep actual source-input/ground electrical type; no type promotion to create an ERC source.,,,GND,named ground ball
K7,VDDIO_BANK1,VDDIO_BANK1,P,—,—,1.K230&K230D管脚信息表,265,A265:F265; I265,power_in,power_in,power_in,false,supply input,DIRECT_PINOUT,normal functional operation,Keep actual source-input/ground electrical type; no type promotion to create an ERC source.,,,BANK1_VDDIO,module-name correspondence CANDIDATE
K8,VSS,VSS,G,—,—,1.K230&K230D管脚信息表,266,A266:F266; I266,power_in,power_in,power_in,false,ground return,DIRECT_PINOUT,normal functional operation,Keep actual source-input/ground electrical type; no type promotion to create an ERC source.,,,GND,named ground ball
K9,VDD0P8_CORE,VDD0P8_CORE,P,—,—,1.K230&K230D管脚信息表,267,A267:F267; I267,power_in,power_in,power_in,false,supply input,DIRECT_PINOUT,normal functional operation,Keep actual source-input/ground electrical type; no type promotion to create an ERC source.,,,VDD0P8_CORE,canonical rail endpoint; PMU shared RTC/LDO filtered domain
K10,VSS,VSS,G,—,—,1.K230&K230D管脚信息表,268,A268:F268; I268,power_in,power_in,power_in,false,ground return,DIRECT_PINOUT,normal functional operation,Keep actual source-input/ground electrical type; no type promotion to create an ERC source.,,,GND,named ground ball
K11,VDD0P8_CORE,VDD0P8_CORE,P,—,—,1.K230&K230D管脚信息表,269,A269:F269; I269,power_in,power_in,power_in,false,supply input,DIRECT_PINOUT,normal functional operation,Keep actual source-input/ground electrical type; no type promotion to create an ERC source.,,,VDD0P8_CORE,canonical rail endpoint; PMU shared RTC/LDO filtered domain
K12,VSS,VSS,G,—,—,1.K230&K230D管脚信息表,270,A270:F270; I270,power_in,power_in,power_in,false,ground return,DIRECT_PINOUT,normal functional operation,Keep actual source-input/ground electrical type; no type promotion to create an ERC source.,,,GND,named ground ball
K13,VDD0P8_DDR_CORE,VDD0P8_DDR_CORE,P,—,—,1.K230&K230D管脚信息表,271,A271:F271; I271,power_in,power_in,power_in,false,supply input,DIRECT_PINOUT,normal functional operation,Keep actual source-input/ground electrical type; no type promotion to create an ERC source.,,,VDD0P8_DDR_CORE,canonical rail endpoint; PMU shared RTC/LDO filtered domain
K14,VSS,VSS,G,—,—,1.K230&K230D管脚信息表,272,A272:F272; I272,power_in,power_in,power_in,false,ground return,DIRECT_PINOUT,normal functional operation,Keep actual source-input/ground electrical type; no type promotion to create an ERC source.,,,GND,named ground ball
K15,VAA_DDR,VAA_DDR,P,—,—,1.K230&K230D管脚信息表,273,A273:F273; I273,power_in,power_in,power_in,false,supply input,DIRECT_PINOUT,normal functional operation,Keep actual source-input/ground electrical type; no type promotion to create an ERC source.,,,VAA_DDR,canonical rail endpoint; PMU shared RTC/LDO filtered domain
K16,VSS,VSS,G,—,—,1.K230&K230D管脚信息表,274,A274:F274; I274,power_in,power_in,power_in,false,ground return,DIRECT_PINOUT,normal functional operation,Keep actual source-input/ground electrical type; no type promotion to create an ERC source.,,,GND,named ground ball
K17,DDR_VREF,DDR_VREF,IO,DDR,VDDIO_DDR,1.K230&K230D管脚信息表,275,A275:F275; I275,bidirectional,passive,passive,true,analog DDR reference,ANALOG_MODEL_EXCEPTION,normal functional operation,LP4 VREF divider/reference node; workbook IO does not imply a driven digital port.,HDG correspondingDDR/USB/MIPI circuit,KiCad has no analog-bias/calibration pin class. Passive documents this physical analog-node model; separately assert required resistor/divider/capacitor connectivity. It does not prove safe voltage or a no-use disposition.,DDR_VREF,parent verified 01studio bias source
K18,VSS,VSS,G,—,—,1.K230&K230D管脚信息表,276,A276:F276; I276,power_in,power_in,power_in,false,ground return,DIRECT_PINOUT,normal functional operation,Keep actual source-input/ground electrical type; no type promotion to create an ERC source.,,,GND,named ground ball
K19,DDR_ZN,DDR_ZN,IO,DDR,VDDIO_DDR,1.K230&K230D管脚信息表,283,A283:F283; I283,bidirectional,passive,passive,true,analog DDR calibration,ANALOG_MODEL_EXCEPTION,normal functional operation,External 240 ohm calibration resistor.,HDG correspondingDDR/USB/MIPI circuit,KiCad has no analog-bias/calibration pin class. Passive documents this physical analog-node model; separately assert required resistor/divider/capacitor connectivity. It does not prove safe voltage or a no-use disposition.,DDR_ZN,parent verified 01studio bias source
K20,DDR_NC,DDR_CA0_NC,IO,DDR,VDDIO_DDR,1.K230&K230D管脚信息表,284,A284:F284; I284,bidirectional,output,output,true,LP3 CA/ODT output unused in LP4,FUNCTIONAL_DERIVATION,output when using LP3; intentionally unused in LP4,Retain the functional LP3 command/ODT output identity; intentional NC marker applies only to current LP4 mode.,HDG LP3/LP4 references,"DIR column is genericIO; output derives from controller CA/ODT role, not a literalDIR=O entry.",unconnected-(U1F-DDR_NC-PadK20),OFFICIAL_PINOUT_LP4_MODE_UNUSED
L1,GPIO19/OSPI_D3/QSPI1_CS1/QSPI0_D3,GPIO19,IO,LVCMOS18/33,VDDIO_BANK1,1.K230&K230D管脚信息表,285,A285:F285; I285,bidirectional,bidirectional,bidirectional,false,mux-capable GPIO,MUX_CAPABILITY,normal functional operation,Preserve all GPIO alternate functions; default peripheral direction is not the complete pad capability.,,,BANK1_GPIO19,module-name correspondence CANDIDATE
L2,GPIO20/OSPI_D4/QSPI1_CS0/PULSE_CNTR0,GPIO20,IO,LVCMOS18/33,VDDIO_BANK1,1.K230&K230D管脚信息表,290,A290:F290; I290,bidirectional,bidirectional,bidirectional,false,mux-capable GPIO,MUX_CAPABILITY,normal functional operation,Preserve all GPIO alternate functions; default peripheral direction is not the complete pad capability.,,,BANK1_GPIO20,module-name correspondence CANDIDATE
L3,GPIO21/OSPI_D5/QSPI1_CLK/PULSE_CNTR1,GPIO21,IO,LVCMOS18/33,VDDIO_BANK1,1.K230&K230D管脚信息表,295,A295:F295; I295,bidirectional,bidirectional,bidirectional,false,mux-capable GPIO,MUX_CAPABILITY,normal functional operation,Preserve all GPIO alternate functions; default peripheral direction is not the complete pad capability.,,,BANK1_GPIO21,module-name correspondence CANDIDATE
L4,GPIO22/OSPI_D6/QSPI1_D0/PULSE_CNTR2,GPIO22,IO,LVCMOS18/33,VDDIO_BANK1,1.K230&K230D管脚信息表,300,A300:F300; I300,bidirectional,bidirectional,bidirectional,false,mux-capable GPIO,MUX_CAPABILITY,normal functional operation,Preserve all GPIO alternate functions; default peripheral direction is not the complete pad capability.,,,BANK1_GPIO22,module-name correspondence CANDIDATE
L5,GPIO23/OSPI_D7/QSPI1_D1/PULSE_CNTR3,GPIO23,IO,LVCMOS18/33,VDDIO_BANK1,1.K230&K230D管脚信息表,305,A305:F305; I305,bidirectional,bidirectional,bidirectional,false,mux-capable GPIO,MUX_CAPABILITY,normal functional operation,Preserve all GPIO alternate functions; default peripheral direction is not the complete pad capability.,,,BANK1_GPIO23,module-name correspondence CANDIDATE
L6,GPIO24/OSPI_DQS/QSPI1_D2/PULSE_CNTR4,GPIO24,IO,LVCMOS18/33,VDDIO_BANK1,1.K230&K230D管脚信息表,310,A310:F310; I310,bidirectional,bidirectional,bidirectional,false,mux-capable GPIO,MUX_CAPABILITY,normal functional operation,Preserve all GPIO alternate functions; default peripheral direction is not the complete pad capability.,,,BANK1_GPIO24,module-name correspondence CANDIDATE
L7,VSS,VSS,G,—,—,1.K230&K230D管脚信息表,315,A315:F315; I315,power_in,power_in,power_in,false,ground return,DIRECT_PINOUT,normal functional operation,Keep actual source-input/ground electrical type; no type promotion to create an ERC source.,,,GND,named ground ball
L8,VSS,VSS,G,—,—,1.K230&K230D管脚信息表,316,A316:F316; I316,power_in,power_in,power_in,false,ground return,DIRECT_PINOUT,normal functional operation,Keep actual source-input/ground electrical type; no type promotion to create an ERC source.,,,GND,named ground ball
L9,VDD0P8_CORE,VDD0P8_CORE,P,—,—,1.K230&K230D管脚信息表,317,A317:F317; I317,power_in,power_in,power_in,false,supply input,DIRECT_PINOUT,normal functional operation,Keep actual source-input/ground electrical type; no type promotion to create an ERC source.,,,VDD0P8_CORE,canonical rail endpoint; PMU shared RTC/LDO filtered domain
L10,VSS,VSS,G,—,—,1.K230&K230D管脚信息表,318,A318:F318; I318,power_in,power_in,power_in,false,ground return,DIRECT_PINOUT,normal functional operation,Keep actual source-input/ground electrical type; no type promotion to create an ERC source.,,,GND,named ground ball
L11,VDD0P8_CORE,VDD0P8_CORE,P,—,—,1.K230&K230D管脚信息表,319,A319:F319; I319,power_in,power_in,power_in,false,supply input,DIRECT_PINOUT,normal functional operation,Keep actual source-input/ground electrical type; no type promotion to create an ERC source.,,,VDD0P8_CORE,canonical rail endpoint; PMU shared RTC/LDO filtered domain
L12,VSS,VSS,G,—,—,1.K230&K230D管脚信息表,320,A320:F320; I320,power_in,power_in,power_in,false,ground return,DIRECT_PINOUT,normal functional operation,Keep actual source-input/ground electrical type; no type promotion to create an ERC source.,,,GND,named ground ball
L13,VDD0P8_DDR_CORE,VDD0P8_DDR_CORE,P,—,—,1.K230&K230D管脚信息表,321,A321:F321; I321,power_in,power_in,power_in,false,supply input,DIRECT_PINOUT,normal functional operation,Keep actual source-input/ground electrical type; no type promotion to create an ERC source.,,,VDD0P8_DDR_CORE,canonical rail endpoint; PMU shared RTC/LDO filtered domain
L14,VDD1P1_DDR_IO,VDDIO_DDR,P,—,—,1.K230&K230D管脚信息表,322,A322:F322; I322,power_in,power_in,power_in,false,supply input,DIRECT_PINOUT,normal functional operation,Keep actual source-input/ground electrical type; no type promotion to create an ERC source.,,,VDD1P1_DDR_IO,canonical rail endpoint; PMU shared RTC/LDO filtered domain
L15,VSS,VSS,G,—,—,1.K230&K230D管脚信息表,323,A323:F323; I323,power_in,power_in,power_in,false,ground return,DIRECT_PINOUT,normal functional operation,Keep actual source-input/ground electrical type; no type promotion to create an ERC source.,,,GND,named ground ball
L16,DDR_CAA1,DDR_CA5_CAA1,IO,DDR,VDDIO_DDR,1.K230&K230D管脚信息表,324,A324:F324; I324,bidirectional,output,output,true,DDR controller command/clock/reset output,FUNCTIONAL_DERIVATION,normal functional operation,"Controller drives DRAM CA, CS, CKE, differential CLK or RESET. DIR=IO is a coarse workbook classification; selected memory endpoints/protocol establish controller direction.",HDG Figure3-12; Samsung LP4 pp10-11,Derived functional direction; source workbookDIR remainsIO.,DDR_CAA1,01studio exact DDR join
L17,DDR_NC,DDR_CA3_NC,IO,DDR,VDDIO_DDR,1.K230&K230D管脚信息表,325,A325:F325; I325,bidirectional,output,output,true,LP3 CA/ODT output unused in LP4,FUNCTIONAL_DERIVATION,output when using LP3; intentionally unused in LP4,Retain the functional LP3 command/ODT output identity; intentional NC marker applies only to current LP4 mode.,HDG LP3/LP4 references,"DIR column is genericIO; output derives from controller CA/ODT role, not a literalDIR=O entry.",unconnected-(U1F-DDR_NC-PadL17),OFFICIAL_PINOUT_LP4_MODE_UNUSED
L18,DDR_NC,DDR_ODT_NC,IO,DDR,VDDIO_DDR,1.K230&K230D管脚信息表,326,A326:F326; I326,bidirectional,output,output,true,LP3 CA/ODT output unused in LP4,FUNCTIONAL_DERIVATION,output when using LP3; intentionally unused in LP4,Retain the functional LP3 command/ODT output identity; intentional NC marker applies only to current LP4 mode.,HDG LP3/LP4 references,"DIR column is genericIO; output derives from controller CA/ODT role, not a literalDIR=O entry.",unconnected-(U1F-DDR_NC-PadL18),OFFICIAL_PINOUT_LP4_MODE_UNUSED
L19,VSS,VSS,G,—,—,1.K230&K230D管脚信息表,327,A327:F327; I327,power_in,power_in,power_in,false,ground return,DIRECT_PINOUT,normal functional operation,Keep actual source-input/ground electrical type; no type promotion to create an ERC source.,,,GND,named ground ball
L20,DDR_NC,DDR_CA1_NC,IO,DDR,VDDIO_DDR,1.K230&K230D管脚信息表,328,A328:F328; I328,bidirectional,output,output,true,LP3 CA/ODT output unused in LP4,FUNCTIONAL_DERIVATION,output when using LP3; intentionally unused in LP4,Retain the functional LP3 command/ODT output identity; intentional NC marker applies only to current LP4 mode.,HDG LP3/LP4 references,"DIR column is genericIO; output derives from controller CA/ODT role, not a literalDIR=O entry.",unconnected-(U1F-DDR_NC-PadL20),OFFICIAL_PINOUT_LP4_MODE_UNUSED
M1,GPIO25/PWM5/QSPI1_D3/PULSE_CNTR5,GPIO25,IO,LVCMOS18/33,VDDIO_BANK1,1.K230&K230D管脚信息表,329,A329:F329; I329,bidirectional,bidirectional,bidirectional,false,mux-capable GPIO,MUX_CAPABILITY,normal functional operation,Preserve all GPIO alternate functions; default peripheral direction is not the complete pad capability.,,,BANK1_GPIO25,module-name correspondence CANDIDATE
M2,GPIO54/QSPI0_CS0/MMC1_CMD/PWM0,GPIO54,IO,LVCMOS18/33,VDDIO_BANK4,1.K230&K230D管脚信息表,334,A334:F334; I334,bidirectional,bidirectional,bidirectional,false,mux-capable GPIO,MUX_CAPABILITY,normal functional operation,Preserve all GPIO alternate functions; default peripheral direction is not the complete pad capability.,,,BANK4_GPIO54,module-name correspondence CANDIDATE
M3,GPIO52/UART3_RTS/PWM4/IIC3_SCL,GPIO52,IO,LVCMOS18/33,VDDIO_BANK4,1.K230&K230D管脚信息表,339,A339:F339; I339,bidirectional,bidirectional,bidirectional,false,mux-capable GPIO,MUX_CAPABILITY,normal functional operation,Preserve all GPIO alternate functions; default peripheral direction is not the complete pad capability.,,,BANK4_GPIO52,module-name correspondence CANDIDATE
M4,GPIO51/UART3_RXD/IIC2_SDA/QSPI0_CS3,GPIO51,IO,LVCMOS18/33,VDDIO_BANK4,1.K230&K230D管脚信息表,344,A344:F344; I344,bidirectional,bidirectional,bidirectional,false,mux-capable GPIO,MUX_CAPABILITY,normal functional operation,Preserve all GPIO alternate functions; default peripheral direction is not the complete pad capability.,,,BANK4_GPIO51,module-name correspondence CANDIDATE
M5,GPIO50/UART3_TXD/IIC2_SCL/QSPI0_CS4,GPIO50,IO,LVCMOS18/33,VDDIO_BANK4,1.K230&K230D管脚信息表,349,A349:F349; I349,bidirectional,bidirectional,bidirectional,false,mux-capable GPIO,MUX_CAPABILITY,normal functional operation,Preserve all GPIO alternate functions; default peripheral direction is not the complete pad capability.,,,BANK4_GPIO50,module-name correspondence CANDIDATE
M6,VSS,VSS,G,—,—,1.K230&K230D管脚信息表,354,A354:F354; I354,power_in,power_in,power_in,false,ground return,DIRECT_PINOUT,normal functional operation,Keep actual source-input/ground electrical type; no type promotion to create an ERC source.,,,GND,named ground ball
M7,VDDIO_BANK4,VDDIO_BANK4,P,—,—,1.K230&K230D管脚信息表,355,A355:F355; I355,power_in,power_in,power_in,false,supply input,DIRECT_PINOUT,normal functional operation,Keep actual source-input/ground electrical type; no type promotion to create an ERC source.,,,BANK4_VDDIO,module-name correspondence CANDIDATE
M8,VSS,VSS,G,—,—,1.K230&K230D管脚信息表,356,A356:F356; I356,power_in,power_in,power_in,false,ground return,DIRECT_PINOUT,normal functional operation,Keep actual source-input/ground electrical type; no type promotion to create an ERC source.,,,GND,named ground ball
M9,VDD0P8_CORE,VDD0P8_CORE,P,—,—,1.K230&K230D管脚信息表,357,A357:F357; I357,power_in,power_in,power_in,false,supply input,DIRECT_PINOUT,normal functional operation,Keep actual source-input/ground electrical type; no type promotion to create an ERC source.,,,VDD0P8_CORE,canonical rail endpoint; PMU shared RTC/LDO filtered domain
M10,VSS,VSS,G,—,—,1.K230&K230D管脚信息表,358,A358:F358; I358,power_in,power_in,power_in,false,ground return,DIRECT_PINOUT,normal functional operation,Keep actual source-input/ground electrical type; no type promotion to create an ERC source.,,,GND,named ground ball
M11,VDD0P8_CORE,VDD0P8_CORE,P,—,—,1.K230&K230D管脚信息表,359,A359:F359; I359,power_in,power_in,power_in,false,supply input,DIRECT_PINOUT,normal functional operation,Keep actual source-input/ground electrical type; no type promotion to create an ERC source.,,,VDD0P8_CORE,canonical rail endpoint; PMU shared RTC/LDO filtered domain
M12,VSS,VSS,G,—,—,1.K230&K230D管脚信息表,360,A360:F360; I360,power_in,power_in,power_in,false,ground return,DIRECT_PINOUT,normal functional operation,Keep actual source-input/ground electrical type; no type promotion to create an ERC source.,,,GND,named ground ball
M13,VDD0P8_DDR_CORE,VDD0P8_DDR_CORE,P,—,—,1.K230&K230D管脚信息表,361,A361:F361; I361,power_in,power_in,power_in,false,supply input,DIRECT_PINOUT,normal functional operation,Keep actual source-input/ground electrical type; no type promotion to create an ERC source.,,,VDD0P8_DDR_CORE,canonical rail endpoint; PMU shared RTC/LDO filtered domain
M14,VDD1P1_DDR_IO,VDDIO_DDR,P,—,—,1.K230&K230D管脚信息表,362,A362:F362; I362,power_in,power_in,power_in,false,supply input,DIRECT_PINOUT,normal functional operation,Keep actual source-input/ground electrical type; no type promotion to create an ERC source.,,,VDD1P1_DDR_IO,canonical rail endpoint; PMU shared RTC/LDO filtered domain
M15,VSS,VSS,G,—,—,1.K230&K230D管脚信息表,363,A363:F363; I363,power_in,power_in,power_in,false,ground return,DIRECT_PINOUT,normal functional operation,Keep actual source-input/ground electrical type; no type promotion to create an ERC source.,,,GND,named ground ball
M16,VSS,VSS,G,—,—,1.K230&K230D管脚信息表,364,A364:F364; I364,power_in,power_in,power_in,false,ground return,DIRECT_PINOUT,normal functional operation,Keep actual source-input/ground electrical type; no type promotion to create an ERC source.,,,GND,named ground ball
M17,DDR_NC,DDR_NC,IO,DDR,VDDIO_DDR,1.K230&K230D管脚信息表,365,A365:F365; I365,bidirectional,no_connect,no_connect,true,documented DDR no-use in both LP3/LP4,DIRECT_PINOUT,normal functional operation,"Official row explicitly says NC in both supported DDR modes. no_connect is a documented no-use electrical classification, not proof that the physical ball is unbonded.",,,unconnected-(U1F-DDR_NC-PadM17),OFFICIAL_PINOUT_LP4_MODE_UNUSED
M18,DDR_CAA4,DDR_CA8_CAA4,IO,DDR,VDDIO_DDR,1.K230&K230D管脚信息表,366,A366:F366; I366,bidirectional,output,output,true,DDR controller command/clock/reset output,FUNCTIONAL_DERIVATION,normal functional operation,"Controller drives DRAM CA, CS, CKE, differential CLK or RESET. DIR=IO is a coarse workbook classification; selected memory endpoints/protocol establish controller direction.",HDG Figure3-12; Samsung LP4 pp10-11,Derived functional direction; source workbookDIR remainsIO.,DDR_CAA4,01studio exact DDR join
M19,DDR_CAA0,DDR_CA4_CAA0,IO,DDR,VDDIO_DDR,1.K230&K230D管脚信息表,367,A367:F367; I367,bidirectional,output,output,true,DDR controller command/clock/reset output,FUNCTIONAL_DERIVATION,normal functional operation,"Controller drives DRAM CA, CS, CKE, differential CLK or RESET. DIR=IO is a coarse workbook classification; selected memory endpoints/protocol establish controller direction.",HDG Figure3-12; Samsung LP4 pp10-11,Derived functional direction; source workbookDIR remainsIO.,DDR_CAA0,01studio exact DDR join
M20,DDR_NA,DDR_CA2_NC,IO,DDR,VDDIO_DDR,1.K230&K230D管脚信息表,368,A368:F368; I368,bidirectional,output,output,true,LP3 CA/ODT output unused in LP4,FUNCTIONAL_DERIVATION,output when using LP3; intentionally unused in LP4,Retain the functional LP3 command/ODT output identity; intentional NC marker applies only to current LP4 mode.,HDG LP3/LP4 references,"DIR column is genericIO; output derives from controller CA/ODT role, not a literalDIR=O entry.",unconnected-(U1F-DDR_NA-PadM20),OFFICIAL_PINOUT_LP4_MODE_UNUSED
N1,GPIO57/QSPI0_D1/MMC1_D1/PWM3,GPIO57,IO,LVCMOS18/33,VDDIO_BANK4,1.K230&K230D管脚信息表,369,A369:F369; I369,bidirectional,bidirectional,bidirectional,false,mux-capable GPIO,MUX_CAPABILITY,normal functional operation,Preserve all GPIO alternate functions; default peripheral direction is not the complete pad capability.,,,BANK4_GPIO57,module-name correspondence CANDIDATE
N2,GPIO55/QSPI0_CLK/MMC1_CLK/PWM1,GPIO55,IO,LVCMOS18/33,VDDIO_BANK4,1.K230&K230D管脚信息表,374,A374:F374; I374,bidirectional,bidirectional,bidirectional,false,mux-capable GPIO,MUX_CAPABILITY,normal functional operation,Preserve all GPIO alternate functions; default peripheral direction is not the complete pad capability.,,,BANK4_GPIO55,module-name correspondence CANDIDATE
N3,VSS,VSS,G,—,—,1.K230&K230D管脚信息表,379,A379:F379; I379,power_in,power_in,power_in,false,ground return,DIRECT_PINOUT,normal functional operation,Keep actual source-input/ground electrical type; no type promotion to create an ERC source.,,,GND,named ground ball
N4,GPIO53/UART3_CTS/PWM5/IIC3_SDA,GPIO53,IO,LVCMOS18/33,VDDIO_BANK4,1.K230&K230D管脚信息表,380,A380:F380; I380,bidirectional,bidirectional,bidirectional,false,mux-capable GPIO,MUX_CAPABILITY,normal functional operation,Preserve all GPIO alternate functions; default peripheral direction is not the complete pad capability.,,,BANK4_GPIO53,module-name correspondence CANDIDATE
N5,VSS,VSS,G,—,—,1.K230&K230D管脚信息表,385,A385:F385; I385,power_in,power_in,power_in,false,ground return,DIRECT_PINOUT,normal functional operation,Keep actual source-input/ground electrical type; no type promotion to create an ERC source.,,,GND,named ground ball
N6,AVDD0P8_MIPI,AVDD0P8_MIPI,P,—,—,1.K230&K230D管脚信息表,386,A386:F386; I386,power_in,power_in,power_in,false,supply input,DIRECT_PINOUT,normal functional operation,Keep actual source-input/ground electrical type; no type promotion to create an ERC source.,,,AVDD0P8_MIPI,canonical rail endpoint; PMU shared RTC/LDO filtered domain
N7,AVDD1P8_MIPI,AVDD1P8_MIPI,P,—,—,1.K230&K230D管脚信息表,387,A387:F387; I387,power_in,power_in,power_in,false,supply input,DIRECT_PINOUT,normal functional operation,Keep actual source-input/ground electrical type; no type promotion to create an ERC source.,,,AVDD1P8_MIPI,canonical rail endpoint; PMU shared RTC/LDO filtered domain
N8,VSS,VSS,G,—,—,1.K230&K230D管脚信息表,388,A388:F388; I388,power_in,power_in,power_in,false,ground return,DIRECT_PINOUT,normal functional operation,Keep actual source-input/ground electrical type; no type promotion to create an ERC source.,,,GND,named ground ball
N9,VDD0P8_CORE,VDD0P8_CORE,P,—,—,1.K230&K230D管脚信息表,389,A389:F389; I389,power_in,power_in,power_in,false,supply input,DIRECT_PINOUT,normal functional operation,Keep actual source-input/ground electrical type; no type promotion to create an ERC source.,,,VDD0P8_CORE,canonical rail endpoint; PMU shared RTC/LDO filtered domain
N10,VSS,VSS,G,—,—,1.K230&K230D管脚信息表,390,A390:F390; I390,power_in,power_in,power_in,false,ground return,DIRECT_PINOUT,normal functional operation,Keep actual source-input/ground electrical type; no type promotion to create an ERC source.,,,GND,named ground ball
N11,VDD0P8_CORE,VDD0P8_CORE,P,—,—,1.K230&K230D管脚信息表,391,A391:F391; I391,power_in,power_in,power_in,false,supply input,DIRECT_PINOUT,normal functional operation,Keep actual source-input/ground electrical type; no type promotion to create an ERC source.,,,VDD0P8_CORE,canonical rail endpoint; PMU shared RTC/LDO filtered domain
N12,VSS,VSS,G,—,—,1.K230&K230D管脚信息表,392,A392:F392; I392,power_in,power_in,power_in,false,ground return,DIRECT_PINOUT,normal functional operation,Keep actual source-input/ground electrical type; no type promotion to create an ERC source.,,,GND,named ground ball
N13,VDD0P8_DDR_CORE,VDD0P8_DDR_CORE,P,—,—,1.K230&K230D管脚信息表,393,A393:F393; I393,power_in,power_in,power_in,false,supply input,DIRECT_PINOUT,normal functional operation,Keep actual source-input/ground electrical type; no type promotion to create an ERC source.,,,VDD0P8_DDR_CORE,canonical rail endpoint; PMU shared RTC/LDO filtered domain
N14,VDD1P1_DDR_IO,VDDIO_DDR,P,—,—,1.K230&K230D管脚信息表,394,A394:F394; I394,power_in,power_in,power_in,false,supply input,DIRECT_PINOUT,normal functional operation,Keep actual source-input/ground electrical type; no type promotion to create an ERC source.,,,VDD1P1_DDR_IO,canonical rail endpoint; PMU shared RTC/LDO filtered domain
N15,VSS,VSS,G,—,—,1.K230&K230D管脚信息表,395,A395:F395; I395,power_in,power_in,power_in,false,ground return,DIRECT_PINOUT,normal functional operation,Keep actual source-input/ground electrical type; no type promotion to create an ERC source.,,,GND,named ground ball
N16,VSS,VSS,G,—,—,1.K230&K230D管脚信息表,396,A396:F396; I396,power_in,power_in,power_in,false,ground return,DIRECT_PINOUT,normal functional operation,Keep actual source-input/ground electrical type; no type promotion to create an ERC source.,,,GND,named ground ball
N17,DDR_CKEA0,DDR_CKE0_CKEA0,IO,DDR,VDDIO_DDR,1.K230&K230D管脚信息表,397,A397:F397; I397,bidirectional,output,output,true,DDR controller command/clock/reset output,FUNCTIONAL_DERIVATION,normal functional operation,"Controller drives DRAM CA, CS, CKE, differential CLK or RESET. DIR=IO is a coarse workbook classification; selected memory endpoints/protocol establish controller direction.",HDG Figure3-12; Samsung LP4 pp10-11,Derived functional direction; source workbookDIR remainsIO.,DDR_CKEA0,01studio exact DDR join
N18,DDR_NC,DDR_NC,IO,DDR,VDDIO_DDR,1.K230&K230D管脚信息表,398,A398:F398; I398,bidirectional,no_connect,no_connect,true,documented DDR no-use in both LP3/LP4,DIRECT_PINOUT,normal functional operation,"Official row explicitly says NC in both supported DDR modes. no_connect is a documented no-use electrical classification, not proof that the physical ball is unbonded.",,,unconnected-(U1F-DDR_NC-PadN18),OFFICIAL_PINOUT_LP4_MODE_UNUSED
N19,DDR_CAA2,DDR_CA6_CAA2,IO,DDR,VDDIO_DDR,1.K230&K230D管脚信息表,399,A399:F399; I399,bidirectional,output,output,true,DDR controller command/clock/reset output,FUNCTIONAL_DERIVATION,normal functional operation,"Controller drives DRAM CA, CS, CKE, differential CLK or RESET. DIR=IO is a coarse workbook classification; selected memory endpoints/protocol establish controller direction.",HDG Figure3-12; Samsung LP4 pp10-11,Derived functional direction; source workbookDIR remainsIO.,DDR_CAA2,01studio exact DDR join
N20,DDR_CAA3,DDR_CA7_CAA3,IO,DDR,VDDIO_DDR,1.K230&K230D管脚信息表,400,A400:F400; I400,bidirectional,output,output,true,DDR controller command/clock/reset output,FUNCTIONAL_DERIVATION,normal functional operation,"Controller drives DRAM CA, CS, CKE, differential CLK or RESET. DIR=IO is a coarse workbook classification; selected memory endpoints/protocol establish controller direction.",HDG Figure3-12; Samsung LP4 pp10-11,Derived functional direction; source workbookDIR remainsIO.,DDR_CAA3,01studio exact DDR join
P1,GPIO58/QSPI0_D2/MMC1_D2/PWM4,GPIO58,IO,LVCMOS18/33,VDDIO_BANK4,1.K230&K230D管脚信息表,401,A401:F401; I401,bidirectional,bidirectional,bidirectional,false,mux-capable GPIO,MUX_CAPABILITY,normal functional operation,Preserve all GPIO alternate functions; default peripheral direction is not the complete pad capability.,,,BANK4_GPIO58,module-name correspondence CANDIDATE
P2,GPIO59/QSPI0_D3/MMC1_D3/PWM5,GPIO59,IO,LVCMOS18/33,VDDIO_BANK4,1.K230&K230D管脚信息表,406,A406:F406; I406,bidirectional,bidirectional,bidirectional,false,mux-capable GPIO,MUX_CAPABILITY,normal functional operation,Preserve all GPIO alternate functions; default peripheral direction is not the complete pad capability.,,,BANK4_GPIO59,module-name correspondence CANDIDATE
P3,GPIO56/QSPI0_D0/MMC1_D0/PWM2,GPIO56,IO,LVCMOS18/33,VDDIO_BANK4,1.K230&K230D管脚信息表,411,A411:F411; I411,bidirectional,bidirectional,bidirectional,false,mux-capable GPIO,MUX_CAPABILITY,normal functional operation,Preserve all GPIO alternate functions; default peripheral direction is not the complete pad capability.,,,BANK4_GPIO56,module-name correspondence CANDIDATE
P4,GPIO61/PWM1/IIC0_SDA/QSPI0_CS1/VSYNC1,GPIO61,IO,LVCMOS18/33,VDDIO_BANK4,1.K230&K230D管脚信息表,416,A416:F416; I416,bidirectional,bidirectional,bidirectional,false,mux-capable GPIO,MUX_CAPABILITY,normal functional operation,Preserve all GPIO alternate functions; default peripheral direction is not the complete pad capability.,,,BANK4_GPIO61,module-name correspondence CANDIDATE
P5,GPIO60/PWM0/IIC0_SCL/QSPI0_CS2/HSYNC1,GPIO60,IO,LVCMOS18/33,VDDIO_BANK4,1.K230&K230D管脚信息表,421,A421:F421; I421,bidirectional,bidirectional,bidirectional,false,mux-capable GPIO,MUX_CAPABILITY,normal functional operation,Preserve all GPIO alternate functions; default peripheral direction is not the complete pad capability.,,,BANK4_GPIO60,module-name correspondence CANDIDATE
P6,VSS,VSS,G,—,—,1.K230&K230D管脚信息表,426,A426:F426; I426,power_in,power_in,power_in,false,ground return,DIRECT_PINOUT,normal functional operation,Keep actual source-input/ground electrical type; no type promotion to create an ERC source.,,,GND,named ground ball
P7,VSS,VSS,G,—,—,1.K230&K230D管脚信息表,427,A427:F427; I427,power_in,power_in,power_in,false,ground return,DIRECT_PINOUT,normal functional operation,Keep actual source-input/ground electrical type; no type promotion to create an ERC source.,,,GND,named ground ball
P8,VSS,VSS,G,—,—,1.K230&K230D管脚信息表,428,A428:F428; I428,power_in,power_in,power_in,false,ground return,DIRECT_PINOUT,normal functional operation,Keep actual source-input/ground electrical type; no type promotion to create an ERC source.,,,GND,named ground ball
P9,VDD0P8_CORE,VDD0P8_CORE,P,—,—,1.K230&K230D管脚信息表,429,A429:F429; I429,power_in,power_in,power_in,false,supply input,DIRECT_PINOUT,normal functional operation,Keep actual source-input/ground electrical type; no type promotion to create an ERC source.,,,VDD0P8_CORE,canonical rail endpoint; PMU shared RTC/LDO filtered domain
P10,VSS,VSS,G,—,—,1.K230&K230D管脚信息表,430,A430:F430; I430,power_in,power_in,power_in,false,ground return,DIRECT_PINOUT,normal functional operation,Keep actual source-input/ground electrical type; no type promotion to create an ERC source.,,,GND,named ground ball
P11,VDD0P8_CORE,VDD0P8_CORE,P,—,—,1.K230&K230D管脚信息表,431,A431:F431; I431,power_in,power_in,power_in,false,supply input,DIRECT_PINOUT,normal functional operation,Keep actual source-input/ground electrical type; no type promotion to create an ERC source.,,,VDD0P8_CORE,canonical rail endpoint; PMU shared RTC/LDO filtered domain
P12,VSS,VSS,G,—,—,1.K230&K230D管脚信息表,432,A432:F432; I432,power_in,power_in,power_in,false,ground return,DIRECT_PINOUT,normal functional operation,Keep actual source-input/ground electrical type; no type promotion to create an ERC source.,,,GND,named ground ball
P13,VDD0P8_CORE,VDD0P8_CORE,P,—,—,1.K230&K230D管脚信息表,433,A433:F433; I433,power_in,power_in,power_in,false,supply input,DIRECT_PINOUT,normal functional operation,Keep actual source-input/ground electrical type; no type promotion to create an ERC source.,,,VDD0P8_CORE,canonical rail endpoint; PMU shared RTC/LDO filtered domain
P14,VSS,VSS,G,—,—,1.K230&K230D管脚信息表,434,A434:F434; I434,power_in,power_in,power_in,false,ground return,DIRECT_PINOUT,normal functional operation,Keep actual source-input/ground electrical type; no type promotion to create an ERC source.,,,GND,named ground ball
P15,VSS,VSS,G,—,—,1.K230&K230D管脚信息表,435,A435:F435; I435,power_in,power_in,power_in,false,ground return,DIRECT_PINOUT,normal functional operation,Keep actual source-input/ground electrical type; no type promotion to create an ERC source.,,,GND,named ground ball
P16,DDR_DQA14,DDR_DQ14_DQA14,IO,DDR,VDDIO_DDR,1.K230&K230D管脚信息表,436,A436:F436; I436,bidirectional,bidirectional,bidirectional,false,DDR data/strobe/DM-DBI,FUNCTIONAL_DERIVATION,normal functional operation,DQ and DQS transfer in both directions; LP4 DMI supports read DBI and write DM/DBI. Do not reduce DMI to output-only.,"Samsung LP4 p7 key features (read/write DBI), p10 ballout, p11 block diagram",,DDR_DQA10,01studio exact DDR join
P17,DDR_DMIA1,DDR_DM1_DMIA1,IO,DDR,VDDIO_DDR,1.K230&K230D管脚信息表,437,A437:F437; I437,bidirectional,bidirectional,bidirectional,false,DDR data/strobe/DM-DBI,FUNCTIONAL_DERIVATION,normal functional operation,DQ and DQS transfer in both directions; LP4 DMI supports read DBI and write DM/DBI. Do not reduce DMI to output-only.,"Samsung LP4 p7 key features (read/write DBI), p10 ballout, p11 block diagram",,DDR_DMIA1,01studio exact DDR join
P18,DDR_CKEA1,DDR_CKE1_CKEA1,IO,DDR,VDDIO_DDR,1.K230&K230D管脚信息表,438,A438:F438; I438,output,output,output,false,DDR controller command/clock/reset output,FUNCTIONAL_DERIVATION,rank 1 function intentionally unused in single-rankdesign; retain output type,"Controller drives DRAM CA, CS, CKE, differential CLK or RESET. DIR=IO is a coarse workbook classification; selected memory endpoints/protocol establish controller direction.",HDG Figure3-12; Samsung LP4 pp10-11,Derived functional direction; source workbookDIR remainsIO.,unconnected-(U1F-DDR_CKEA1-PadP18),REFERENCE_SINGLE_RANK_UNUSED_OUTPUT
P19,DDR_CAA5,DDR_CA9_CAA5,IO,DDR,VDDIO_DDR,1.K230&K230D管脚信息表,439,A439:F439; I439,bidirectional,output,output,true,DDR controller command/clock/reset output,FUNCTIONAL_DERIVATION,normal functional operation,"Controller drives DRAM CA, CS, CKE, differential CLK or RESET. DIR=IO is a coarse workbook classification; selected memory endpoints/protocol establish controller direction.",HDG Figure3-12; Samsung LP4 pp10-11,Derived functional direction; source workbookDIR remainsIO.,DDR_CAA5,01studio exact DDR join
P20,VSS,VSS,G,—,—,1.K230&K230D管脚信息表,440,A440:F440; I440,power_in,power_in,power_in,false,ground return,DIRECT_PINOUT,normal functional operation,Keep actual source-input/ground electrical type; no type promotion to create an ERC source.,,,GND,named ground ball
R1,MIPI_RX2_CLK_P,MIPI_RX2_CLK_P,I,MIPI,AVDD1P8_MIPI,1.K230&K230D管脚信息表,441,A441:F441; I441,bidirectional,input,input,true,CSI receiver lane,DIRECT_PINOUT,normal CSI-2 operation; separate PHY test modes not validated,Package pinout I plus TRM 8.3.1 identify unidirectional receive data/clock. Generic IP register descriptions use IO and test loopback terms; normal CSI role is input.,TRM 8.3.1 PDF p441,,CSI2_CLK_P,module-name correspondence CANDIDATE
R2,MIPI_RX2_CLK_N,MIPI_RX2_CLK_N,I,MIPI,AVDD1P8_MIPI,1.K230&K230D管脚信息表,442,A442:F442; I442,bidirectional,input,input,true,CSI receiver lane,DIRECT_PINOUT,normal CSI-2 operation; separate PHY test modes not validated,Package pinout I plus TRM 8.3.1 identify unidirectional receive data/clock. Generic IP register descriptions use IO and test loopback terms; normal CSI role is input.,TRM 8.3.1 PDF p441,,CSI2_CLK_N,module-name correspondence CANDIDATE
R3,VSS,VSS,G,—,—,1.K230&K230D管脚信息表,443,A443:F443; I443,power_in,power_in,power_in,false,ground return,DIRECT_PINOUT,normal functional operation,Keep actual source-input/ground electrical type; no type promotion to create an ERC source.,,,GND,named ground ball
R6,VSS,VSS,G,—,—,1.K230&K230D管脚信息表,446,A446:F446; I446,power_in,power_in,power_in,false,ground return,DIRECT_PINOUT,normal functional operation,Keep actual source-input/ground electrical type; no type promotion to create an ERC source.,,,GND,named ground ball
R7,VSS,VSS,G,—,—,1.K230&K230D管脚信息表,447,A447:F447; I447,power_in,power_in,power_in,false,ground return,DIRECT_PINOUT,normal functional operation,Keep actual source-input/ground electrical type; no type promotion to create an ERC source.,,,GND,named ground ball
R8,AVDD0P8_MIPI,AVDD0P8_MIPI,P,—,—,1.K230&K230D管脚信息表,448,A448:F448; I448,power_in,power_in,power_in,false,supply input,DIRECT_PINOUT,normal functional operation,Keep actual source-input/ground electrical type; no type promotion to create an ERC source.,,,AVDD0P8_MIPI,canonical rail endpoint; PMU shared RTC/LDO filtered domain
R9,AVDD1P8_MIPI,AVDD1P8_MIPI,P,—,—,1.K230&K230D管脚信息表,449,A449:F449; I449,power_in,power_in,power_in,false,supply input,DIRECT_PINOUT,normal functional operation,Keep actual source-input/ground electrical type; no type promotion to create an ERC source.,,,AVDD1P8_MIPI,canonical rail endpoint; PMU shared RTC/LDO filtered domain
R10,VSS,VSS,G,—,—,1.K230&K230D管脚信息表,450,A450:F450; I450,power_in,power_in,power_in,false,ground return,DIRECT_PINOUT,normal functional operation,Keep actual source-input/ground electrical type; no type promotion to create an ERC source.,,,GND,named ground ball
R11,VDDIO_BANK2,VDDIO_BANK2,P,—,—,1.K230&K230D管脚信息表,451,A451:F451; I451,power_in,power_in,power_in,false,supply input,DIRECT_PINOUT,normal functional operation,Keep actual source-input/ground electrical type; no type promotion to create an ERC source.,,,BANK2_VDDIO,module-name correspondence CANDIDATE
R12,VSS,VSS,G,—,—,1.K230&K230D管脚信息表,452,A452:F452; I452,power_in,power_in,power_in,false,ground return,DIRECT_PINOUT,normal functional operation,Keep actual source-input/ground electrical type; no type promotion to create an ERC source.,,,GND,named ground ball
R13,VDDIO_BANK0,VDDIO_BANK0,P,—,—,1.K230&K230D管脚信息表,453,A453:F453; I453,power_in,power_in,power_in,false,supply input,DIRECT_PINOUT,normal functional operation,Keep actual source-input/ground electrical type; no type promotion to create an ERC source.,,,BANK0_VDDIO,module-name correspondence CANDIDATE
R14,VSS,VSS,G,—,—,1.K230&K230D管脚信息表,454,A454:F454; I454,power_in,power_in,power_in,false,ground return,DIRECT_PINOUT,normal functional operation,Keep actual source-input/ground electrical type; no type promotion to create an ERC source.,,,GND,named ground ball
R15,VDDIO_BANK5,VDDIO_BANK5,P,—,—,1.K230&K230D管脚信息表,455,A455:F455; I455,power_in,power_in,power_in,false,supply input,DIRECT_PINOUT,normal functional operation,Keep actual source-input/ground electrical type; no type promotion to create an ERC source.,,,BANK5_VDDIO,module-name correspondence CANDIDATE
R16,VSS,VSS,G,—,—,1.K230&K230D管脚信息表,456,A456:F456; I456,power_in,power_in,power_in,false,ground return,DIRECT_PINOUT,normal functional operation,Keep actual source-input/ground electrical type; no type promotion to create an ERC source.,,,GND,named ground ball
R17,DDR_DQA8,DDR_DQ8_DQA8,IO,DDR,VDDIO_DDR,1.K230&K230D管脚信息表,457,A457:F457; I457,bidirectional,bidirectional,bidirectional,false,DDR data/strobe/DM-DBI,FUNCTIONAL_DERIVATION,normal functional operation,DQ and DQS transfer in both directions; LP4 DMI supports read DBI and write DM/DBI. Do not reduce DMI to output-only.,"Samsung LP4 p7 key features (read/write DBI), p10 ballout, p11 block diagram",,DDR_DQA11,01studio exact DDR join
R18,DDR_DQA10,DDR_DQ10_DQA10,IO,DDR,VDDIO_DDR,1.K230&K230D管脚信息表,458,A458:F458; I458,bidirectional,bidirectional,bidirectional,false,DDR data/strobe/DM-DBI,FUNCTIONAL_DERIVATION,normal functional operation,DQ and DQS transfer in both directions; LP4 DMI supports read DBI and write DM/DBI. Do not reduce DMI to output-only.,"Samsung LP4 p7 key features (read/write DBI), p10 ballout, p11 block diagram",,DDR_DQA12,01studio exact DDR join
R19,DDR_CLKAP,DDR_CLKP_CLKAP,IO,DDR,VDDIO_DDR,1.K230&K230D管脚信息表,459,A459:F459; I459,bidirectional,output,output,true,DDR controller command/clock/reset output,FUNCTIONAL_DERIVATION,normal functional operation,"Controller drives DRAM CA, CS, CKE, differential CLK or RESET. DIR=IO is a coarse workbook classification; selected memory endpoints/protocol establish controller direction.",HDG Figure3-12; Samsung LP4 pp10-11,Derived functional direction; source workbookDIR remainsIO.,DDR_CLKA_P,01studio exact DDR join
R20,DDR_CLKAN,DDR_CLKN_CLKAN,IO,DDR,VDDIO_DDR,1.K230&K230D管脚信息表,460,A460:F460; I460,bidirectional,output,output,true,DDR controller command/clock/reset output,FUNCTIONAL_DERIVATION,normal functional operation,"Controller drives DRAM CA, CS, CKE, differential CLK or RESET. DIR=IO is a coarse workbook classification; selected memory endpoints/protocol establish controller direction.",HDG Figure3-12; Samsung LP4 pp10-11,Derived functional direction; source workbookDIR remainsIO.,DDR_CLKA_N,01studio exact DDR join
T1,MIPI_RX2_D4_N,MIPI_RX2_D4_N,I,MIPI,AVDD1P8_MIPI,1.K230&K230D管脚信息表,461,A461:F461; I461,bidirectional,input,input,true,CSI receiver lane,DIRECT_PINOUT,normal CSI-2 operation; separate PHY test modes not validated,Package pinout I plus TRM 8.3.1 identify unidirectional receive data/clock. Generic IP register descriptions use IO and test loopback terms; normal CSI role is input.,TRM 8.3.1 PDF p441,,CSI2_D4_N,module-name correspondence CANDIDATE
T2,MIPI_RX2_D4_P,MIPI_RX2_D4_P,I,MIPI,AVDD1P8_MIPI,1.K230&K230D管脚信息表,462,A462:F462; I462,bidirectional,input,input,true,CSI receiver lane,DIRECT_PINOUT,normal CSI-2 operation; separate PHY test modes not validated,Package pinout I plus TRM 8.3.1 identify unidirectional receive data/clock. Generic IP register descriptions use IO and test loopback terms; normal CSI role is input.,TRM 8.3.1 PDF p441,,CSI2_D4_P,module-name correspondence CANDIDATE
T3,VSS,VSS,G,—,—,1.K230&K230D管脚信息表,463,A463:F463; I463,power_in,power_in,power_in,false,ground return,DIRECT_PINOUT,normal functional operation,Keep actual source-input/ground electrical type; no type promotion to create an ERC source.,,,GND,named ground ball
T7,VSS,VSS,G,—,—,1.K230&K230D管脚信息表,467,A467:F467; I467,power_in,power_in,power_in,false,ground return,DIRECT_PINOUT,normal functional operation,Keep actual source-input/ground electrical type; no type promotion to create an ERC source.,,,GND,named ground ball
T8,VSS,VSS,G,—,—,1.K230&K230D管脚信息表,468,A468:F468; I468,power_in,power_in,power_in,false,ground return,DIRECT_PINOUT,normal functional operation,Keep actual source-input/ground electrical type; no type promotion to create an ERC source.,,,GND,named ground ball
T9,VSS,VSS,G,—,—,1.K230&K230D管脚信息表,469,A469:F469; I469,power_in,power_in,power_in,false,ground return,DIRECT_PINOUT,normal functional operation,Keep actual source-input/ground electrical type; no type promotion to create an ERC source.,,,GND,named ground ball
T10,GPIO36/IIC3_SCL/IIS_D_IN1/PDM_IN2/UART4_TXD,GPIO36,IO,LVCMOS18/33,VDDIO_BANK2,1.K230&K230D管脚信息表,470,A470:F470; I470,bidirectional,bidirectional,bidirectional,false,mux-capable GPIO,MUX_CAPABILITY,normal functional operation,Preserve all GPIO alternate functions; default peripheral direction is not the complete pad capability.,,,BANK2_GPIO36,module-name correspondence CANDIDATE
T11,GPIO33/IIC0_SDA/IIS_WS/UART3_RXD,GPIO33,IO,LVCMOS18/33,VDDIO_BANK2,1.K230&K230D管脚信息表,475,A475:F475; I475,bidirectional,bidirectional,bidirectional,false,mux-capable GPIO,MUX_CAPABILITY,normal functional operation,Preserve all GPIO alternate functions; default peripheral direction is not the complete pad capability.,,,BANK2_GPIO33,module-name correspondence CANDIDATE
T12,GPIO13/M_CLK1,GPIO13,IO,LVCMOS18/33,VDDIO_BANK0,1.K230&K230D管脚信息表,480,A480:F480; I480,bidirectional,bidirectional,bidirectional,false,mux-capable GPIO,MUX_CAPABILITY,normal functional operation,Preserve all GPIO alternate functions; default peripheral direction is not the complete pad capability.,,,BANK0_GPIO13,module-name correspondence CANDIDATE
T13,GPIO9/PWM4/UART1_TXD/IIC1_SCL,GPIO9,IO,LVCMOS18/33,VDDIO_BANK0,1.K230&K230D管脚信息表,485,A485:F485; I485,bidirectional,bidirectional,bidirectional,false,mux-capable GPIO,MUX_CAPABILITY,normal functional operation,Preserve all GPIO alternate functions; default peripheral direction is not the complete pad capability.,,,BANK0_GPIO9,module-name correspondence CANDIDATE
T14,GPIO62/M_CLK2/UART3_DE,GPIO62,IO,LVCMOS18/33,VDDIO_BANK5,1.K230&K230D管脚信息表,490,A490:F490; I490,bidirectional,bidirectional,bidirectional,false,mux-capable GPIO,MUX_CAPABILITY,normal functional operation,Preserve all GPIO alternate functions; default peripheral direction is not the complete pad capability.,,,BANK5_IO62,module-name correspondence CANDIDATE
T15,VSS,VSS,G,—,—,1.K230&K230D管脚信息表,495,A495:F495; I495,power_in,power_in,power_in,false,ground return,DIRECT_PINOUT,normal functional operation,Keep actual source-input/ground electrical type; no type promotion to create an ERC source.,,,GND,named ground ball
T16,DDR_DQA1,DDR_DQ30_DQA1,IO,DDR,VDDIO_DDR,1.K230&K230D管脚信息表,496,A496:F496; I496,bidirectional,bidirectional,bidirectional,false,DDR data/strobe/DM-DBI,FUNCTIONAL_DERIVATION,normal functional operation,DQ and DQS transfer in both directions; LP4 DMI supports read DBI and write DM/DBI. Do not reduce DMI to output-only.,"Samsung LP4 p7 key features (read/write DBI), p10 ballout, p11 block diagram",,DDR_DQA3,01studio exact DDR join
T17,DDR_DQA15,DDR_DQ15_DQA15,IO,DDR,VDDIO_DDR,1.K230&K230D管脚信息表,497,A497:F497; I497,bidirectional,bidirectional,bidirectional,false,DDR data/strobe/DM-DBI,FUNCTIONAL_DERIVATION,normal functional operation,DQ and DQS transfer in both directions; LP4 DMI supports read DBI and write DM/DBI. Do not reduce DMI to output-only.,"Samsung LP4 p7 key features (read/write DBI), p10 ballout, p11 block diagram",,DDR_DQA9,01studio exact DDR join
T18,DDR_DQA9,DDR_DQ9_DQA9,IO,DDR,VDDIO_DDR,1.K230&K230D管脚信息表,498,A498:F498; I498,bidirectional,bidirectional,bidirectional,false,DDR data/strobe/DM-DBI,FUNCTIONAL_DERIVATION,normal functional operation,DQ and DQS transfer in both directions; LP4 DMI supports read DBI and write DM/DBI. Do not reduce DMI to output-only.,"Samsung LP4 p7 key features (read/write DBI), p10 ballout, p11 block diagram",,DDR_DQA13,01studio exact DDR join
T19,DDR_CSA1,DDR_CS1_CSA1,IO,DDR,VDDIO_DDR,1.K230&K230D管脚信息表,499,A499:F499; I499,output,output,output,false,DDR controller command/clock/reset output,FUNCTIONAL_DERIVATION,rank 1 function intentionally unused in single-rankdesign; retain output type,"Controller drives DRAM CA, CS, CKE, differential CLK or RESET. DIR=IO is a coarse workbook classification; selected memory endpoints/protocol establish controller direction.",HDG Figure3-12; Samsung LP4 pp10-11,Derived functional direction; source workbookDIR remainsIO.,unconnected-(U1F-DDR_CSA1-PadT19),REFERENCE_SINGLE_RANK_UNUSED_OUTPUT
T20,DDR_CSA0,DDR_CS0_CSA0,IO,DDR,VDDIO_DDR,1.K230&K230D管脚信息表,500,A500:F500; I500,bidirectional,output,output,true,DDR controller command/clock/reset output,FUNCTIONAL_DERIVATION,normal functional operation,"Controller drives DRAM CA, CS, CKE, differential CLK or RESET. DIR=IO is a coarse workbook classification; selected memory endpoints/protocol establish controller direction.",HDG Figure3-12; Samsung LP4 pp10-11,Derived functional direction; source workbookDIR remainsIO.,DDR_CSA0,01studio exact DDR join
U1,MIPI_RX2_D5_P,MIPI_RX2_D5_P,I,MIPI,AVDD1P8_MIPI,1.K230&K230D管脚信息表,501,A501:F501; I501,bidirectional,input,input,true,CSI receiver lane,DIRECT_PINOUT,normal CSI-2 operation; separate PHY test modes not validated,Package pinout I plus TRM 8.3.1 identify unidirectional receive data/clock. Generic IP register descriptions use IO and test loopback terms; normal CSI role is input.,TRM 8.3.1 PDF p441,,CSI2_D5_P,module-name correspondence CANDIDATE
U2,MIPI_RX2_D5_N,MIPI_RX2_D5_N,I,MIPI,AVDD1P8_MIPI,1.K230&K230D管脚信息表,502,A502:F502; I502,bidirectional,input,input,true,CSI receiver lane,DIRECT_PINOUT,normal CSI-2 operation; separate PHY test modes not validated,Package pinout I plus TRM 8.3.1 identify unidirectional receive data/clock. Generic IP register descriptions use IO and test loopback terms; normal CSI role is input.,TRM 8.3.1 PDF p441,,CSI2_D5_N,module-name correspondence CANDIDATE
U3,VSS,VSS,G,—,—,1.K230&K230D管脚信息表,503,A503:F503; I503,power_in,power_in,power_in,false,ground return,DIRECT_PINOUT,normal functional operation,Keep actual source-input/ground electrical type; no type promotion to create an ERC source.,,,GND,named ground ball
U6,MIPI_ATB,MIPI_ATB,I,MIPI,AVDD1P8_MIPI,1.K230&K230D管脚信息表,506,A506:F506; I506,passive,passive,passive,false,analog test bus,ANALOG_MODEL_EXCEPTION,normal functional operation,Explicitly unused/floating analog test node; not a digital receiver to bias.,HDG correspondingDDR/USB/MIPI circuit,KiCad has no analog-bias/calibration pin class. Passive documents this physical analog-node model; separately assert required resistor/divider/capacitor connectivity. It does not prove safe voltage or a no-use disposition.,unconnected-(U1H-MIPI_ATB-PadU6),GUIDE_EXPLICIT_MIPI_ATB_FLOAT
U7,MIPI_REXT,MIPI_REXT,I,MIPI,AVDD1P8_MIPI,1.K230&K230D管脚信息表,507,A507:F507; I507,bidirectional,passive,passive,true,analog MIPI calibration,ANALOG_MODEL_EXCEPTION,normal functional operation,External 200 ohm reference resistor; not a digital logic input despite workbook I.,HDG correspondingDDR/USB/MIPI circuit,KiCad has no analog-bias/calibration pin class. Passive documents this physical analog-node model; separately assert required resistor/divider/capacitor connectivity. It does not prove safe voltage or a no-use disposition.,MIPI_REXT,parent verified 01studio bias source
U8,VSS,VSS,G,—,—,1.K230&K230D管脚信息表,508,A508:F508; I508,power_in,power_in,power_in,false,ground return,DIRECT_PINOUT,normal functional operation,Keep actual source-input/ground electrical type; no type promotion to create an ERC source.,,,GND,named ground ball
U9,GPIO34/IIC1_SCL/IIS_D_IN0/PDM_IN3/UART3_RTS,GPIO34,IO,LVCMOS18/33,VDDIO_BANK2,1.K230&K230D管脚信息表,509,A509:F509; I509,bidirectional,bidirectional,bidirectional,false,mux-capable GPIO,MUX_CAPABILITY,normal functional operation,Preserve all GPIO alternate functions; default peripheral direction is not the complete pad capability.,,,BANK2_GPIO34,module-name correspondence CANDIDATE
U10,GPIO32/IIC0_SCL/IIS_CLK/UART3_TXD,GPIO32,IO,LVCMOS18/33,VDDIO_BANK2,1.K230&K230D管脚信息表,514,A514:F514; I514,bidirectional,bidirectional,bidirectional,false,mux-capable GPIO,MUX_CAPABILITY,normal functional operation,Preserve all GPIO alternate functions; default peripheral direction is not the complete pad capability.,,,BANK2_GPIO32,module-name correspondence CANDIDATE
U11,GPIO26/MMC1_CLK/PDM_CLK,GPIO26,IO,LVCMOS18/33,VDDIO_BANK2,1.K230&K230D管脚信息表,519,A519:F519; I519,bidirectional,bidirectional,bidirectional,false,mux-capable GPIO,MUX_CAPABILITY,normal functional operation,Preserve all GPIO alternate functions; default peripheral direction is not the complete pad capability.,,,BANK2_GPIO26,module-name correspondence CANDIDATE
U12,GPIO8/PWM3/IIC4_SDA,GPIO8,IO,LVCMOS18/33,VDDIO_BANK0,1.K230&K230D管脚信息表,524,A524:F524; I524,bidirectional,bidirectional,bidirectional,false,mux-capable GPIO,MUX_CAPABILITY,normal functional operation,Preserve all GPIO alternate functions; default peripheral direction is not the complete pad capability.,,,BANK0_GPIO8,module-name correspondence CANDIDATE
U13,GPIO10/3D_CTRL_IN/UART1_RXD/IIC1_SDA,GPIO10,IO,LVCMOS18/33,VDDIO_BANK0,1.K230&K230D管脚信息表,529,A529:F529; I529,bidirectional,bidirectional,bidirectional,false,mux-capable GPIO,MUX_CAPABILITY,normal functional operation,Preserve all GPIO alternate functions; default peripheral direction is not the complete pad capability.,,,BANK0_GPIO10,module-name correspondence CANDIDATE
U14,GPIO5/JTAG_TMS/PULSE_CNTR3/UART2_TXD,GPIO5,IO,LVCMOS18/33,VDDIO_BANK0,1.K230&K230D管脚信息表,534,A534:F534; I534,bidirectional,bidirectional,bidirectional,false,mux-capable GPIO,MUX_CAPABILITY,normal functional operation,Preserve all GPIO alternate functions; default peripheral direction is not the complete pad capability.,,,BANK0_GPIO5,module-name correspondence CANDIDATE
U15,GPIO63/M_CLK3/UART3_RE,GPIO63,IO,LVCMOS18/33,VDDIO_BANK5,1.K230&K230D管脚信息表,539,A539:F539; I539,bidirectional,bidirectional,bidirectional,false,mux-capable GPIO,MUX_CAPABILITY,normal functional operation,Preserve all GPIO alternate functions; default peripheral direction is not the complete pad capability.,,,BANK5_IO63,module-name correspondence CANDIDATE
U16,DDR_DQA0,DDR_DQ31_DQA0,IO,DDR,VDDIO_DDR,1.K230&K230D管脚信息表,544,A544:F544; I544,bidirectional,bidirectional,bidirectional,false,DDR data/strobe/DM-DBI,FUNCTIONAL_DERIVATION,normal functional operation,DQ and DQS transfer in both directions; LP4 DMI supports read DBI and write DM/DBI. Do not reduce DMI to output-only.,"Samsung LP4 p7 key features (read/write DBI), p10 ballout, p11 block diagram",,DDR_DQA4,01studio exact DDR join
U17,DDR_DQA7,DDR_DQ24_DQA7,IO,DDR,VDDIO_DDR,1.K230&K230D管脚信息表,545,A545:F545; I545,bidirectional,bidirectional,bidirectional,false,DDR data/strobe/DM-DBI,FUNCTIONAL_DERIVATION,normal functional operation,DQ and DQS transfer in both directions; LP4 DMI supports read DBI and write DM/DBI. Do not reduce DMI to output-only.,"Samsung LP4 p7 key features (read/write DBI), p10 ballout, p11 block diagram",,DDR_DQA2,01studio exact DDR join
U18,DDR_DQA13,DDR_DQ13_DQA13,IO,DDR,VDDIO_DDR,1.K230&K230D管脚信息表,546,A546:F546; I546,bidirectional,bidirectional,bidirectional,false,DDR data/strobe/DM-DBI,FUNCTIONAL_DERIVATION,normal functional operation,DQ and DQS transfer in both directions; LP4 DMI supports read DBI and write DM/DBI. Do not reduce DMI to output-only.,"Samsung LP4 p7 key features (read/write DBI), p10 ballout, p11 block diagram",,DDR_DQA14,01studio exact DDR join
U19,VSS,VSS,G,—,—,1.K230&K230D管脚信息表,547,A547:F547; I547,power_in,power_in,power_in,false,ground return,DIRECT_PINOUT,normal functional operation,Keep actual source-input/ground electrical type; no type promotion to create an ERC source.,,,GND,named ground ball
U20,DDR_DQA11,DDR_DQ11_DQA11,IO,DDR,VDDIO_DDR,1.K230&K230D管脚信息表,548,A548:F548; I548,bidirectional,bidirectional,bidirectional,false,DDR data/strobe/DM-DBI,FUNCTIONAL_DERIVATION,normal functional operation,DQ and DQS transfer in both directions; LP4 DMI supports read DBI and write DM/DBI. Do not reduce DMI to output-only.,"Samsung LP4 p7 key features (read/write DBI), p10 ballout, p11 block diagram",,DDR_DQA15,01studio exact DDR join
V1,MIPI_RX0_D1_N,MIPI_RX0_D1_N,I,MIPI,AVDD1P8_MIPI,1.K230&K230D管脚信息表,549,A549:F549; I549,bidirectional,input,input,true,CSI receiver lane,DIRECT_PINOUT,normal CSI-2 operation; separate PHY test modes not validated,Package pinout I plus TRM 8.3.1 identify unidirectional receive data/clock. Generic IP register descriptions use IO and test loopback terms; normal CSI role is input.,TRM 8.3.1 PDF p441,,CSI0_D1_N,module-name correspondence CANDIDATE
V2,MIPI_RX0_D1_P,MIPI_RX0_D1_P,I,MIPI,AVDD1P8_MIPI,1.K230&K230D管脚信息表,550,A550:F550; I550,bidirectional,input,input,true,CSI receiver lane,DIRECT_PINOUT,normal CSI-2 operation; separate PHY test modes not validated,Package pinout I plus TRM 8.3.1 identify unidirectional receive data/clock. Generic IP register descriptions use IO and test loopback terms; normal CSI role is input.,TRM 8.3.1 PDF p441,,CSI0_D1_P,module-name correspondence CANDIDATE
V3,VSS,VSS,G,—,—,1.K230&K230D管脚信息表,551,A551:F551; I551,power_in,power_in,power_in,false,ground return,DIRECT_PINOUT,normal functional operation,Keep actual source-input/ground electrical type; no type promotion to create an ERC source.,,,GND,named ground ball
V4,VSS,VSS,G,—,—,1.K230&K230D管脚信息表,552,A552:F552; I552,power_in,power_in,power_in,false,ground return,DIRECT_PINOUT,normal functional operation,Keep actual source-input/ground electrical type; no type promotion to create an ERC source.,,,GND,named ground ball
V5,VSS,VSS,G,—,—,1.K230&K230D管脚信息表,553,A553:F553; I553,power_in,power_in,power_in,false,ground return,DIRECT_PINOUT,normal functional operation,Keep actual source-input/ground electrical type; no type promotion to create an ERC source.,,,GND,named ground ball
V6,VSS,VSS,G,—,—,1.K230&K230D管脚信息表,554,A554:F554; I554,power_in,power_in,power_in,false,ground return,DIRECT_PINOUT,normal functional operation,Keep actual source-input/ground electrical type; no type promotion to create an ERC source.,,,GND,named ground ball
V7,VSS,VSS,G,—,—,1.K230&K230D管脚信息表,555,A555:F555; I555,power_in,power_in,power_in,false,ground return,DIRECT_PINOUT,normal functional operation,Keep actual source-input/ground electrical type; no type promotion to create an ERC source.,,,GND,named ground ball
V8,VSS,VSS,G,—,—,1.K230&K230D管脚信息表,556,A556:F556; I556,power_in,power_in,power_in,false,ground return,DIRECT_PINOUT,normal functional operation,Keep actual source-input/ground electrical type; no type promotion to create an ERC source.,,,GND,named ground ball
V9,GPIO31/MMC1_D3/UART3_CTS/3D_CTRL_OUT2,GPIO31,IO,LVCMOS18/33,VDDIO_BANK2,1.K230&K230D管脚信息表,557,A557:F557; I557,bidirectional,bidirectional,bidirectional,false,mux-capable GPIO,MUX_CAPABILITY,normal functional operation,Preserve all GPIO alternate functions; default peripheral direction is not the complete pad capability.,,,BANK2_GPIO31,module-name correspondence CANDIDATE
V10,GPIO30/MMC1_D2/UART3_RTS/3D_CTRL_OUT1,GPIO30,IO,LVCMOS18/33,VDDIO_BANK2,1.K230&K230D管脚信息表,562,A562:F562; I562,bidirectional,bidirectional,bidirectional,false,mux-capable GPIO,MUX_CAPABILITY,normal functional operation,Preserve all GPIO alternate functions; default peripheral direction is not the complete pad capability.,,,BANK2_GPIO30,module-name correspondence CANDIDATE
V11,GPIO29/MMC1_D1/UART3_RXD/3D_CTRL_IN,GPIO29,IO,LVCMOS18/33,VDDIO_BANK2,1.K230&K230D管脚信息表,567,A567:F567; I567,bidirectional,bidirectional,bidirectional,false,mux-capable GPIO,MUX_CAPABILITY,normal functional operation,Preserve all GPIO alternate functions; default peripheral direction is not the complete pad capability.,,,BANK2_GPIO29,module-name correspondence CANDIDATE
V12,GPIO28/MMC1_D0/UART3_TXD/PDM_IN1,GPIO28,IO,LVCMOS18/33,VDDIO_BANK2,1.K230&K230D管脚信息表,572,A572:F572; I572,bidirectional,bidirectional,bidirectional,false,mux-capable GPIO,MUX_CAPABILITY,normal functional operation,Preserve all GPIO alternate functions; default peripheral direction is not the complete pad capability.,,,BANK2_GPIO28,module-name correspondence CANDIDATE
V13,GPIO12/3D_CTRL_OUT2/UART2_RXD/IIC2_SDA,GPIO12,IO,LVCMOS18/33,VDDIO_BANK0,1.K230&K230D管脚信息表,577,A577:F577; I577,bidirectional,bidirectional,bidirectional,false,mux-capable GPIO,MUX_CAPABILITY,normal functional operation,Preserve all GPIO alternate functions; default peripheral direction is not the complete pad capability.,,,BANK0_GPIO12,module-name correspondence CANDIDATE
V14,GPIO6/JTAG_RST/PULSE_CNTR4/UART2_RXD,GPIO6,IO,LVCMOS18/33,VDDIO_BANK0,1.K230&K230D管脚信息表,582,A582:F582; I582,bidirectional,bidirectional,bidirectional,false,mux-capable GPIO,MUX_CAPABILITY,normal functional operation,Preserve all GPIO alternate functions; default peripheral direction is not the complete pad capability.,,,BANK0_GPIO6,module-name correspondence CANDIDATE
V15,GPIO3/JTAG_TDI/PULSE_CNTR1/UART1_TXD,GPIO3,IO,LVCMOS18/33,VDDIO_BANK0,1.K230&K230D管脚信息表,587,A587:F587; I587,bidirectional,bidirectional,bidirectional,false,mux-capable GPIO,MUX_CAPABILITY,normal functional operation,Preserve all GPIO alternate functions; default peripheral direction is not the complete pad capability.,,,BANK0_GPIO3,module-name correspondence CANDIDATE
V16,DDR_DQA2,DDR_DQ29_DQA2,IO,DDR,VDDIO_DDR,1.K230&K230D管脚信息表,592,A592:F592; I592,bidirectional,bidirectional,bidirectional,false,DDR data/strobe/DM-DBI,FUNCTIONAL_DERIVATION,normal functional operation,DQ and DQS transfer in both directions; LP4 DMI supports read DBI and write DM/DBI. Do not reduce DMI to output-only.,"Samsung LP4 p7 key features (read/write DBI), p10 ballout, p11 block diagram",,DDR_DQA1,01studio exact DDR join
V17,DDR_DMIA0,DDR_DM3_DMIA0,IO,DDR,VDDIO_DDR,1.K230&K230D管脚信息表,593,A593:F593; I593,bidirectional,bidirectional,bidirectional,false,DDR data/strobe/DM-DBI,FUNCTIONAL_DERIVATION,normal functional operation,DQ and DQS transfer in both directions; LP4 DMI supports read DBI and write DM/DBI. Do not reduce DMI to output-only.,"Samsung LP4 p7 key features (read/write DBI), p10 ballout, p11 block diagram",,DDR_DMIA0,01studio exact DDR join
V18,DDR_DQA5,DDR_DQ26_DQA5,IO,DDR,VDDIO_DDR,1.K230&K230D管脚信息表,594,A594:F594; I594,bidirectional,bidirectional,bidirectional,false,DDR data/strobe/DM-DBI,FUNCTIONAL_DERIVATION,normal functional operation,DQ and DQS transfer in both directions; LP4 DMI supports read DBI and write DM/DBI. Do not reduce DMI to output-only.,"Samsung LP4 p7 key features (read/write DBI), p10 ballout, p11 block diagram",,DDR_DQA5,01studio exact DDR join
V19,DDR_DQSA1N,DDR_DQS1N_DQSA1N,IO,DDR,VDDIO_DDR,1.K230&K230D管脚信息表,595,A595:F595; I595,bidirectional,bidirectional,bidirectional,false,DDR data/strobe/DM-DBI,FUNCTIONAL_DERIVATION,normal functional operation,DQ and DQS transfer in both directions; LP4 DMI supports read DBI and write DM/DBI. Do not reduce DMI to output-only.,"Samsung LP4 p7 key features (read/write DBI), p10 ballout, p11 block diagram",,DDR_DQSA1_N,01studio exact DDR join
V20,DDR_DQSA1P,DDR_DQS1P_DQSA1P,IO,DDR,VDDIO_DDR,1.K230&K230D管脚信息表,596,A596:F596; I596,bidirectional,bidirectional,bidirectional,false,DDR data/strobe/DM-DBI,FUNCTIONAL_DERIVATION,normal functional operation,DQ and DQS transfer in both directions; LP4 DMI supports read DBI and write DM/DBI. Do not reduce DMI to output-only.,"Samsung LP4 p7 key features (read/write DBI), p10 ballout, p11 block diagram",,DDR_DQSA1_P,01studio exact DDR join
W1,VSS,VSS,G,—,—,1.K230&K230D管脚信息表,597,A597:F597; I597,power_in,power_in,power_in,false,ground return,DIRECT_PINOUT,normal functional operation,Keep actual source-input/ground electrical type; no type promotion to create an ERC source.,,,GND,named ground ball
W2,MIPI_RX0_CLK_P,MIPI_RX0_CLK_P,I,MIPI,AVDD1P8_MIPI,1.K230&K230D管脚信息表,598,A598:F598; I598,bidirectional,input,input,true,CSI receiver lane,DIRECT_PINOUT,normal CSI-2 operation; separate PHY test modes not validated,Package pinout I plus TRM 8.3.1 identify unidirectional receive data/clock. Generic IP register descriptions use IO and test loopback terms; normal CSI role is input.,TRM 8.3.1 PDF p441,,CSI0_CLK_P,module-name correspondence CANDIDATE
W3,MIPI_RX0_D0_N,MIPI_RX0_D0_N,I,MIPI,AVDD1P8_MIPI,1.K230&K230D管脚信息表,599,A599:F599; I599,bidirectional,input,input,true,CSI receiver lane,DIRECT_PINOUT,normal CSI-2 operation; separate PHY test modes not validated,Package pinout I plus TRM 8.3.1 identify unidirectional receive data/clock. Generic IP register descriptions use IO and test loopback terms; normal CSI role is input.,TRM 8.3.1 PDF p441,,CSI0_D0_N,module-name correspondence CANDIDATE
W4,MIPI_RX1_D2_P,MIPI_RX1_D2_P,I,MIPI,AVDD1P8_MIPI,1.K230&K230D管脚信息表,600,A600:F600; I600,bidirectional,input,input,true,CSI receiver lane,DIRECT_PINOUT,normal CSI-2 operation; separate PHY test modes not validated,Package pinout I plus TRM 8.3.1 identify unidirectional receive data/clock. Generic IP register descriptions use IO and test loopback terms; normal CSI role is input.,TRM 8.3.1 PDF p441,,CSI1_D2_P,module-name correspondence CANDIDATE
W5,MIPI_RX1_CLK_N,MIPI_RX1_CLK_N,I,MIPI,AVDD1P8_MIPI,1.K230&K230D管脚信息表,601,A601:F601; I601,bidirectional,input,input,true,CSI receiver lane,DIRECT_PINOUT,normal CSI-2 operation; separate PHY test modes not validated,Package pinout I plus TRM 8.3.1 identify unidirectional receive data/clock. Generic IP register descriptions use IO and test loopback terms; normal CSI role is input.,TRM 8.3.1 PDF p441,,CSI1_CLK_N,module-name correspondence CANDIDATE
W6,MIPI_RX1_D3_N,MIPI_RX1_D3_N,I,MIPI,AVDD1P8_MIPI,1.K230&K230D管脚信息表,602,A602:F602; I602,bidirectional,input,input,true,CSI receiver lane,DIRECT_PINOUT,normal CSI-2 operation; separate PHY test modes not validated,Package pinout I plus TRM 8.3.1 identify unidirectional receive data/clock. Generic IP register descriptions use IO and test loopback terms; normal CSI role is input.,TRM 8.3.1 PDF p441,,CSI1_D3_N,module-name correspondence CANDIDATE
W7,MIPI_TX1_D3_N,MIPI_TX1_D3_N,O,MIPI,AVDD1P8_MIPI,1.K230&K230D管脚信息表,603,A603:F603; I603,bidirectional,output,output,true,DSI unidirectional data/clock output,DIRECT_PINOUT,normal functional operation,WorkbookO andTRM 8.4.1 agree other three data lanes and clock are unidirectional.,TRM 8.4.1 PDF p505,,DSI_D3_N,module-name correspondence CANDIDATE
W8,MIPI_TX1_D2_P,MIPI_TX1_D2_P,O,MIPI,AVDD1P8_MIPI,1.K230&K230D管脚信息表,604,A604:F604; I604,bidirectional,output,output,true,DSI unidirectional data/clock output,DIRECT_PINOUT,normal functional operation,WorkbookO andTRM 8.4.1 agree other three data lanes and clock are unidirectional.,TRM 8.4.1 PDF p505,,DSI_D2_P,module-name correspondence CANDIDATE
W9,MIPI_TX0_CLK_N,MIPI_TX0_CLK_N,O,MIPI,AVDD1P8_MIPI,1.K230&K230D管脚信息表,605,A605:F605; I605,bidirectional,output,output,true,DSI unidirectional data/clock output,DIRECT_PINOUT,normal functional operation,WorkbookO andTRM 8.4.1 agree other three data lanes and clock are unidirectional.,TRM 8.4.1 PDF p505,,DSI_CLK_N,module-name correspondence CANDIDATE
W10,MIPI_TX0_D0_P,MIPI_TX0_D0_P,O,MIPI,AVDD1P8_MIPI,1.K230&K230D管脚信息表,606,A606:F606; I606,bidirectional,bidirectional,bidirectional,false,DSI lane 0 HSoutput/LPbidirectional,DOCUMENTED_DIRECTION_EXCEPTION,normal functional operation,"TRM 8.4.1 explicitly permits lane 0 LPescape andturnaround reception, despite workbook O. Preserve bidirectional electrical type.",TRM 8.4.1 PDF p505; turnaround section,WorkbookO is incomplete forLP turnaround. Do not blindly copy to output.,DSI_D0_P,module-name correspondence CANDIDATE
W11,MIPI_TX0_D1_N,MIPI_TX0_D1_N,O,MIPI,AVDD1P8_MIPI,1.K230&K230D管脚信息表,607,A607:F607; I607,bidirectional,output,output,true,DSI unidirectional data/clock output,DIRECT_PINOUT,normal functional operation,WorkbookO andTRM 8.4.1 agree other three data lanes and clock are unidirectional.,TRM 8.4.1 PDF p505,,DSI_D1_N,module-name correspondence CANDIDATE
W12,GPIO35/IIC1_SDA/IIS_D_OUT0/PDM_IN1/UART3_CTS,GPIO35,IO,LVCMOS18/33,VDDIO_BANK2,1.K230&K230D管脚信息表,608,A608:F608; I608,bidirectional,bidirectional,bidirectional,false,mux-capable GPIO,MUX_CAPABILITY,normal functional operation,Preserve all GPIO alternate functions; default peripheral direction is not the complete pad capability.,,,BANK2_GPIO35,module-name correspondence CANDIDATE
W13,GPIO27/MMC1_CMD/PULSE_CNTR5/PDM_IN0,GPIO27,IO,LVCMOS18/33,VDDIO_BANK2,1.K230&K230D管脚信息表,613,A613:F613; I613,bidirectional,bidirectional,bidirectional,false,mux-capable GPIO,MUX_CAPABILITY,normal functional operation,Preserve all GPIO alternate functions; default peripheral direction is not the complete pad capability.,,,BANK2_GPIO27,module-name correspondence CANDIDATE
W14,GPIO7/PWM2/IIC4_SCL,GPIO7,IO,LVCMOS18/33,VDDIO_BANK0,1.K230&K230D管脚信息表,618,A618:F618; I618,bidirectional,bidirectional,bidirectional,false,mux-capable GPIO,MUX_CAPABILITY,normal functional operation,Preserve all GPIO alternate functions; default peripheral direction is not the complete pad capability.,,,BANK0_GPIO7,module-name correspondence CANDIDATE
W15,GPIO2/JTAG_TCK/PULSE_CNTR0,GPIO2,IO,LVCMOS18/33,VDDIO_BANK0,1.K230&K230D管脚信息表,623,A623:F623; I623,bidirectional,bidirectional,bidirectional,false,mux-capable GPIO,MUX_CAPABILITY,normal functional operation,Preserve all GPIO alternate functions; default peripheral direction is not the complete pad capability.,,,BANK0_GPIO2,module-name correspondence CANDIDATE
W16,VSS,VSS,G,—,—,1.K230&K230D管脚信息表,628,A628:F628; I628,power_in,power_in,power_in,false,ground return,DIRECT_PINOUT,normal functional operation,Keep actual source-input/ground electrical type; no type promotion to create an ERC source.,,,GND,named ground ball
W17,DDR_DQSA0P,DDR_DQS3P_DQSA0P,IO,DDR,VDDIO_DDR,1.K230&K230D管脚信息表,629,A629:F629; I629,bidirectional,bidirectional,bidirectional,false,DDR data/strobe/DM-DBI,FUNCTIONAL_DERIVATION,normal functional operation,DQ and DQS transfer in both directions; LP4 DMI supports read DBI and write DM/DBI. Do not reduce DMI to output-only.,"Samsung LP4 p7 key features (read/write DBI), p10 ballout, p11 block diagram",,DDR_DQSA0_P,01studio exact DDR join
W18,DDR_DQA4,DDR_DQ27_DQA4,IO,DDR,VDDIO_DDR,1.K230&K230D管脚信息表,630,A630:F630; I630,bidirectional,bidirectional,bidirectional,false,DDR data/strobe/DM-DBI,FUNCTIONAL_DERIVATION,normal functional operation,DQ and DQS transfer in both directions; LP4 DMI supports read DBI and write DM/DBI. Do not reduce DMI to output-only.,"Samsung LP4 p7 key features (read/write DBI), p10 ballout, p11 block diagram",,DDR_DQA6,01studio exact DDR join
W19,DDR_DQA12,DDR_DQ12_DQA12,IO,DDR,VDDIO_DDR,1.K230&K230D管脚信息表,631,A631:F631; I631,bidirectional,bidirectional,bidirectional,false,DDR data/strobe/DM-DBI,FUNCTIONAL_DERIVATION,normal functional operation,DQ and DQS transfer in both directions; LP4 DMI supports read DBI and write DM/DBI. Do not reduce DMI to output-only.,"Samsung LP4 p7 key features (read/write DBI), p10 ballout, p11 block diagram",,DDR_DQA8,01studio exact DDR join
W20,VSS,VSS,G,—,—,1.K230&K230D管脚信息表,632,A632:F632; I632,power_in,power_in,power_in,false,ground return,DIRECT_PINOUT,normal functional operation,Keep actual source-input/ground electrical type; no type promotion to create an ERC source.,,,GND,named ground ball
Y1,NC,NC,—,—,—,1.K230&K230D管脚信息表,633,A633:F633; I633,no_connect,no_connect,no_connect,false,manufacturer named NC,DIRECT_PINOUT,normal functional operation,Explicit standalone NC in official package pinout.,,,unconnected-(U1J-NC-PadY1),MANUFACTURER_NC_DNU_MUST_REMAIN_OPEN
Y2,MIPI_RX0_CLK_N,MIPI_RX0_CLK_N,I,MIPI,AVDD1P8_MIPI,1.K230&K230D管脚信息表,634,A634:F634; I634,bidirectional,input,input,true,CSI receiver lane,DIRECT_PINOUT,normal CSI-2 operation; separate PHY test modes not validated,Package pinout I plus TRM 8.3.1 identify unidirectional receive data/clock. Generic IP register descriptions use IO and test loopback terms; normal CSI role is input.,TRM 8.3.1 PDF p441,,CSI0_CLK_N,module-name correspondence CANDIDATE
Y3,MIPI_RX0_D0_P,MIPI_RX0_D0_P,I,MIPI,AVDD1P8_MIPI,1.K230&K230D管脚信息表,635,A635:F635; I635,bidirectional,input,input,true,CSI receiver lane,DIRECT_PINOUT,normal CSI-2 operation; separate PHY test modes not validated,Package pinout I plus TRM 8.3.1 identify unidirectional receive data/clock. Generic IP register descriptions use IO and test loopback terms; normal CSI role is input.,TRM 8.3.1 PDF p441,,CSI0_D0_P,module-name correspondence CANDIDATE
Y4,MIPI_RX1_D2_N,MIPI_RX1_D2_N,I,MIPI,AVDD1P8_MIPI,1.K230&K230D管脚信息表,636,A636:F636; I636,bidirectional,input,input,true,CSI receiver lane,DIRECT_PINOUT,normal CSI-2 operation; separate PHY test modes not validated,Package pinout I plus TRM 8.3.1 identify unidirectional receive data/clock. Generic IP register descriptions use IO and test loopback terms; normal CSI role is input.,TRM 8.3.1 PDF p441,,CSI1_D2_N,module-name correspondence CANDIDATE
Y5,MIPI_RX1_CLK_P,MIPI_RX1_CLK_P,I,MIPI,AVDD1P8_MIPI,1.K230&K230D管脚信息表,637,A637:F637; I637,bidirectional,input,input,true,CSI receiver lane,DIRECT_PINOUT,normal CSI-2 operation; separate PHY test modes not validated,Package pinout I plus TRM 8.3.1 identify unidirectional receive data/clock. Generic IP register descriptions use IO and test loopback terms; normal CSI role is input.,TRM 8.3.1 PDF p441,,CSI1_CLK_P,module-name correspondence CANDIDATE
Y6,MIPI_RX1_D3_P,MIPI_RX1_D3_P,I,MIPI,AVDD1P8_MIPI,1.K230&K230D管脚信息表,638,A638:F638; I638,bidirectional,input,input,true,CSI receiver lane,DIRECT_PINOUT,normal CSI-2 operation; separate PHY test modes not validated,Package pinout I plus TRM 8.3.1 identify unidirectional receive data/clock. Generic IP register descriptions use IO and test loopback terms; normal CSI role is input.,TRM 8.3.1 PDF p441,,CSI1_D3_P,module-name correspondence CANDIDATE
Y7,MIPI_TX1_D3_P,MIPI_TX1_D3_P,O,MIPI,AVDD1P8_MIPI,1.K230&K230D管脚信息表,639,A639:F639; I639,bidirectional,output,output,true,DSI unidirectional data/clock output,DIRECT_PINOUT,normal functional operation,WorkbookO andTRM 8.4.1 agree other three data lanes and clock are unidirectional.,TRM 8.4.1 PDF p505,,DSI_D3_P,module-name correspondence CANDIDATE
Y8,MIPI_TX1_D2_N,MIPI_TX1_D2_N,O,MIPI,AVDD1P8_MIPI,1.K230&K230D管脚信息表,640,A640:F640; I640,bidirectional,output,output,true,DSI unidirectional data/clock output,DIRECT_PINOUT,normal functional operation,WorkbookO andTRM 8.4.1 agree other three data lanes and clock are unidirectional.,TRM 8.4.1 PDF p505,,DSI_D2_N,module-name correspondence CANDIDATE
Y9,MIPI_TX0_CLK_P,MIPI_TX0_CLK_P,O,MIPI,AVDD1P8_MIPI,1.K230&K230D管脚信息表,641,A641:F641; I641,bidirectional,output,output,true,DSI unidirectional data/clock output,DIRECT_PINOUT,normal functional operation,WorkbookO andTRM 8.4.1 agree other three data lanes and clock are unidirectional.,TRM 8.4.1 PDF p505,,DSI_CLK_P,module-name correspondence CANDIDATE
Y10,MIPI_TX0_D0_N,MIPI_TX0_D0_N,O,MIPI,AVDD1P8_MIPI,1.K230&K230D管脚信息表,642,A642:F642; I642,bidirectional,bidirectional,bidirectional,false,DSI lane 0 HSoutput/LPbidirectional,DOCUMENTED_DIRECTION_EXCEPTION,normal functional operation,"TRM 8.4.1 explicitly permits lane 0 LPescape andturnaround reception, despite workbook O. Preserve bidirectional electrical type.",TRM 8.4.1 PDF p505; turnaround section,WorkbookO is incomplete forLP turnaround. Do not blindly copy to output.,DSI_D0_N,module-name correspondence CANDIDATE
Y11,MIPI_TX0_D1_P,MIPI_TX0_D1_P,O,MIPI,AVDD1P8_MIPI,1.K230&K230D管脚信息表,643,A643:F643; I643,bidirectional,output,output,true,DSI unidirectional data/clock output,DIRECT_PINOUT,normal functional operation,WorkbookO andTRM 8.4.1 agree other three data lanes and clock are unidirectional.,TRM 8.4.1 PDF p505,,DSI_D1_P,module-name correspondence CANDIDATE
Y12,GPIO37/IIC3_SDA/IIS_D_OUT1/PDM_IN0/UART4_RXD,GPIO37,IO,LVCMOS18/33,VDDIO_BANK2,1.K230&K230D管脚信息表,644,A644:F644; I644,bidirectional,bidirectional,bidirectional,false,mux-capable GPIO,MUX_CAPABILITY,normal functional operation,Preserve all GPIO alternate functions; default peripheral direction is not the complete pad capability.,,,BANK2_GPIO37,module-name correspondence CANDIDATE
Y13,VSS,VSS,G,—,—,1.K230&K230D管脚信息表,649,A649:F649; I649,power_in,power_in,power_in,false,ground return,DIRECT_PINOUT,normal functional operation,Keep actual source-input/ground electrical type; no type promotion to create an ERC source.,,,GND,named ground ball
Y14,GPIO11/3D_CTRL_OUT1/UART2_TXD/IIC2_SCL,GPIO11,IO,LVCMOS18/33,VDDIO_BANK0,1.K230&K230D管脚信息表,650,A650:F650; I650,bidirectional,bidirectional,bidirectional,false,mux-capable GPIO,MUX_CAPABILITY,normal functional operation,Preserve all GPIO alternate functions; default peripheral direction is not the complete pad capability.,,,BANK0_GPIO11,module-name correspondence CANDIDATE
Y15,GPIO4/JTAG_TDO/PULSE_CNTR2/UART1_RXD,GPIO4,IO,LVCMOS18/33,VDDIO_BANK0,1.K230&K230D管脚信息表,655,A655:F655; I655,bidirectional,bidirectional,bidirectional,false,mux-capable GPIO,MUX_CAPABILITY,normal functional operation,Preserve all GPIO alternate functions; default peripheral direction is not the complete pad capability.,,,BANK0_GPIO4,module-name correspondence CANDIDATE
Y16,DDR_DQA3,DDR_DQ28_DQA3,IO,DDR,VDDIO_DDR,1.K230&K230D管脚信息表,660,A660:F660; I660,bidirectional,bidirectional,bidirectional,false,DDR data/strobe/DM-DBI,FUNCTIONAL_DERIVATION,normal functional operation,DQ and DQS transfer in both directions; LP4 DMI supports read DBI and write DM/DBI. Do not reduce DMI to output-only.,"Samsung LP4 p7 key features (read/write DBI), p10 ballout, p11 block diagram",,DDR_DQA0,01studio exact DDR join
Y17,DDR_DQSA0N,DDR_DQS3N_DQSA0N,IO,DDR,VDDIO_DDR,1.K230&K230D管脚信息表,661,A661:F661; I661,bidirectional,bidirectional,bidirectional,false,DDR data/strobe/DM-DBI,FUNCTIONAL_DERIVATION,normal functional operation,DQ and DQS transfer in both directions; LP4 DMI supports read DBI and write DM/DBI. Do not reduce DMI to output-only.,"Samsung LP4 p7 key features (read/write DBI), p10 ballout, p11 block diagram",,DDR_DQSA0_N,01studio exact DDR join
Y18,DDR_DQA6,DDR_DQ25_DQA6,IO,DDR,VDDIO_DDR,1.K230&K230D管脚信息表,662,A662:F662; I662,bidirectional,bidirectional,bidirectional,false,DDR data/strobe/DM-DBI,FUNCTIONAL_DERIVATION,normal functional operation,DQ and DQS transfer in both directions; LP4 DMI supports read DBI and write DM/DBI. Do not reduce DMI to output-only.,"Samsung LP4 p7 key features (read/write DBI), p10 ballout, p11 block diagram",,DDR_DQA7,01studio exact DDR join
Y19,VSS,VSS,G,—,—,1.K230&K230D管脚信息表,663,A663:F663; I663,power_in,power_in,power_in,false,ground return,DIRECT_PINOUT,normal functional operation,Keep actual source-input/ground electrical type; no type promotion to create an ERC source.,,,GND,named ground ball
Y20,NC,NC,—,—,—,1.K230&K230D管脚信息表,664,A664:F664; I664,no_connect,no_connect,no_connect,false,manufacturer named NC,DIRECT_PINOUT,normal functional operation,Explicit standalone NC in official package pinout.,,,unconnected-(U1J-NC-PadY20),MANUFACTURER_NC_DNU_MUST_REMAIN_OPEN
