reference,symbol,ball,function,current_type,proposed_type,change_required,source_document,ball_map_page,ball_map_location,direction_pages,direction_section,manufacturer_type,electrical_role,no_use_classification,operating_scope,decision_reason,ambiguity_or_limit,current_net,current_disposition,other_net_endpoints
U2,K4F8E304HB_200,A1,DNU,no_connect,no_connect,false,Samsung K4F8E304HB-MGCJ Rev.1.0 (June 2016),10,A row / column 1,10–11,4.2 package ballout; 4.3 pad definitions,DNU,Do-not-use ball,MANUFACTURER_DO_NOT_USE,All normal supported operating modes of this exact part,Keep an explicit no-use electrical class and open circuit; retain the manufacturer classification separately.,A no_connect CAD type does not prove this physical ball is unbonded. DNU/RFU must not be used. The source does not grant alternative NC wiring; leave NC open rather than assuming grounding or routing-through is permitted.,unconnected-(U2A-DNU-PadA1),MANUFACTURER_NC_DNU_MUST_REMAIN_OPEN,
U2,K4F8E304HB_200,A2,DNU,no_connect,no_connect,false,Samsung K4F8E304HB-MGCJ Rev.1.0 (June 2016),10,A row / column 2,10–11,4.2 package ballout; 4.3 pad definitions,DNU,Do-not-use ball,MANUFACTURER_DO_NOT_USE,All normal supported operating modes of this exact part,Keep an explicit no-use electrical class and open circuit; retain the manufacturer classification separately.,A no_connect CAD type does not prove this physical ball is unbonded. DNU/RFU must not be used. The source does not grant alternative NC wiring; leave NC open rather than assuming grounding or routing-through is permitted.,unconnected-(U2A-DNU-PadA2),MANUFACTURER_NC_DNU_MUST_REMAIN_OPEN,
U2,K4F8E304HB_200,A3,VSS,power_in,power_in,false,Samsung K4F8E304HB-MGCJ Rev.1.0 (June 2016),10,A row / column 3,12,4.5 Table 1,GND,Ground return,FUNCTIONAL,All normal supported operating modes of this exact part,Manufacturer supply/ground identity; do not promote to source.,,GND,65 exact SoC joins; source NC/DNU flagged; bias on dedicated sheet,C201.2:; C203.2:; C204.2:; C205.2:; C206.2:; C207.2:; C208.2:; C209.2:; C210.2:; C211.2:; C212.2:; C213.2:; C214.2:; C215.2:; C216.2:; C217.2:; C218.2:; C220.2:; C221.2:; C222.2:; C223.2:; C225.2:; C226.2:; C227.2:; C228.2:; C230.2:; C231.2:; C232.2:; C233.2:; C234.2:; C235.2:; C236.2:; C237.2:; C238.2:; C239.2:; C240.2:; C241.2:; C242.2:; C243.2:; C244.2:; C31.2:; C32.2:; C33.2:; C34.2:; C41.2:; C42.2:; C43.2:; C44.2:; C45.2:; C501.2:; C502.2:; C503.2:; C504.2:; C505.2:; C506.2:; C507.2:; C508.2:; C509.2:; C510.2:; C511.2:; C512.2:; C513.2:; C514.2:; C515.2:; C516.2:; C517.2:; C518.2:; C519.2:; C520.2:; C521.2:; C522.2:; C523.2:; C524.2:; C525.2:; C526.2:; C527.2:; C528.2:; C529.2:; C530.2:; C531.2:; C532.2:; C533.2:; C534.2:; C535.2:; C536.2:; C537.2:; C538.2:; C539.2:; C540.2:; C541.2:; C542.2:; C543.2:; C544.2:; C545.2:; C546.2:; C547.2:; C548.2:; C549.2:; C550.2:; C551.2:; C552.2:; C553.2:; C554.2:; C555.2:; C556.2:; C557.2:; C558.2:; C559.2:; C560.2:; C561.2:; C562.2:; C563.2:; C564.2:; C565.2:; C566.2:; C567.2:; C568.2:; C569.2:; C570.2:; C571.2:; C572.2:; C573.2:; C574.2:; C575.2:; C576.2:; C577.2:; C62.2:; C63.2:; C64.2:; C65.2:; C809.2:; C810.2:; C811.2:; C812.2:; C813.2:; C814.2:; C815.2:; C816.2:; J1.1:GND; J1.106:GND; J1.2:GND; J1.3:GND; J1.36:GND; J1.49:GND; J1.57:GND; J1.64:GND; J1.71:GND; J1.78:GND; J1.89:GND; R202.2:; R205.2:; R206.2:; R208.2:; R211.2:; R214.2:; R31.2:; R402.2:; R44.2:; R47.2:; R526.2:; R529.2:; R571.2:; R572.2:; R64.2:; R66.2:; R69.2:; R70.2:; R71.2:; U1.A13:VSS; U1.A16:VSS; U1.A19:VSS; U1.A9:TEST_EN; U1.B13:VSS; U1.B20:VSS; U1.C13:VSS; U1.D10:VSS; U1.D11:VSS; U1.D13:VSS; U1.D15:VSS; U1.D9:VSS; U1.E12:VSS; U1.E13:VSS; U1.E14:VSS; U1.E15:VSS; U1.E16:VSS; U1.E19:VSS; U1.E4:VSS; U1.E6:VSS; U1.E7:VSS; U1.E8:VSS; U1.F10:VSS; U1.F11:AVSS; U1.F16:VSS; U1.F4:VSS; U1.F6:VSS; U1.G13:VSS; U1.G14:VSS; U1.G15:VSS; U1.G16:VSS; U1.G6:VSS; U1.G7:AVSS; U1.G8:AVSS; U1.H11:VSS; U1.H13:VSS; U1.H15:VSS; U1.H16:VSS; U1.H20:VSS; U1.H7:VSS; U1.J11:VSS; U1.J13:VSS; U1.J15:VSS; U1.J7:VSS; U1.K10:VSS; U1.K12:VSS; U1.K14:VSS; U1.K16:VSS; U1.K18:VSS; U1.K3:VSS; U1.K6:VSS; U1.K8:VSS; U1.L10:VSS; U1.L12:VSS; U1.L15:VSS; U1.L19:VSS; U1.L7:VSS; U1.L8:VSS; U1.M10:VSS; U1.M12:VSS; U1.M15:VSS; U1.M16:VSS; U1.M6:VSS; U1.M8:VSS; U1.N10:VSS; U1.N12:VSS; U1.N15:VSS; U1.N16:VSS; U1.N3:VSS; U1.N5:VSS; U1.N8:VSS; U1.P10:VSS; U1.P12:VSS; U1.P14:VSS; U1.P15:VSS; U1.P20:VSS; U1.P6:VSS; U1.P7:VSS; U1.P8:VSS; U1.R10:VSS; U1.R12:VSS; U1.R14:VSS; U1.R16:VSS; U1.R3:VSS; U1.R6:VSS; U1.R7:VSS; U1.T15:VSS; U1.T3:VSS; U1.T7:VSS; U1.T8:VSS; U1.T9:VSS; U1.U19:VSS; U1.U3:VSS; U1.U8:VSS; U1.V3:VSS; U1.V4:VSS; U1.V5:VSS; U1.V6:VSS; U1.V7:VSS; U1.V8:VSS; U1.W1:VSS; U1.W16:VSS; U1.W20:VSS; U1.Y13:VSS; U1.Y19:VSS; U11.6:GND; U12.10:D4; U12.11:S4B; U12.12:S4A; U12.6:GND; U12.8:S3B; U13.1:S1B; U13.11:S4B; U13.15:SEL; U13.4:S2B; U13.6:GND; U13.8:S3B; U14.3:GND; U2.A10:VSS; U2.AB10:VSS; U2.AB3:VSS; U2.AB5:VSS; U2.AB8:VSS; U2.C1:VSS; U2.C12:VSS; U2.C5:VSS; U2.C8:VSS; U2.D11:VSS; U2.D2:VSS; U2.D4:VSS; U2.D9:VSS; U2.E1:VSS; U2.E12:VSS; U2.E5:VSS; U2.E8:VSS; U2.G1:VSS; U2.G10:VSS; U2.G12:VSS; U2.G3:VSS; U2.G5:VSS; U2.G8:VSS; U2.J1:VSS; U2.J10:VSS; U2.J12:VSS; U2.J3:VSS; U2.K11:VSS; U2.K2:VSS; U2.K4:VSS; U2.K9:VSS; U2.N11:VSS; U2.N2:VSS; U2.N4:VSS; U2.N9:VSS; U2.P1:VSS; U2.P10:VSS; U2.P12:VSS; U2.P3:VSS; U2.T1:VSS; U2.T10:VSS; U2.T12:VSS; U2.T3:VSS; U2.T5:VSS; U2.T8:VSS; U2.V1:VSS; U2.V12:VSS; U2.V5:VSS; U2.V8:VSS; U2.W11:VSS; U2.W2:VSS; U2.W4:VSS; U2.W9:VSS; U2.Y1:VSS; U2.Y12:VSS; U2.Y5:VSS; U2.Y8:VSS; U21.4:GND; U22.A1:AGND; U22.B1:PGND; U22.B2:PGND; U22.B3:PGND; U23.A1:AGND; U23.B1:PGND; U23.B2:PGND; U23.B3:PGND; U24.4:GND; U25.4:GND; U26.4:GND; U3.A6:VSS; U3.C4:VSS; U3.E7:VSS; U3.G5:VSS; U3.H10:VSS; U3.J5:VSS; U3.K8:VSS; U3.N2:VSS; U3.N5:VSS; U3.P4:VSS; U3.P6:VSS; U89.5:GND; U89.7:EP_GND; U90.5:GND; U90.7:EP_GND; U91.3:GND; U92.1:B_TIE_LOW; U92.2:GND; U93.3:GND; U94.1:B_TIE_LOW; U94.2:GND; U95.7:GND; Y2.2:GND; Y2.4:GND
U2,K4F8E304HB_200,A4,VDD2,power_in,power_in,false,Samsung K4F8E304HB-MGCJ Rev.1.0 (June 2016),10,A row / column 4,12,4.5 Table 1,Supply,Supply input,FUNCTIONAL,All normal supported operating modes of this exact part,Manufacturer supply/ground identity; do not promote to source.,,VDD1P1_DDR_IO,65 exact SoC joins; source NC/DNU flagged; bias on dedicated sheet,C218.1:; C219.1:; C534.1:; C535.1:; C536.1:; C537.1:; C538.1:; C539.1:; C540.1:; C541.1:; C542.1:; C543.1:; C544.1:; C545.1:; C546.1:; C547.1:; C548.1:; C549.1:; C550.1:; C551.1:; C552.1:; C553.1:; C554.1:; C555.1:; C556.1:; C557.1:; C558.1:; C559.1:; C560.1:; C561.1:; C61.1:; L24.2:; R207.1:; R61.2:; R62.2:; R63.2:; R65.1:; U1.H14:VDD1P1_DDR_IO; U1.J14:VDD1P1_DDR_IO; U1.L14:VDD1P1_DDR_IO; U1.M14:VDD1P1_DDR_IO; U1.N14:VDD1P1_DDR_IO; U2.A9:VDD2; U2.AA10:VDDQ; U2.AA3:VDDQ; U2.AA5:VDDQ; U2.AA8:VDDQ; U2.AB4:VDD2; U2.AB9:VDD2; U2.B10:VDDQ; U2.B3:VDDQ; U2.B5:VDDQ; U2.B8:VDDQ; U2.D1:VDDQ; U2.D12:VDDQ; U2.D5:VDDQ; U2.D8:VDDQ; U2.F10:VDDQ; U2.F3:VDDQ; U2.F5:VDD2; U2.F8:VDD2; U2.H1:VDD2; U2.H12:VDD2; U2.H5:VDD2; U2.H8:VDD2; U2.K1:VDD2; U2.K10:VDD2; U2.K12:VDD2; U2.K3:VDD2; U2.N1:VDD2; U2.N10:VDD2; U2.N12:VDD2; U2.N3:VDD2; U2.R1:VDD2; U2.R12:VDD2; U2.R5:VDD2; U2.R8:VDD2; U2.U10:VDDQ; U2.U3:VDDQ; U2.U5:VDD2; U2.U8:VDD2; U2.W1:VDDQ; U2.W12:VDDQ; U2.W5:VDDQ; U2.W8:VDDQ
U2,K4F8E304HB_200,A5,ZQ_a,bidirectional,passive,true,Samsung K4F8E304HB-MGCJ Rev.1.0 (June 2016),10,A row / column 5,12,4.5 Table 1,Reference,Analog impedance-calibration reference,FUNCTIONAL,All normal supported operating modes of this exact part,Reference node requires 240 ohm ±1% to VDDQ; it is not a digital receiver or driven data port.,KiCad has no analog calibration pin type. Passive is an abstraction and must be paired with an explicit 240-ohm-to-VDDQ topology assertion; it does not validate calibration or voltage.,LPDDR4_ZQ,65 exact SoC joins; source NC/DNU flagged; bias on dedicated sheet,R63.1:
U2,K4F8E304HB_200,A8,NC,no_connect,no_connect,false,Samsung K4F8E304HB-MGCJ Rev.1.0 (June 2016),10,A row / column 8,10–11,4.2 package ballout; 4.3 pad definitions,NC,No-connect ball,MANUFACTURER_NC,All normal supported operating modes of this exact part,Keep an explicit no-use electrical class and open circuit; retain the manufacturer classification separately.,A no_connect CAD type does not prove this physical ball is unbonded. DNU/RFU must not be used. The source does not grant alternative NC wiring; leave NC open rather than assuming grounding or routing-through is permitted.,unconnected-(U2A-NC-PadA8),MANUFACTURER_NC_DNU_MUST_REMAIN_OPEN,
U2,K4F8E304HB_200,A9,VDD2,power_in,power_in,false,Samsung K4F8E304HB-MGCJ Rev.1.0 (June 2016),10,A row / column 9,12,4.5 Table 1,Supply,Supply input,FUNCTIONAL,All normal supported operating modes of this exact part,Manufacturer supply/ground identity; do not promote to source.,,VDD1P1_DDR_IO,65 exact SoC joins; source NC/DNU flagged; bias on dedicated sheet,C218.1:; C219.1:; C534.1:; C535.1:; C536.1:; C537.1:; C538.1:; C539.1:; C540.1:; C541.1:; C542.1:; C543.1:; C544.1:; C545.1:; C546.1:; C547.1:; C548.1:; C549.1:; C550.1:; C551.1:; C552.1:; C553.1:; C554.1:; C555.1:; C556.1:; C557.1:; C558.1:; C559.1:; C560.1:; C561.1:; C61.1:; L24.2:; R207.1:; R61.2:; R62.2:; R63.2:; R65.1:; U1.H14:VDD1P1_DDR_IO; U1.J14:VDD1P1_DDR_IO; U1.L14:VDD1P1_DDR_IO; U1.M14:VDD1P1_DDR_IO; U1.N14:VDD1P1_DDR_IO; U2.A4:VDD2; U2.AA10:VDDQ; U2.AA3:VDDQ; U2.AA5:VDDQ; U2.AA8:VDDQ; U2.AB4:VDD2; U2.AB9:VDD2; U2.B10:VDDQ; U2.B3:VDDQ; U2.B5:VDDQ; U2.B8:VDDQ; U2.D1:VDDQ; U2.D12:VDDQ; U2.D5:VDDQ; U2.D8:VDDQ; U2.F10:VDDQ; U2.F3:VDDQ; U2.F5:VDD2; U2.F8:VDD2; U2.H1:VDD2; U2.H12:VDD2; U2.H5:VDD2; U2.H8:VDD2; U2.K1:VDD2; U2.K10:VDD2; U2.K12:VDD2; U2.K3:VDD2; U2.N1:VDD2; U2.N10:VDD2; U2.N12:VDD2; U2.N3:VDD2; U2.R1:VDD2; U2.R12:VDD2; U2.R5:VDD2; U2.R8:VDD2; U2.U10:VDDQ; U2.U3:VDDQ; U2.U5:VDD2; U2.U8:VDD2; U2.W1:VDDQ; U2.W12:VDDQ; U2.W5:VDDQ; U2.W8:VDDQ
U2,K4F8E304HB_200,A10,VSS,power_in,power_in,false,Samsung K4F8E304HB-MGCJ Rev.1.0 (June 2016),10,A row / column 10,12,4.5 Table 1,GND,Ground return,FUNCTIONAL,All normal supported operating modes of this exact part,Manufacturer supply/ground identity; do not promote to source.,,GND,65 exact SoC joins; source NC/DNU flagged; bias on dedicated sheet,C201.2:; C203.2:; C204.2:; C205.2:; C206.2:; C207.2:; C208.2:; C209.2:; C210.2:; C211.2:; C212.2:; C213.2:; C214.2:; C215.2:; C216.2:; C217.2:; C218.2:; C220.2:; C221.2:; C222.2:; C223.2:; C225.2:; C226.2:; C227.2:; C228.2:; C230.2:; C231.2:; C232.2:; C233.2:; C234.2:; C235.2:; C236.2:; C237.2:; C238.2:; C239.2:; C240.2:; C241.2:; C242.2:; C243.2:; C244.2:; C31.2:; C32.2:; C33.2:; C34.2:; C41.2:; C42.2:; C43.2:; C44.2:; C45.2:; C501.2:; C502.2:; C503.2:; C504.2:; C505.2:; C506.2:; C507.2:; C508.2:; C509.2:; C510.2:; C511.2:; C512.2:; C513.2:; C514.2:; C515.2:; C516.2:; C517.2:; C518.2:; C519.2:; C520.2:; C521.2:; C522.2:; C523.2:; C524.2:; C525.2:; C526.2:; C527.2:; C528.2:; C529.2:; C530.2:; C531.2:; C532.2:; C533.2:; C534.2:; C535.2:; C536.2:; C537.2:; C538.2:; C539.2:; C540.2:; C541.2:; C542.2:; C543.2:; C544.2:; C545.2:; C546.2:; C547.2:; C548.2:; C549.2:; C550.2:; C551.2:; C552.2:; C553.2:; C554.2:; C555.2:; C556.2:; C557.2:; C558.2:; C559.2:; C560.2:; C561.2:; C562.2:; C563.2:; C564.2:; C565.2:; C566.2:; C567.2:; C568.2:; C569.2:; C570.2:; C571.2:; C572.2:; C573.2:; C574.2:; C575.2:; C576.2:; C577.2:; C62.2:; C63.2:; C64.2:; C65.2:; C809.2:; C810.2:; C811.2:; C812.2:; C813.2:; C814.2:; C815.2:; C816.2:; J1.1:GND; J1.106:GND; J1.2:GND; J1.3:GND; J1.36:GND; J1.49:GND; J1.57:GND; J1.64:GND; J1.71:GND; J1.78:GND; J1.89:GND; R202.2:; R205.2:; R206.2:; R208.2:; R211.2:; R214.2:; R31.2:; R402.2:; R44.2:; R47.2:; R526.2:; R529.2:; R571.2:; R572.2:; R64.2:; R66.2:; R69.2:; R70.2:; R71.2:; U1.A13:VSS; U1.A16:VSS; U1.A19:VSS; U1.A9:TEST_EN; U1.B13:VSS; U1.B20:VSS; U1.C13:VSS; U1.D10:VSS; U1.D11:VSS; U1.D13:VSS; U1.D15:VSS; U1.D9:VSS; U1.E12:VSS; U1.E13:VSS; U1.E14:VSS; U1.E15:VSS; U1.E16:VSS; U1.E19:VSS; U1.E4:VSS; U1.E6:VSS; U1.E7:VSS; U1.E8:VSS; U1.F10:VSS; U1.F11:AVSS; U1.F16:VSS; U1.F4:VSS; U1.F6:VSS; U1.G13:VSS; U1.G14:VSS; U1.G15:VSS; U1.G16:VSS; U1.G6:VSS; U1.G7:AVSS; U1.G8:AVSS; U1.H11:VSS; U1.H13:VSS; U1.H15:VSS; U1.H16:VSS; U1.H20:VSS; U1.H7:VSS; U1.J11:VSS; U1.J13:VSS; U1.J15:VSS; U1.J7:VSS; U1.K10:VSS; U1.K12:VSS; U1.K14:VSS; U1.K16:VSS; U1.K18:VSS; U1.K3:VSS; U1.K6:VSS; U1.K8:VSS; U1.L10:VSS; U1.L12:VSS; U1.L15:VSS; U1.L19:VSS; U1.L7:VSS; U1.L8:VSS; U1.M10:VSS; U1.M12:VSS; U1.M15:VSS; U1.M16:VSS; U1.M6:VSS; U1.M8:VSS; U1.N10:VSS; U1.N12:VSS; U1.N15:VSS; U1.N16:VSS; U1.N3:VSS; U1.N5:VSS; U1.N8:VSS; U1.P10:VSS; U1.P12:VSS; U1.P14:VSS; U1.P15:VSS; U1.P20:VSS; U1.P6:VSS; U1.P7:VSS; U1.P8:VSS; U1.R10:VSS; U1.R12:VSS; U1.R14:VSS; U1.R16:VSS; U1.R3:VSS; U1.R6:VSS; U1.R7:VSS; U1.T15:VSS; U1.T3:VSS; U1.T7:VSS; U1.T8:VSS; U1.T9:VSS; U1.U19:VSS; U1.U3:VSS; U1.U8:VSS; U1.V3:VSS; U1.V4:VSS; U1.V5:VSS; U1.V6:VSS; U1.V7:VSS; U1.V8:VSS; U1.W1:VSS; U1.W16:VSS; U1.W20:VSS; U1.Y13:VSS; U1.Y19:VSS; U11.6:GND; U12.10:D4; U12.11:S4B; U12.12:S4A; U12.6:GND; U12.8:S3B; U13.1:S1B; U13.11:S4B; U13.15:SEL; U13.4:S2B; U13.6:GND; U13.8:S3B; U14.3:GND; U2.A3:VSS; U2.AB10:VSS; U2.AB3:VSS; U2.AB5:VSS; U2.AB8:VSS; U2.C1:VSS; U2.C12:VSS; U2.C5:VSS; U2.C8:VSS; U2.D11:VSS; U2.D2:VSS; U2.D4:VSS; U2.D9:VSS; U2.E1:VSS; U2.E12:VSS; U2.E5:VSS; U2.E8:VSS; U2.G1:VSS; U2.G10:VSS; U2.G12:VSS; U2.G3:VSS; U2.G5:VSS; U2.G8:VSS; U2.J1:VSS; U2.J10:VSS; U2.J12:VSS; U2.J3:VSS; U2.K11:VSS; U2.K2:VSS; U2.K4:VSS; U2.K9:VSS; U2.N11:VSS; U2.N2:VSS; U2.N4:VSS; U2.N9:VSS; U2.P1:VSS; U2.P10:VSS; U2.P12:VSS; U2.P3:VSS; U2.T1:VSS; U2.T10:VSS; U2.T12:VSS; U2.T3:VSS; U2.T5:VSS; U2.T8:VSS; U2.V1:VSS; U2.V12:VSS; U2.V5:VSS; U2.V8:VSS; U2.W11:VSS; U2.W2:VSS; U2.W4:VSS; U2.W9:VSS; U2.Y1:VSS; U2.Y12:VSS; U2.Y5:VSS; U2.Y8:VSS; U21.4:GND; U22.A1:AGND; U22.B1:PGND; U22.B2:PGND; U22.B3:PGND; U23.A1:AGND; U23.B1:PGND; U23.B2:PGND; U23.B3:PGND; U24.4:GND; U25.4:GND; U26.4:GND; U3.A6:VSS; U3.C4:VSS; U3.E7:VSS; U3.G5:VSS; U3.H10:VSS; U3.J5:VSS; U3.K8:VSS; U3.N2:VSS; U3.N5:VSS; U3.P4:VSS; U3.P6:VSS; U89.5:GND; U89.7:EP_GND; U90.5:GND; U90.7:EP_GND; U91.3:GND; U92.1:B_TIE_LOW; U92.2:GND; U93.3:GND; U94.1:B_TIE_LOW; U94.2:GND; U95.7:GND; Y2.2:GND; Y2.4:GND
U2,K4F8E304HB_200,A11,DNU,no_connect,no_connect,false,Samsung K4F8E304HB-MGCJ Rev.1.0 (June 2016),10,A row / column 11,10–11,4.2 package ballout; 4.3 pad definitions,DNU,Do-not-use ball,MANUFACTURER_DO_NOT_USE,All normal supported operating modes of this exact part,Keep an explicit no-use electrical class and open circuit; retain the manufacturer classification separately.,A no_connect CAD type does not prove this physical ball is unbonded. DNU/RFU must not be used. The source does not grant alternative NC wiring; leave NC open rather than assuming grounding or routing-through is permitted.,unconnected-(U2A-DNU-PadA11),MANUFACTURER_NC_DNU_MUST_REMAIN_OPEN,
U2,K4F8E304HB_200,A12,DNU,no_connect,no_connect,false,Samsung K4F8E304HB-MGCJ Rev.1.0 (June 2016),10,A row / column 12,10–11,4.2 package ballout; 4.3 pad definitions,DNU,Do-not-use ball,MANUFACTURER_DO_NOT_USE,All normal supported operating modes of this exact part,Keep an explicit no-use electrical class and open circuit; retain the manufacturer classification separately.,A no_connect CAD type does not prove this physical ball is unbonded. DNU/RFU must not be used. The source does not grant alternative NC wiring; leave NC open rather than assuming grounding or routing-through is permitted.,unconnected-(U2A-DNU-PadA12),MANUFACTURER_NC_DNU_MUST_REMAIN_OPEN,
U2,K4F8E304HB_200,B1,DNU,no_connect,no_connect,false,Samsung K4F8E304HB-MGCJ Rev.1.0 (June 2016),10,B row / column 1,10–11,4.2 package ballout; 4.3 pad definitions,DNU,Do-not-use ball,MANUFACTURER_DO_NOT_USE,All normal supported operating modes of this exact part,Keep an explicit no-use electrical class and open circuit; retain the manufacturer classification separately.,A no_connect CAD type does not prove this physical ball is unbonded. DNU/RFU must not be used. The source does not grant alternative NC wiring; leave NC open rather than assuming grounding or routing-through is permitted.,unconnected-(U2A-DNU-PadB1),MANUFACTURER_NC_DNU_MUST_REMAIN_OPEN,
U2,K4F8E304HB_200,B2,DQ0_a,bidirectional,bidirectional,false,Samsung K4F8E304HB-MGCJ Rev.1.0 (June 2016),10,B row / column 2,12,4.5 Table 1,I/O,Read/write data,FUNCTIONAL,All normal supported operating modes of this exact part,Table 1 explicitly specifies bidirectional operation.,,DDR_DQA0,65 exact SoC joins; source NC/DNU flagged; bias on dedicated sheet,U1.Y16:DDR_DQA3
U2,K4F8E304HB_200,B3,VDDQ,power_in,power_in,false,Samsung K4F8E304HB-MGCJ Rev.1.0 (June 2016),10,B row / column 3,12,4.5 Table 1,Supply,Supply input,FUNCTIONAL,All normal supported operating modes of this exact part,Manufacturer supply/ground identity; do not promote to source.,,VDD1P1_DDR_IO,65 exact SoC joins; source NC/DNU flagged; bias on dedicated sheet,C218.1:; C219.1:; C534.1:; C535.1:; C536.1:; C537.1:; C538.1:; C539.1:; C540.1:; C541.1:; C542.1:; C543.1:; C544.1:; C545.1:; C546.1:; C547.1:; C548.1:; C549.1:; C550.1:; C551.1:; C552.1:; C553.1:; C554.1:; C555.1:; C556.1:; C557.1:; C558.1:; C559.1:; C560.1:; C561.1:; C61.1:; L24.2:; R207.1:; R61.2:; R62.2:; R63.2:; R65.1:; U1.H14:VDD1P1_DDR_IO; U1.J14:VDD1P1_DDR_IO; U1.L14:VDD1P1_DDR_IO; U1.M14:VDD1P1_DDR_IO; U1.N14:VDD1P1_DDR_IO; U2.A4:VDD2; U2.A9:VDD2; U2.AA10:VDDQ; U2.AA3:VDDQ; U2.AA5:VDDQ; U2.AA8:VDDQ; U2.AB4:VDD2; U2.AB9:VDD2; U2.B10:VDDQ; U2.B5:VDDQ; U2.B8:VDDQ; U2.D1:VDDQ; U2.D12:VDDQ; U2.D5:VDDQ; U2.D8:VDDQ; U2.F10:VDDQ; U2.F3:VDDQ; U2.F5:VDD2; U2.F8:VDD2; U2.H1:VDD2; U2.H12:VDD2; U2.H5:VDD2; U2.H8:VDD2; U2.K1:VDD2; U2.K10:VDD2; U2.K12:VDD2; U2.K3:VDD2; U2.N1:VDD2; U2.N10:VDD2; U2.N12:VDD2; U2.N3:VDD2; U2.R1:VDD2; U2.R12:VDD2; U2.R5:VDD2; U2.R8:VDD2; U2.U10:VDDQ; U2.U3:VDDQ; U2.U5:VDD2; U2.U8:VDD2; U2.W1:VDDQ; U2.W12:VDDQ; U2.W5:VDDQ; U2.W8:VDDQ
U2,K4F8E304HB_200,B4,DQ7_a,bidirectional,bidirectional,false,Samsung K4F8E304HB-MGCJ Rev.1.0 (June 2016),10,B row / column 4,12,4.5 Table 1,I/O,Read/write data,FUNCTIONAL,All normal supported operating modes of this exact part,Table 1 explicitly specifies bidirectional operation.,,DDR_DQA7,65 exact SoC joins; source NC/DNU flagged; bias on dedicated sheet,U1.Y18:DDR_DQA6
U2,K4F8E304HB_200,B5,VDDQ,power_in,power_in,false,Samsung K4F8E304HB-MGCJ Rev.1.0 (June 2016),10,B row / column 5,12,4.5 Table 1,Supply,Supply input,FUNCTIONAL,All normal supported operating modes of this exact part,Manufacturer supply/ground identity; do not promote to source.,,VDD1P1_DDR_IO,65 exact SoC joins; source NC/DNU flagged; bias on dedicated sheet,C218.1:; C219.1:; C534.1:; C535.1:; C536.1:; C537.1:; C538.1:; C539.1:; C540.1:; C541.1:; C542.1:; C543.1:; C544.1:; C545.1:; C546.1:; C547.1:; C548.1:; C549.1:; C550.1:; C551.1:; C552.1:; C553.1:; C554.1:; C555.1:; C556.1:; C557.1:; C558.1:; C559.1:; C560.1:; C561.1:; C61.1:; L24.2:; R207.1:; R61.2:; R62.2:; R63.2:; R65.1:; U1.H14:VDD1P1_DDR_IO; U1.J14:VDD1P1_DDR_IO; U1.L14:VDD1P1_DDR_IO; U1.M14:VDD1P1_DDR_IO; U1.N14:VDD1P1_DDR_IO; U2.A4:VDD2; U2.A9:VDD2; U2.AA10:VDDQ; U2.AA3:VDDQ; U2.AA5:VDDQ; U2.AA8:VDDQ; U2.AB4:VDD2; U2.AB9:VDD2; U2.B10:VDDQ; U2.B3:VDDQ; U2.B8:VDDQ; U2.D1:VDDQ; U2.D12:VDDQ; U2.D5:VDDQ; U2.D8:VDDQ; U2.F10:VDDQ; U2.F3:VDDQ; U2.F5:VDD2; U2.F8:VDD2; U2.H1:VDD2; U2.H12:VDD2; U2.H5:VDD2; U2.H8:VDD2; U2.K1:VDD2; U2.K10:VDD2; U2.K12:VDD2; U2.K3:VDD2; U2.N1:VDD2; U2.N10:VDD2; U2.N12:VDD2; U2.N3:VDD2; U2.R1:VDD2; U2.R12:VDD2; U2.R5:VDD2; U2.R8:VDD2; U2.U10:VDDQ; U2.U3:VDDQ; U2.U5:VDD2; U2.U8:VDD2; U2.W1:VDDQ; U2.W12:VDDQ; U2.W5:VDDQ; U2.W8:VDDQ
U2,K4F8E304HB_200,B8,VDDQ,power_in,power_in,false,Samsung K4F8E304HB-MGCJ Rev.1.0 (June 2016),10,B row / column 8,12,4.5 Table 1,Supply,Supply input,FUNCTIONAL,All normal supported operating modes of this exact part,Manufacturer supply/ground identity; do not promote to source.,,VDD1P1_DDR_IO,65 exact SoC joins; source NC/DNU flagged; bias on dedicated sheet,C218.1:; C219.1:; C534.1:; C535.1:; C536.1:; C537.1:; C538.1:; C539.1:; C540.1:; C541.1:; C542.1:; C543.1:; C544.1:; C545.1:; C546.1:; C547.1:; C548.1:; C549.1:; C550.1:; C551.1:; C552.1:; C553.1:; C554.1:; C555.1:; C556.1:; C557.1:; C558.1:; C559.1:; C560.1:; C561.1:; C61.1:; L24.2:; R207.1:; R61.2:; R62.2:; R63.2:; R65.1:; U1.H14:VDD1P1_DDR_IO; U1.J14:VDD1P1_DDR_IO; U1.L14:VDD1P1_DDR_IO; U1.M14:VDD1P1_DDR_IO; U1.N14:VDD1P1_DDR_IO; U2.A4:VDD2; U2.A9:VDD2; U2.AA10:VDDQ; U2.AA3:VDDQ; U2.AA5:VDDQ; U2.AA8:VDDQ; U2.AB4:VDD2; U2.AB9:VDD2; U2.B10:VDDQ; U2.B3:VDDQ; U2.B5:VDDQ; U2.D1:VDDQ; U2.D12:VDDQ; U2.D5:VDDQ; U2.D8:VDDQ; U2.F10:VDDQ; U2.F3:VDDQ; U2.F5:VDD2; U2.F8:VDD2; U2.H1:VDD2; U2.H12:VDD2; U2.H5:VDD2; U2.H8:VDD2; U2.K1:VDD2; U2.K10:VDD2; U2.K12:VDD2; U2.K3:VDD2; U2.N1:VDD2; U2.N10:VDD2; U2.N12:VDD2; U2.N3:VDD2; U2.R1:VDD2; U2.R12:VDD2; U2.R5:VDD2; U2.R8:VDD2; U2.U10:VDDQ; U2.U3:VDDQ; U2.U5:VDD2; U2.U8:VDD2; U2.W1:VDDQ; U2.W12:VDDQ; U2.W5:VDDQ; U2.W8:VDDQ
U2,K4F8E304HB_200,B9,DQ15_a,bidirectional,bidirectional,false,Samsung K4F8E304HB-MGCJ Rev.1.0 (June 2016),10,B row / column 9,12,4.5 Table 1,I/O,Read/write data,FUNCTIONAL,All normal supported operating modes of this exact part,Table 1 explicitly specifies bidirectional operation.,,DDR_DQA15,65 exact SoC joins; source NC/DNU flagged; bias on dedicated sheet,U1.U20:DDR_DQA11
U2,K4F8E304HB_200,B10,VDDQ,power_in,power_in,false,Samsung K4F8E304HB-MGCJ Rev.1.0 (June 2016),10,B row / column 10,12,4.5 Table 1,Supply,Supply input,FUNCTIONAL,All normal supported operating modes of this exact part,Manufacturer supply/ground identity; do not promote to source.,,VDD1P1_DDR_IO,65 exact SoC joins; source NC/DNU flagged; bias on dedicated sheet,C218.1:; C219.1:; C534.1:; C535.1:; C536.1:; C537.1:; C538.1:; C539.1:; C540.1:; C541.1:; C542.1:; C543.1:; C544.1:; C545.1:; C546.1:; C547.1:; C548.1:; C549.1:; C550.1:; C551.1:; C552.1:; C553.1:; C554.1:; C555.1:; C556.1:; C557.1:; C558.1:; C559.1:; C560.1:; C561.1:; C61.1:; L24.2:; R207.1:; R61.2:; R62.2:; R63.2:; R65.1:; U1.H14:VDD1P1_DDR_IO; U1.J14:VDD1P1_DDR_IO; U1.L14:VDD1P1_DDR_IO; U1.M14:VDD1P1_DDR_IO; U1.N14:VDD1P1_DDR_IO; U2.A4:VDD2; U2.A9:VDD2; U2.AA10:VDDQ; U2.AA3:VDDQ; U2.AA5:VDDQ; U2.AA8:VDDQ; U2.AB4:VDD2; U2.AB9:VDD2; U2.B3:VDDQ; U2.B5:VDDQ; U2.B8:VDDQ; U2.D1:VDDQ; U2.D12:VDDQ; U2.D5:VDDQ; U2.D8:VDDQ; U2.F10:VDDQ; U2.F3:VDDQ; U2.F5:VDD2; U2.F8:VDD2; U2.H1:VDD2; U2.H12:VDD2; U2.H5:VDD2; U2.H8:VDD2; U2.K1:VDD2; U2.K10:VDD2; U2.K12:VDD2; U2.K3:VDD2; U2.N1:VDD2; U2.N10:VDD2; U2.N12:VDD2; U2.N3:VDD2; U2.R1:VDD2; U2.R12:VDD2; U2.R5:VDD2; U2.R8:VDD2; U2.U10:VDDQ; U2.U3:VDDQ; U2.U5:VDD2; U2.U8:VDD2; U2.W1:VDDQ; U2.W12:VDDQ; U2.W5:VDDQ; U2.W8:VDDQ
U2,K4F8E304HB_200,B11,DQ8_a,bidirectional,bidirectional,false,Samsung K4F8E304HB-MGCJ Rev.1.0 (June 2016),10,B row / column 11,12,4.5 Table 1,I/O,Read/write data,FUNCTIONAL,All normal supported operating modes of this exact part,Table 1 explicitly specifies bidirectional operation.,,DDR_DQA8,65 exact SoC joins; source NC/DNU flagged; bias on dedicated sheet,U1.W19:DDR_DQA12
U2,K4F8E304HB_200,B12,DNU,no_connect,no_connect,false,Samsung K4F8E304HB-MGCJ Rev.1.0 (June 2016),10,B row / column 12,10–11,4.2 package ballout; 4.3 pad definitions,DNU,Do-not-use ball,MANUFACTURER_DO_NOT_USE,All normal supported operating modes of this exact part,Keep an explicit no-use electrical class and open circuit; retain the manufacturer classification separately.,A no_connect CAD type does not prove this physical ball is unbonded. DNU/RFU must not be used. The source does not grant alternative NC wiring; leave NC open rather than assuming grounding or routing-through is permitted.,unconnected-(U2A-DNU-PadB12),MANUFACTURER_NC_DNU_MUST_REMAIN_OPEN,
U2,K4F8E304HB_200,C1,VSS,power_in,power_in,false,Samsung K4F8E304HB-MGCJ Rev.1.0 (June 2016),10,C row / column 1,12,4.5 Table 1,GND,Ground return,FUNCTIONAL,All normal supported operating modes of this exact part,Manufacturer supply/ground identity; do not promote to source.,,GND,65 exact SoC joins; source NC/DNU flagged; bias on dedicated sheet,C201.2:; C203.2:; C204.2:; C205.2:; C206.2:; C207.2:; C208.2:; C209.2:; C210.2:; C211.2:; C212.2:; C213.2:; C214.2:; C215.2:; C216.2:; C217.2:; C218.2:; C220.2:; C221.2:; C222.2:; C223.2:; C225.2:; C226.2:; C227.2:; C228.2:; C230.2:; C231.2:; C232.2:; C233.2:; C234.2:; C235.2:; C236.2:; C237.2:; C238.2:; C239.2:; C240.2:; C241.2:; C242.2:; C243.2:; C244.2:; C31.2:; C32.2:; C33.2:; C34.2:; C41.2:; C42.2:; C43.2:; C44.2:; C45.2:; C501.2:; C502.2:; C503.2:; C504.2:; C505.2:; C506.2:; C507.2:; C508.2:; C509.2:; C510.2:; C511.2:; C512.2:; C513.2:; C514.2:; C515.2:; C516.2:; C517.2:; C518.2:; C519.2:; C520.2:; C521.2:; C522.2:; C523.2:; C524.2:; C525.2:; C526.2:; C527.2:; C528.2:; C529.2:; C530.2:; C531.2:; C532.2:; C533.2:; C534.2:; C535.2:; C536.2:; C537.2:; C538.2:; C539.2:; C540.2:; C541.2:; C542.2:; C543.2:; C544.2:; C545.2:; C546.2:; C547.2:; C548.2:; C549.2:; C550.2:; C551.2:; C552.2:; C553.2:; C554.2:; C555.2:; C556.2:; C557.2:; C558.2:; C559.2:; C560.2:; C561.2:; C562.2:; C563.2:; C564.2:; C565.2:; C566.2:; C567.2:; C568.2:; C569.2:; C570.2:; C571.2:; C572.2:; C573.2:; C574.2:; C575.2:; C576.2:; C577.2:; C62.2:; C63.2:; C64.2:; C65.2:; C809.2:; C810.2:; C811.2:; C812.2:; C813.2:; C814.2:; C815.2:; C816.2:; J1.1:GND; J1.106:GND; J1.2:GND; J1.3:GND; J1.36:GND; J1.49:GND; J1.57:GND; J1.64:GND; J1.71:GND; J1.78:GND; J1.89:GND; R202.2:; R205.2:; R206.2:; R208.2:; R211.2:; R214.2:; R31.2:; R402.2:; R44.2:; R47.2:; R526.2:; R529.2:; R571.2:; R572.2:; R64.2:; R66.2:; R69.2:; R70.2:; R71.2:; U1.A13:VSS; U1.A16:VSS; U1.A19:VSS; U1.A9:TEST_EN; U1.B13:VSS; U1.B20:VSS; U1.C13:VSS; U1.D10:VSS; U1.D11:VSS; U1.D13:VSS; U1.D15:VSS; U1.D9:VSS; U1.E12:VSS; U1.E13:VSS; U1.E14:VSS; U1.E15:VSS; U1.E16:VSS; U1.E19:VSS; U1.E4:VSS; U1.E6:VSS; U1.E7:VSS; U1.E8:VSS; U1.F10:VSS; U1.F11:AVSS; U1.F16:VSS; U1.F4:VSS; U1.F6:VSS; U1.G13:VSS; U1.G14:VSS; U1.G15:VSS; U1.G16:VSS; U1.G6:VSS; U1.G7:AVSS; U1.G8:AVSS; U1.H11:VSS; U1.H13:VSS; U1.H15:VSS; U1.H16:VSS; U1.H20:VSS; U1.H7:VSS; U1.J11:VSS; U1.J13:VSS; U1.J15:VSS; U1.J7:VSS; U1.K10:VSS; U1.K12:VSS; U1.K14:VSS; U1.K16:VSS; U1.K18:VSS; U1.K3:VSS; U1.K6:VSS; U1.K8:VSS; U1.L10:VSS; U1.L12:VSS; U1.L15:VSS; U1.L19:VSS; U1.L7:VSS; U1.L8:VSS; U1.M10:VSS; U1.M12:VSS; U1.M15:VSS; U1.M16:VSS; U1.M6:VSS; U1.M8:VSS; U1.N10:VSS; U1.N12:VSS; U1.N15:VSS; U1.N16:VSS; U1.N3:VSS; U1.N5:VSS; U1.N8:VSS; U1.P10:VSS; U1.P12:VSS; U1.P14:VSS; U1.P15:VSS; U1.P20:VSS; U1.P6:VSS; U1.P7:VSS; U1.P8:VSS; U1.R10:VSS; U1.R12:VSS; U1.R14:VSS; U1.R16:VSS; U1.R3:VSS; U1.R6:VSS; U1.R7:VSS; U1.T15:VSS; U1.T3:VSS; U1.T7:VSS; U1.T8:VSS; U1.T9:VSS; U1.U19:VSS; U1.U3:VSS; U1.U8:VSS; U1.V3:VSS; U1.V4:VSS; U1.V5:VSS; U1.V6:VSS; U1.V7:VSS; U1.V8:VSS; U1.W1:VSS; U1.W16:VSS; U1.W20:VSS; U1.Y13:VSS; U1.Y19:VSS; U11.6:GND; U12.10:D4; U12.11:S4B; U12.12:S4A; U12.6:GND; U12.8:S3B; U13.1:S1B; U13.11:S4B; U13.15:SEL; U13.4:S2B; U13.6:GND; U13.8:S3B; U14.3:GND; U2.A10:VSS; U2.A3:VSS; U2.AB10:VSS; U2.AB3:VSS; U2.AB5:VSS; U2.AB8:VSS; U2.C12:VSS; U2.C5:VSS; U2.C8:VSS; U2.D11:VSS; U2.D2:VSS; U2.D4:VSS; U2.D9:VSS; U2.E1:VSS; U2.E12:VSS; U2.E5:VSS; U2.E8:VSS; U2.G1:VSS; U2.G10:VSS; U2.G12:VSS; U2.G3:VSS; U2.G5:VSS; U2.G8:VSS; U2.J1:VSS; U2.J10:VSS; U2.J12:VSS; U2.J3:VSS; U2.K11:VSS; U2.K2:VSS; U2.K4:VSS; U2.K9:VSS; U2.N11:VSS; U2.N2:VSS; U2.N4:VSS; U2.N9:VSS; U2.P1:VSS; U2.P10:VSS; U2.P12:VSS; U2.P3:VSS; U2.T1:VSS; U2.T10:VSS; U2.T12:VSS; U2.T3:VSS; U2.T5:VSS; U2.T8:VSS; U2.V1:VSS; U2.V12:VSS; U2.V5:VSS; U2.V8:VSS; U2.W11:VSS; U2.W2:VSS; U2.W4:VSS; U2.W9:VSS; U2.Y1:VSS; U2.Y12:VSS; U2.Y5:VSS; U2.Y8:VSS; U21.4:GND; U22.A1:AGND; U22.B1:PGND; U22.B2:PGND; U22.B3:PGND; U23.A1:AGND; U23.B1:PGND; U23.B2:PGND; U23.B3:PGND; U24.4:GND; U25.4:GND; U26.4:GND; U3.A6:VSS; U3.C4:VSS; U3.E7:VSS; U3.G5:VSS; U3.H10:VSS; U3.J5:VSS; U3.K8:VSS; U3.N2:VSS; U3.N5:VSS; U3.P4:VSS; U3.P6:VSS; U89.5:GND; U89.7:EP_GND; U90.5:GND; U90.7:EP_GND; U91.3:GND; U92.1:B_TIE_LOW; U92.2:GND; U93.3:GND; U94.1:B_TIE_LOW; U94.2:GND; U95.7:GND; Y2.2:GND; Y2.4:GND
U2,K4F8E304HB_200,C2,DQ1_a,bidirectional,bidirectional,false,Samsung K4F8E304HB-MGCJ Rev.1.0 (June 2016),10,C row / column 2,12,4.5 Table 1,I/O,Read/write data,FUNCTIONAL,All normal supported operating modes of this exact part,Table 1 explicitly specifies bidirectional operation.,,DDR_DQA1,65 exact SoC joins; source NC/DNU flagged; bias on dedicated sheet,U1.V16:DDR_DQA2
U2,K4F8E304HB_200,C3,DMI0_a,bidirectional,bidirectional,false,Samsung K4F8E304HB-MGCJ Rev.1.0 (June 2016),10,C row / column 3,"7, 11–12",4.5 Table 1,I/O,Read DBI / write DM-DBI,FUNCTIONAL,All normal supported operating modes of this exact part,DMI reports inversion during reads and accepts inversion/masking during writes; preserve read-DBI capability.,Page 11 shorthand Input Data Inversion is incomplete; explicit I/O definition on p12 and read/write feature description on p7 govern.,DDR_DMIA0,65 exact SoC joins; source NC/DNU flagged; bias on dedicated sheet,U1.V17:DDR_DMIA0
U2,K4F8E304HB_200,C4,DQ6_a,bidirectional,bidirectional,false,Samsung K4F8E304HB-MGCJ Rev.1.0 (June 2016),10,C row / column 4,12,4.5 Table 1,I/O,Read/write data,FUNCTIONAL,All normal supported operating modes of this exact part,Table 1 explicitly specifies bidirectional operation.,,DDR_DQA6,65 exact SoC joins; source NC/DNU flagged; bias on dedicated sheet,U1.W18:DDR_DQA4
U2,K4F8E304HB_200,C5,VSS,power_in,power_in,false,Samsung K4F8E304HB-MGCJ Rev.1.0 (June 2016),10,C row / column 5,12,4.5 Table 1,GND,Ground return,FUNCTIONAL,All normal supported operating modes of this exact part,Manufacturer supply/ground identity; do not promote to source.,,GND,65 exact SoC joins; source NC/DNU flagged; bias on dedicated sheet,C201.2:; C203.2:; C204.2:; C205.2:; C206.2:; C207.2:; C208.2:; C209.2:; C210.2:; C211.2:; C212.2:; C213.2:; C214.2:; C215.2:; C216.2:; C217.2:; C218.2:; C220.2:; C221.2:; C222.2:; C223.2:; C225.2:; C226.2:; C227.2:; C228.2:; C230.2:; C231.2:; C232.2:; C233.2:; C234.2:; C235.2:; C236.2:; C237.2:; C238.2:; C239.2:; C240.2:; C241.2:; C242.2:; C243.2:; C244.2:; C31.2:; C32.2:; C33.2:; C34.2:; C41.2:; C42.2:; C43.2:; C44.2:; C45.2:; C501.2:; C502.2:; C503.2:; C504.2:; C505.2:; C506.2:; C507.2:; C508.2:; C509.2:; C510.2:; C511.2:; C512.2:; C513.2:; C514.2:; C515.2:; C516.2:; C517.2:; C518.2:; C519.2:; C520.2:; C521.2:; C522.2:; C523.2:; C524.2:; C525.2:; C526.2:; C527.2:; C528.2:; C529.2:; C530.2:; C531.2:; C532.2:; C533.2:; C534.2:; C535.2:; C536.2:; C537.2:; C538.2:; C539.2:; C540.2:; C541.2:; C542.2:; C543.2:; C544.2:; C545.2:; C546.2:; C547.2:; C548.2:; C549.2:; C550.2:; C551.2:; C552.2:; C553.2:; C554.2:; C555.2:; C556.2:; C557.2:; C558.2:; C559.2:; C560.2:; C561.2:; C562.2:; C563.2:; C564.2:; C565.2:; C566.2:; C567.2:; C568.2:; C569.2:; C570.2:; C571.2:; C572.2:; C573.2:; C574.2:; C575.2:; C576.2:; C577.2:; C62.2:; C63.2:; C64.2:; C65.2:; C809.2:; C810.2:; C811.2:; C812.2:; C813.2:; C814.2:; C815.2:; C816.2:; J1.1:GND; J1.106:GND; J1.2:GND; J1.3:GND; J1.36:GND; J1.49:GND; J1.57:GND; J1.64:GND; J1.71:GND; J1.78:GND; J1.89:GND; R202.2:; R205.2:; R206.2:; R208.2:; R211.2:; R214.2:; R31.2:; R402.2:; R44.2:; R47.2:; R526.2:; R529.2:; R571.2:; R572.2:; R64.2:; R66.2:; R69.2:; R70.2:; R71.2:; U1.A13:VSS; U1.A16:VSS; U1.A19:VSS; U1.A9:TEST_EN; U1.B13:VSS; U1.B20:VSS; U1.C13:VSS; U1.D10:VSS; U1.D11:VSS; U1.D13:VSS; U1.D15:VSS; U1.D9:VSS; U1.E12:VSS; U1.E13:VSS; U1.E14:VSS; U1.E15:VSS; U1.E16:VSS; U1.E19:VSS; U1.E4:VSS; U1.E6:VSS; U1.E7:VSS; U1.E8:VSS; U1.F10:VSS; U1.F11:AVSS; U1.F16:VSS; U1.F4:VSS; U1.F6:VSS; U1.G13:VSS; U1.G14:VSS; U1.G15:VSS; U1.G16:VSS; U1.G6:VSS; U1.G7:AVSS; U1.G8:AVSS; U1.H11:VSS; U1.H13:VSS; U1.H15:VSS; U1.H16:VSS; U1.H20:VSS; U1.H7:VSS; U1.J11:VSS; U1.J13:VSS; U1.J15:VSS; U1.J7:VSS; U1.K10:VSS; U1.K12:VSS; U1.K14:VSS; U1.K16:VSS; U1.K18:VSS; U1.K3:VSS; U1.K6:VSS; U1.K8:VSS; U1.L10:VSS; U1.L12:VSS; U1.L15:VSS; U1.L19:VSS; U1.L7:VSS; U1.L8:VSS; U1.M10:VSS; U1.M12:VSS; U1.M15:VSS; U1.M16:VSS; U1.M6:VSS; U1.M8:VSS; U1.N10:VSS; U1.N12:VSS; U1.N15:VSS; U1.N16:VSS; U1.N3:VSS; U1.N5:VSS; U1.N8:VSS; U1.P10:VSS; U1.P12:VSS; U1.P14:VSS; U1.P15:VSS; U1.P20:VSS; U1.P6:VSS; U1.P7:VSS; U1.P8:VSS; U1.R10:VSS; U1.R12:VSS; U1.R14:VSS; U1.R16:VSS; U1.R3:VSS; U1.R6:VSS; U1.R7:VSS; U1.T15:VSS; U1.T3:VSS; U1.T7:VSS; U1.T8:VSS; U1.T9:VSS; U1.U19:VSS; U1.U3:VSS; U1.U8:VSS; U1.V3:VSS; U1.V4:VSS; U1.V5:VSS; U1.V6:VSS; U1.V7:VSS; U1.V8:VSS; U1.W1:VSS; U1.W16:VSS; U1.W20:VSS; U1.Y13:VSS; U1.Y19:VSS; U11.6:GND; U12.10:D4; U12.11:S4B; U12.12:S4A; U12.6:GND; U12.8:S3B; U13.1:S1B; U13.11:S4B; U13.15:SEL; U13.4:S2B; U13.6:GND; U13.8:S3B; U14.3:GND; U2.A10:VSS; U2.A3:VSS; U2.AB10:VSS; U2.AB3:VSS; U2.AB5:VSS; U2.AB8:VSS; U2.C1:VSS; U2.C12:VSS; U2.C8:VSS; U2.D11:VSS; U2.D2:VSS; U2.D4:VSS; U2.D9:VSS; U2.E1:VSS; U2.E12:VSS; U2.E5:VSS; U2.E8:VSS; U2.G1:VSS; U2.G10:VSS; U2.G12:VSS; U2.G3:VSS; U2.G5:VSS; U2.G8:VSS; U2.J1:VSS; U2.J10:VSS; U2.J12:VSS; U2.J3:VSS; U2.K11:VSS; U2.K2:VSS; U2.K4:VSS; U2.K9:VSS; U2.N11:VSS; U2.N2:VSS; U2.N4:VSS; U2.N9:VSS; U2.P1:VSS; U2.P10:VSS; U2.P12:VSS; U2.P3:VSS; U2.T1:VSS; U2.T10:VSS; U2.T12:VSS; U2.T3:VSS; U2.T5:VSS; U2.T8:VSS; U2.V1:VSS; U2.V12:VSS; U2.V5:VSS; U2.V8:VSS; U2.W11:VSS; U2.W2:VSS; U2.W4:VSS; U2.W9:VSS; U2.Y1:VSS; U2.Y12:VSS; U2.Y5:VSS; U2.Y8:VSS; U21.4:GND; U22.A1:AGND; U22.B1:PGND; U22.B2:PGND; U22.B3:PGND; U23.A1:AGND; U23.B1:PGND; U23.B2:PGND; U23.B3:PGND; U24.4:GND; U25.4:GND; U26.4:GND; U3.A6:VSS; U3.C4:VSS; U3.E7:VSS; U3.G5:VSS; U3.H10:VSS; U3.J5:VSS; U3.K8:VSS; U3.N2:VSS; U3.N5:VSS; U3.P4:VSS; U3.P6:VSS; U89.5:GND; U89.7:EP_GND; U90.5:GND; U90.7:EP_GND; U91.3:GND; U92.1:B_TIE_LOW; U92.2:GND; U93.3:GND; U94.1:B_TIE_LOW; U94.2:GND; U95.7:GND; Y2.2:GND; Y2.4:GND
U2,K4F8E304HB_200,C8,VSS,power_in,power_in,false,Samsung K4F8E304HB-MGCJ Rev.1.0 (June 2016),10,C row / column 8,12,4.5 Table 1,GND,Ground return,FUNCTIONAL,All normal supported operating modes of this exact part,Manufacturer supply/ground identity; do not promote to source.,,GND,65 exact SoC joins; source NC/DNU flagged; bias on dedicated sheet,C201.2:; C203.2:; C204.2:; C205.2:; C206.2:; C207.2:; C208.2:; C209.2:; C210.2:; C211.2:; C212.2:; C213.2:; C214.2:; C215.2:; C216.2:; C217.2:; C218.2:; C220.2:; C221.2:; C222.2:; C223.2:; C225.2:; C226.2:; C227.2:; C228.2:; C230.2:; C231.2:; C232.2:; C233.2:; C234.2:; C235.2:; C236.2:; C237.2:; C238.2:; C239.2:; C240.2:; C241.2:; C242.2:; C243.2:; C244.2:; C31.2:; C32.2:; C33.2:; C34.2:; C41.2:; C42.2:; C43.2:; C44.2:; C45.2:; C501.2:; C502.2:; C503.2:; C504.2:; C505.2:; C506.2:; C507.2:; C508.2:; C509.2:; C510.2:; C511.2:; C512.2:; C513.2:; C514.2:; C515.2:; C516.2:; C517.2:; C518.2:; C519.2:; C520.2:; C521.2:; C522.2:; C523.2:; C524.2:; C525.2:; C526.2:; C527.2:; C528.2:; C529.2:; C530.2:; C531.2:; C532.2:; C533.2:; C534.2:; C535.2:; C536.2:; C537.2:; C538.2:; C539.2:; C540.2:; C541.2:; C542.2:; C543.2:; C544.2:; C545.2:; C546.2:; C547.2:; C548.2:; C549.2:; C550.2:; C551.2:; C552.2:; C553.2:; C554.2:; C555.2:; C556.2:; C557.2:; C558.2:; C559.2:; C560.2:; C561.2:; C562.2:; C563.2:; C564.2:; C565.2:; C566.2:; C567.2:; C568.2:; C569.2:; C570.2:; C571.2:; C572.2:; C573.2:; C574.2:; C575.2:; C576.2:; C577.2:; C62.2:; C63.2:; C64.2:; C65.2:; C809.2:; C810.2:; C811.2:; C812.2:; C813.2:; C814.2:; C815.2:; C816.2:; J1.1:GND; J1.106:GND; J1.2:GND; J1.3:GND; J1.36:GND; J1.49:GND; J1.57:GND; J1.64:GND; J1.71:GND; J1.78:GND; J1.89:GND; R202.2:; R205.2:; R206.2:; R208.2:; R211.2:; R214.2:; R31.2:; R402.2:; R44.2:; R47.2:; R526.2:; R529.2:; R571.2:; R572.2:; R64.2:; R66.2:; R69.2:; R70.2:; R71.2:; U1.A13:VSS; U1.A16:VSS; U1.A19:VSS; U1.A9:TEST_EN; U1.B13:VSS; U1.B20:VSS; U1.C13:VSS; U1.D10:VSS; U1.D11:VSS; U1.D13:VSS; U1.D15:VSS; U1.D9:VSS; U1.E12:VSS; U1.E13:VSS; U1.E14:VSS; U1.E15:VSS; U1.E16:VSS; U1.E19:VSS; U1.E4:VSS; U1.E6:VSS; U1.E7:VSS; U1.E8:VSS; U1.F10:VSS; U1.F11:AVSS; U1.F16:VSS; U1.F4:VSS; U1.F6:VSS; U1.G13:VSS; U1.G14:VSS; U1.G15:VSS; U1.G16:VSS; U1.G6:VSS; U1.G7:AVSS; U1.G8:AVSS; U1.H11:VSS; U1.H13:VSS; U1.H15:VSS; U1.H16:VSS; U1.H20:VSS; U1.H7:VSS; U1.J11:VSS; U1.J13:VSS; U1.J15:VSS; U1.J7:VSS; U1.K10:VSS; U1.K12:VSS; U1.K14:VSS; U1.K16:VSS; U1.K18:VSS; U1.K3:VSS; U1.K6:VSS; U1.K8:VSS; U1.L10:VSS; U1.L12:VSS; U1.L15:VSS; U1.L19:VSS; U1.L7:VSS; U1.L8:VSS; U1.M10:VSS; U1.M12:VSS; U1.M15:VSS; U1.M16:VSS; U1.M6:VSS; U1.M8:VSS; U1.N10:VSS; U1.N12:VSS; U1.N15:VSS; U1.N16:VSS; U1.N3:VSS; U1.N5:VSS; U1.N8:VSS; U1.P10:VSS; U1.P12:VSS; U1.P14:VSS; U1.P15:VSS; U1.P20:VSS; U1.P6:VSS; U1.P7:VSS; U1.P8:VSS; U1.R10:VSS; U1.R12:VSS; U1.R14:VSS; U1.R16:VSS; U1.R3:VSS; U1.R6:VSS; U1.R7:VSS; U1.T15:VSS; U1.T3:VSS; U1.T7:VSS; U1.T8:VSS; U1.T9:VSS; U1.U19:VSS; U1.U3:VSS; U1.U8:VSS; U1.V3:VSS; U1.V4:VSS; U1.V5:VSS; U1.V6:VSS; U1.V7:VSS; U1.V8:VSS; U1.W1:VSS; U1.W16:VSS; U1.W20:VSS; U1.Y13:VSS; U1.Y19:VSS; U11.6:GND; U12.10:D4; U12.11:S4B; U12.12:S4A; U12.6:GND; U12.8:S3B; U13.1:S1B; U13.11:S4B; U13.15:SEL; U13.4:S2B; U13.6:GND; U13.8:S3B; U14.3:GND; U2.A10:VSS; U2.A3:VSS; U2.AB10:VSS; U2.AB3:VSS; U2.AB5:VSS; U2.AB8:VSS; U2.C1:VSS; U2.C12:VSS; U2.C5:VSS; U2.D11:VSS; U2.D2:VSS; U2.D4:VSS; U2.D9:VSS; U2.E1:VSS; U2.E12:VSS; U2.E5:VSS; U2.E8:VSS; U2.G1:VSS; U2.G10:VSS; U2.G12:VSS; U2.G3:VSS; U2.G5:VSS; U2.G8:VSS; U2.J1:VSS; U2.J10:VSS; U2.J12:VSS; U2.J3:VSS; U2.K11:VSS; U2.K2:VSS; U2.K4:VSS; U2.K9:VSS; U2.N11:VSS; U2.N2:VSS; U2.N4:VSS; U2.N9:VSS; U2.P1:VSS; U2.P10:VSS; U2.P12:VSS; U2.P3:VSS; U2.T1:VSS; U2.T10:VSS; U2.T12:VSS; U2.T3:VSS; U2.T5:VSS; U2.T8:VSS; U2.V1:VSS; U2.V12:VSS; U2.V5:VSS; U2.V8:VSS; U2.W11:VSS; U2.W2:VSS; U2.W4:VSS; U2.W9:VSS; U2.Y1:VSS; U2.Y12:VSS; U2.Y5:VSS; U2.Y8:VSS; U21.4:GND; U22.A1:AGND; U22.B1:PGND; U22.B2:PGND; U22.B3:PGND; U23.A1:AGND; U23.B1:PGND; U23.B2:PGND; U23.B3:PGND; U24.4:GND; U25.4:GND; U26.4:GND; U3.A6:VSS; U3.C4:VSS; U3.E7:VSS; U3.G5:VSS; U3.H10:VSS; U3.J5:VSS; U3.K8:VSS; U3.N2:VSS; U3.N5:VSS; U3.P4:VSS; U3.P6:VSS; U89.5:GND; U89.7:EP_GND; U90.5:GND; U90.7:EP_GND; U91.3:GND; U92.1:B_TIE_LOW; U92.2:GND; U93.3:GND; U94.1:B_TIE_LOW; U94.2:GND; U95.7:GND; Y2.2:GND; Y2.4:GND
U2,K4F8E304HB_200,C9,DQ14_a,bidirectional,bidirectional,false,Samsung K4F8E304HB-MGCJ Rev.1.0 (June 2016),10,C row / column 9,12,4.5 Table 1,I/O,Read/write data,FUNCTIONAL,All normal supported operating modes of this exact part,Table 1 explicitly specifies bidirectional operation.,,DDR_DQA14,65 exact SoC joins; source NC/DNU flagged; bias on dedicated sheet,U1.U18:DDR_DQA13
U2,K4F8E304HB_200,C10,DMI1_a,bidirectional,bidirectional,false,Samsung K4F8E304HB-MGCJ Rev.1.0 (June 2016),10,C row / column 10,"7, 11–12",4.5 Table 1,I/O,Read DBI / write DM-DBI,FUNCTIONAL,All normal supported operating modes of this exact part,DMI reports inversion during reads and accepts inversion/masking during writes; preserve read-DBI capability.,Page 11 shorthand Input Data Inversion is incomplete; explicit I/O definition on p12 and read/write feature description on p7 govern.,DDR_DMIA1,65 exact SoC joins; source NC/DNU flagged; bias on dedicated sheet,U1.P17:DDR_DMIA1
U2,K4F8E304HB_200,C11,DQ9_a,bidirectional,bidirectional,false,Samsung K4F8E304HB-MGCJ Rev.1.0 (June 2016),10,C row / column 11,12,4.5 Table 1,I/O,Read/write data,FUNCTIONAL,All normal supported operating modes of this exact part,Table 1 explicitly specifies bidirectional operation.,,DDR_DQA9,65 exact SoC joins; source NC/DNU flagged; bias on dedicated sheet,U1.T17:DDR_DQA15
U2,K4F8E304HB_200,C12,VSS,power_in,power_in,false,Samsung K4F8E304HB-MGCJ Rev.1.0 (June 2016),10,C row / column 12,12,4.5 Table 1,GND,Ground return,FUNCTIONAL,All normal supported operating modes of this exact part,Manufacturer supply/ground identity; do not promote to source.,,GND,65 exact SoC joins; source NC/DNU flagged; bias on dedicated sheet,C201.2:; C203.2:; C204.2:; C205.2:; C206.2:; C207.2:; C208.2:; C209.2:; C210.2:; C211.2:; C212.2:; C213.2:; C214.2:; C215.2:; C216.2:; C217.2:; C218.2:; C220.2:; C221.2:; C222.2:; C223.2:; C225.2:; C226.2:; C227.2:; C228.2:; C230.2:; C231.2:; C232.2:; C233.2:; C234.2:; C235.2:; C236.2:; C237.2:; C238.2:; C239.2:; C240.2:; C241.2:; C242.2:; C243.2:; C244.2:; C31.2:; C32.2:; C33.2:; C34.2:; C41.2:; C42.2:; C43.2:; C44.2:; C45.2:; C501.2:; C502.2:; C503.2:; C504.2:; C505.2:; C506.2:; C507.2:; C508.2:; C509.2:; C510.2:; C511.2:; C512.2:; C513.2:; C514.2:; C515.2:; C516.2:; C517.2:; C518.2:; C519.2:; C520.2:; C521.2:; C522.2:; C523.2:; C524.2:; C525.2:; C526.2:; C527.2:; C528.2:; C529.2:; C530.2:; C531.2:; C532.2:; C533.2:; C534.2:; C535.2:; C536.2:; C537.2:; C538.2:; C539.2:; C540.2:; C541.2:; C542.2:; C543.2:; C544.2:; C545.2:; C546.2:; C547.2:; C548.2:; C549.2:; C550.2:; C551.2:; C552.2:; C553.2:; C554.2:; C555.2:; C556.2:; C557.2:; C558.2:; C559.2:; C560.2:; C561.2:; C562.2:; C563.2:; C564.2:; C565.2:; C566.2:; C567.2:; C568.2:; C569.2:; C570.2:; C571.2:; C572.2:; C573.2:; C574.2:; C575.2:; C576.2:; C577.2:; C62.2:; C63.2:; C64.2:; C65.2:; C809.2:; C810.2:; C811.2:; C812.2:; C813.2:; C814.2:; C815.2:; C816.2:; J1.1:GND; J1.106:GND; J1.2:GND; J1.3:GND; J1.36:GND; J1.49:GND; J1.57:GND; J1.64:GND; J1.71:GND; J1.78:GND; J1.89:GND; R202.2:; R205.2:; R206.2:; R208.2:; R211.2:; R214.2:; R31.2:; R402.2:; R44.2:; R47.2:; R526.2:; R529.2:; R571.2:; R572.2:; R64.2:; R66.2:; R69.2:; R70.2:; R71.2:; U1.A13:VSS; U1.A16:VSS; U1.A19:VSS; U1.A9:TEST_EN; U1.B13:VSS; U1.B20:VSS; U1.C13:VSS; U1.D10:VSS; U1.D11:VSS; U1.D13:VSS; U1.D15:VSS; U1.D9:VSS; U1.E12:VSS; U1.E13:VSS; U1.E14:VSS; U1.E15:VSS; U1.E16:VSS; U1.E19:VSS; U1.E4:VSS; U1.E6:VSS; U1.E7:VSS; U1.E8:VSS; U1.F10:VSS; U1.F11:AVSS; U1.F16:VSS; U1.F4:VSS; U1.F6:VSS; U1.G13:VSS; U1.G14:VSS; U1.G15:VSS; U1.G16:VSS; U1.G6:VSS; U1.G7:AVSS; U1.G8:AVSS; U1.H11:VSS; U1.H13:VSS; U1.H15:VSS; U1.H16:VSS; U1.H20:VSS; U1.H7:VSS; U1.J11:VSS; U1.J13:VSS; U1.J15:VSS; U1.J7:VSS; U1.K10:VSS; U1.K12:VSS; U1.K14:VSS; U1.K16:VSS; U1.K18:VSS; U1.K3:VSS; U1.K6:VSS; U1.K8:VSS; U1.L10:VSS; U1.L12:VSS; U1.L15:VSS; U1.L19:VSS; U1.L7:VSS; U1.L8:VSS; U1.M10:VSS; U1.M12:VSS; U1.M15:VSS; U1.M16:VSS; U1.M6:VSS; U1.M8:VSS; U1.N10:VSS; U1.N12:VSS; U1.N15:VSS; U1.N16:VSS; U1.N3:VSS; U1.N5:VSS; U1.N8:VSS; U1.P10:VSS; U1.P12:VSS; U1.P14:VSS; U1.P15:VSS; U1.P20:VSS; U1.P6:VSS; U1.P7:VSS; U1.P8:VSS; U1.R10:VSS; U1.R12:VSS; U1.R14:VSS; U1.R16:VSS; U1.R3:VSS; U1.R6:VSS; U1.R7:VSS; U1.T15:VSS; U1.T3:VSS; U1.T7:VSS; U1.T8:VSS; U1.T9:VSS; U1.U19:VSS; U1.U3:VSS; U1.U8:VSS; U1.V3:VSS; U1.V4:VSS; U1.V5:VSS; U1.V6:VSS; U1.V7:VSS; U1.V8:VSS; U1.W1:VSS; U1.W16:VSS; U1.W20:VSS; U1.Y13:VSS; U1.Y19:VSS; U11.6:GND; U12.10:D4; U12.11:S4B; U12.12:S4A; U12.6:GND; U12.8:S3B; U13.1:S1B; U13.11:S4B; U13.15:SEL; U13.4:S2B; U13.6:GND; U13.8:S3B; U14.3:GND; U2.A10:VSS; U2.A3:VSS; U2.AB10:VSS; U2.AB3:VSS; U2.AB5:VSS; U2.AB8:VSS; U2.C1:VSS; U2.C5:VSS; U2.C8:VSS; U2.D11:VSS; U2.D2:VSS; U2.D4:VSS; U2.D9:VSS; U2.E1:VSS; U2.E12:VSS; U2.E5:VSS; U2.E8:VSS; U2.G1:VSS; U2.G10:VSS; U2.G12:VSS; U2.G3:VSS; U2.G5:VSS; U2.G8:VSS; U2.J1:VSS; U2.J10:VSS; U2.J12:VSS; U2.J3:VSS; U2.K11:VSS; U2.K2:VSS; U2.K4:VSS; U2.K9:VSS; U2.N11:VSS; U2.N2:VSS; U2.N4:VSS; U2.N9:VSS; U2.P1:VSS; U2.P10:VSS; U2.P12:VSS; U2.P3:VSS; U2.T1:VSS; U2.T10:VSS; U2.T12:VSS; U2.T3:VSS; U2.T5:VSS; U2.T8:VSS; U2.V1:VSS; U2.V12:VSS; U2.V5:VSS; U2.V8:VSS; U2.W11:VSS; U2.W2:VSS; U2.W4:VSS; U2.W9:VSS; U2.Y1:VSS; U2.Y12:VSS; U2.Y5:VSS; U2.Y8:VSS; U21.4:GND; U22.A1:AGND; U22.B1:PGND; U22.B2:PGND; U22.B3:PGND; U23.A1:AGND; U23.B1:PGND; U23.B2:PGND; U23.B3:PGND; U24.4:GND; U25.4:GND; U26.4:GND; U3.A6:VSS; U3.C4:VSS; U3.E7:VSS; U3.G5:VSS; U3.H10:VSS; U3.J5:VSS; U3.K8:VSS; U3.N2:VSS; U3.N5:VSS; U3.P4:VSS; U3.P6:VSS; U89.5:GND; U89.7:EP_GND; U90.5:GND; U90.7:EP_GND; U91.3:GND; U92.1:B_TIE_LOW; U92.2:GND; U93.3:GND; U94.1:B_TIE_LOW; U94.2:GND; U95.7:GND; Y2.2:GND; Y2.4:GND
U2,K4F8E304HB_200,D1,VDDQ,power_in,power_in,false,Samsung K4F8E304HB-MGCJ Rev.1.0 (June 2016),10,D row / column 1,12,4.5 Table 1,Supply,Supply input,FUNCTIONAL,All normal supported operating modes of this exact part,Manufacturer supply/ground identity; do not promote to source.,,VDD1P1_DDR_IO,65 exact SoC joins; source NC/DNU flagged; bias on dedicated sheet,C218.1:; C219.1:; C534.1:; C535.1:; C536.1:; C537.1:; C538.1:; C539.1:; C540.1:; C541.1:; C542.1:; C543.1:; C544.1:; C545.1:; C546.1:; C547.1:; C548.1:; C549.1:; C550.1:; C551.1:; C552.1:; C553.1:; C554.1:; C555.1:; C556.1:; C557.1:; C558.1:; C559.1:; C560.1:; C561.1:; C61.1:; L24.2:; R207.1:; R61.2:; R62.2:; R63.2:; R65.1:; U1.H14:VDD1P1_DDR_IO; U1.J14:VDD1P1_DDR_IO; U1.L14:VDD1P1_DDR_IO; U1.M14:VDD1P1_DDR_IO; U1.N14:VDD1P1_DDR_IO; U2.A4:VDD2; U2.A9:VDD2; U2.AA10:VDDQ; U2.AA3:VDDQ; U2.AA5:VDDQ; U2.AA8:VDDQ; U2.AB4:VDD2; U2.AB9:VDD2; U2.B10:VDDQ; U2.B3:VDDQ; U2.B5:VDDQ; U2.B8:VDDQ; U2.D12:VDDQ; U2.D5:VDDQ; U2.D8:VDDQ; U2.F10:VDDQ; U2.F3:VDDQ; U2.F5:VDD2; U2.F8:VDD2; U2.H1:VDD2; U2.H12:VDD2; U2.H5:VDD2; U2.H8:VDD2; U2.K1:VDD2; U2.K10:VDD2; U2.K12:VDD2; U2.K3:VDD2; U2.N1:VDD2; U2.N10:VDD2; U2.N12:VDD2; U2.N3:VDD2; U2.R1:VDD2; U2.R12:VDD2; U2.R5:VDD2; U2.R8:VDD2; U2.U10:VDDQ; U2.U3:VDDQ; U2.U5:VDD2; U2.U8:VDD2; U2.W1:VDDQ; U2.W12:VDDQ; U2.W5:VDDQ; U2.W8:VDDQ
U2,K4F8E304HB_200,D2,VSS,power_in,power_in,false,Samsung K4F8E304HB-MGCJ Rev.1.0 (June 2016),10,D row / column 2,12,4.5 Table 1,GND,Ground return,FUNCTIONAL,All normal supported operating modes of this exact part,Manufacturer supply/ground identity; do not promote to source.,,GND,65 exact SoC joins; source NC/DNU flagged; bias on dedicated sheet,C201.2:; C203.2:; C204.2:; C205.2:; C206.2:; C207.2:; C208.2:; C209.2:; C210.2:; C211.2:; C212.2:; C213.2:; C214.2:; C215.2:; C216.2:; C217.2:; C218.2:; C220.2:; C221.2:; C222.2:; C223.2:; C225.2:; C226.2:; C227.2:; C228.2:; C230.2:; C231.2:; C232.2:; C233.2:; C234.2:; C235.2:; C236.2:; C237.2:; C238.2:; C239.2:; C240.2:; C241.2:; C242.2:; C243.2:; C244.2:; C31.2:; C32.2:; C33.2:; C34.2:; C41.2:; C42.2:; C43.2:; C44.2:; C45.2:; C501.2:; C502.2:; C503.2:; C504.2:; C505.2:; C506.2:; C507.2:; C508.2:; C509.2:; C510.2:; C511.2:; C512.2:; C513.2:; C514.2:; C515.2:; C516.2:; C517.2:; C518.2:; C519.2:; C520.2:; C521.2:; C522.2:; C523.2:; C524.2:; C525.2:; C526.2:; C527.2:; C528.2:; C529.2:; C530.2:; C531.2:; C532.2:; C533.2:; C534.2:; C535.2:; C536.2:; C537.2:; C538.2:; C539.2:; C540.2:; C541.2:; C542.2:; C543.2:; C544.2:; C545.2:; C546.2:; C547.2:; C548.2:; C549.2:; C550.2:; C551.2:; C552.2:; C553.2:; C554.2:; C555.2:; C556.2:; C557.2:; C558.2:; C559.2:; C560.2:; C561.2:; C562.2:; C563.2:; C564.2:; C565.2:; C566.2:; C567.2:; C568.2:; C569.2:; C570.2:; C571.2:; C572.2:; C573.2:; C574.2:; C575.2:; C576.2:; C577.2:; C62.2:; C63.2:; C64.2:; C65.2:; C809.2:; C810.2:; C811.2:; C812.2:; C813.2:; C814.2:; C815.2:; C816.2:; J1.1:GND; J1.106:GND; J1.2:GND; J1.3:GND; J1.36:GND; J1.49:GND; J1.57:GND; J1.64:GND; J1.71:GND; J1.78:GND; J1.89:GND; R202.2:; R205.2:; R206.2:; R208.2:; R211.2:; R214.2:; R31.2:; R402.2:; R44.2:; R47.2:; R526.2:; R529.2:; R571.2:; R572.2:; R64.2:; R66.2:; R69.2:; R70.2:; R71.2:; U1.A13:VSS; U1.A16:VSS; U1.A19:VSS; U1.A9:TEST_EN; U1.B13:VSS; U1.B20:VSS; U1.C13:VSS; U1.D10:VSS; U1.D11:VSS; U1.D13:VSS; U1.D15:VSS; U1.D9:VSS; U1.E12:VSS; U1.E13:VSS; U1.E14:VSS; U1.E15:VSS; U1.E16:VSS; U1.E19:VSS; U1.E4:VSS; U1.E6:VSS; U1.E7:VSS; U1.E8:VSS; U1.F10:VSS; U1.F11:AVSS; U1.F16:VSS; U1.F4:VSS; U1.F6:VSS; U1.G13:VSS; U1.G14:VSS; U1.G15:VSS; U1.G16:VSS; U1.G6:VSS; U1.G7:AVSS; U1.G8:AVSS; U1.H11:VSS; U1.H13:VSS; U1.H15:VSS; U1.H16:VSS; U1.H20:VSS; U1.H7:VSS; U1.J11:VSS; U1.J13:VSS; U1.J15:VSS; U1.J7:VSS; U1.K10:VSS; U1.K12:VSS; U1.K14:VSS; U1.K16:VSS; U1.K18:VSS; U1.K3:VSS; U1.K6:VSS; U1.K8:VSS; U1.L10:VSS; U1.L12:VSS; U1.L15:VSS; U1.L19:VSS; U1.L7:VSS; U1.L8:VSS; U1.M10:VSS; U1.M12:VSS; U1.M15:VSS; U1.M16:VSS; U1.M6:VSS; U1.M8:VSS; U1.N10:VSS; U1.N12:VSS; U1.N15:VSS; U1.N16:VSS; U1.N3:VSS; U1.N5:VSS; U1.N8:VSS; U1.P10:VSS; U1.P12:VSS; U1.P14:VSS; U1.P15:VSS; U1.P20:VSS; U1.P6:VSS; U1.P7:VSS; U1.P8:VSS; U1.R10:VSS; U1.R12:VSS; U1.R14:VSS; U1.R16:VSS; U1.R3:VSS; U1.R6:VSS; U1.R7:VSS; U1.T15:VSS; U1.T3:VSS; U1.T7:VSS; U1.T8:VSS; U1.T9:VSS; U1.U19:VSS; U1.U3:VSS; U1.U8:VSS; U1.V3:VSS; U1.V4:VSS; U1.V5:VSS; U1.V6:VSS; U1.V7:VSS; U1.V8:VSS; U1.W1:VSS; U1.W16:VSS; U1.W20:VSS; U1.Y13:VSS; U1.Y19:VSS; U11.6:GND; U12.10:D4; U12.11:S4B; U12.12:S4A; U12.6:GND; U12.8:S3B; U13.1:S1B; U13.11:S4B; U13.15:SEL; U13.4:S2B; U13.6:GND; U13.8:S3B; U14.3:GND; U2.A10:VSS; U2.A3:VSS; U2.AB10:VSS; U2.AB3:VSS; U2.AB5:VSS; U2.AB8:VSS; U2.C1:VSS; U2.C12:VSS; U2.C5:VSS; U2.C8:VSS; U2.D11:VSS; U2.D4:VSS; U2.D9:VSS; U2.E1:VSS; U2.E12:VSS; U2.E5:VSS; U2.E8:VSS; U2.G1:VSS; U2.G10:VSS; U2.G12:VSS; U2.G3:VSS; U2.G5:VSS; U2.G8:VSS; U2.J1:VSS; U2.J10:VSS; U2.J12:VSS; U2.J3:VSS; U2.K11:VSS; U2.K2:VSS; U2.K4:VSS; U2.K9:VSS; U2.N11:VSS; U2.N2:VSS; U2.N4:VSS; U2.N9:VSS; U2.P1:VSS; U2.P10:VSS; U2.P12:VSS; U2.P3:VSS; U2.T1:VSS; U2.T10:VSS; U2.T12:VSS; U2.T3:VSS; U2.T5:VSS; U2.T8:VSS; U2.V1:VSS; U2.V12:VSS; U2.V5:VSS; U2.V8:VSS; U2.W11:VSS; U2.W2:VSS; U2.W4:VSS; U2.W9:VSS; U2.Y1:VSS; U2.Y12:VSS; U2.Y5:VSS; U2.Y8:VSS; U21.4:GND; U22.A1:AGND; U22.B1:PGND; U22.B2:PGND; U22.B3:PGND; U23.A1:AGND; U23.B1:PGND; U23.B2:PGND; U23.B3:PGND; U24.4:GND; U25.4:GND; U26.4:GND; U3.A6:VSS; U3.C4:VSS; U3.E7:VSS; U3.G5:VSS; U3.H10:VSS; U3.J5:VSS; U3.K8:VSS; U3.N2:VSS; U3.N5:VSS; U3.P4:VSS; U3.P6:VSS; U89.5:GND; U89.7:EP_GND; U90.5:GND; U90.7:EP_GND; U91.3:GND; U92.1:B_TIE_LOW; U92.2:GND; U93.3:GND; U94.1:B_TIE_LOW; U94.2:GND; U95.7:GND; Y2.2:GND; Y2.4:GND
U2,K4F8E304HB_200,D3,DQS0_t_a,bidirectional,bidirectional,false,Samsung K4F8E304HB-MGCJ Rev.1.0 (June 2016),10,D row / column 3,12,4.5 Table 1,I/O,Read/write differential data strobe,FUNCTIONAL,All normal supported operating modes of this exact part,Table 1 explicitly specifies bidirectional operation.,,DDR_DQSA0_P,65 exact SoC joins; source NC/DNU flagged; bias on dedicated sheet,U1.W17:DDR_DQSA0P
U2,K4F8E304HB_200,D4,VSS,power_in,power_in,false,Samsung K4F8E304HB-MGCJ Rev.1.0 (June 2016),10,D row / column 4,12,4.5 Table 1,GND,Ground return,FUNCTIONAL,All normal supported operating modes of this exact part,Manufacturer supply/ground identity; do not promote to source.,,GND,65 exact SoC joins; source NC/DNU flagged; bias on dedicated sheet,C201.2:; C203.2:; C204.2:; C205.2:; C206.2:; C207.2:; C208.2:; C209.2:; C210.2:; C211.2:; C212.2:; C213.2:; C214.2:; C215.2:; C216.2:; C217.2:; C218.2:; C220.2:; C221.2:; C222.2:; C223.2:; C225.2:; C226.2:; C227.2:; C228.2:; C230.2:; C231.2:; C232.2:; C233.2:; C234.2:; C235.2:; C236.2:; C237.2:; C238.2:; C239.2:; C240.2:; C241.2:; C242.2:; C243.2:; C244.2:; C31.2:; C32.2:; C33.2:; C34.2:; C41.2:; C42.2:; C43.2:; C44.2:; C45.2:; C501.2:; C502.2:; C503.2:; C504.2:; C505.2:; C506.2:; C507.2:; C508.2:; C509.2:; C510.2:; C511.2:; C512.2:; C513.2:; C514.2:; C515.2:; C516.2:; C517.2:; C518.2:; C519.2:; C520.2:; C521.2:; C522.2:; C523.2:; C524.2:; C525.2:; C526.2:; C527.2:; C528.2:; C529.2:; C530.2:; C531.2:; C532.2:; C533.2:; C534.2:; C535.2:; C536.2:; C537.2:; C538.2:; C539.2:; C540.2:; C541.2:; C542.2:; C543.2:; C544.2:; C545.2:; C546.2:; C547.2:; C548.2:; C549.2:; C550.2:; C551.2:; C552.2:; C553.2:; C554.2:; C555.2:; C556.2:; C557.2:; C558.2:; C559.2:; C560.2:; C561.2:; C562.2:; C563.2:; C564.2:; C565.2:; C566.2:; C567.2:; C568.2:; C569.2:; C570.2:; C571.2:; C572.2:; C573.2:; C574.2:; C575.2:; C576.2:; C577.2:; C62.2:; C63.2:; C64.2:; C65.2:; C809.2:; C810.2:; C811.2:; C812.2:; C813.2:; C814.2:; C815.2:; C816.2:; J1.1:GND; J1.106:GND; J1.2:GND; J1.3:GND; J1.36:GND; J1.49:GND; J1.57:GND; J1.64:GND; J1.71:GND; J1.78:GND; J1.89:GND; R202.2:; R205.2:; R206.2:; R208.2:; R211.2:; R214.2:; R31.2:; R402.2:; R44.2:; R47.2:; R526.2:; R529.2:; R571.2:; R572.2:; R64.2:; R66.2:; R69.2:; R70.2:; R71.2:; U1.A13:VSS; U1.A16:VSS; U1.A19:VSS; U1.A9:TEST_EN; U1.B13:VSS; U1.B20:VSS; U1.C13:VSS; U1.D10:VSS; U1.D11:VSS; U1.D13:VSS; U1.D15:VSS; U1.D9:VSS; U1.E12:VSS; U1.E13:VSS; U1.E14:VSS; U1.E15:VSS; U1.E16:VSS; U1.E19:VSS; U1.E4:VSS; U1.E6:VSS; U1.E7:VSS; U1.E8:VSS; U1.F10:VSS; U1.F11:AVSS; U1.F16:VSS; U1.F4:VSS; U1.F6:VSS; U1.G13:VSS; U1.G14:VSS; U1.G15:VSS; U1.G16:VSS; U1.G6:VSS; U1.G7:AVSS; U1.G8:AVSS; U1.H11:VSS; U1.H13:VSS; U1.H15:VSS; U1.H16:VSS; U1.H20:VSS; U1.H7:VSS; U1.J11:VSS; U1.J13:VSS; U1.J15:VSS; U1.J7:VSS; U1.K10:VSS; U1.K12:VSS; U1.K14:VSS; U1.K16:VSS; U1.K18:VSS; U1.K3:VSS; U1.K6:VSS; U1.K8:VSS; U1.L10:VSS; U1.L12:VSS; U1.L15:VSS; U1.L19:VSS; U1.L7:VSS; U1.L8:VSS; U1.M10:VSS; U1.M12:VSS; U1.M15:VSS; U1.M16:VSS; U1.M6:VSS; U1.M8:VSS; U1.N10:VSS; U1.N12:VSS; U1.N15:VSS; U1.N16:VSS; U1.N3:VSS; U1.N5:VSS; U1.N8:VSS; U1.P10:VSS; U1.P12:VSS; U1.P14:VSS; U1.P15:VSS; U1.P20:VSS; U1.P6:VSS; U1.P7:VSS; U1.P8:VSS; U1.R10:VSS; U1.R12:VSS; U1.R14:VSS; U1.R16:VSS; U1.R3:VSS; U1.R6:VSS; U1.R7:VSS; U1.T15:VSS; U1.T3:VSS; U1.T7:VSS; U1.T8:VSS; U1.T9:VSS; U1.U19:VSS; U1.U3:VSS; U1.U8:VSS; U1.V3:VSS; U1.V4:VSS; U1.V5:VSS; U1.V6:VSS; U1.V7:VSS; U1.V8:VSS; U1.W1:VSS; U1.W16:VSS; U1.W20:VSS; U1.Y13:VSS; U1.Y19:VSS; U11.6:GND; U12.10:D4; U12.11:S4B; U12.12:S4A; U12.6:GND; U12.8:S3B; U13.1:S1B; U13.11:S4B; U13.15:SEL; U13.4:S2B; U13.6:GND; U13.8:S3B; U14.3:GND; U2.A10:VSS; U2.A3:VSS; U2.AB10:VSS; U2.AB3:VSS; U2.AB5:VSS; U2.AB8:VSS; U2.C1:VSS; U2.C12:VSS; U2.C5:VSS; U2.C8:VSS; U2.D11:VSS; U2.D2:VSS; U2.D9:VSS; U2.E1:VSS; U2.E12:VSS; U2.E5:VSS; U2.E8:VSS; U2.G1:VSS; U2.G10:VSS; U2.G12:VSS; U2.G3:VSS; U2.G5:VSS; U2.G8:VSS; U2.J1:VSS; U2.J10:VSS; U2.J12:VSS; U2.J3:VSS; U2.K11:VSS; U2.K2:VSS; U2.K4:VSS; U2.K9:VSS; U2.N11:VSS; U2.N2:VSS; U2.N4:VSS; U2.N9:VSS; U2.P1:VSS; U2.P10:VSS; U2.P12:VSS; U2.P3:VSS; U2.T1:VSS; U2.T10:VSS; U2.T12:VSS; U2.T3:VSS; U2.T5:VSS; U2.T8:VSS; U2.V1:VSS; U2.V12:VSS; U2.V5:VSS; U2.V8:VSS; U2.W11:VSS; U2.W2:VSS; U2.W4:VSS; U2.W9:VSS; U2.Y1:VSS; U2.Y12:VSS; U2.Y5:VSS; U2.Y8:VSS; U21.4:GND; U22.A1:AGND; U22.B1:PGND; U22.B2:PGND; U22.B3:PGND; U23.A1:AGND; U23.B1:PGND; U23.B2:PGND; U23.B3:PGND; U24.4:GND; U25.4:GND; U26.4:GND; U3.A6:VSS; U3.C4:VSS; U3.E7:VSS; U3.G5:VSS; U3.H10:VSS; U3.J5:VSS; U3.K8:VSS; U3.N2:VSS; U3.N5:VSS; U3.P4:VSS; U3.P6:VSS; U89.5:GND; U89.7:EP_GND; U90.5:GND; U90.7:EP_GND; U91.3:GND; U92.1:B_TIE_LOW; U92.2:GND; U93.3:GND; U94.1:B_TIE_LOW; U94.2:GND; U95.7:GND; Y2.2:GND; Y2.4:GND
U2,K4F8E304HB_200,D5,VDDQ,power_in,power_in,false,Samsung K4F8E304HB-MGCJ Rev.1.0 (June 2016),10,D row / column 5,12,4.5 Table 1,Supply,Supply input,FUNCTIONAL,All normal supported operating modes of this exact part,Manufacturer supply/ground identity; do not promote to source.,,VDD1P1_DDR_IO,65 exact SoC joins; source NC/DNU flagged; bias on dedicated sheet,C218.1:; C219.1:; C534.1:; C535.1:; C536.1:; C537.1:; C538.1:; C539.1:; C540.1:; C541.1:; C542.1:; C543.1:; C544.1:; C545.1:; C546.1:; C547.1:; C548.1:; C549.1:; C550.1:; C551.1:; C552.1:; C553.1:; C554.1:; C555.1:; C556.1:; C557.1:; C558.1:; C559.1:; C560.1:; C561.1:; C61.1:; L24.2:; R207.1:; R61.2:; R62.2:; R63.2:; R65.1:; U1.H14:VDD1P1_DDR_IO; U1.J14:VDD1P1_DDR_IO; U1.L14:VDD1P1_DDR_IO; U1.M14:VDD1P1_DDR_IO; U1.N14:VDD1P1_DDR_IO; U2.A4:VDD2; U2.A9:VDD2; U2.AA10:VDDQ; U2.AA3:VDDQ; U2.AA5:VDDQ; U2.AA8:VDDQ; U2.AB4:VDD2; U2.AB9:VDD2; U2.B10:VDDQ; U2.B3:VDDQ; U2.B5:VDDQ; U2.B8:VDDQ; U2.D1:VDDQ; U2.D12:VDDQ; U2.D8:VDDQ; U2.F10:VDDQ; U2.F3:VDDQ; U2.F5:VDD2; U2.F8:VDD2; U2.H1:VDD2; U2.H12:VDD2; U2.H5:VDD2; U2.H8:VDD2; U2.K1:VDD2; U2.K10:VDD2; U2.K12:VDD2; U2.K3:VDD2; U2.N1:VDD2; U2.N10:VDD2; U2.N12:VDD2; U2.N3:VDD2; U2.R1:VDD2; U2.R12:VDD2; U2.R5:VDD2; U2.R8:VDD2; U2.U10:VDDQ; U2.U3:VDDQ; U2.U5:VDD2; U2.U8:VDD2; U2.W1:VDDQ; U2.W12:VDDQ; U2.W5:VDDQ; U2.W8:VDDQ
U2,K4F8E304HB_200,D8,VDDQ,power_in,power_in,false,Samsung K4F8E304HB-MGCJ Rev.1.0 (June 2016),10,D row / column 8,12,4.5 Table 1,Supply,Supply input,FUNCTIONAL,All normal supported operating modes of this exact part,Manufacturer supply/ground identity; do not promote to source.,,VDD1P1_DDR_IO,65 exact SoC joins; source NC/DNU flagged; bias on dedicated sheet,C218.1:; C219.1:; C534.1:; C535.1:; C536.1:; C537.1:; C538.1:; C539.1:; C540.1:; C541.1:; C542.1:; C543.1:; C544.1:; C545.1:; C546.1:; C547.1:; C548.1:; C549.1:; C550.1:; C551.1:; C552.1:; C553.1:; C554.1:; C555.1:; C556.1:; C557.1:; C558.1:; C559.1:; C560.1:; C561.1:; C61.1:; L24.2:; R207.1:; R61.2:; R62.2:; R63.2:; R65.1:; U1.H14:VDD1P1_DDR_IO; U1.J14:VDD1P1_DDR_IO; U1.L14:VDD1P1_DDR_IO; U1.M14:VDD1P1_DDR_IO; U1.N14:VDD1P1_DDR_IO; U2.A4:VDD2; U2.A9:VDD2; U2.AA10:VDDQ; U2.AA3:VDDQ; U2.AA5:VDDQ; U2.AA8:VDDQ; U2.AB4:VDD2; U2.AB9:VDD2; U2.B10:VDDQ; U2.B3:VDDQ; U2.B5:VDDQ; U2.B8:VDDQ; U2.D1:VDDQ; U2.D12:VDDQ; U2.D5:VDDQ; U2.F10:VDDQ; U2.F3:VDDQ; U2.F5:VDD2; U2.F8:VDD2; U2.H1:VDD2; U2.H12:VDD2; U2.H5:VDD2; U2.H8:VDD2; U2.K1:VDD2; U2.K10:VDD2; U2.K12:VDD2; U2.K3:VDD2; U2.N1:VDD2; U2.N10:VDD2; U2.N12:VDD2; U2.N3:VDD2; U2.R1:VDD2; U2.R12:VDD2; U2.R5:VDD2; U2.R8:VDD2; U2.U10:VDDQ; U2.U3:VDDQ; U2.U5:VDD2; U2.U8:VDD2; U2.W1:VDDQ; U2.W12:VDDQ; U2.W5:VDDQ; U2.W8:VDDQ
U2,K4F8E304HB_200,D9,VSS,power_in,power_in,false,Samsung K4F8E304HB-MGCJ Rev.1.0 (June 2016),10,D row / column 9,12,4.5 Table 1,GND,Ground return,FUNCTIONAL,All normal supported operating modes of this exact part,Manufacturer supply/ground identity; do not promote to source.,,GND,65 exact SoC joins; source NC/DNU flagged; bias on dedicated sheet,C201.2:; C203.2:; C204.2:; C205.2:; C206.2:; C207.2:; C208.2:; C209.2:; C210.2:; C211.2:; C212.2:; C213.2:; C214.2:; C215.2:; C216.2:; C217.2:; C218.2:; C220.2:; C221.2:; C222.2:; C223.2:; C225.2:; C226.2:; C227.2:; C228.2:; C230.2:; C231.2:; C232.2:; C233.2:; C234.2:; C235.2:; C236.2:; C237.2:; C238.2:; C239.2:; C240.2:; C241.2:; C242.2:; C243.2:; C244.2:; C31.2:; C32.2:; C33.2:; C34.2:; C41.2:; C42.2:; C43.2:; C44.2:; C45.2:; C501.2:; C502.2:; C503.2:; C504.2:; C505.2:; C506.2:; C507.2:; C508.2:; C509.2:; C510.2:; C511.2:; C512.2:; C513.2:; C514.2:; C515.2:; C516.2:; C517.2:; C518.2:; C519.2:; C520.2:; C521.2:; C522.2:; C523.2:; C524.2:; C525.2:; C526.2:; C527.2:; C528.2:; C529.2:; C530.2:; C531.2:; C532.2:; C533.2:; C534.2:; C535.2:; C536.2:; C537.2:; C538.2:; C539.2:; C540.2:; C541.2:; C542.2:; C543.2:; C544.2:; C545.2:; C546.2:; C547.2:; C548.2:; C549.2:; C550.2:; C551.2:; C552.2:; C553.2:; C554.2:; C555.2:; C556.2:; C557.2:; C558.2:; C559.2:; C560.2:; C561.2:; C562.2:; C563.2:; C564.2:; C565.2:; C566.2:; C567.2:; C568.2:; C569.2:; C570.2:; C571.2:; C572.2:; C573.2:; C574.2:; C575.2:; C576.2:; C577.2:; C62.2:; C63.2:; C64.2:; C65.2:; C809.2:; C810.2:; C811.2:; C812.2:; C813.2:; C814.2:; C815.2:; C816.2:; J1.1:GND; J1.106:GND; J1.2:GND; J1.3:GND; J1.36:GND; J1.49:GND; J1.57:GND; J1.64:GND; J1.71:GND; J1.78:GND; J1.89:GND; R202.2:; R205.2:; R206.2:; R208.2:; R211.2:; R214.2:; R31.2:; R402.2:; R44.2:; R47.2:; R526.2:; R529.2:; R571.2:; R572.2:; R64.2:; R66.2:; R69.2:; R70.2:; R71.2:; U1.A13:VSS; U1.A16:VSS; U1.A19:VSS; U1.A9:TEST_EN; U1.B13:VSS; U1.B20:VSS; U1.C13:VSS; U1.D10:VSS; U1.D11:VSS; U1.D13:VSS; U1.D15:VSS; U1.D9:VSS; U1.E12:VSS; U1.E13:VSS; U1.E14:VSS; U1.E15:VSS; U1.E16:VSS; U1.E19:VSS; U1.E4:VSS; U1.E6:VSS; U1.E7:VSS; U1.E8:VSS; U1.F10:VSS; U1.F11:AVSS; U1.F16:VSS; U1.F4:VSS; U1.F6:VSS; U1.G13:VSS; U1.G14:VSS; U1.G15:VSS; U1.G16:VSS; U1.G6:VSS; U1.G7:AVSS; U1.G8:AVSS; U1.H11:VSS; U1.H13:VSS; U1.H15:VSS; U1.H16:VSS; U1.H20:VSS; U1.H7:VSS; U1.J11:VSS; U1.J13:VSS; U1.J15:VSS; U1.J7:VSS; U1.K10:VSS; U1.K12:VSS; U1.K14:VSS; U1.K16:VSS; U1.K18:VSS; U1.K3:VSS; U1.K6:VSS; U1.K8:VSS; U1.L10:VSS; U1.L12:VSS; U1.L15:VSS; U1.L19:VSS; U1.L7:VSS; U1.L8:VSS; U1.M10:VSS; U1.M12:VSS; U1.M15:VSS; U1.M16:VSS; U1.M6:VSS; U1.M8:VSS; U1.N10:VSS; U1.N12:VSS; U1.N15:VSS; U1.N16:VSS; U1.N3:VSS; U1.N5:VSS; U1.N8:VSS; U1.P10:VSS; U1.P12:VSS; U1.P14:VSS; U1.P15:VSS; U1.P20:VSS; U1.P6:VSS; U1.P7:VSS; U1.P8:VSS; U1.R10:VSS; U1.R12:VSS; U1.R14:VSS; U1.R16:VSS; U1.R3:VSS; U1.R6:VSS; U1.R7:VSS; U1.T15:VSS; U1.T3:VSS; U1.T7:VSS; U1.T8:VSS; U1.T9:VSS; U1.U19:VSS; U1.U3:VSS; U1.U8:VSS; U1.V3:VSS; U1.V4:VSS; U1.V5:VSS; U1.V6:VSS; U1.V7:VSS; U1.V8:VSS; U1.W1:VSS; U1.W16:VSS; U1.W20:VSS; U1.Y13:VSS; U1.Y19:VSS; U11.6:GND; U12.10:D4; U12.11:S4B; U12.12:S4A; U12.6:GND; U12.8:S3B; U13.1:S1B; U13.11:S4B; U13.15:SEL; U13.4:S2B; U13.6:GND; U13.8:S3B; U14.3:GND; U2.A10:VSS; U2.A3:VSS; U2.AB10:VSS; U2.AB3:VSS; U2.AB5:VSS; U2.AB8:VSS; U2.C1:VSS; U2.C12:VSS; U2.C5:VSS; U2.C8:VSS; U2.D11:VSS; U2.D2:VSS; U2.D4:VSS; U2.E1:VSS; U2.E12:VSS; U2.E5:VSS; U2.E8:VSS; U2.G1:VSS; U2.G10:VSS; U2.G12:VSS; U2.G3:VSS; U2.G5:VSS; U2.G8:VSS; U2.J1:VSS; U2.J10:VSS; U2.J12:VSS; U2.J3:VSS; U2.K11:VSS; U2.K2:VSS; U2.K4:VSS; U2.K9:VSS; U2.N11:VSS; U2.N2:VSS; U2.N4:VSS; U2.N9:VSS; U2.P1:VSS; U2.P10:VSS; U2.P12:VSS; U2.P3:VSS; U2.T1:VSS; U2.T10:VSS; U2.T12:VSS; U2.T3:VSS; U2.T5:VSS; U2.T8:VSS; U2.V1:VSS; U2.V12:VSS; U2.V5:VSS; U2.V8:VSS; U2.W11:VSS; U2.W2:VSS; U2.W4:VSS; U2.W9:VSS; U2.Y1:VSS; U2.Y12:VSS; U2.Y5:VSS; U2.Y8:VSS; U21.4:GND; U22.A1:AGND; U22.B1:PGND; U22.B2:PGND; U22.B3:PGND; U23.A1:AGND; U23.B1:PGND; U23.B2:PGND; U23.B3:PGND; U24.4:GND; U25.4:GND; U26.4:GND; U3.A6:VSS; U3.C4:VSS; U3.E7:VSS; U3.G5:VSS; U3.H10:VSS; U3.J5:VSS; U3.K8:VSS; U3.N2:VSS; U3.N5:VSS; U3.P4:VSS; U3.P6:VSS; U89.5:GND; U89.7:EP_GND; U90.5:GND; U90.7:EP_GND; U91.3:GND; U92.1:B_TIE_LOW; U92.2:GND; U93.3:GND; U94.1:B_TIE_LOW; U94.2:GND; U95.7:GND; Y2.2:GND; Y2.4:GND
U2,K4F8E304HB_200,D10,DQS1_t_a,bidirectional,bidirectional,false,Samsung K4F8E304HB-MGCJ Rev.1.0 (June 2016),10,D row / column 10,12,4.5 Table 1,I/O,Read/write differential data strobe,FUNCTIONAL,All normal supported operating modes of this exact part,Table 1 explicitly specifies bidirectional operation.,,DDR_DQSA1_P,65 exact SoC joins; source NC/DNU flagged; bias on dedicated sheet,U1.V20:DDR_DQSA1P
U2,K4F8E304HB_200,D11,VSS,power_in,power_in,false,Samsung K4F8E304HB-MGCJ Rev.1.0 (June 2016),10,D row / column 11,12,4.5 Table 1,GND,Ground return,FUNCTIONAL,All normal supported operating modes of this exact part,Manufacturer supply/ground identity; do not promote to source.,,GND,65 exact SoC joins; source NC/DNU flagged; bias on dedicated sheet,C201.2:; C203.2:; C204.2:; C205.2:; C206.2:; C207.2:; C208.2:; C209.2:; C210.2:; C211.2:; C212.2:; C213.2:; C214.2:; C215.2:; C216.2:; C217.2:; C218.2:; C220.2:; C221.2:; C222.2:; C223.2:; C225.2:; C226.2:; C227.2:; C228.2:; C230.2:; C231.2:; C232.2:; C233.2:; C234.2:; C235.2:; C236.2:; C237.2:; C238.2:; C239.2:; C240.2:; C241.2:; C242.2:; C243.2:; C244.2:; C31.2:; C32.2:; C33.2:; C34.2:; C41.2:; C42.2:; C43.2:; C44.2:; C45.2:; C501.2:; C502.2:; C503.2:; C504.2:; C505.2:; C506.2:; C507.2:; C508.2:; C509.2:; C510.2:; C511.2:; C512.2:; C513.2:; C514.2:; C515.2:; C516.2:; C517.2:; C518.2:; C519.2:; C520.2:; C521.2:; C522.2:; C523.2:; C524.2:; C525.2:; C526.2:; C527.2:; C528.2:; C529.2:; C530.2:; C531.2:; C532.2:; C533.2:; C534.2:; C535.2:; C536.2:; C537.2:; C538.2:; C539.2:; C540.2:; C541.2:; C542.2:; C543.2:; C544.2:; C545.2:; C546.2:; C547.2:; C548.2:; C549.2:; C550.2:; C551.2:; C552.2:; C553.2:; C554.2:; C555.2:; C556.2:; C557.2:; C558.2:; C559.2:; C560.2:; C561.2:; C562.2:; C563.2:; C564.2:; C565.2:; C566.2:; C567.2:; C568.2:; C569.2:; C570.2:; C571.2:; C572.2:; C573.2:; C574.2:; C575.2:; C576.2:; C577.2:; C62.2:; C63.2:; C64.2:; C65.2:; C809.2:; C810.2:; C811.2:; C812.2:; C813.2:; C814.2:; C815.2:; C816.2:; J1.1:GND; J1.106:GND; J1.2:GND; J1.3:GND; J1.36:GND; J1.49:GND; J1.57:GND; J1.64:GND; J1.71:GND; J1.78:GND; J1.89:GND; R202.2:; R205.2:; R206.2:; R208.2:; R211.2:; R214.2:; R31.2:; R402.2:; R44.2:; R47.2:; R526.2:; R529.2:; R571.2:; R572.2:; R64.2:; R66.2:; R69.2:; R70.2:; R71.2:; U1.A13:VSS; U1.A16:VSS; U1.A19:VSS; U1.A9:TEST_EN; U1.B13:VSS; U1.B20:VSS; U1.C13:VSS; U1.D10:VSS; U1.D11:VSS; U1.D13:VSS; U1.D15:VSS; U1.D9:VSS; U1.E12:VSS; U1.E13:VSS; U1.E14:VSS; U1.E15:VSS; U1.E16:VSS; U1.E19:VSS; U1.E4:VSS; U1.E6:VSS; U1.E7:VSS; U1.E8:VSS; U1.F10:VSS; U1.F11:AVSS; U1.F16:VSS; U1.F4:VSS; U1.F6:VSS; U1.G13:VSS; U1.G14:VSS; U1.G15:VSS; U1.G16:VSS; U1.G6:VSS; U1.G7:AVSS; U1.G8:AVSS; U1.H11:VSS; U1.H13:VSS; U1.H15:VSS; U1.H16:VSS; U1.H20:VSS; U1.H7:VSS; U1.J11:VSS; U1.J13:VSS; U1.J15:VSS; U1.J7:VSS; U1.K10:VSS; U1.K12:VSS; U1.K14:VSS; U1.K16:VSS; U1.K18:VSS; U1.K3:VSS; U1.K6:VSS; U1.K8:VSS; U1.L10:VSS; U1.L12:VSS; U1.L15:VSS; U1.L19:VSS; U1.L7:VSS; U1.L8:VSS; U1.M10:VSS; U1.M12:VSS; U1.M15:VSS; U1.M16:VSS; U1.M6:VSS; U1.M8:VSS; U1.N10:VSS; U1.N12:VSS; U1.N15:VSS; U1.N16:VSS; U1.N3:VSS; U1.N5:VSS; U1.N8:VSS; U1.P10:VSS; U1.P12:VSS; U1.P14:VSS; U1.P15:VSS; U1.P20:VSS; U1.P6:VSS; U1.P7:VSS; U1.P8:VSS; U1.R10:VSS; U1.R12:VSS; U1.R14:VSS; U1.R16:VSS; U1.R3:VSS; U1.R6:VSS; U1.R7:VSS; U1.T15:VSS; U1.T3:VSS; U1.T7:VSS; U1.T8:VSS; U1.T9:VSS; U1.U19:VSS; U1.U3:VSS; U1.U8:VSS; U1.V3:VSS; U1.V4:VSS; U1.V5:VSS; U1.V6:VSS; U1.V7:VSS; U1.V8:VSS; U1.W1:VSS; U1.W16:VSS; U1.W20:VSS; U1.Y13:VSS; U1.Y19:VSS; U11.6:GND; U12.10:D4; U12.11:S4B; U12.12:S4A; U12.6:GND; U12.8:S3B; U13.1:S1B; U13.11:S4B; U13.15:SEL; U13.4:S2B; U13.6:GND; U13.8:S3B; U14.3:GND; U2.A10:VSS; U2.A3:VSS; U2.AB10:VSS; U2.AB3:VSS; U2.AB5:VSS; U2.AB8:VSS; U2.C1:VSS; U2.C12:VSS; U2.C5:VSS; U2.C8:VSS; U2.D2:VSS; U2.D4:VSS; U2.D9:VSS; U2.E1:VSS; U2.E12:VSS; U2.E5:VSS; U2.E8:VSS; U2.G1:VSS; U2.G10:VSS; U2.G12:VSS; U2.G3:VSS; U2.G5:VSS; U2.G8:VSS; U2.J1:VSS; U2.J10:VSS; U2.J12:VSS; U2.J3:VSS; U2.K11:VSS; U2.K2:VSS; U2.K4:VSS; U2.K9:VSS; U2.N11:VSS; U2.N2:VSS; U2.N4:VSS; U2.N9:VSS; U2.P1:VSS; U2.P10:VSS; U2.P12:VSS; U2.P3:VSS; U2.T1:VSS; U2.T10:VSS; U2.T12:VSS; U2.T3:VSS; U2.T5:VSS; U2.T8:VSS; U2.V1:VSS; U2.V12:VSS; U2.V5:VSS; U2.V8:VSS; U2.W11:VSS; U2.W2:VSS; U2.W4:VSS; U2.W9:VSS; U2.Y1:VSS; U2.Y12:VSS; U2.Y5:VSS; U2.Y8:VSS; U21.4:GND; U22.A1:AGND; U22.B1:PGND; U22.B2:PGND; U22.B3:PGND; U23.A1:AGND; U23.B1:PGND; U23.B2:PGND; U23.B3:PGND; U24.4:GND; U25.4:GND; U26.4:GND; U3.A6:VSS; U3.C4:VSS; U3.E7:VSS; U3.G5:VSS; U3.H10:VSS; U3.J5:VSS; U3.K8:VSS; U3.N2:VSS; U3.N5:VSS; U3.P4:VSS; U3.P6:VSS; U89.5:GND; U89.7:EP_GND; U90.5:GND; U90.7:EP_GND; U91.3:GND; U92.1:B_TIE_LOW; U92.2:GND; U93.3:GND; U94.1:B_TIE_LOW; U94.2:GND; U95.7:GND; Y2.2:GND; Y2.4:GND
U2,K4F8E304HB_200,D12,VDDQ,power_in,power_in,false,Samsung K4F8E304HB-MGCJ Rev.1.0 (June 2016),10,D row / column 12,12,4.5 Table 1,Supply,Supply input,FUNCTIONAL,All normal supported operating modes of this exact part,Manufacturer supply/ground identity; do not promote to source.,,VDD1P1_DDR_IO,65 exact SoC joins; source NC/DNU flagged; bias on dedicated sheet,C218.1:; C219.1:; C534.1:; C535.1:; C536.1:; C537.1:; C538.1:; C539.1:; C540.1:; C541.1:; C542.1:; C543.1:; C544.1:; C545.1:; C546.1:; C547.1:; C548.1:; C549.1:; C550.1:; C551.1:; C552.1:; C553.1:; C554.1:; C555.1:; C556.1:; C557.1:; C558.1:; C559.1:; C560.1:; C561.1:; C61.1:; L24.2:; R207.1:; R61.2:; R62.2:; R63.2:; R65.1:; U1.H14:VDD1P1_DDR_IO; U1.J14:VDD1P1_DDR_IO; U1.L14:VDD1P1_DDR_IO; U1.M14:VDD1P1_DDR_IO; U1.N14:VDD1P1_DDR_IO; U2.A4:VDD2; U2.A9:VDD2; U2.AA10:VDDQ; U2.AA3:VDDQ; U2.AA5:VDDQ; U2.AA8:VDDQ; U2.AB4:VDD2; U2.AB9:VDD2; U2.B10:VDDQ; U2.B3:VDDQ; U2.B5:VDDQ; U2.B8:VDDQ; U2.D1:VDDQ; U2.D5:VDDQ; U2.D8:VDDQ; U2.F10:VDDQ; U2.F3:VDDQ; U2.F5:VDD2; U2.F8:VDD2; U2.H1:VDD2; U2.H12:VDD2; U2.H5:VDD2; U2.H8:VDD2; U2.K1:VDD2; U2.K10:VDD2; U2.K12:VDD2; U2.K3:VDD2; U2.N1:VDD2; U2.N10:VDD2; U2.N12:VDD2; U2.N3:VDD2; U2.R1:VDD2; U2.R12:VDD2; U2.R5:VDD2; U2.R8:VDD2; U2.U10:VDDQ; U2.U3:VDDQ; U2.U5:VDD2; U2.U8:VDD2; U2.W1:VDDQ; U2.W12:VDDQ; U2.W5:VDDQ; U2.W8:VDDQ
U2,K4F8E304HB_200,E1,VSS,power_in,power_in,false,Samsung K4F8E304HB-MGCJ Rev.1.0 (June 2016),10,E row / column 1,12,4.5 Table 1,GND,Ground return,FUNCTIONAL,All normal supported operating modes of this exact part,Manufacturer supply/ground identity; do not promote to source.,,GND,65 exact SoC joins; source NC/DNU flagged; bias on dedicated sheet,C201.2:; C203.2:; C204.2:; C205.2:; C206.2:; C207.2:; C208.2:; C209.2:; C210.2:; C211.2:; C212.2:; C213.2:; C214.2:; C215.2:; C216.2:; C217.2:; C218.2:; C220.2:; C221.2:; C222.2:; C223.2:; C225.2:; C226.2:; C227.2:; C228.2:; C230.2:; C231.2:; C232.2:; C233.2:; C234.2:; C235.2:; C236.2:; C237.2:; C238.2:; C239.2:; C240.2:; C241.2:; C242.2:; C243.2:; C244.2:; C31.2:; C32.2:; C33.2:; C34.2:; C41.2:; C42.2:; C43.2:; C44.2:; C45.2:; C501.2:; C502.2:; C503.2:; C504.2:; C505.2:; C506.2:; C507.2:; C508.2:; C509.2:; C510.2:; C511.2:; C512.2:; C513.2:; C514.2:; C515.2:; C516.2:; C517.2:; C518.2:; C519.2:; C520.2:; C521.2:; C522.2:; C523.2:; C524.2:; C525.2:; C526.2:; C527.2:; C528.2:; C529.2:; C530.2:; C531.2:; C532.2:; C533.2:; C534.2:; C535.2:; C536.2:; C537.2:; C538.2:; C539.2:; C540.2:; C541.2:; C542.2:; C543.2:; C544.2:; C545.2:; C546.2:; C547.2:; C548.2:; C549.2:; C550.2:; C551.2:; C552.2:; C553.2:; C554.2:; C555.2:; C556.2:; C557.2:; C558.2:; C559.2:; C560.2:; C561.2:; C562.2:; C563.2:; C564.2:; C565.2:; C566.2:; C567.2:; C568.2:; C569.2:; C570.2:; C571.2:; C572.2:; C573.2:; C574.2:; C575.2:; C576.2:; C577.2:; C62.2:; C63.2:; C64.2:; C65.2:; C809.2:; C810.2:; C811.2:; C812.2:; C813.2:; C814.2:; C815.2:; C816.2:; J1.1:GND; J1.106:GND; J1.2:GND; J1.3:GND; J1.36:GND; J1.49:GND; J1.57:GND; J1.64:GND; J1.71:GND; J1.78:GND; J1.89:GND; R202.2:; R205.2:; R206.2:; R208.2:; R211.2:; R214.2:; R31.2:; R402.2:; R44.2:; R47.2:; R526.2:; R529.2:; R571.2:; R572.2:; R64.2:; R66.2:; R69.2:; R70.2:; R71.2:; U1.A13:VSS; U1.A16:VSS; U1.A19:VSS; U1.A9:TEST_EN; U1.B13:VSS; U1.B20:VSS; U1.C13:VSS; U1.D10:VSS; U1.D11:VSS; U1.D13:VSS; U1.D15:VSS; U1.D9:VSS; U1.E12:VSS; U1.E13:VSS; U1.E14:VSS; U1.E15:VSS; U1.E16:VSS; U1.E19:VSS; U1.E4:VSS; U1.E6:VSS; U1.E7:VSS; U1.E8:VSS; U1.F10:VSS; U1.F11:AVSS; U1.F16:VSS; U1.F4:VSS; U1.F6:VSS; U1.G13:VSS; U1.G14:VSS; U1.G15:VSS; U1.G16:VSS; U1.G6:VSS; U1.G7:AVSS; U1.G8:AVSS; U1.H11:VSS; U1.H13:VSS; U1.H15:VSS; U1.H16:VSS; U1.H20:VSS; U1.H7:VSS; U1.J11:VSS; U1.J13:VSS; U1.J15:VSS; U1.J7:VSS; U1.K10:VSS; U1.K12:VSS; U1.K14:VSS; U1.K16:VSS; U1.K18:VSS; U1.K3:VSS; U1.K6:VSS; U1.K8:VSS; U1.L10:VSS; U1.L12:VSS; U1.L15:VSS; U1.L19:VSS; U1.L7:VSS; U1.L8:VSS; U1.M10:VSS; U1.M12:VSS; U1.M15:VSS; U1.M16:VSS; U1.M6:VSS; U1.M8:VSS; U1.N10:VSS; U1.N12:VSS; U1.N15:VSS; U1.N16:VSS; U1.N3:VSS; U1.N5:VSS; U1.N8:VSS; U1.P10:VSS; U1.P12:VSS; U1.P14:VSS; U1.P15:VSS; U1.P20:VSS; U1.P6:VSS; U1.P7:VSS; U1.P8:VSS; U1.R10:VSS; U1.R12:VSS; U1.R14:VSS; U1.R16:VSS; U1.R3:VSS; U1.R6:VSS; U1.R7:VSS; U1.T15:VSS; U1.T3:VSS; U1.T7:VSS; U1.T8:VSS; U1.T9:VSS; U1.U19:VSS; U1.U3:VSS; U1.U8:VSS; U1.V3:VSS; U1.V4:VSS; U1.V5:VSS; U1.V6:VSS; U1.V7:VSS; U1.V8:VSS; U1.W1:VSS; U1.W16:VSS; U1.W20:VSS; U1.Y13:VSS; U1.Y19:VSS; U11.6:GND; U12.10:D4; U12.11:S4B; U12.12:S4A; U12.6:GND; U12.8:S3B; U13.1:S1B; U13.11:S4B; U13.15:SEL; U13.4:S2B; U13.6:GND; U13.8:S3B; U14.3:GND; U2.A10:VSS; U2.A3:VSS; U2.AB10:VSS; U2.AB3:VSS; U2.AB5:VSS; U2.AB8:VSS; U2.C1:VSS; U2.C12:VSS; U2.C5:VSS; U2.C8:VSS; U2.D11:VSS; U2.D2:VSS; U2.D4:VSS; U2.D9:VSS; U2.E12:VSS; U2.E5:VSS; U2.E8:VSS; U2.G1:VSS; U2.G10:VSS; U2.G12:VSS; U2.G3:VSS; U2.G5:VSS; U2.G8:VSS; U2.J1:VSS; U2.J10:VSS; U2.J12:VSS; U2.J3:VSS; U2.K11:VSS; U2.K2:VSS; U2.K4:VSS; U2.K9:VSS; U2.N11:VSS; U2.N2:VSS; U2.N4:VSS; U2.N9:VSS; U2.P1:VSS; U2.P10:VSS; U2.P12:VSS; U2.P3:VSS; U2.T1:VSS; U2.T10:VSS; U2.T12:VSS; U2.T3:VSS; U2.T5:VSS; U2.T8:VSS; U2.V1:VSS; U2.V12:VSS; U2.V5:VSS; U2.V8:VSS; U2.W11:VSS; U2.W2:VSS; U2.W4:VSS; U2.W9:VSS; U2.Y1:VSS; U2.Y12:VSS; U2.Y5:VSS; U2.Y8:VSS; U21.4:GND; U22.A1:AGND; U22.B1:PGND; U22.B2:PGND; U22.B3:PGND; U23.A1:AGND; U23.B1:PGND; U23.B2:PGND; U23.B3:PGND; U24.4:GND; U25.4:GND; U26.4:GND; U3.A6:VSS; U3.C4:VSS; U3.E7:VSS; U3.G5:VSS; U3.H10:VSS; U3.J5:VSS; U3.K8:VSS; U3.N2:VSS; U3.N5:VSS; U3.P4:VSS; U3.P6:VSS; U89.5:GND; U89.7:EP_GND; U90.5:GND; U90.7:EP_GND; U91.3:GND; U92.1:B_TIE_LOW; U92.2:GND; U93.3:GND; U94.1:B_TIE_LOW; U94.2:GND; U95.7:GND; Y2.2:GND; Y2.4:GND
U2,K4F8E304HB_200,E2,DQ2_a,bidirectional,bidirectional,false,Samsung K4F8E304HB-MGCJ Rev.1.0 (June 2016),10,E row / column 2,12,4.5 Table 1,I/O,Read/write data,FUNCTIONAL,All normal supported operating modes of this exact part,Table 1 explicitly specifies bidirectional operation.,,DDR_DQA2,65 exact SoC joins; source NC/DNU flagged; bias on dedicated sheet,U1.U17:DDR_DQA7
U2,K4F8E304HB_200,E3,DQS0_c_a,bidirectional,bidirectional,false,Samsung K4F8E304HB-MGCJ Rev.1.0 (June 2016),10,E row / column 3,12,4.5 Table 1,I/O,Read/write differential data strobe,FUNCTIONAL,All normal supported operating modes of this exact part,Table 1 explicitly specifies bidirectional operation.,,DDR_DQSA0_N,65 exact SoC joins; source NC/DNU flagged; bias on dedicated sheet,U1.Y17:DDR_DQSA0N
U2,K4F8E304HB_200,E4,DQ5_a,bidirectional,bidirectional,false,Samsung K4F8E304HB-MGCJ Rev.1.0 (June 2016),10,E row / column 4,12,4.5 Table 1,I/O,Read/write data,FUNCTIONAL,All normal supported operating modes of this exact part,Table 1 explicitly specifies bidirectional operation.,,DDR_DQA5,65 exact SoC joins; source NC/DNU flagged; bias on dedicated sheet,U1.V18:DDR_DQA5
U2,K4F8E304HB_200,E5,VSS,power_in,power_in,false,Samsung K4F8E304HB-MGCJ Rev.1.0 (June 2016),10,E row / column 5,12,4.5 Table 1,GND,Ground return,FUNCTIONAL,All normal supported operating modes of this exact part,Manufacturer supply/ground identity; do not promote to source.,,GND,65 exact SoC joins; source NC/DNU flagged; bias on dedicated sheet,C201.2:; C203.2:; C204.2:; C205.2:; C206.2:; C207.2:; C208.2:; C209.2:; C210.2:; C211.2:; C212.2:; C213.2:; C214.2:; C215.2:; C216.2:; C217.2:; C218.2:; C220.2:; C221.2:; C222.2:; C223.2:; C225.2:; C226.2:; C227.2:; C228.2:; C230.2:; C231.2:; C232.2:; C233.2:; C234.2:; C235.2:; C236.2:; C237.2:; C238.2:; C239.2:; C240.2:; C241.2:; C242.2:; C243.2:; C244.2:; C31.2:; C32.2:; C33.2:; C34.2:; C41.2:; C42.2:; C43.2:; C44.2:; C45.2:; C501.2:; C502.2:; C503.2:; C504.2:; C505.2:; C506.2:; C507.2:; C508.2:; C509.2:; C510.2:; C511.2:; C512.2:; C513.2:; C514.2:; C515.2:; C516.2:; C517.2:; C518.2:; C519.2:; C520.2:; C521.2:; C522.2:; C523.2:; C524.2:; C525.2:; C526.2:; C527.2:; C528.2:; C529.2:; C530.2:; C531.2:; C532.2:; C533.2:; C534.2:; C535.2:; C536.2:; C537.2:; C538.2:; C539.2:; C540.2:; C541.2:; C542.2:; C543.2:; C544.2:; C545.2:; C546.2:; C547.2:; C548.2:; C549.2:; C550.2:; C551.2:; C552.2:; C553.2:; C554.2:; C555.2:; C556.2:; C557.2:; C558.2:; C559.2:; C560.2:; C561.2:; C562.2:; C563.2:; C564.2:; C565.2:; C566.2:; C567.2:; C568.2:; C569.2:; C570.2:; C571.2:; C572.2:; C573.2:; C574.2:; C575.2:; C576.2:; C577.2:; C62.2:; C63.2:; C64.2:; C65.2:; C809.2:; C810.2:; C811.2:; C812.2:; C813.2:; C814.2:; C815.2:; C816.2:; J1.1:GND; J1.106:GND; J1.2:GND; J1.3:GND; J1.36:GND; J1.49:GND; J1.57:GND; J1.64:GND; J1.71:GND; J1.78:GND; J1.89:GND; R202.2:; R205.2:; R206.2:; R208.2:; R211.2:; R214.2:; R31.2:; R402.2:; R44.2:; R47.2:; R526.2:; R529.2:; R571.2:; R572.2:; R64.2:; R66.2:; R69.2:; R70.2:; R71.2:; U1.A13:VSS; U1.A16:VSS; U1.A19:VSS; U1.A9:TEST_EN; U1.B13:VSS; U1.B20:VSS; U1.C13:VSS; U1.D10:VSS; U1.D11:VSS; U1.D13:VSS; U1.D15:VSS; U1.D9:VSS; U1.E12:VSS; U1.E13:VSS; U1.E14:VSS; U1.E15:VSS; U1.E16:VSS; U1.E19:VSS; U1.E4:VSS; U1.E6:VSS; U1.E7:VSS; U1.E8:VSS; U1.F10:VSS; U1.F11:AVSS; U1.F16:VSS; U1.F4:VSS; U1.F6:VSS; U1.G13:VSS; U1.G14:VSS; U1.G15:VSS; U1.G16:VSS; U1.G6:VSS; U1.G7:AVSS; U1.G8:AVSS; U1.H11:VSS; U1.H13:VSS; U1.H15:VSS; U1.H16:VSS; U1.H20:VSS; U1.H7:VSS; U1.J11:VSS; U1.J13:VSS; U1.J15:VSS; U1.J7:VSS; U1.K10:VSS; U1.K12:VSS; U1.K14:VSS; U1.K16:VSS; U1.K18:VSS; U1.K3:VSS; U1.K6:VSS; U1.K8:VSS; U1.L10:VSS; U1.L12:VSS; U1.L15:VSS; U1.L19:VSS; U1.L7:VSS; U1.L8:VSS; U1.M10:VSS; U1.M12:VSS; U1.M15:VSS; U1.M16:VSS; U1.M6:VSS; U1.M8:VSS; U1.N10:VSS; U1.N12:VSS; U1.N15:VSS; U1.N16:VSS; U1.N3:VSS; U1.N5:VSS; U1.N8:VSS; U1.P10:VSS; U1.P12:VSS; U1.P14:VSS; U1.P15:VSS; U1.P20:VSS; U1.P6:VSS; U1.P7:VSS; U1.P8:VSS; U1.R10:VSS; U1.R12:VSS; U1.R14:VSS; U1.R16:VSS; U1.R3:VSS; U1.R6:VSS; U1.R7:VSS; U1.T15:VSS; U1.T3:VSS; U1.T7:VSS; U1.T8:VSS; U1.T9:VSS; U1.U19:VSS; U1.U3:VSS; U1.U8:VSS; U1.V3:VSS; U1.V4:VSS; U1.V5:VSS; U1.V6:VSS; U1.V7:VSS; U1.V8:VSS; U1.W1:VSS; U1.W16:VSS; U1.W20:VSS; U1.Y13:VSS; U1.Y19:VSS; U11.6:GND; U12.10:D4; U12.11:S4B; U12.12:S4A; U12.6:GND; U12.8:S3B; U13.1:S1B; U13.11:S4B; U13.15:SEL; U13.4:S2B; U13.6:GND; U13.8:S3B; U14.3:GND; U2.A10:VSS; U2.A3:VSS; U2.AB10:VSS; U2.AB3:VSS; U2.AB5:VSS; U2.AB8:VSS; U2.C1:VSS; U2.C12:VSS; U2.C5:VSS; U2.C8:VSS; U2.D11:VSS; U2.D2:VSS; U2.D4:VSS; U2.D9:VSS; U2.E1:VSS; U2.E12:VSS; U2.E8:VSS; U2.G1:VSS; U2.G10:VSS; U2.G12:VSS; U2.G3:VSS; U2.G5:VSS; U2.G8:VSS; U2.J1:VSS; U2.J10:VSS; U2.J12:VSS; U2.J3:VSS; U2.K11:VSS; U2.K2:VSS; U2.K4:VSS; U2.K9:VSS; U2.N11:VSS; U2.N2:VSS; U2.N4:VSS; U2.N9:VSS; U2.P1:VSS; U2.P10:VSS; U2.P12:VSS; U2.P3:VSS; U2.T1:VSS; U2.T10:VSS; U2.T12:VSS; U2.T3:VSS; U2.T5:VSS; U2.T8:VSS; U2.V1:VSS; U2.V12:VSS; U2.V5:VSS; U2.V8:VSS; U2.W11:VSS; U2.W2:VSS; U2.W4:VSS; U2.W9:VSS; U2.Y1:VSS; U2.Y12:VSS; U2.Y5:VSS; U2.Y8:VSS; U21.4:GND; U22.A1:AGND; U22.B1:PGND; U22.B2:PGND; U22.B3:PGND; U23.A1:AGND; U23.B1:PGND; U23.B2:PGND; U23.B3:PGND; U24.4:GND; U25.4:GND; U26.4:GND; U3.A6:VSS; U3.C4:VSS; U3.E7:VSS; U3.G5:VSS; U3.H10:VSS; U3.J5:VSS; U3.K8:VSS; U3.N2:VSS; U3.N5:VSS; U3.P4:VSS; U3.P6:VSS; U89.5:GND; U89.7:EP_GND; U90.5:GND; U90.7:EP_GND; U91.3:GND; U92.1:B_TIE_LOW; U92.2:GND; U93.3:GND; U94.1:B_TIE_LOW; U94.2:GND; U95.7:GND; Y2.2:GND; Y2.4:GND
U2,K4F8E304HB_200,E8,VSS,power_in,power_in,false,Samsung K4F8E304HB-MGCJ Rev.1.0 (June 2016),10,E row / column 8,12,4.5 Table 1,GND,Ground return,FUNCTIONAL,All normal supported operating modes of this exact part,Manufacturer supply/ground identity; do not promote to source.,,GND,65 exact SoC joins; source NC/DNU flagged; bias on dedicated sheet,C201.2:; C203.2:; C204.2:; C205.2:; C206.2:; C207.2:; C208.2:; C209.2:; C210.2:; C211.2:; C212.2:; C213.2:; C214.2:; C215.2:; C216.2:; C217.2:; C218.2:; C220.2:; C221.2:; C222.2:; C223.2:; C225.2:; C226.2:; C227.2:; C228.2:; C230.2:; C231.2:; C232.2:; C233.2:; C234.2:; C235.2:; C236.2:; C237.2:; C238.2:; C239.2:; C240.2:; C241.2:; C242.2:; C243.2:; C244.2:; C31.2:; C32.2:; C33.2:; C34.2:; C41.2:; C42.2:; C43.2:; C44.2:; C45.2:; C501.2:; C502.2:; C503.2:; C504.2:; C505.2:; C506.2:; C507.2:; C508.2:; C509.2:; C510.2:; C511.2:; C512.2:; C513.2:; C514.2:; C515.2:; C516.2:; C517.2:; C518.2:; C519.2:; C520.2:; C521.2:; C522.2:; C523.2:; C524.2:; C525.2:; C526.2:; C527.2:; C528.2:; C529.2:; C530.2:; C531.2:; C532.2:; C533.2:; C534.2:; C535.2:; C536.2:; C537.2:; C538.2:; C539.2:; C540.2:; C541.2:; C542.2:; C543.2:; C544.2:; C545.2:; C546.2:; C547.2:; C548.2:; C549.2:; C550.2:; C551.2:; C552.2:; C553.2:; C554.2:; C555.2:; C556.2:; C557.2:; C558.2:; C559.2:; C560.2:; C561.2:; C562.2:; C563.2:; C564.2:; C565.2:; C566.2:; C567.2:; C568.2:; C569.2:; C570.2:; C571.2:; C572.2:; C573.2:; C574.2:; C575.2:; C576.2:; C577.2:; C62.2:; C63.2:; C64.2:; C65.2:; C809.2:; C810.2:; C811.2:; C812.2:; C813.2:; C814.2:; C815.2:; C816.2:; J1.1:GND; J1.106:GND; J1.2:GND; J1.3:GND; J1.36:GND; J1.49:GND; J1.57:GND; J1.64:GND; J1.71:GND; J1.78:GND; J1.89:GND; R202.2:; R205.2:; R206.2:; R208.2:; R211.2:; R214.2:; R31.2:; R402.2:; R44.2:; R47.2:; R526.2:; R529.2:; R571.2:; R572.2:; R64.2:; R66.2:; R69.2:; R70.2:; R71.2:; U1.A13:VSS; U1.A16:VSS; U1.A19:VSS; U1.A9:TEST_EN; U1.B13:VSS; U1.B20:VSS; U1.C13:VSS; U1.D10:VSS; U1.D11:VSS; U1.D13:VSS; U1.D15:VSS; U1.D9:VSS; U1.E12:VSS; U1.E13:VSS; U1.E14:VSS; U1.E15:VSS; U1.E16:VSS; U1.E19:VSS; U1.E4:VSS; U1.E6:VSS; U1.E7:VSS; U1.E8:VSS; U1.F10:VSS; U1.F11:AVSS; U1.F16:VSS; U1.F4:VSS; U1.F6:VSS; U1.G13:VSS; U1.G14:VSS; U1.G15:VSS; U1.G16:VSS; U1.G6:VSS; U1.G7:AVSS; U1.G8:AVSS; U1.H11:VSS; U1.H13:VSS; U1.H15:VSS; U1.H16:VSS; U1.H20:VSS; U1.H7:VSS; U1.J11:VSS; U1.J13:VSS; U1.J15:VSS; U1.J7:VSS; U1.K10:VSS; U1.K12:VSS; U1.K14:VSS; U1.K16:VSS; U1.K18:VSS; U1.K3:VSS; U1.K6:VSS; U1.K8:VSS; U1.L10:VSS; U1.L12:VSS; U1.L15:VSS; U1.L19:VSS; U1.L7:VSS; U1.L8:VSS; U1.M10:VSS; U1.M12:VSS; U1.M15:VSS; U1.M16:VSS; U1.M6:VSS; U1.M8:VSS; U1.N10:VSS; U1.N12:VSS; U1.N15:VSS; U1.N16:VSS; U1.N3:VSS; U1.N5:VSS; U1.N8:VSS; U1.P10:VSS; U1.P12:VSS; U1.P14:VSS; U1.P15:VSS; U1.P20:VSS; U1.P6:VSS; U1.P7:VSS; U1.P8:VSS; U1.R10:VSS; U1.R12:VSS; U1.R14:VSS; U1.R16:VSS; U1.R3:VSS; U1.R6:VSS; U1.R7:VSS; U1.T15:VSS; U1.T3:VSS; U1.T7:VSS; U1.T8:VSS; U1.T9:VSS; U1.U19:VSS; U1.U3:VSS; U1.U8:VSS; U1.V3:VSS; U1.V4:VSS; U1.V5:VSS; U1.V6:VSS; U1.V7:VSS; U1.V8:VSS; U1.W1:VSS; U1.W16:VSS; U1.W20:VSS; U1.Y13:VSS; U1.Y19:VSS; U11.6:GND; U12.10:D4; U12.11:S4B; U12.12:S4A; U12.6:GND; U12.8:S3B; U13.1:S1B; U13.11:S4B; U13.15:SEL; U13.4:S2B; U13.6:GND; U13.8:S3B; U14.3:GND; U2.A10:VSS; U2.A3:VSS; U2.AB10:VSS; U2.AB3:VSS; U2.AB5:VSS; U2.AB8:VSS; U2.C1:VSS; U2.C12:VSS; U2.C5:VSS; U2.C8:VSS; U2.D11:VSS; U2.D2:VSS; U2.D4:VSS; U2.D9:VSS; U2.E1:VSS; U2.E12:VSS; U2.E5:VSS; U2.G1:VSS; U2.G10:VSS; U2.G12:VSS; U2.G3:VSS; U2.G5:VSS; U2.G8:VSS; U2.J1:VSS; U2.J10:VSS; U2.J12:VSS; U2.J3:VSS; U2.K11:VSS; U2.K2:VSS; U2.K4:VSS; U2.K9:VSS; U2.N11:VSS; U2.N2:VSS; U2.N4:VSS; U2.N9:VSS; U2.P1:VSS; U2.P10:VSS; U2.P12:VSS; U2.P3:VSS; U2.T1:VSS; U2.T10:VSS; U2.T12:VSS; U2.T3:VSS; U2.T5:VSS; U2.T8:VSS; U2.V1:VSS; U2.V12:VSS; U2.V5:VSS; U2.V8:VSS; U2.W11:VSS; U2.W2:VSS; U2.W4:VSS; U2.W9:VSS; U2.Y1:VSS; U2.Y12:VSS; U2.Y5:VSS; U2.Y8:VSS; U21.4:GND; U22.A1:AGND; U22.B1:PGND; U22.B2:PGND; U22.B3:PGND; U23.A1:AGND; U23.B1:PGND; U23.B2:PGND; U23.B3:PGND; U24.4:GND; U25.4:GND; U26.4:GND; U3.A6:VSS; U3.C4:VSS; U3.E7:VSS; U3.G5:VSS; U3.H10:VSS; U3.J5:VSS; U3.K8:VSS; U3.N2:VSS; U3.N5:VSS; U3.P4:VSS; U3.P6:VSS; U89.5:GND; U89.7:EP_GND; U90.5:GND; U90.7:EP_GND; U91.3:GND; U92.1:B_TIE_LOW; U92.2:GND; U93.3:GND; U94.1:B_TIE_LOW; U94.2:GND; U95.7:GND; Y2.2:GND; Y2.4:GND
U2,K4F8E304HB_200,E9,DQ13_a,bidirectional,bidirectional,false,Samsung K4F8E304HB-MGCJ Rev.1.0 (June 2016),10,E row / column 9,12,4.5 Table 1,I/O,Read/write data,FUNCTIONAL,All normal supported operating modes of this exact part,Table 1 explicitly specifies bidirectional operation.,,DDR_DQA13,65 exact SoC joins; source NC/DNU flagged; bias on dedicated sheet,U1.T18:DDR_DQA9
U2,K4F8E304HB_200,E10,DQS1_c_a,bidirectional,bidirectional,false,Samsung K4F8E304HB-MGCJ Rev.1.0 (June 2016),10,E row / column 10,12,4.5 Table 1,I/O,Read/write differential data strobe,FUNCTIONAL,All normal supported operating modes of this exact part,Table 1 explicitly specifies bidirectional operation.,,DDR_DQSA1_N,65 exact SoC joins; source NC/DNU flagged; bias on dedicated sheet,U1.V19:DDR_DQSA1N
U2,K4F8E304HB_200,E11,DQ10_a,bidirectional,bidirectional,false,Samsung K4F8E304HB-MGCJ Rev.1.0 (June 2016),10,E row / column 11,12,4.5 Table 1,I/O,Read/write data,FUNCTIONAL,All normal supported operating modes of this exact part,Table 1 explicitly specifies bidirectional operation.,,DDR_DQA10,65 exact SoC joins; source NC/DNU flagged; bias on dedicated sheet,U1.P16:DDR_DQA14
U2,K4F8E304HB_200,E12,VSS,power_in,power_in,false,Samsung K4F8E304HB-MGCJ Rev.1.0 (June 2016),10,E row / column 12,12,4.5 Table 1,GND,Ground return,FUNCTIONAL,All normal supported operating modes of this exact part,Manufacturer supply/ground identity; do not promote to source.,,GND,65 exact SoC joins; source NC/DNU flagged; bias on dedicated sheet,C201.2:; C203.2:; C204.2:; C205.2:; C206.2:; C207.2:; C208.2:; C209.2:; C210.2:; C211.2:; C212.2:; C213.2:; C214.2:; C215.2:; C216.2:; C217.2:; C218.2:; C220.2:; C221.2:; C222.2:; C223.2:; C225.2:; C226.2:; C227.2:; C228.2:; C230.2:; C231.2:; C232.2:; C233.2:; C234.2:; C235.2:; C236.2:; C237.2:; C238.2:; C239.2:; C240.2:; C241.2:; C242.2:; C243.2:; C244.2:; C31.2:; C32.2:; C33.2:; C34.2:; C41.2:; C42.2:; C43.2:; C44.2:; C45.2:; C501.2:; C502.2:; C503.2:; C504.2:; C505.2:; C506.2:; C507.2:; C508.2:; C509.2:; C510.2:; C511.2:; C512.2:; C513.2:; C514.2:; C515.2:; C516.2:; C517.2:; C518.2:; C519.2:; C520.2:; C521.2:; C522.2:; C523.2:; C524.2:; C525.2:; C526.2:; C527.2:; C528.2:; C529.2:; C530.2:; C531.2:; C532.2:; C533.2:; C534.2:; C535.2:; C536.2:; C537.2:; C538.2:; C539.2:; C540.2:; C541.2:; C542.2:; C543.2:; C544.2:; C545.2:; C546.2:; C547.2:; C548.2:; C549.2:; C550.2:; C551.2:; C552.2:; C553.2:; C554.2:; C555.2:; C556.2:; C557.2:; C558.2:; C559.2:; C560.2:; C561.2:; C562.2:; C563.2:; C564.2:; C565.2:; C566.2:; C567.2:; C568.2:; C569.2:; C570.2:; C571.2:; C572.2:; C573.2:; C574.2:; C575.2:; C576.2:; C577.2:; C62.2:; C63.2:; C64.2:; C65.2:; C809.2:; C810.2:; C811.2:; C812.2:; C813.2:; C814.2:; C815.2:; C816.2:; J1.1:GND; J1.106:GND; J1.2:GND; J1.3:GND; J1.36:GND; J1.49:GND; J1.57:GND; J1.64:GND; J1.71:GND; J1.78:GND; J1.89:GND; R202.2:; R205.2:; R206.2:; R208.2:; R211.2:; R214.2:; R31.2:; R402.2:; R44.2:; R47.2:; R526.2:; R529.2:; R571.2:; R572.2:; R64.2:; R66.2:; R69.2:; R70.2:; R71.2:; U1.A13:VSS; U1.A16:VSS; U1.A19:VSS; U1.A9:TEST_EN; U1.B13:VSS; U1.B20:VSS; U1.C13:VSS; U1.D10:VSS; U1.D11:VSS; U1.D13:VSS; U1.D15:VSS; U1.D9:VSS; U1.E12:VSS; U1.E13:VSS; U1.E14:VSS; U1.E15:VSS; U1.E16:VSS; U1.E19:VSS; U1.E4:VSS; U1.E6:VSS; U1.E7:VSS; U1.E8:VSS; U1.F10:VSS; U1.F11:AVSS; U1.F16:VSS; U1.F4:VSS; U1.F6:VSS; U1.G13:VSS; U1.G14:VSS; U1.G15:VSS; U1.G16:VSS; U1.G6:VSS; U1.G7:AVSS; U1.G8:AVSS; U1.H11:VSS; U1.H13:VSS; U1.H15:VSS; U1.H16:VSS; U1.H20:VSS; U1.H7:VSS; U1.J11:VSS; U1.J13:VSS; U1.J15:VSS; U1.J7:VSS; U1.K10:VSS; U1.K12:VSS; U1.K14:VSS; U1.K16:VSS; U1.K18:VSS; U1.K3:VSS; U1.K6:VSS; U1.K8:VSS; U1.L10:VSS; U1.L12:VSS; U1.L15:VSS; U1.L19:VSS; U1.L7:VSS; U1.L8:VSS; U1.M10:VSS; U1.M12:VSS; U1.M15:VSS; U1.M16:VSS; U1.M6:VSS; U1.M8:VSS; U1.N10:VSS; U1.N12:VSS; U1.N15:VSS; U1.N16:VSS; U1.N3:VSS; U1.N5:VSS; U1.N8:VSS; U1.P10:VSS; U1.P12:VSS; U1.P14:VSS; U1.P15:VSS; U1.P20:VSS; U1.P6:VSS; U1.P7:VSS; U1.P8:VSS; U1.R10:VSS; U1.R12:VSS; U1.R14:VSS; U1.R16:VSS; U1.R3:VSS; U1.R6:VSS; U1.R7:VSS; U1.T15:VSS; U1.T3:VSS; U1.T7:VSS; U1.T8:VSS; U1.T9:VSS; U1.U19:VSS; U1.U3:VSS; U1.U8:VSS; U1.V3:VSS; U1.V4:VSS; U1.V5:VSS; U1.V6:VSS; U1.V7:VSS; U1.V8:VSS; U1.W1:VSS; U1.W16:VSS; U1.W20:VSS; U1.Y13:VSS; U1.Y19:VSS; U11.6:GND; U12.10:D4; U12.11:S4B; U12.12:S4A; U12.6:GND; U12.8:S3B; U13.1:S1B; U13.11:S4B; U13.15:SEL; U13.4:S2B; U13.6:GND; U13.8:S3B; U14.3:GND; U2.A10:VSS; U2.A3:VSS; U2.AB10:VSS; U2.AB3:VSS; U2.AB5:VSS; U2.AB8:VSS; U2.C1:VSS; U2.C12:VSS; U2.C5:VSS; U2.C8:VSS; U2.D11:VSS; U2.D2:VSS; U2.D4:VSS; U2.D9:VSS; U2.E1:VSS; U2.E5:VSS; U2.E8:VSS; U2.G1:VSS; U2.G10:VSS; U2.G12:VSS; U2.G3:VSS; U2.G5:VSS; U2.G8:VSS; U2.J1:VSS; U2.J10:VSS; U2.J12:VSS; U2.J3:VSS; U2.K11:VSS; U2.K2:VSS; U2.K4:VSS; U2.K9:VSS; U2.N11:VSS; U2.N2:VSS; U2.N4:VSS; U2.N9:VSS; U2.P1:VSS; U2.P10:VSS; U2.P12:VSS; U2.P3:VSS; U2.T1:VSS; U2.T10:VSS; U2.T12:VSS; U2.T3:VSS; U2.T5:VSS; U2.T8:VSS; U2.V1:VSS; U2.V12:VSS; U2.V5:VSS; U2.V8:VSS; U2.W11:VSS; U2.W2:VSS; U2.W4:VSS; U2.W9:VSS; U2.Y1:VSS; U2.Y12:VSS; U2.Y5:VSS; U2.Y8:VSS; U21.4:GND; U22.A1:AGND; U22.B1:PGND; U22.B2:PGND; U22.B3:PGND; U23.A1:AGND; U23.B1:PGND; U23.B2:PGND; U23.B3:PGND; U24.4:GND; U25.4:GND; U26.4:GND; U3.A6:VSS; U3.C4:VSS; U3.E7:VSS; U3.G5:VSS; U3.H10:VSS; U3.J5:VSS; U3.K8:VSS; U3.N2:VSS; U3.N5:VSS; U3.P4:VSS; U3.P6:VSS; U89.5:GND; U89.7:EP_GND; U90.5:GND; U90.7:EP_GND; U91.3:GND; U92.1:B_TIE_LOW; U92.2:GND; U93.3:GND; U94.1:B_TIE_LOW; U94.2:GND; U95.7:GND; Y2.2:GND; Y2.4:GND
U2,K4F8E304HB_200,F1,VDD1,power_in,power_in,false,Samsung K4F8E304HB-MGCJ Rev.1.0 (June 2016),10,F row / column 1,12,4.5 Table 1,Supply,Supply input,FUNCTIONAL,All normal supported operating modes of this exact part,Manufacturer supply/ground identity; do not promote to source.,,VDD1P8,65 exact SoC joins; source NC/DNU flagged; bias on dedicated sheet,C223.1:; C224.1:; C562.1:; C563.1:; C564.1:; C565.1:; C566.1:; C567.1:; C568.1:; C569.1:; C576.1:; C577.1:; C809.1:; C810.1:; C811.1:; C812.1:; C813.1:; C814.1:; C815.1:; FB204.1:; FB205.1:; FB206.1:; FB207.1:; FB208.1:; FB209.1:; J1.8:VOUT_1V8; L25.2:; R210.1:; R216.2:; R217.2:; R218.2:; R219.2:; R43.1:; R45.2:; R46.2:; R528.1:; R530.1:; R561.1:; U1.E11:VDD1P8; U1.F13:VDD1P8; U2.F12:VDD1; U2.G4:VDD1; U2.G9:VDD1; U2.T4:VDD1; U2.T9:VDD1; U2.U1:VDD1; U2.U12:VDD1; U89.1:VDD; U89.4:MR; U90.1:VDD; U90.2:SENSE; U91.5:VCC; U92.5:VCC; U93.5:VCC; U94.5:VCC; U95.15:VCCA
U2,K4F8E304HB_200,F2,DQ3_a,bidirectional,bidirectional,false,Samsung K4F8E304HB-MGCJ Rev.1.0 (June 2016),10,F row / column 2,12,4.5 Table 1,I/O,Read/write data,FUNCTIONAL,All normal supported operating modes of this exact part,Table 1 explicitly specifies bidirectional operation.,,DDR_DQA3,65 exact SoC joins; source NC/DNU flagged; bias on dedicated sheet,U1.T16:DDR_DQA1
U2,K4F8E304HB_200,F3,VDDQ,power_in,power_in,false,Samsung K4F8E304HB-MGCJ Rev.1.0 (June 2016),10,F row / column 3,12,4.5 Table 1,Supply,Supply input,FUNCTIONAL,All normal supported operating modes of this exact part,Manufacturer supply/ground identity; do not promote to source.,,VDD1P1_DDR_IO,65 exact SoC joins; source NC/DNU flagged; bias on dedicated sheet,C218.1:; C219.1:; C534.1:; C535.1:; C536.1:; C537.1:; C538.1:; C539.1:; C540.1:; C541.1:; C542.1:; C543.1:; C544.1:; C545.1:; C546.1:; C547.1:; C548.1:; C549.1:; C550.1:; C551.1:; C552.1:; C553.1:; C554.1:; C555.1:; C556.1:; C557.1:; C558.1:; C559.1:; C560.1:; C561.1:; C61.1:; L24.2:; R207.1:; R61.2:; R62.2:; R63.2:; R65.1:; U1.H14:VDD1P1_DDR_IO; U1.J14:VDD1P1_DDR_IO; U1.L14:VDD1P1_DDR_IO; U1.M14:VDD1P1_DDR_IO; U1.N14:VDD1P1_DDR_IO; U2.A4:VDD2; U2.A9:VDD2; U2.AA10:VDDQ; U2.AA3:VDDQ; U2.AA5:VDDQ; U2.AA8:VDDQ; U2.AB4:VDD2; U2.AB9:VDD2; U2.B10:VDDQ; U2.B3:VDDQ; U2.B5:VDDQ; U2.B8:VDDQ; U2.D1:VDDQ; U2.D12:VDDQ; U2.D5:VDDQ; U2.D8:VDDQ; U2.F10:VDDQ; U2.F5:VDD2; U2.F8:VDD2; U2.H1:VDD2; U2.H12:VDD2; U2.H5:VDD2; U2.H8:VDD2; U2.K1:VDD2; U2.K10:VDD2; U2.K12:VDD2; U2.K3:VDD2; U2.N1:VDD2; U2.N10:VDD2; U2.N12:VDD2; U2.N3:VDD2; U2.R1:VDD2; U2.R12:VDD2; U2.R5:VDD2; U2.R8:VDD2; U2.U10:VDDQ; U2.U3:VDDQ; U2.U5:VDD2; U2.U8:VDD2; U2.W1:VDDQ; U2.W12:VDDQ; U2.W5:VDDQ; U2.W8:VDDQ
U2,K4F8E304HB_200,F4,DQ4_a,bidirectional,bidirectional,false,Samsung K4F8E304HB-MGCJ Rev.1.0 (June 2016),10,F row / column 4,12,4.5 Table 1,I/O,Read/write data,FUNCTIONAL,All normal supported operating modes of this exact part,Table 1 explicitly specifies bidirectional operation.,,DDR_DQA4,65 exact SoC joins; source NC/DNU flagged; bias on dedicated sheet,U1.U16:DDR_DQA0
U2,K4F8E304HB_200,F5,VDD2,power_in,power_in,false,Samsung K4F8E304HB-MGCJ Rev.1.0 (June 2016),10,F row / column 5,12,4.5 Table 1,Supply,Supply input,FUNCTIONAL,All normal supported operating modes of this exact part,Manufacturer supply/ground identity; do not promote to source.,,VDD1P1_DDR_IO,65 exact SoC joins; source NC/DNU flagged; bias on dedicated sheet,C218.1:; C219.1:; C534.1:; C535.1:; C536.1:; C537.1:; C538.1:; C539.1:; C540.1:; C541.1:; C542.1:; C543.1:; C544.1:; C545.1:; C546.1:; C547.1:; C548.1:; C549.1:; C550.1:; C551.1:; C552.1:; C553.1:; C554.1:; C555.1:; C556.1:; C557.1:; C558.1:; C559.1:; C560.1:; C561.1:; C61.1:; L24.2:; R207.1:; R61.2:; R62.2:; R63.2:; R65.1:; U1.H14:VDD1P1_DDR_IO; U1.J14:VDD1P1_DDR_IO; U1.L14:VDD1P1_DDR_IO; U1.M14:VDD1P1_DDR_IO; U1.N14:VDD1P1_DDR_IO; U2.A4:VDD2; U2.A9:VDD2; U2.AA10:VDDQ; U2.AA3:VDDQ; U2.AA5:VDDQ; U2.AA8:VDDQ; U2.AB4:VDD2; U2.AB9:VDD2; U2.B10:VDDQ; U2.B3:VDDQ; U2.B5:VDDQ; U2.B8:VDDQ; U2.D1:VDDQ; U2.D12:VDDQ; U2.D5:VDDQ; U2.D8:VDDQ; U2.F10:VDDQ; U2.F3:VDDQ; U2.F8:VDD2; U2.H1:VDD2; U2.H12:VDD2; U2.H5:VDD2; U2.H8:VDD2; U2.K1:VDD2; U2.K10:VDD2; U2.K12:VDD2; U2.K3:VDD2; U2.N1:VDD2; U2.N10:VDD2; U2.N12:VDD2; U2.N3:VDD2; U2.R1:VDD2; U2.R12:VDD2; U2.R5:VDD2; U2.R8:VDD2; U2.U10:VDDQ; U2.U3:VDDQ; U2.U5:VDD2; U2.U8:VDD2; U2.W1:VDDQ; U2.W12:VDDQ; U2.W5:VDDQ; U2.W8:VDDQ
U2,K4F8E304HB_200,F8,VDD2,power_in,power_in,false,Samsung K4F8E304HB-MGCJ Rev.1.0 (June 2016),10,F row / column 8,12,4.5 Table 1,Supply,Supply input,FUNCTIONAL,All normal supported operating modes of this exact part,Manufacturer supply/ground identity; do not promote to source.,,VDD1P1_DDR_IO,65 exact SoC joins; source NC/DNU flagged; bias on dedicated sheet,C218.1:; C219.1:; C534.1:; C535.1:; C536.1:; C537.1:; C538.1:; C539.1:; C540.1:; C541.1:; C542.1:; C543.1:; C544.1:; C545.1:; C546.1:; C547.1:; C548.1:; C549.1:; C550.1:; C551.1:; C552.1:; C553.1:; C554.1:; C555.1:; C556.1:; C557.1:; C558.1:; C559.1:; C560.1:; C561.1:; C61.1:; L24.2:; R207.1:; R61.2:; R62.2:; R63.2:; R65.1:; U1.H14:VDD1P1_DDR_IO; U1.J14:VDD1P1_DDR_IO; U1.L14:VDD1P1_DDR_IO; U1.M14:VDD1P1_DDR_IO; U1.N14:VDD1P1_DDR_IO; U2.A4:VDD2; U2.A9:VDD2; U2.AA10:VDDQ; U2.AA3:VDDQ; U2.AA5:VDDQ; U2.AA8:VDDQ; U2.AB4:VDD2; U2.AB9:VDD2; U2.B10:VDDQ; U2.B3:VDDQ; U2.B5:VDDQ; U2.B8:VDDQ; U2.D1:VDDQ; U2.D12:VDDQ; U2.D5:VDDQ; U2.D8:VDDQ; U2.F10:VDDQ; U2.F3:VDDQ; U2.F5:VDD2; U2.H1:VDD2; U2.H12:VDD2; U2.H5:VDD2; U2.H8:VDD2; U2.K1:VDD2; U2.K10:VDD2; U2.K12:VDD2; U2.K3:VDD2; U2.N1:VDD2; U2.N10:VDD2; U2.N12:VDD2; U2.N3:VDD2; U2.R1:VDD2; U2.R12:VDD2; U2.R5:VDD2; U2.R8:VDD2; U2.U10:VDDQ; U2.U3:VDDQ; U2.U5:VDD2; U2.U8:VDD2; U2.W1:VDDQ; U2.W12:VDDQ; U2.W5:VDDQ; U2.W8:VDDQ
U2,K4F8E304HB_200,F9,DQ12_a,bidirectional,bidirectional,false,Samsung K4F8E304HB-MGCJ Rev.1.0 (June 2016),10,F row / column 9,12,4.5 Table 1,I/O,Read/write data,FUNCTIONAL,All normal supported operating modes of this exact part,Table 1 explicitly specifies bidirectional operation.,,DDR_DQA12,65 exact SoC joins; source NC/DNU flagged; bias on dedicated sheet,U1.R18:DDR_DQA10
U2,K4F8E304HB_200,F10,VDDQ,power_in,power_in,false,Samsung K4F8E304HB-MGCJ Rev.1.0 (June 2016),10,F row / column 10,12,4.5 Table 1,Supply,Supply input,FUNCTIONAL,All normal supported operating modes of this exact part,Manufacturer supply/ground identity; do not promote to source.,,VDD1P1_DDR_IO,65 exact SoC joins; source NC/DNU flagged; bias on dedicated sheet,C218.1:; C219.1:; C534.1:; C535.1:; C536.1:; C537.1:; C538.1:; C539.1:; C540.1:; C541.1:; C542.1:; C543.1:; C544.1:; C545.1:; C546.1:; C547.1:; C548.1:; C549.1:; C550.1:; C551.1:; C552.1:; C553.1:; C554.1:; C555.1:; C556.1:; C557.1:; C558.1:; C559.1:; C560.1:; C561.1:; C61.1:; L24.2:; R207.1:; R61.2:; R62.2:; R63.2:; R65.1:; U1.H14:VDD1P1_DDR_IO; U1.J14:VDD1P1_DDR_IO; U1.L14:VDD1P1_DDR_IO; U1.M14:VDD1P1_DDR_IO; U1.N14:VDD1P1_DDR_IO; U2.A4:VDD2; U2.A9:VDD2; U2.AA10:VDDQ; U2.AA3:VDDQ; U2.AA5:VDDQ; U2.AA8:VDDQ; U2.AB4:VDD2; U2.AB9:VDD2; U2.B10:VDDQ; U2.B3:VDDQ; U2.B5:VDDQ; U2.B8:VDDQ; U2.D1:VDDQ; U2.D12:VDDQ; U2.D5:VDDQ; U2.D8:VDDQ; U2.F3:VDDQ; U2.F5:VDD2; U2.F8:VDD2; U2.H1:VDD2; U2.H12:VDD2; U2.H5:VDD2; U2.H8:VDD2; U2.K1:VDD2; U2.K10:VDD2; U2.K12:VDD2; U2.K3:VDD2; U2.N1:VDD2; U2.N10:VDD2; U2.N12:VDD2; U2.N3:VDD2; U2.R1:VDD2; U2.R12:VDD2; U2.R5:VDD2; U2.R8:VDD2; U2.U10:VDDQ; U2.U3:VDDQ; U2.U5:VDD2; U2.U8:VDD2; U2.W1:VDDQ; U2.W12:VDDQ; U2.W5:VDDQ; U2.W8:VDDQ
U2,K4F8E304HB_200,F11,DQ11_a,bidirectional,bidirectional,false,Samsung K4F8E304HB-MGCJ Rev.1.0 (June 2016),10,F row / column 11,12,4.5 Table 1,I/O,Read/write data,FUNCTIONAL,All normal supported operating modes of this exact part,Table 1 explicitly specifies bidirectional operation.,,DDR_DQA11,65 exact SoC joins; source NC/DNU flagged; bias on dedicated sheet,U1.R17:DDR_DQA8
U2,K4F8E304HB_200,F12,VDD1,power_in,power_in,false,Samsung K4F8E304HB-MGCJ Rev.1.0 (June 2016),10,F row / column 12,12,4.5 Table 1,Supply,Supply input,FUNCTIONAL,All normal supported operating modes of this exact part,Manufacturer supply/ground identity; do not promote to source.,,VDD1P8,65 exact SoC joins; source NC/DNU flagged; bias on dedicated sheet,C223.1:; C224.1:; C562.1:; C563.1:; C564.1:; C565.1:; C566.1:; C567.1:; C568.1:; C569.1:; C576.1:; C577.1:; C809.1:; C810.1:; C811.1:; C812.1:; C813.1:; C814.1:; C815.1:; FB204.1:; FB205.1:; FB206.1:; FB207.1:; FB208.1:; FB209.1:; J1.8:VOUT_1V8; L25.2:; R210.1:; R216.2:; R217.2:; R218.2:; R219.2:; R43.1:; R45.2:; R46.2:; R528.1:; R530.1:; R561.1:; U1.E11:VDD1P8; U1.F13:VDD1P8; U2.F1:VDD1; U2.G4:VDD1; U2.G9:VDD1; U2.T4:VDD1; U2.T9:VDD1; U2.U1:VDD1; U2.U12:VDD1; U89.1:VDD; U89.4:MR; U90.1:VDD; U90.2:SENSE; U91.5:VCC; U92.5:VCC; U93.5:VCC; U94.5:VCC; U95.15:VCCA
U2,K4F8E304HB_200,G1,VSS,power_in,power_in,false,Samsung K4F8E304HB-MGCJ Rev.1.0 (June 2016),10,G row / column 1,12,4.5 Table 1,GND,Ground return,FUNCTIONAL,All normal supported operating modes of this exact part,Manufacturer supply/ground identity; do not promote to source.,,GND,65 exact SoC joins; source NC/DNU flagged; bias on dedicated sheet,C201.2:; C203.2:; C204.2:; C205.2:; C206.2:; C207.2:; C208.2:; C209.2:; C210.2:; C211.2:; C212.2:; C213.2:; C214.2:; C215.2:; C216.2:; C217.2:; C218.2:; C220.2:; C221.2:; C222.2:; C223.2:; C225.2:; C226.2:; C227.2:; C228.2:; C230.2:; C231.2:; C232.2:; C233.2:; C234.2:; C235.2:; C236.2:; C237.2:; C238.2:; C239.2:; C240.2:; C241.2:; C242.2:; C243.2:; C244.2:; C31.2:; C32.2:; C33.2:; C34.2:; C41.2:; C42.2:; C43.2:; C44.2:; C45.2:; C501.2:; C502.2:; C503.2:; C504.2:; C505.2:; C506.2:; C507.2:; C508.2:; C509.2:; C510.2:; C511.2:; C512.2:; C513.2:; C514.2:; C515.2:; C516.2:; C517.2:; C518.2:; C519.2:; C520.2:; C521.2:; C522.2:; C523.2:; C524.2:; C525.2:; C526.2:; C527.2:; C528.2:; C529.2:; C530.2:; C531.2:; C532.2:; C533.2:; C534.2:; C535.2:; C536.2:; C537.2:; C538.2:; C539.2:; C540.2:; C541.2:; C542.2:; C543.2:; C544.2:; C545.2:; C546.2:; C547.2:; C548.2:; C549.2:; C550.2:; C551.2:; C552.2:; C553.2:; C554.2:; C555.2:; C556.2:; C557.2:; C558.2:; C559.2:; C560.2:; C561.2:; C562.2:; C563.2:; C564.2:; C565.2:; C566.2:; C567.2:; C568.2:; C569.2:; C570.2:; C571.2:; C572.2:; C573.2:; C574.2:; C575.2:; C576.2:; C577.2:; C62.2:; C63.2:; C64.2:; C65.2:; C809.2:; C810.2:; C811.2:; C812.2:; C813.2:; C814.2:; C815.2:; C816.2:; J1.1:GND; J1.106:GND; J1.2:GND; J1.3:GND; J1.36:GND; J1.49:GND; J1.57:GND; J1.64:GND; J1.71:GND; J1.78:GND; J1.89:GND; R202.2:; R205.2:; R206.2:; R208.2:; R211.2:; R214.2:; R31.2:; R402.2:; R44.2:; R47.2:; R526.2:; R529.2:; R571.2:; R572.2:; R64.2:; R66.2:; R69.2:; R70.2:; R71.2:; U1.A13:VSS; U1.A16:VSS; U1.A19:VSS; U1.A9:TEST_EN; U1.B13:VSS; U1.B20:VSS; U1.C13:VSS; U1.D10:VSS; U1.D11:VSS; U1.D13:VSS; U1.D15:VSS; U1.D9:VSS; U1.E12:VSS; U1.E13:VSS; U1.E14:VSS; U1.E15:VSS; U1.E16:VSS; U1.E19:VSS; U1.E4:VSS; U1.E6:VSS; U1.E7:VSS; U1.E8:VSS; U1.F10:VSS; U1.F11:AVSS; U1.F16:VSS; U1.F4:VSS; U1.F6:VSS; U1.G13:VSS; U1.G14:VSS; U1.G15:VSS; U1.G16:VSS; U1.G6:VSS; U1.G7:AVSS; U1.G8:AVSS; U1.H11:VSS; U1.H13:VSS; U1.H15:VSS; U1.H16:VSS; U1.H20:VSS; U1.H7:VSS; U1.J11:VSS; U1.J13:VSS; U1.J15:VSS; U1.J7:VSS; U1.K10:VSS; U1.K12:VSS; U1.K14:VSS; U1.K16:VSS; U1.K18:VSS; U1.K3:VSS; U1.K6:VSS; U1.K8:VSS; U1.L10:VSS; U1.L12:VSS; U1.L15:VSS; U1.L19:VSS; U1.L7:VSS; U1.L8:VSS; U1.M10:VSS; U1.M12:VSS; U1.M15:VSS; U1.M16:VSS; U1.M6:VSS; U1.M8:VSS; U1.N10:VSS; U1.N12:VSS; U1.N15:VSS; U1.N16:VSS; U1.N3:VSS; U1.N5:VSS; U1.N8:VSS; U1.P10:VSS; U1.P12:VSS; U1.P14:VSS; U1.P15:VSS; U1.P20:VSS; U1.P6:VSS; U1.P7:VSS; U1.P8:VSS; U1.R10:VSS; U1.R12:VSS; U1.R14:VSS; U1.R16:VSS; U1.R3:VSS; U1.R6:VSS; U1.R7:VSS; U1.T15:VSS; U1.T3:VSS; U1.T7:VSS; U1.T8:VSS; U1.T9:VSS; U1.U19:VSS; U1.U3:VSS; U1.U8:VSS; U1.V3:VSS; U1.V4:VSS; U1.V5:VSS; U1.V6:VSS; U1.V7:VSS; U1.V8:VSS; U1.W1:VSS; U1.W16:VSS; U1.W20:VSS; U1.Y13:VSS; U1.Y19:VSS; U11.6:GND; U12.10:D4; U12.11:S4B; U12.12:S4A; U12.6:GND; U12.8:S3B; U13.1:S1B; U13.11:S4B; U13.15:SEL; U13.4:S2B; U13.6:GND; U13.8:S3B; U14.3:GND; U2.A10:VSS; U2.A3:VSS; U2.AB10:VSS; U2.AB3:VSS; U2.AB5:VSS; U2.AB8:VSS; U2.C1:VSS; U2.C12:VSS; U2.C5:VSS; U2.C8:VSS; U2.D11:VSS; U2.D2:VSS; U2.D4:VSS; U2.D9:VSS; U2.E1:VSS; U2.E12:VSS; U2.E5:VSS; U2.E8:VSS; U2.G10:VSS; U2.G12:VSS; U2.G3:VSS; U2.G5:VSS; U2.G8:VSS; U2.J1:VSS; U2.J10:VSS; U2.J12:VSS; U2.J3:VSS; U2.K11:VSS; U2.K2:VSS; U2.K4:VSS; U2.K9:VSS; U2.N11:VSS; U2.N2:VSS; U2.N4:VSS; U2.N9:VSS; U2.P1:VSS; U2.P10:VSS; U2.P12:VSS; U2.P3:VSS; U2.T1:VSS; U2.T10:VSS; U2.T12:VSS; U2.T3:VSS; U2.T5:VSS; U2.T8:VSS; U2.V1:VSS; U2.V12:VSS; U2.V5:VSS; U2.V8:VSS; U2.W11:VSS; U2.W2:VSS; U2.W4:VSS; U2.W9:VSS; U2.Y1:VSS; U2.Y12:VSS; U2.Y5:VSS; U2.Y8:VSS; U21.4:GND; U22.A1:AGND; U22.B1:PGND; U22.B2:PGND; U22.B3:PGND; U23.A1:AGND; U23.B1:PGND; U23.B2:PGND; U23.B3:PGND; U24.4:GND; U25.4:GND; U26.4:GND; U3.A6:VSS; U3.C4:VSS; U3.E7:VSS; U3.G5:VSS; U3.H10:VSS; U3.J5:VSS; U3.K8:VSS; U3.N2:VSS; U3.N5:VSS; U3.P4:VSS; U3.P6:VSS; U89.5:GND; U89.7:EP_GND; U90.5:GND; U90.7:EP_GND; U91.3:GND; U92.1:B_TIE_LOW; U92.2:GND; U93.3:GND; U94.1:B_TIE_LOW; U94.2:GND; U95.7:GND; Y2.2:GND; Y2.4:GND
U2,K4F8E304HB_200,G2,ODT_CA_a,bidirectional,input,true,Samsung K4F8E304HB-MGCJ Rev.1.0 (June 2016),10,G row / column 2,"10, 12",4.5 Table 1,Input,CA termination-control input,FUNCTIONAL,All normal supported operating modes of this exact part,Table 1 explicitly marks this normal functional pin Input.,"ODT_CA remains an input although locally biased through a resistor. The mode register controls termination together with this pin; passive-bias drive warnings require topology review, not a type change.",LPDDR4_ODT_A,65 exact SoC joins; source NC/DNU flagged; bias on dedicated sheet,R61.1:
U2,K4F8E304HB_200,G3,VSS,power_in,power_in,false,Samsung K4F8E304HB-MGCJ Rev.1.0 (June 2016),10,G row / column 3,12,4.5 Table 1,GND,Ground return,FUNCTIONAL,All normal supported operating modes of this exact part,Manufacturer supply/ground identity; do not promote to source.,,GND,65 exact SoC joins; source NC/DNU flagged; bias on dedicated sheet,C201.2:; C203.2:; C204.2:; C205.2:; C206.2:; C207.2:; C208.2:; C209.2:; C210.2:; C211.2:; C212.2:; C213.2:; C214.2:; C215.2:; C216.2:; C217.2:; C218.2:; C220.2:; C221.2:; C222.2:; C223.2:; C225.2:; C226.2:; C227.2:; C228.2:; C230.2:; C231.2:; C232.2:; C233.2:; C234.2:; C235.2:; C236.2:; C237.2:; C238.2:; C239.2:; C240.2:; C241.2:; C242.2:; C243.2:; C244.2:; C31.2:; C32.2:; C33.2:; C34.2:; C41.2:; C42.2:; C43.2:; C44.2:; C45.2:; C501.2:; C502.2:; C503.2:; C504.2:; C505.2:; C506.2:; C507.2:; C508.2:; C509.2:; C510.2:; C511.2:; C512.2:; C513.2:; C514.2:; C515.2:; C516.2:; C517.2:; C518.2:; C519.2:; C520.2:; C521.2:; C522.2:; C523.2:; C524.2:; C525.2:; C526.2:; C527.2:; C528.2:; C529.2:; C530.2:; C531.2:; C532.2:; C533.2:; C534.2:; C535.2:; C536.2:; C537.2:; C538.2:; C539.2:; C540.2:; C541.2:; C542.2:; C543.2:; C544.2:; C545.2:; C546.2:; C547.2:; C548.2:; C549.2:; C550.2:; C551.2:; C552.2:; C553.2:; C554.2:; C555.2:; C556.2:; C557.2:; C558.2:; C559.2:; C560.2:; C561.2:; C562.2:; C563.2:; C564.2:; C565.2:; C566.2:; C567.2:; C568.2:; C569.2:; C570.2:; C571.2:; C572.2:; C573.2:; C574.2:; C575.2:; C576.2:; C577.2:; C62.2:; C63.2:; C64.2:; C65.2:; C809.2:; C810.2:; C811.2:; C812.2:; C813.2:; C814.2:; C815.2:; C816.2:; J1.1:GND; J1.106:GND; J1.2:GND; J1.3:GND; J1.36:GND; J1.49:GND; J1.57:GND; J1.64:GND; J1.71:GND; J1.78:GND; J1.89:GND; R202.2:; R205.2:; R206.2:; R208.2:; R211.2:; R214.2:; R31.2:; R402.2:; R44.2:; R47.2:; R526.2:; R529.2:; R571.2:; R572.2:; R64.2:; R66.2:; R69.2:; R70.2:; R71.2:; U1.A13:VSS; U1.A16:VSS; U1.A19:VSS; U1.A9:TEST_EN; U1.B13:VSS; U1.B20:VSS; U1.C13:VSS; U1.D10:VSS; U1.D11:VSS; U1.D13:VSS; U1.D15:VSS; U1.D9:VSS; U1.E12:VSS; U1.E13:VSS; U1.E14:VSS; U1.E15:VSS; U1.E16:VSS; U1.E19:VSS; U1.E4:VSS; U1.E6:VSS; U1.E7:VSS; U1.E8:VSS; U1.F10:VSS; U1.F11:AVSS; U1.F16:VSS; U1.F4:VSS; U1.F6:VSS; U1.G13:VSS; U1.G14:VSS; U1.G15:VSS; U1.G16:VSS; U1.G6:VSS; U1.G7:AVSS; U1.G8:AVSS; U1.H11:VSS; U1.H13:VSS; U1.H15:VSS; U1.H16:VSS; U1.H20:VSS; U1.H7:VSS; U1.J11:VSS; U1.J13:VSS; U1.J15:VSS; U1.J7:VSS; U1.K10:VSS; U1.K12:VSS; U1.K14:VSS; U1.K16:VSS; U1.K18:VSS; U1.K3:VSS; U1.K6:VSS; U1.K8:VSS; U1.L10:VSS; U1.L12:VSS; U1.L15:VSS; U1.L19:VSS; U1.L7:VSS; U1.L8:VSS; U1.M10:VSS; U1.M12:VSS; U1.M15:VSS; U1.M16:VSS; U1.M6:VSS; U1.M8:VSS; U1.N10:VSS; U1.N12:VSS; U1.N15:VSS; U1.N16:VSS; U1.N3:VSS; U1.N5:VSS; U1.N8:VSS; U1.P10:VSS; U1.P12:VSS; U1.P14:VSS; U1.P15:VSS; U1.P20:VSS; U1.P6:VSS; U1.P7:VSS; U1.P8:VSS; U1.R10:VSS; U1.R12:VSS; U1.R14:VSS; U1.R16:VSS; U1.R3:VSS; U1.R6:VSS; U1.R7:VSS; U1.T15:VSS; U1.T3:VSS; U1.T7:VSS; U1.T8:VSS; U1.T9:VSS; U1.U19:VSS; U1.U3:VSS; U1.U8:VSS; U1.V3:VSS; U1.V4:VSS; U1.V5:VSS; U1.V6:VSS; U1.V7:VSS; U1.V8:VSS; U1.W1:VSS; U1.W16:VSS; U1.W20:VSS; U1.Y13:VSS; U1.Y19:VSS; U11.6:GND; U12.10:D4; U12.11:S4B; U12.12:S4A; U12.6:GND; U12.8:S3B; U13.1:S1B; U13.11:S4B; U13.15:SEL; U13.4:S2B; U13.6:GND; U13.8:S3B; U14.3:GND; U2.A10:VSS; U2.A3:VSS; U2.AB10:VSS; U2.AB3:VSS; U2.AB5:VSS; U2.AB8:VSS; U2.C1:VSS; U2.C12:VSS; U2.C5:VSS; U2.C8:VSS; U2.D11:VSS; U2.D2:VSS; U2.D4:VSS; U2.D9:VSS; U2.E1:VSS; U2.E12:VSS; U2.E5:VSS; U2.E8:VSS; U2.G1:VSS; U2.G10:VSS; U2.G12:VSS; U2.G5:VSS; U2.G8:VSS; U2.J1:VSS; U2.J10:VSS; U2.J12:VSS; U2.J3:VSS; U2.K11:VSS; U2.K2:VSS; U2.K4:VSS; U2.K9:VSS; U2.N11:VSS; U2.N2:VSS; U2.N4:VSS; U2.N9:VSS; U2.P1:VSS; U2.P10:VSS; U2.P12:VSS; U2.P3:VSS; U2.T1:VSS; U2.T10:VSS; U2.T12:VSS; U2.T3:VSS; U2.T5:VSS; U2.T8:VSS; U2.V1:VSS; U2.V12:VSS; U2.V5:VSS; U2.V8:VSS; U2.W11:VSS; U2.W2:VSS; U2.W4:VSS; U2.W9:VSS; U2.Y1:VSS; U2.Y12:VSS; U2.Y5:VSS; U2.Y8:VSS; U21.4:GND; U22.A1:AGND; U22.B1:PGND; U22.B2:PGND; U22.B3:PGND; U23.A1:AGND; U23.B1:PGND; U23.B2:PGND; U23.B3:PGND; U24.4:GND; U25.4:GND; U26.4:GND; U3.A6:VSS; U3.C4:VSS; U3.E7:VSS; U3.G5:VSS; U3.H10:VSS; U3.J5:VSS; U3.K8:VSS; U3.N2:VSS; U3.N5:VSS; U3.P4:VSS; U3.P6:VSS; U89.5:GND; U89.7:EP_GND; U90.5:GND; U90.7:EP_GND; U91.3:GND; U92.1:B_TIE_LOW; U92.2:GND; U93.3:GND; U94.1:B_TIE_LOW; U94.2:GND; U95.7:GND; Y2.2:GND; Y2.4:GND
U2,K4F8E304HB_200,G4,VDD1,power_in,power_in,false,Samsung K4F8E304HB-MGCJ Rev.1.0 (June 2016),10,G row / column 4,12,4.5 Table 1,Supply,Supply input,FUNCTIONAL,All normal supported operating modes of this exact part,Manufacturer supply/ground identity; do not promote to source.,,VDD1P8,65 exact SoC joins; source NC/DNU flagged; bias on dedicated sheet,C223.1:; C224.1:; C562.1:; C563.1:; C564.1:; C565.1:; C566.1:; C567.1:; C568.1:; C569.1:; C576.1:; C577.1:; C809.1:; C810.1:; C811.1:; C812.1:; C813.1:; C814.1:; C815.1:; FB204.1:; FB205.1:; FB206.1:; FB207.1:; FB208.1:; FB209.1:; J1.8:VOUT_1V8; L25.2:; R210.1:; R216.2:; R217.2:; R218.2:; R219.2:; R43.1:; R45.2:; R46.2:; R528.1:; R530.1:; R561.1:; U1.E11:VDD1P8; U1.F13:VDD1P8; U2.F1:VDD1; U2.F12:VDD1; U2.G9:VDD1; U2.T4:VDD1; U2.T9:VDD1; U2.U1:VDD1; U2.U12:VDD1; U89.1:VDD; U89.4:MR; U90.1:VDD; U90.2:SENSE; U91.5:VCC; U92.5:VCC; U93.5:VCC; U94.5:VCC; U95.15:VCCA
U2,K4F8E304HB_200,G5,VSS,power_in,power_in,false,Samsung K4F8E304HB-MGCJ Rev.1.0 (June 2016),10,G row / column 5,12,4.5 Table 1,GND,Ground return,FUNCTIONAL,All normal supported operating modes of this exact part,Manufacturer supply/ground identity; do not promote to source.,,GND,65 exact SoC joins; source NC/DNU flagged; bias on dedicated sheet,C201.2:; C203.2:; C204.2:; C205.2:; C206.2:; C207.2:; C208.2:; C209.2:; C210.2:; C211.2:; C212.2:; C213.2:; C214.2:; C215.2:; C216.2:; C217.2:; C218.2:; C220.2:; C221.2:; C222.2:; C223.2:; C225.2:; C226.2:; C227.2:; C228.2:; C230.2:; C231.2:; C232.2:; C233.2:; C234.2:; C235.2:; C236.2:; C237.2:; C238.2:; C239.2:; C240.2:; C241.2:; C242.2:; C243.2:; C244.2:; C31.2:; C32.2:; C33.2:; C34.2:; C41.2:; C42.2:; C43.2:; C44.2:; C45.2:; C501.2:; C502.2:; C503.2:; C504.2:; C505.2:; C506.2:; C507.2:; C508.2:; C509.2:; C510.2:; C511.2:; C512.2:; C513.2:; C514.2:; C515.2:; C516.2:; C517.2:; C518.2:; C519.2:; C520.2:; C521.2:; C522.2:; C523.2:; C524.2:; C525.2:; C526.2:; C527.2:; C528.2:; C529.2:; C530.2:; C531.2:; C532.2:; C533.2:; C534.2:; C535.2:; C536.2:; C537.2:; C538.2:; C539.2:; C540.2:; C541.2:; C542.2:; C543.2:; C544.2:; C545.2:; C546.2:; C547.2:; C548.2:; C549.2:; C550.2:; C551.2:; C552.2:; C553.2:; C554.2:; C555.2:; C556.2:; C557.2:; C558.2:; C559.2:; C560.2:; C561.2:; C562.2:; C563.2:; C564.2:; C565.2:; C566.2:; C567.2:; C568.2:; C569.2:; C570.2:; C571.2:; C572.2:; C573.2:; C574.2:; C575.2:; C576.2:; C577.2:; C62.2:; C63.2:; C64.2:; C65.2:; C809.2:; C810.2:; C811.2:; C812.2:; C813.2:; C814.2:; C815.2:; C816.2:; J1.1:GND; J1.106:GND; J1.2:GND; J1.3:GND; J1.36:GND; J1.49:GND; J1.57:GND; J1.64:GND; J1.71:GND; J1.78:GND; J1.89:GND; R202.2:; R205.2:; R206.2:; R208.2:; R211.2:; R214.2:; R31.2:; R402.2:; R44.2:; R47.2:; R526.2:; R529.2:; R571.2:; R572.2:; R64.2:; R66.2:; R69.2:; R70.2:; R71.2:; U1.A13:VSS; U1.A16:VSS; U1.A19:VSS; U1.A9:TEST_EN; U1.B13:VSS; U1.B20:VSS; U1.C13:VSS; U1.D10:VSS; U1.D11:VSS; U1.D13:VSS; U1.D15:VSS; U1.D9:VSS; U1.E12:VSS; U1.E13:VSS; U1.E14:VSS; U1.E15:VSS; U1.E16:VSS; U1.E19:VSS; U1.E4:VSS; U1.E6:VSS; U1.E7:VSS; U1.E8:VSS; U1.F10:VSS; U1.F11:AVSS; U1.F16:VSS; U1.F4:VSS; U1.F6:VSS; U1.G13:VSS; U1.G14:VSS; U1.G15:VSS; U1.G16:VSS; U1.G6:VSS; U1.G7:AVSS; U1.G8:AVSS; U1.H11:VSS; U1.H13:VSS; U1.H15:VSS; U1.H16:VSS; U1.H20:VSS; U1.H7:VSS; U1.J11:VSS; U1.J13:VSS; U1.J15:VSS; U1.J7:VSS; U1.K10:VSS; U1.K12:VSS; U1.K14:VSS; U1.K16:VSS; U1.K18:VSS; U1.K3:VSS; U1.K6:VSS; U1.K8:VSS; U1.L10:VSS; U1.L12:VSS; U1.L15:VSS; U1.L19:VSS; U1.L7:VSS; U1.L8:VSS; U1.M10:VSS; U1.M12:VSS; U1.M15:VSS; U1.M16:VSS; U1.M6:VSS; U1.M8:VSS; U1.N10:VSS; U1.N12:VSS; U1.N15:VSS; U1.N16:VSS; U1.N3:VSS; U1.N5:VSS; U1.N8:VSS; U1.P10:VSS; U1.P12:VSS; U1.P14:VSS; U1.P15:VSS; U1.P20:VSS; U1.P6:VSS; U1.P7:VSS; U1.P8:VSS; U1.R10:VSS; U1.R12:VSS; U1.R14:VSS; U1.R16:VSS; U1.R3:VSS; U1.R6:VSS; U1.R7:VSS; U1.T15:VSS; U1.T3:VSS; U1.T7:VSS; U1.T8:VSS; U1.T9:VSS; U1.U19:VSS; U1.U3:VSS; U1.U8:VSS; U1.V3:VSS; U1.V4:VSS; U1.V5:VSS; U1.V6:VSS; U1.V7:VSS; U1.V8:VSS; U1.W1:VSS; U1.W16:VSS; U1.W20:VSS; U1.Y13:VSS; U1.Y19:VSS; U11.6:GND; U12.10:D4; U12.11:S4B; U12.12:S4A; U12.6:GND; U12.8:S3B; U13.1:S1B; U13.11:S4B; U13.15:SEL; U13.4:S2B; U13.6:GND; U13.8:S3B; U14.3:GND; U2.A10:VSS; U2.A3:VSS; U2.AB10:VSS; U2.AB3:VSS; U2.AB5:VSS; U2.AB8:VSS; U2.C1:VSS; U2.C12:VSS; U2.C5:VSS; U2.C8:VSS; U2.D11:VSS; U2.D2:VSS; U2.D4:VSS; U2.D9:VSS; U2.E1:VSS; U2.E12:VSS; U2.E5:VSS; U2.E8:VSS; U2.G1:VSS; U2.G10:VSS; U2.G12:VSS; U2.G3:VSS; U2.G8:VSS; U2.J1:VSS; U2.J10:VSS; U2.J12:VSS; U2.J3:VSS; U2.K11:VSS; U2.K2:VSS; U2.K4:VSS; U2.K9:VSS; U2.N11:VSS; U2.N2:VSS; U2.N4:VSS; U2.N9:VSS; U2.P1:VSS; U2.P10:VSS; U2.P12:VSS; U2.P3:VSS; U2.T1:VSS; U2.T10:VSS; U2.T12:VSS; U2.T3:VSS; U2.T5:VSS; U2.T8:VSS; U2.V1:VSS; U2.V12:VSS; U2.V5:VSS; U2.V8:VSS; U2.W11:VSS; U2.W2:VSS; U2.W4:VSS; U2.W9:VSS; U2.Y1:VSS; U2.Y12:VSS; U2.Y5:VSS; U2.Y8:VSS; U21.4:GND; U22.A1:AGND; U22.B1:PGND; U22.B2:PGND; U22.B3:PGND; U23.A1:AGND; U23.B1:PGND; U23.B2:PGND; U23.B3:PGND; U24.4:GND; U25.4:GND; U26.4:GND; U3.A6:VSS; U3.C4:VSS; U3.E7:VSS; U3.G5:VSS; U3.H10:VSS; U3.J5:VSS; U3.K8:VSS; U3.N2:VSS; U3.N5:VSS; U3.P4:VSS; U3.P6:VSS; U89.5:GND; U89.7:EP_GND; U90.5:GND; U90.7:EP_GND; U91.3:GND; U92.1:B_TIE_LOW; U92.2:GND; U93.3:GND; U94.1:B_TIE_LOW; U94.2:GND; U95.7:GND; Y2.2:GND; Y2.4:GND
U2,K4F8E304HB_200,G8,VSS,power_in,power_in,false,Samsung K4F8E304HB-MGCJ Rev.1.0 (June 2016),10,G row / column 8,12,4.5 Table 1,GND,Ground return,FUNCTIONAL,All normal supported operating modes of this exact part,Manufacturer supply/ground identity; do not promote to source.,,GND,65 exact SoC joins; source NC/DNU flagged; bias on dedicated sheet,C201.2:; C203.2:; C204.2:; C205.2:; C206.2:; C207.2:; C208.2:; C209.2:; C210.2:; C211.2:; C212.2:; C213.2:; C214.2:; C215.2:; C216.2:; C217.2:; C218.2:; C220.2:; C221.2:; C222.2:; C223.2:; C225.2:; C226.2:; C227.2:; C228.2:; C230.2:; C231.2:; C232.2:; C233.2:; C234.2:; C235.2:; C236.2:; C237.2:; C238.2:; C239.2:; C240.2:; C241.2:; C242.2:; C243.2:; C244.2:; C31.2:; C32.2:; C33.2:; C34.2:; C41.2:; C42.2:; C43.2:; C44.2:; C45.2:; C501.2:; C502.2:; C503.2:; C504.2:; C505.2:; C506.2:; C507.2:; C508.2:; C509.2:; C510.2:; C511.2:; C512.2:; C513.2:; C514.2:; C515.2:; C516.2:; C517.2:; C518.2:; C519.2:; C520.2:; C521.2:; C522.2:; C523.2:; C524.2:; C525.2:; C526.2:; C527.2:; C528.2:; C529.2:; C530.2:; C531.2:; C532.2:; C533.2:; C534.2:; C535.2:; C536.2:; C537.2:; C538.2:; C539.2:; C540.2:; C541.2:; C542.2:; C543.2:; C544.2:; C545.2:; C546.2:; C547.2:; C548.2:; C549.2:; C550.2:; C551.2:; C552.2:; C553.2:; C554.2:; C555.2:; C556.2:; C557.2:; C558.2:; C559.2:; C560.2:; C561.2:; C562.2:; C563.2:; C564.2:; C565.2:; C566.2:; C567.2:; C568.2:; C569.2:; C570.2:; C571.2:; C572.2:; C573.2:; C574.2:; C575.2:; C576.2:; C577.2:; C62.2:; C63.2:; C64.2:; C65.2:; C809.2:; C810.2:; C811.2:; C812.2:; C813.2:; C814.2:; C815.2:; C816.2:; J1.1:GND; J1.106:GND; J1.2:GND; J1.3:GND; J1.36:GND; J1.49:GND; J1.57:GND; J1.64:GND; J1.71:GND; J1.78:GND; J1.89:GND; R202.2:; R205.2:; R206.2:; R208.2:; R211.2:; R214.2:; R31.2:; R402.2:; R44.2:; R47.2:; R526.2:; R529.2:; R571.2:; R572.2:; R64.2:; R66.2:; R69.2:; R70.2:; R71.2:; U1.A13:VSS; U1.A16:VSS; U1.A19:VSS; U1.A9:TEST_EN; U1.B13:VSS; U1.B20:VSS; U1.C13:VSS; U1.D10:VSS; U1.D11:VSS; U1.D13:VSS; U1.D15:VSS; U1.D9:VSS; U1.E12:VSS; U1.E13:VSS; U1.E14:VSS; U1.E15:VSS; U1.E16:VSS; U1.E19:VSS; U1.E4:VSS; U1.E6:VSS; U1.E7:VSS; U1.E8:VSS; U1.F10:VSS; U1.F11:AVSS; U1.F16:VSS; U1.F4:VSS; U1.F6:VSS; U1.G13:VSS; U1.G14:VSS; U1.G15:VSS; U1.G16:VSS; U1.G6:VSS; U1.G7:AVSS; U1.G8:AVSS; U1.H11:VSS; U1.H13:VSS; U1.H15:VSS; U1.H16:VSS; U1.H20:VSS; U1.H7:VSS; U1.J11:VSS; U1.J13:VSS; U1.J15:VSS; U1.J7:VSS; U1.K10:VSS; U1.K12:VSS; U1.K14:VSS; U1.K16:VSS; U1.K18:VSS; U1.K3:VSS; U1.K6:VSS; U1.K8:VSS; U1.L10:VSS; U1.L12:VSS; U1.L15:VSS; U1.L19:VSS; U1.L7:VSS; U1.L8:VSS; U1.M10:VSS; U1.M12:VSS; U1.M15:VSS; U1.M16:VSS; U1.M6:VSS; U1.M8:VSS; U1.N10:VSS; U1.N12:VSS; U1.N15:VSS; U1.N16:VSS; U1.N3:VSS; U1.N5:VSS; U1.N8:VSS; U1.P10:VSS; U1.P12:VSS; U1.P14:VSS; U1.P15:VSS; U1.P20:VSS; U1.P6:VSS; U1.P7:VSS; U1.P8:VSS; U1.R10:VSS; U1.R12:VSS; U1.R14:VSS; U1.R16:VSS; U1.R3:VSS; U1.R6:VSS; U1.R7:VSS; U1.T15:VSS; U1.T3:VSS; U1.T7:VSS; U1.T8:VSS; U1.T9:VSS; U1.U19:VSS; U1.U3:VSS; U1.U8:VSS; U1.V3:VSS; U1.V4:VSS; U1.V5:VSS; U1.V6:VSS; U1.V7:VSS; U1.V8:VSS; U1.W1:VSS; U1.W16:VSS; U1.W20:VSS; U1.Y13:VSS; U1.Y19:VSS; U11.6:GND; U12.10:D4; U12.11:S4B; U12.12:S4A; U12.6:GND; U12.8:S3B; U13.1:S1B; U13.11:S4B; U13.15:SEL; U13.4:S2B; U13.6:GND; U13.8:S3B; U14.3:GND; U2.A10:VSS; U2.A3:VSS; U2.AB10:VSS; U2.AB3:VSS; U2.AB5:VSS; U2.AB8:VSS; U2.C1:VSS; U2.C12:VSS; U2.C5:VSS; U2.C8:VSS; U2.D11:VSS; U2.D2:VSS; U2.D4:VSS; U2.D9:VSS; U2.E1:VSS; U2.E12:VSS; U2.E5:VSS; U2.E8:VSS; U2.G1:VSS; U2.G10:VSS; U2.G12:VSS; U2.G3:VSS; U2.G5:VSS; U2.J1:VSS; U2.J10:VSS; U2.J12:VSS; U2.J3:VSS; U2.K11:VSS; U2.K2:VSS; U2.K4:VSS; U2.K9:VSS; U2.N11:VSS; U2.N2:VSS; U2.N4:VSS; U2.N9:VSS; U2.P1:VSS; U2.P10:VSS; U2.P12:VSS; U2.P3:VSS; U2.T1:VSS; U2.T10:VSS; U2.T12:VSS; U2.T3:VSS; U2.T5:VSS; U2.T8:VSS; U2.V1:VSS; U2.V12:VSS; U2.V5:VSS; U2.V8:VSS; U2.W11:VSS; U2.W2:VSS; U2.W4:VSS; U2.W9:VSS; U2.Y1:VSS; U2.Y12:VSS; U2.Y5:VSS; U2.Y8:VSS; U21.4:GND; U22.A1:AGND; U22.B1:PGND; U22.B2:PGND; U22.B3:PGND; U23.A1:AGND; U23.B1:PGND; U23.B2:PGND; U23.B3:PGND; U24.4:GND; U25.4:GND; U26.4:GND; U3.A6:VSS; U3.C4:VSS; U3.E7:VSS; U3.G5:VSS; U3.H10:VSS; U3.J5:VSS; U3.K8:VSS; U3.N2:VSS; U3.N5:VSS; U3.P4:VSS; U3.P6:VSS; U89.5:GND; U89.7:EP_GND; U90.5:GND; U90.7:EP_GND; U91.3:GND; U92.1:B_TIE_LOW; U92.2:GND; U93.3:GND; U94.1:B_TIE_LOW; U94.2:GND; U95.7:GND; Y2.2:GND; Y2.4:GND
U2,K4F8E304HB_200,G9,VDD1,power_in,power_in,false,Samsung K4F8E304HB-MGCJ Rev.1.0 (June 2016),10,G row / column 9,12,4.5 Table 1,Supply,Supply input,FUNCTIONAL,All normal supported operating modes of this exact part,Manufacturer supply/ground identity; do not promote to source.,,VDD1P8,65 exact SoC joins; source NC/DNU flagged; bias on dedicated sheet,C223.1:; C224.1:; C562.1:; C563.1:; C564.1:; C565.1:; C566.1:; C567.1:; C568.1:; C569.1:; C576.1:; C577.1:; C809.1:; C810.1:; C811.1:; C812.1:; C813.1:; C814.1:; C815.1:; FB204.1:; FB205.1:; FB206.1:; FB207.1:; FB208.1:; FB209.1:; J1.8:VOUT_1V8; L25.2:; R210.1:; R216.2:; R217.2:; R218.2:; R219.2:; R43.1:; R45.2:; R46.2:; R528.1:; R530.1:; R561.1:; U1.E11:VDD1P8; U1.F13:VDD1P8; U2.F1:VDD1; U2.F12:VDD1; U2.G4:VDD1; U2.T4:VDD1; U2.T9:VDD1; U2.U1:VDD1; U2.U12:VDD1; U89.1:VDD; U89.4:MR; U90.1:VDD; U90.2:SENSE; U91.5:VCC; U92.5:VCC; U93.5:VCC; U94.5:VCC; U95.15:VCCA
U2,K4F8E304HB_200,G10,VSS,power_in,power_in,false,Samsung K4F8E304HB-MGCJ Rev.1.0 (June 2016),10,G row / column 10,12,4.5 Table 1,GND,Ground return,FUNCTIONAL,All normal supported operating modes of this exact part,Manufacturer supply/ground identity; do not promote to source.,,GND,65 exact SoC joins; source NC/DNU flagged; bias on dedicated sheet,C201.2:; C203.2:; C204.2:; C205.2:; C206.2:; C207.2:; C208.2:; C209.2:; C210.2:; C211.2:; C212.2:; C213.2:; C214.2:; C215.2:; C216.2:; C217.2:; C218.2:; C220.2:; C221.2:; C222.2:; C223.2:; C225.2:; C226.2:; C227.2:; C228.2:; C230.2:; C231.2:; C232.2:; C233.2:; C234.2:; C235.2:; C236.2:; C237.2:; C238.2:; C239.2:; C240.2:; C241.2:; C242.2:; C243.2:; C244.2:; C31.2:; C32.2:; C33.2:; C34.2:; C41.2:; C42.2:; C43.2:; C44.2:; C45.2:; C501.2:; C502.2:; C503.2:; C504.2:; C505.2:; C506.2:; C507.2:; C508.2:; C509.2:; C510.2:; C511.2:; C512.2:; C513.2:; C514.2:; C515.2:; C516.2:; C517.2:; C518.2:; C519.2:; C520.2:; C521.2:; C522.2:; C523.2:; C524.2:; C525.2:; C526.2:; C527.2:; C528.2:; C529.2:; C530.2:; C531.2:; C532.2:; C533.2:; C534.2:; C535.2:; C536.2:; C537.2:; C538.2:; C539.2:; C540.2:; C541.2:; C542.2:; C543.2:; C544.2:; C545.2:; C546.2:; C547.2:; C548.2:; C549.2:; C550.2:; C551.2:; C552.2:; C553.2:; C554.2:; C555.2:; C556.2:; C557.2:; C558.2:; C559.2:; C560.2:; C561.2:; C562.2:; C563.2:; C564.2:; C565.2:; C566.2:; C567.2:; C568.2:; C569.2:; C570.2:; C571.2:; C572.2:; C573.2:; C574.2:; C575.2:; C576.2:; C577.2:; C62.2:; C63.2:; C64.2:; C65.2:; C809.2:; C810.2:; C811.2:; C812.2:; C813.2:; C814.2:; C815.2:; C816.2:; J1.1:GND; J1.106:GND; J1.2:GND; J1.3:GND; J1.36:GND; J1.49:GND; J1.57:GND; J1.64:GND; J1.71:GND; J1.78:GND; J1.89:GND; R202.2:; R205.2:; R206.2:; R208.2:; R211.2:; R214.2:; R31.2:; R402.2:; R44.2:; R47.2:; R526.2:; R529.2:; R571.2:; R572.2:; R64.2:; R66.2:; R69.2:; R70.2:; R71.2:; U1.A13:VSS; U1.A16:VSS; U1.A19:VSS; U1.A9:TEST_EN; U1.B13:VSS; U1.B20:VSS; U1.C13:VSS; U1.D10:VSS; U1.D11:VSS; U1.D13:VSS; U1.D15:VSS; U1.D9:VSS; U1.E12:VSS; U1.E13:VSS; U1.E14:VSS; U1.E15:VSS; U1.E16:VSS; U1.E19:VSS; U1.E4:VSS; U1.E6:VSS; U1.E7:VSS; U1.E8:VSS; U1.F10:VSS; U1.F11:AVSS; U1.F16:VSS; U1.F4:VSS; U1.F6:VSS; U1.G13:VSS; U1.G14:VSS; U1.G15:VSS; U1.G16:VSS; U1.G6:VSS; U1.G7:AVSS; U1.G8:AVSS; U1.H11:VSS; U1.H13:VSS; U1.H15:VSS; U1.H16:VSS; U1.H20:VSS; U1.H7:VSS; U1.J11:VSS; U1.J13:VSS; U1.J15:VSS; U1.J7:VSS; U1.K10:VSS; U1.K12:VSS; U1.K14:VSS; U1.K16:VSS; U1.K18:VSS; U1.K3:VSS; U1.K6:VSS; U1.K8:VSS; U1.L10:VSS; U1.L12:VSS; U1.L15:VSS; U1.L19:VSS; U1.L7:VSS; U1.L8:VSS; U1.M10:VSS; U1.M12:VSS; U1.M15:VSS; U1.M16:VSS; U1.M6:VSS; U1.M8:VSS; U1.N10:VSS; U1.N12:VSS; U1.N15:VSS; U1.N16:VSS; U1.N3:VSS; U1.N5:VSS; U1.N8:VSS; U1.P10:VSS; U1.P12:VSS; U1.P14:VSS; U1.P15:VSS; U1.P20:VSS; U1.P6:VSS; U1.P7:VSS; U1.P8:VSS; U1.R10:VSS; U1.R12:VSS; U1.R14:VSS; U1.R16:VSS; U1.R3:VSS; U1.R6:VSS; U1.R7:VSS; U1.T15:VSS; U1.T3:VSS; U1.T7:VSS; U1.T8:VSS; U1.T9:VSS; U1.U19:VSS; U1.U3:VSS; U1.U8:VSS; U1.V3:VSS; U1.V4:VSS; U1.V5:VSS; U1.V6:VSS; U1.V7:VSS; U1.V8:VSS; U1.W1:VSS; U1.W16:VSS; U1.W20:VSS; U1.Y13:VSS; U1.Y19:VSS; U11.6:GND; U12.10:D4; U12.11:S4B; U12.12:S4A; U12.6:GND; U12.8:S3B; U13.1:S1B; U13.11:S4B; U13.15:SEL; U13.4:S2B; U13.6:GND; U13.8:S3B; U14.3:GND; U2.A10:VSS; U2.A3:VSS; U2.AB10:VSS; U2.AB3:VSS; U2.AB5:VSS; U2.AB8:VSS; U2.C1:VSS; U2.C12:VSS; U2.C5:VSS; U2.C8:VSS; U2.D11:VSS; U2.D2:VSS; U2.D4:VSS; U2.D9:VSS; U2.E1:VSS; U2.E12:VSS; U2.E5:VSS; U2.E8:VSS; U2.G1:VSS; U2.G12:VSS; U2.G3:VSS; U2.G5:VSS; U2.G8:VSS; U2.J1:VSS; U2.J10:VSS; U2.J12:VSS; U2.J3:VSS; U2.K11:VSS; U2.K2:VSS; U2.K4:VSS; U2.K9:VSS; U2.N11:VSS; U2.N2:VSS; U2.N4:VSS; U2.N9:VSS; U2.P1:VSS; U2.P10:VSS; U2.P12:VSS; U2.P3:VSS; U2.T1:VSS; U2.T10:VSS; U2.T12:VSS; U2.T3:VSS; U2.T5:VSS; U2.T8:VSS; U2.V1:VSS; U2.V12:VSS; U2.V5:VSS; U2.V8:VSS; U2.W11:VSS; U2.W2:VSS; U2.W4:VSS; U2.W9:VSS; U2.Y1:VSS; U2.Y12:VSS; U2.Y5:VSS; U2.Y8:VSS; U21.4:GND; U22.A1:AGND; U22.B1:PGND; U22.B2:PGND; U22.B3:PGND; U23.A1:AGND; U23.B1:PGND; U23.B2:PGND; U23.B3:PGND; U24.4:GND; U25.4:GND; U26.4:GND; U3.A6:VSS; U3.C4:VSS; U3.E7:VSS; U3.G5:VSS; U3.H10:VSS; U3.J5:VSS; U3.K8:VSS; U3.N2:VSS; U3.N5:VSS; U3.P4:VSS; U3.P6:VSS; U89.5:GND; U89.7:EP_GND; U90.5:GND; U90.7:EP_GND; U91.3:GND; U92.1:B_TIE_LOW; U92.2:GND; U93.3:GND; U94.1:B_TIE_LOW; U94.2:GND; U95.7:GND; Y2.2:GND; Y2.4:GND
U2,K4F8E304HB_200,G11,DNU,no_connect,no_connect,false,Samsung K4F8E304HB-MGCJ Rev.1.0 (June 2016),10,G row / column 11,10–11,4.2 package ballout; 4.3 pad definitions,DNU,Do-not-use ball,MANUFACTURER_DO_NOT_USE,All normal supported operating modes of this exact part,Keep an explicit no-use electrical class and open circuit; retain the manufacturer classification separately.,A no_connect CAD type does not prove this physical ball is unbonded. DNU/RFU must not be used. The source does not grant alternative NC wiring; leave NC open rather than assuming grounding or routing-through is permitted.,unconnected-(U2B-DNU-PadG11),MANUFACTURER_NC_DNU_MUST_REMAIN_OPEN,
U2,K4F8E304HB_200,G12,VSS,power_in,power_in,false,Samsung K4F8E304HB-MGCJ Rev.1.0 (June 2016),10,G row / column 12,12,4.5 Table 1,GND,Ground return,FUNCTIONAL,All normal supported operating modes of this exact part,Manufacturer supply/ground identity; do not promote to source.,,GND,65 exact SoC joins; source NC/DNU flagged; bias on dedicated sheet,C201.2:; C203.2:; C204.2:; C205.2:; C206.2:; C207.2:; C208.2:; C209.2:; C210.2:; C211.2:; C212.2:; C213.2:; C214.2:; C215.2:; C216.2:; C217.2:; C218.2:; C220.2:; C221.2:; C222.2:; C223.2:; C225.2:; C226.2:; C227.2:; C228.2:; C230.2:; C231.2:; C232.2:; C233.2:; C234.2:; C235.2:; C236.2:; C237.2:; C238.2:; C239.2:; C240.2:; C241.2:; C242.2:; C243.2:; C244.2:; C31.2:; C32.2:; C33.2:; C34.2:; C41.2:; C42.2:; C43.2:; C44.2:; C45.2:; C501.2:; C502.2:; C503.2:; C504.2:; C505.2:; C506.2:; C507.2:; C508.2:; C509.2:; C510.2:; C511.2:; C512.2:; C513.2:; C514.2:; C515.2:; C516.2:; C517.2:; C518.2:; C519.2:; C520.2:; C521.2:; C522.2:; C523.2:; C524.2:; C525.2:; C526.2:; C527.2:; C528.2:; C529.2:; C530.2:; C531.2:; C532.2:; C533.2:; C534.2:; C535.2:; C536.2:; C537.2:; C538.2:; C539.2:; C540.2:; C541.2:; C542.2:; C543.2:; C544.2:; C545.2:; C546.2:; C547.2:; C548.2:; C549.2:; C550.2:; C551.2:; C552.2:; C553.2:; C554.2:; C555.2:; C556.2:; C557.2:; C558.2:; C559.2:; C560.2:; C561.2:; C562.2:; C563.2:; C564.2:; C565.2:; C566.2:; C567.2:; C568.2:; C569.2:; C570.2:; C571.2:; C572.2:; C573.2:; C574.2:; C575.2:; C576.2:; C577.2:; C62.2:; C63.2:; C64.2:; C65.2:; C809.2:; C810.2:; C811.2:; C812.2:; C813.2:; C814.2:; C815.2:; C816.2:; J1.1:GND; J1.106:GND; J1.2:GND; J1.3:GND; J1.36:GND; J1.49:GND; J1.57:GND; J1.64:GND; J1.71:GND; J1.78:GND; J1.89:GND; R202.2:; R205.2:; R206.2:; R208.2:; R211.2:; R214.2:; R31.2:; R402.2:; R44.2:; R47.2:; R526.2:; R529.2:; R571.2:; R572.2:; R64.2:; R66.2:; R69.2:; R70.2:; R71.2:; U1.A13:VSS; U1.A16:VSS; U1.A19:VSS; U1.A9:TEST_EN; U1.B13:VSS; U1.B20:VSS; U1.C13:VSS; U1.D10:VSS; U1.D11:VSS; U1.D13:VSS; U1.D15:VSS; U1.D9:VSS; U1.E12:VSS; U1.E13:VSS; U1.E14:VSS; U1.E15:VSS; U1.E16:VSS; U1.E19:VSS; U1.E4:VSS; U1.E6:VSS; U1.E7:VSS; U1.E8:VSS; U1.F10:VSS; U1.F11:AVSS; U1.F16:VSS; U1.F4:VSS; U1.F6:VSS; U1.G13:VSS; U1.G14:VSS; U1.G15:VSS; U1.G16:VSS; U1.G6:VSS; U1.G7:AVSS; U1.G8:AVSS; U1.H11:VSS; U1.H13:VSS; U1.H15:VSS; U1.H16:VSS; U1.H20:VSS; U1.H7:VSS; U1.J11:VSS; U1.J13:VSS; U1.J15:VSS; U1.J7:VSS; U1.K10:VSS; U1.K12:VSS; U1.K14:VSS; U1.K16:VSS; U1.K18:VSS; U1.K3:VSS; U1.K6:VSS; U1.K8:VSS; U1.L10:VSS; U1.L12:VSS; U1.L15:VSS; U1.L19:VSS; U1.L7:VSS; U1.L8:VSS; U1.M10:VSS; U1.M12:VSS; U1.M15:VSS; U1.M16:VSS; U1.M6:VSS; U1.M8:VSS; U1.N10:VSS; U1.N12:VSS; U1.N15:VSS; U1.N16:VSS; U1.N3:VSS; U1.N5:VSS; U1.N8:VSS; U1.P10:VSS; U1.P12:VSS; U1.P14:VSS; U1.P15:VSS; U1.P20:VSS; U1.P6:VSS; U1.P7:VSS; U1.P8:VSS; U1.R10:VSS; U1.R12:VSS; U1.R14:VSS; U1.R16:VSS; U1.R3:VSS; U1.R6:VSS; U1.R7:VSS; U1.T15:VSS; U1.T3:VSS; U1.T7:VSS; U1.T8:VSS; U1.T9:VSS; U1.U19:VSS; U1.U3:VSS; U1.U8:VSS; U1.V3:VSS; U1.V4:VSS; U1.V5:VSS; U1.V6:VSS; U1.V7:VSS; U1.V8:VSS; U1.W1:VSS; U1.W16:VSS; U1.W20:VSS; U1.Y13:VSS; U1.Y19:VSS; U11.6:GND; U12.10:D4; U12.11:S4B; U12.12:S4A; U12.6:GND; U12.8:S3B; U13.1:S1B; U13.11:S4B; U13.15:SEL; U13.4:S2B; U13.6:GND; U13.8:S3B; U14.3:GND; U2.A10:VSS; U2.A3:VSS; U2.AB10:VSS; U2.AB3:VSS; U2.AB5:VSS; U2.AB8:VSS; U2.C1:VSS; U2.C12:VSS; U2.C5:VSS; U2.C8:VSS; U2.D11:VSS; U2.D2:VSS; U2.D4:VSS; U2.D9:VSS; U2.E1:VSS; U2.E12:VSS; U2.E5:VSS; U2.E8:VSS; U2.G1:VSS; U2.G10:VSS; U2.G3:VSS; U2.G5:VSS; U2.G8:VSS; U2.J1:VSS; U2.J10:VSS; U2.J12:VSS; U2.J3:VSS; U2.K11:VSS; U2.K2:VSS; U2.K4:VSS; U2.K9:VSS; U2.N11:VSS; U2.N2:VSS; U2.N4:VSS; U2.N9:VSS; U2.P1:VSS; U2.P10:VSS; U2.P12:VSS; U2.P3:VSS; U2.T1:VSS; U2.T10:VSS; U2.T12:VSS; U2.T3:VSS; U2.T5:VSS; U2.T8:VSS; U2.V1:VSS; U2.V12:VSS; U2.V5:VSS; U2.V8:VSS; U2.W11:VSS; U2.W2:VSS; U2.W4:VSS; U2.W9:VSS; U2.Y1:VSS; U2.Y12:VSS; U2.Y5:VSS; U2.Y8:VSS; U21.4:GND; U22.A1:AGND; U22.B1:PGND; U22.B2:PGND; U22.B3:PGND; U23.A1:AGND; U23.B1:PGND; U23.B2:PGND; U23.B3:PGND; U24.4:GND; U25.4:GND; U26.4:GND; U3.A6:VSS; U3.C4:VSS; U3.E7:VSS; U3.G5:VSS; U3.H10:VSS; U3.J5:VSS; U3.K8:VSS; U3.N2:VSS; U3.N5:VSS; U3.P4:VSS; U3.P6:VSS; U89.5:GND; U89.7:EP_GND; U90.5:GND; U90.7:EP_GND; U91.3:GND; U92.1:B_TIE_LOW; U92.2:GND; U93.3:GND; U94.1:B_TIE_LOW; U94.2:GND; U95.7:GND; Y2.2:GND; Y2.4:GND
U2,K4F8E304HB_200,H1,VDD2,power_in,power_in,false,Samsung K4F8E304HB-MGCJ Rev.1.0 (June 2016),10,H row / column 1,12,4.5 Table 1,Supply,Supply input,FUNCTIONAL,All normal supported operating modes of this exact part,Manufacturer supply/ground identity; do not promote to source.,,VDD1P1_DDR_IO,65 exact SoC joins; source NC/DNU flagged; bias on dedicated sheet,C218.1:; C219.1:; C534.1:; C535.1:; C536.1:; C537.1:; C538.1:; C539.1:; C540.1:; C541.1:; C542.1:; C543.1:; C544.1:; C545.1:; C546.1:; C547.1:; C548.1:; C549.1:; C550.1:; C551.1:; C552.1:; C553.1:; C554.1:; C555.1:; C556.1:; C557.1:; C558.1:; C559.1:; C560.1:; C561.1:; C61.1:; L24.2:; R207.1:; R61.2:; R62.2:; R63.2:; R65.1:; U1.H14:VDD1P1_DDR_IO; U1.J14:VDD1P1_DDR_IO; U1.L14:VDD1P1_DDR_IO; U1.M14:VDD1P1_DDR_IO; U1.N14:VDD1P1_DDR_IO; U2.A4:VDD2; U2.A9:VDD2; U2.AA10:VDDQ; U2.AA3:VDDQ; U2.AA5:VDDQ; U2.AA8:VDDQ; U2.AB4:VDD2; U2.AB9:VDD2; U2.B10:VDDQ; U2.B3:VDDQ; U2.B5:VDDQ; U2.B8:VDDQ; U2.D1:VDDQ; U2.D12:VDDQ; U2.D5:VDDQ; U2.D8:VDDQ; U2.F10:VDDQ; U2.F3:VDDQ; U2.F5:VDD2; U2.F8:VDD2; U2.H12:VDD2; U2.H5:VDD2; U2.H8:VDD2; U2.K1:VDD2; U2.K10:VDD2; U2.K12:VDD2; U2.K3:VDD2; U2.N1:VDD2; U2.N10:VDD2; U2.N12:VDD2; U2.N3:VDD2; U2.R1:VDD2; U2.R12:VDD2; U2.R5:VDD2; U2.R8:VDD2; U2.U10:VDDQ; U2.U3:VDDQ; U2.U5:VDD2; U2.U8:VDD2; U2.W1:VDDQ; U2.W12:VDDQ; U2.W5:VDDQ; U2.W8:VDDQ
U2,K4F8E304HB_200,H2,CA0_a,bidirectional,input,true,Samsung K4F8E304HB-MGCJ Rev.1.0 (June 2016),10,H row / column 2,12,4.5 Table 1,Input,Command/address input,FUNCTIONAL,All normal supported operating modes of this exact part,Table 1 explicitly marks this normal functional pin Input.,,DDR_CAA0,65 exact SoC joins; source NC/DNU flagged; bias on dedicated sheet,U1.M19:DDR_CAA0
U2,K4F8E304HB_200,H3,NC,no_connect,no_connect,false,Samsung K4F8E304HB-MGCJ Rev.1.0 (June 2016),10,H row / column 3,10–11,4.2 package ballout; 4.3 pad definitions,NC,No-connect ball,MANUFACTURER_NC,All normal supported operating modes of this exact part,Keep an explicit no-use electrical class and open circuit; retain the manufacturer classification separately.,A no_connect CAD type does not prove this physical ball is unbonded. DNU/RFU must not be used. The source does not grant alternative NC wiring; leave NC open rather than assuming grounding or routing-through is permitted.,unconnected-(U2B-NC-PadH3),MANUFACTURER_NC_DNU_MUST_REMAIN_OPEN,
U2,K4F8E304HB_200,H4,CS_a,bidirectional,input,true,Samsung K4F8E304HB-MGCJ Rev.1.0 (June 2016),10,H row / column 4,12,4.5 Table 1,Input,Chip select input,FUNCTIONAL,All normal supported operating modes of this exact part,Table 1 explicitly marks this normal functional pin Input.,,DDR_CSA0,65 exact SoC joins; source NC/DNU flagged; bias on dedicated sheet,U1.T20:DDR_CSA0
U2,K4F8E304HB_200,H5,VDD2,power_in,power_in,false,Samsung K4F8E304HB-MGCJ Rev.1.0 (June 2016),10,H row / column 5,12,4.5 Table 1,Supply,Supply input,FUNCTIONAL,All normal supported operating modes of this exact part,Manufacturer supply/ground identity; do not promote to source.,,VDD1P1_DDR_IO,65 exact SoC joins; source NC/DNU flagged; bias on dedicated sheet,C218.1:; C219.1:; C534.1:; C535.1:; C536.1:; C537.1:; C538.1:; C539.1:; C540.1:; C541.1:; C542.1:; C543.1:; C544.1:; C545.1:; C546.1:; C547.1:; C548.1:; C549.1:; C550.1:; C551.1:; C552.1:; C553.1:; C554.1:; C555.1:; C556.1:; C557.1:; C558.1:; C559.1:; C560.1:; C561.1:; C61.1:; L24.2:; R207.1:; R61.2:; R62.2:; R63.2:; R65.1:; U1.H14:VDD1P1_DDR_IO; U1.J14:VDD1P1_DDR_IO; U1.L14:VDD1P1_DDR_IO; U1.M14:VDD1P1_DDR_IO; U1.N14:VDD1P1_DDR_IO; U2.A4:VDD2; U2.A9:VDD2; U2.AA10:VDDQ; U2.AA3:VDDQ; U2.AA5:VDDQ; U2.AA8:VDDQ; U2.AB4:VDD2; U2.AB9:VDD2; U2.B10:VDDQ; U2.B3:VDDQ; U2.B5:VDDQ; U2.B8:VDDQ; U2.D1:VDDQ; U2.D12:VDDQ; U2.D5:VDDQ; U2.D8:VDDQ; U2.F10:VDDQ; U2.F3:VDDQ; U2.F5:VDD2; U2.F8:VDD2; U2.H1:VDD2; U2.H12:VDD2; U2.H8:VDD2; U2.K1:VDD2; U2.K10:VDD2; U2.K12:VDD2; U2.K3:VDD2; U2.N1:VDD2; U2.N10:VDD2; U2.N12:VDD2; U2.N3:VDD2; U2.R1:VDD2; U2.R12:VDD2; U2.R5:VDD2; U2.R8:VDD2; U2.U10:VDDQ; U2.U3:VDDQ; U2.U5:VDD2; U2.U8:VDD2; U2.W1:VDDQ; U2.W12:VDDQ; U2.W5:VDDQ; U2.W8:VDDQ
U2,K4F8E304HB_200,H8,VDD2,power_in,power_in,false,Samsung K4F8E304HB-MGCJ Rev.1.0 (June 2016),10,H row / column 8,12,4.5 Table 1,Supply,Supply input,FUNCTIONAL,All normal supported operating modes of this exact part,Manufacturer supply/ground identity; do not promote to source.,,VDD1P1_DDR_IO,65 exact SoC joins; source NC/DNU flagged; bias on dedicated sheet,C218.1:; C219.1:; C534.1:; C535.1:; C536.1:; C537.1:; C538.1:; C539.1:; C540.1:; C541.1:; C542.1:; C543.1:; C544.1:; C545.1:; C546.1:; C547.1:; C548.1:; C549.1:; C550.1:; C551.1:; C552.1:; C553.1:; C554.1:; C555.1:; C556.1:; C557.1:; C558.1:; C559.1:; C560.1:; C561.1:; C61.1:; L24.2:; R207.1:; R61.2:; R62.2:; R63.2:; R65.1:; U1.H14:VDD1P1_DDR_IO; U1.J14:VDD1P1_DDR_IO; U1.L14:VDD1P1_DDR_IO; U1.M14:VDD1P1_DDR_IO; U1.N14:VDD1P1_DDR_IO; U2.A4:VDD2; U2.A9:VDD2; U2.AA10:VDDQ; U2.AA3:VDDQ; U2.AA5:VDDQ; U2.AA8:VDDQ; U2.AB4:VDD2; U2.AB9:VDD2; U2.B10:VDDQ; U2.B3:VDDQ; U2.B5:VDDQ; U2.B8:VDDQ; U2.D1:VDDQ; U2.D12:VDDQ; U2.D5:VDDQ; U2.D8:VDDQ; U2.F10:VDDQ; U2.F3:VDDQ; U2.F5:VDD2; U2.F8:VDD2; U2.H1:VDD2; U2.H12:VDD2; U2.H5:VDD2; U2.K1:VDD2; U2.K10:VDD2; U2.K12:VDD2; U2.K3:VDD2; U2.N1:VDD2; U2.N10:VDD2; U2.N12:VDD2; U2.N3:VDD2; U2.R1:VDD2; U2.R12:VDD2; U2.R5:VDD2; U2.R8:VDD2; U2.U10:VDDQ; U2.U3:VDDQ; U2.U5:VDD2; U2.U8:VDD2; U2.W1:VDDQ; U2.W12:VDDQ; U2.W5:VDDQ; U2.W8:VDDQ
U2,K4F8E304HB_200,H9,CA2_a,bidirectional,input,true,Samsung K4F8E304HB-MGCJ Rev.1.0 (June 2016),10,H row / column 9,12,4.5 Table 1,Input,Command/address input,FUNCTIONAL,All normal supported operating modes of this exact part,Table 1 explicitly marks this normal functional pin Input.,,DDR_CAA2,65 exact SoC joins; source NC/DNU flagged; bias on dedicated sheet,U1.N19:DDR_CAA2
U2,K4F8E304HB_200,H10,CA3_a,bidirectional,input,true,Samsung K4F8E304HB-MGCJ Rev.1.0 (June 2016),10,H row / column 10,12,4.5 Table 1,Input,Command/address input,FUNCTIONAL,All normal supported operating modes of this exact part,Table 1 explicitly marks this normal functional pin Input.,,DDR_CAA3,65 exact SoC joins; source NC/DNU flagged; bias on dedicated sheet,U1.N20:DDR_CAA3
U2,K4F8E304HB_200,H11,CA4_a,bidirectional,input,true,Samsung K4F8E304HB-MGCJ Rev.1.0 (June 2016),10,H row / column 11,12,4.5 Table 1,Input,Command/address input,FUNCTIONAL,All normal supported operating modes of this exact part,Table 1 explicitly marks this normal functional pin Input.,,DDR_CAA4,65 exact SoC joins; source NC/DNU flagged; bias on dedicated sheet,U1.M18:DDR_CAA4
U2,K4F8E304HB_200,H12,VDD2,power_in,power_in,false,Samsung K4F8E304HB-MGCJ Rev.1.0 (June 2016),10,H row / column 12,12,4.5 Table 1,Supply,Supply input,FUNCTIONAL,All normal supported operating modes of this exact part,Manufacturer supply/ground identity; do not promote to source.,,VDD1P1_DDR_IO,65 exact SoC joins; source NC/DNU flagged; bias on dedicated sheet,C218.1:; C219.1:; C534.1:; C535.1:; C536.1:; C537.1:; C538.1:; C539.1:; C540.1:; C541.1:; C542.1:; C543.1:; C544.1:; C545.1:; C546.1:; C547.1:; C548.1:; C549.1:; C550.1:; C551.1:; C552.1:; C553.1:; C554.1:; C555.1:; C556.1:; C557.1:; C558.1:; C559.1:; C560.1:; C561.1:; C61.1:; L24.2:; R207.1:; R61.2:; R62.2:; R63.2:; R65.1:; U1.H14:VDD1P1_DDR_IO; U1.J14:VDD1P1_DDR_IO; U1.L14:VDD1P1_DDR_IO; U1.M14:VDD1P1_DDR_IO; U1.N14:VDD1P1_DDR_IO; U2.A4:VDD2; U2.A9:VDD2; U2.AA10:VDDQ; U2.AA3:VDDQ; U2.AA5:VDDQ; U2.AA8:VDDQ; U2.AB4:VDD2; U2.AB9:VDD2; U2.B10:VDDQ; U2.B3:VDDQ; U2.B5:VDDQ; U2.B8:VDDQ; U2.D1:VDDQ; U2.D12:VDDQ; U2.D5:VDDQ; U2.D8:VDDQ; U2.F10:VDDQ; U2.F3:VDDQ; U2.F5:VDD2; U2.F8:VDD2; U2.H1:VDD2; U2.H5:VDD2; U2.H8:VDD2; U2.K1:VDD2; U2.K10:VDD2; U2.K12:VDD2; U2.K3:VDD2; U2.N1:VDD2; U2.N10:VDD2; U2.N12:VDD2; U2.N3:VDD2; U2.R1:VDD2; U2.R12:VDD2; U2.R5:VDD2; U2.R8:VDD2; U2.U10:VDDQ; U2.U3:VDDQ; U2.U5:VDD2; U2.U8:VDD2; U2.W1:VDDQ; U2.W12:VDDQ; U2.W5:VDDQ; U2.W8:VDDQ
U2,K4F8E304HB_200,J1,VSS,power_in,power_in,false,Samsung K4F8E304HB-MGCJ Rev.1.0 (June 2016),10,J row / column 1,12,4.5 Table 1,GND,Ground return,FUNCTIONAL,All normal supported operating modes of this exact part,Manufacturer supply/ground identity; do not promote to source.,,GND,65 exact SoC joins; source NC/DNU flagged; bias on dedicated sheet,C201.2:; C203.2:; C204.2:; C205.2:; C206.2:; C207.2:; C208.2:; C209.2:; C210.2:; C211.2:; C212.2:; C213.2:; C214.2:; C215.2:; C216.2:; C217.2:; C218.2:; C220.2:; C221.2:; C222.2:; C223.2:; C225.2:; C226.2:; C227.2:; C228.2:; C230.2:; C231.2:; C232.2:; C233.2:; C234.2:; C235.2:; C236.2:; C237.2:; C238.2:; C239.2:; C240.2:; C241.2:; C242.2:; C243.2:; C244.2:; C31.2:; C32.2:; C33.2:; C34.2:; C41.2:; C42.2:; C43.2:; C44.2:; C45.2:; C501.2:; C502.2:; C503.2:; C504.2:; C505.2:; C506.2:; C507.2:; C508.2:; C509.2:; C510.2:; C511.2:; C512.2:; C513.2:; C514.2:; C515.2:; C516.2:; C517.2:; C518.2:; C519.2:; C520.2:; C521.2:; C522.2:; C523.2:; C524.2:; C525.2:; C526.2:; C527.2:; C528.2:; C529.2:; C530.2:; C531.2:; C532.2:; C533.2:; C534.2:; C535.2:; C536.2:; C537.2:; C538.2:; C539.2:; C540.2:; C541.2:; C542.2:; C543.2:; C544.2:; C545.2:; C546.2:; C547.2:; C548.2:; C549.2:; C550.2:; C551.2:; C552.2:; C553.2:; C554.2:; C555.2:; C556.2:; C557.2:; C558.2:; C559.2:; C560.2:; C561.2:; C562.2:; C563.2:; C564.2:; C565.2:; C566.2:; C567.2:; C568.2:; C569.2:; C570.2:; C571.2:; C572.2:; C573.2:; C574.2:; C575.2:; C576.2:; C577.2:; C62.2:; C63.2:; C64.2:; C65.2:; C809.2:; C810.2:; C811.2:; C812.2:; C813.2:; C814.2:; C815.2:; C816.2:; J1.1:GND; J1.106:GND; J1.2:GND; J1.3:GND; J1.36:GND; J1.49:GND; J1.57:GND; J1.64:GND; J1.71:GND; J1.78:GND; J1.89:GND; R202.2:; R205.2:; R206.2:; R208.2:; R211.2:; R214.2:; R31.2:; R402.2:; R44.2:; R47.2:; R526.2:; R529.2:; R571.2:; R572.2:; R64.2:; R66.2:; R69.2:; R70.2:; R71.2:; U1.A13:VSS; U1.A16:VSS; U1.A19:VSS; U1.A9:TEST_EN; U1.B13:VSS; U1.B20:VSS; U1.C13:VSS; U1.D10:VSS; U1.D11:VSS; U1.D13:VSS; U1.D15:VSS; U1.D9:VSS; U1.E12:VSS; U1.E13:VSS; U1.E14:VSS; U1.E15:VSS; U1.E16:VSS; U1.E19:VSS; U1.E4:VSS; U1.E6:VSS; U1.E7:VSS; U1.E8:VSS; U1.F10:VSS; U1.F11:AVSS; U1.F16:VSS; U1.F4:VSS; U1.F6:VSS; U1.G13:VSS; U1.G14:VSS; U1.G15:VSS; U1.G16:VSS; U1.G6:VSS; U1.G7:AVSS; U1.G8:AVSS; U1.H11:VSS; U1.H13:VSS; U1.H15:VSS; U1.H16:VSS; U1.H20:VSS; U1.H7:VSS; U1.J11:VSS; U1.J13:VSS; U1.J15:VSS; U1.J7:VSS; U1.K10:VSS; U1.K12:VSS; U1.K14:VSS; U1.K16:VSS; U1.K18:VSS; U1.K3:VSS; U1.K6:VSS; U1.K8:VSS; U1.L10:VSS; U1.L12:VSS; U1.L15:VSS; U1.L19:VSS; U1.L7:VSS; U1.L8:VSS; U1.M10:VSS; U1.M12:VSS; U1.M15:VSS; U1.M16:VSS; U1.M6:VSS; U1.M8:VSS; U1.N10:VSS; U1.N12:VSS; U1.N15:VSS; U1.N16:VSS; U1.N3:VSS; U1.N5:VSS; U1.N8:VSS; U1.P10:VSS; U1.P12:VSS; U1.P14:VSS; U1.P15:VSS; U1.P20:VSS; U1.P6:VSS; U1.P7:VSS; U1.P8:VSS; U1.R10:VSS; U1.R12:VSS; U1.R14:VSS; U1.R16:VSS; U1.R3:VSS; U1.R6:VSS; U1.R7:VSS; U1.T15:VSS; U1.T3:VSS; U1.T7:VSS; U1.T8:VSS; U1.T9:VSS; U1.U19:VSS; U1.U3:VSS; U1.U8:VSS; U1.V3:VSS; U1.V4:VSS; U1.V5:VSS; U1.V6:VSS; U1.V7:VSS; U1.V8:VSS; U1.W1:VSS; U1.W16:VSS; U1.W20:VSS; U1.Y13:VSS; U1.Y19:VSS; U11.6:GND; U12.10:D4; U12.11:S4B; U12.12:S4A; U12.6:GND; U12.8:S3B; U13.1:S1B; U13.11:S4B; U13.15:SEL; U13.4:S2B; U13.6:GND; U13.8:S3B; U14.3:GND; U2.A10:VSS; U2.A3:VSS; U2.AB10:VSS; U2.AB3:VSS; U2.AB5:VSS; U2.AB8:VSS; U2.C1:VSS; U2.C12:VSS; U2.C5:VSS; U2.C8:VSS; U2.D11:VSS; U2.D2:VSS; U2.D4:VSS; U2.D9:VSS; U2.E1:VSS; U2.E12:VSS; U2.E5:VSS; U2.E8:VSS; U2.G1:VSS; U2.G10:VSS; U2.G12:VSS; U2.G3:VSS; U2.G5:VSS; U2.G8:VSS; U2.J10:VSS; U2.J12:VSS; U2.J3:VSS; U2.K11:VSS; U2.K2:VSS; U2.K4:VSS; U2.K9:VSS; U2.N11:VSS; U2.N2:VSS; U2.N4:VSS; U2.N9:VSS; U2.P1:VSS; U2.P10:VSS; U2.P12:VSS; U2.P3:VSS; U2.T1:VSS; U2.T10:VSS; U2.T12:VSS; U2.T3:VSS; U2.T5:VSS; U2.T8:VSS; U2.V1:VSS; U2.V12:VSS; U2.V5:VSS; U2.V8:VSS; U2.W11:VSS; U2.W2:VSS; U2.W4:VSS; U2.W9:VSS; U2.Y1:VSS; U2.Y12:VSS; U2.Y5:VSS; U2.Y8:VSS; U21.4:GND; U22.A1:AGND; U22.B1:PGND; U22.B2:PGND; U22.B3:PGND; U23.A1:AGND; U23.B1:PGND; U23.B2:PGND; U23.B3:PGND; U24.4:GND; U25.4:GND; U26.4:GND; U3.A6:VSS; U3.C4:VSS; U3.E7:VSS; U3.G5:VSS; U3.H10:VSS; U3.J5:VSS; U3.K8:VSS; U3.N2:VSS; U3.N5:VSS; U3.P4:VSS; U3.P6:VSS; U89.5:GND; U89.7:EP_GND; U90.5:GND; U90.7:EP_GND; U91.3:GND; U92.1:B_TIE_LOW; U92.2:GND; U93.3:GND; U94.1:B_TIE_LOW; U94.2:GND; U95.7:GND; Y2.2:GND; Y2.4:GND
U2,K4F8E304HB_200,J2,CA1_a,bidirectional,input,true,Samsung K4F8E304HB-MGCJ Rev.1.0 (June 2016),10,J row / column 2,12,4.5 Table 1,Input,Command/address input,FUNCTIONAL,All normal supported operating modes of this exact part,Table 1 explicitly marks this normal functional pin Input.,,DDR_CAA1,65 exact SoC joins; source NC/DNU flagged; bias on dedicated sheet,U1.L16:DDR_CAA1
U2,K4F8E304HB_200,J3,VSS,power_in,power_in,false,Samsung K4F8E304HB-MGCJ Rev.1.0 (June 2016),10,J row / column 3,12,4.5 Table 1,GND,Ground return,FUNCTIONAL,All normal supported operating modes of this exact part,Manufacturer supply/ground identity; do not promote to source.,,GND,65 exact SoC joins; source NC/DNU flagged; bias on dedicated sheet,C201.2:; C203.2:; C204.2:; C205.2:; C206.2:; C207.2:; C208.2:; C209.2:; C210.2:; C211.2:; C212.2:; C213.2:; C214.2:; C215.2:; C216.2:; C217.2:; C218.2:; C220.2:; C221.2:; C222.2:; C223.2:; C225.2:; C226.2:; C227.2:; C228.2:; C230.2:; C231.2:; C232.2:; C233.2:; C234.2:; C235.2:; C236.2:; C237.2:; C238.2:; C239.2:; C240.2:; C241.2:; C242.2:; C243.2:; C244.2:; C31.2:; C32.2:; C33.2:; C34.2:; C41.2:; C42.2:; C43.2:; C44.2:; C45.2:; C501.2:; C502.2:; C503.2:; C504.2:; C505.2:; C506.2:; C507.2:; C508.2:; C509.2:; C510.2:; C511.2:; C512.2:; C513.2:; C514.2:; C515.2:; C516.2:; C517.2:; C518.2:; C519.2:; C520.2:; C521.2:; C522.2:; C523.2:; C524.2:; C525.2:; C526.2:; C527.2:; C528.2:; C529.2:; C530.2:; C531.2:; C532.2:; C533.2:; C534.2:; C535.2:; C536.2:; C537.2:; C538.2:; C539.2:; C540.2:; C541.2:; C542.2:; C543.2:; C544.2:; C545.2:; C546.2:; C547.2:; C548.2:; C549.2:; C550.2:; C551.2:; C552.2:; C553.2:; C554.2:; C555.2:; C556.2:; C557.2:; C558.2:; C559.2:; C560.2:; C561.2:; C562.2:; C563.2:; C564.2:; C565.2:; C566.2:; C567.2:; C568.2:; C569.2:; C570.2:; C571.2:; C572.2:; C573.2:; C574.2:; C575.2:; C576.2:; C577.2:; C62.2:; C63.2:; C64.2:; C65.2:; C809.2:; C810.2:; C811.2:; C812.2:; C813.2:; C814.2:; C815.2:; C816.2:; J1.1:GND; J1.106:GND; J1.2:GND; J1.3:GND; J1.36:GND; J1.49:GND; J1.57:GND; J1.64:GND; J1.71:GND; J1.78:GND; J1.89:GND; R202.2:; R205.2:; R206.2:; R208.2:; R211.2:; R214.2:; R31.2:; R402.2:; R44.2:; R47.2:; R526.2:; R529.2:; R571.2:; R572.2:; R64.2:; R66.2:; R69.2:; R70.2:; R71.2:; U1.A13:VSS; U1.A16:VSS; U1.A19:VSS; U1.A9:TEST_EN; U1.B13:VSS; U1.B20:VSS; U1.C13:VSS; U1.D10:VSS; U1.D11:VSS; U1.D13:VSS; U1.D15:VSS; U1.D9:VSS; U1.E12:VSS; U1.E13:VSS; U1.E14:VSS; U1.E15:VSS; U1.E16:VSS; U1.E19:VSS; U1.E4:VSS; U1.E6:VSS; U1.E7:VSS; U1.E8:VSS; U1.F10:VSS; U1.F11:AVSS; U1.F16:VSS; U1.F4:VSS; U1.F6:VSS; U1.G13:VSS; U1.G14:VSS; U1.G15:VSS; U1.G16:VSS; U1.G6:VSS; U1.G7:AVSS; U1.G8:AVSS; U1.H11:VSS; U1.H13:VSS; U1.H15:VSS; U1.H16:VSS; U1.H20:VSS; U1.H7:VSS; U1.J11:VSS; U1.J13:VSS; U1.J15:VSS; U1.J7:VSS; U1.K10:VSS; U1.K12:VSS; U1.K14:VSS; U1.K16:VSS; U1.K18:VSS; U1.K3:VSS; U1.K6:VSS; U1.K8:VSS; U1.L10:VSS; U1.L12:VSS; U1.L15:VSS; U1.L19:VSS; U1.L7:VSS; U1.L8:VSS; U1.M10:VSS; U1.M12:VSS; U1.M15:VSS; U1.M16:VSS; U1.M6:VSS; U1.M8:VSS; U1.N10:VSS; U1.N12:VSS; U1.N15:VSS; U1.N16:VSS; U1.N3:VSS; U1.N5:VSS; U1.N8:VSS; U1.P10:VSS; U1.P12:VSS; U1.P14:VSS; U1.P15:VSS; U1.P20:VSS; U1.P6:VSS; U1.P7:VSS; U1.P8:VSS; U1.R10:VSS; U1.R12:VSS; U1.R14:VSS; U1.R16:VSS; U1.R3:VSS; U1.R6:VSS; U1.R7:VSS; U1.T15:VSS; U1.T3:VSS; U1.T7:VSS; U1.T8:VSS; U1.T9:VSS; U1.U19:VSS; U1.U3:VSS; U1.U8:VSS; U1.V3:VSS; U1.V4:VSS; U1.V5:VSS; U1.V6:VSS; U1.V7:VSS; U1.V8:VSS; U1.W1:VSS; U1.W16:VSS; U1.W20:VSS; U1.Y13:VSS; U1.Y19:VSS; U11.6:GND; U12.10:D4; U12.11:S4B; U12.12:S4A; U12.6:GND; U12.8:S3B; U13.1:S1B; U13.11:S4B; U13.15:SEL; U13.4:S2B; U13.6:GND; U13.8:S3B; U14.3:GND; U2.A10:VSS; U2.A3:VSS; U2.AB10:VSS; U2.AB3:VSS; U2.AB5:VSS; U2.AB8:VSS; U2.C1:VSS; U2.C12:VSS; U2.C5:VSS; U2.C8:VSS; U2.D11:VSS; U2.D2:VSS; U2.D4:VSS; U2.D9:VSS; U2.E1:VSS; U2.E12:VSS; U2.E5:VSS; U2.E8:VSS; U2.G1:VSS; U2.G10:VSS; U2.G12:VSS; U2.G3:VSS; U2.G5:VSS; U2.G8:VSS; U2.J1:VSS; U2.J10:VSS; U2.J12:VSS; U2.K11:VSS; U2.K2:VSS; U2.K4:VSS; U2.K9:VSS; U2.N11:VSS; U2.N2:VSS; U2.N4:VSS; U2.N9:VSS; U2.P1:VSS; U2.P10:VSS; U2.P12:VSS; U2.P3:VSS; U2.T1:VSS; U2.T10:VSS; U2.T12:VSS; U2.T3:VSS; U2.T5:VSS; U2.T8:VSS; U2.V1:VSS; U2.V12:VSS; U2.V5:VSS; U2.V8:VSS; U2.W11:VSS; U2.W2:VSS; U2.W4:VSS; U2.W9:VSS; U2.Y1:VSS; U2.Y12:VSS; U2.Y5:VSS; U2.Y8:VSS; U21.4:GND; U22.A1:AGND; U22.B1:PGND; U22.B2:PGND; U22.B3:PGND; U23.A1:AGND; U23.B1:PGND; U23.B2:PGND; U23.B3:PGND; U24.4:GND; U25.4:GND; U26.4:GND; U3.A6:VSS; U3.C4:VSS; U3.E7:VSS; U3.G5:VSS; U3.H10:VSS; U3.J5:VSS; U3.K8:VSS; U3.N2:VSS; U3.N5:VSS; U3.P4:VSS; U3.P6:VSS; U89.5:GND; U89.7:EP_GND; U90.5:GND; U90.7:EP_GND; U91.3:GND; U92.1:B_TIE_LOW; U92.2:GND; U93.3:GND; U94.1:B_TIE_LOW; U94.2:GND; U95.7:GND; Y2.2:GND; Y2.4:GND
U2,K4F8E304HB_200,J4,CKE_a,bidirectional,input,true,Samsung K4F8E304HB-MGCJ Rev.1.0 (June 2016),10,J row / column 4,12,4.5 Table 1,Input,Clock enable input,FUNCTIONAL,All normal supported operating modes of this exact part,Table 1 explicitly marks this normal functional pin Input.,,DDR_CKEA0,65 exact SoC joins; source NC/DNU flagged; bias on dedicated sheet,U1.N17:DDR_CKEA0
U2,K4F8E304HB_200,J5,NC,no_connect,no_connect,false,Samsung K4F8E304HB-MGCJ Rev.1.0 (June 2016),10,J row / column 5,10–11,4.2 package ballout; 4.3 pad definitions,NC,No-connect ball,MANUFACTURER_NC,All normal supported operating modes of this exact part,Keep an explicit no-use electrical class and open circuit; retain the manufacturer classification separately.,A no_connect CAD type does not prove this physical ball is unbonded. DNU/RFU must not be used. The source does not grant alternative NC wiring; leave NC open rather than assuming grounding or routing-through is permitted.,unconnected-(U2C-NC-PadJ5),MANUFACTURER_NC_DNU_MUST_REMAIN_OPEN,
U2,K4F8E304HB_200,J8,CK_t_a,bidirectional,input,true,Samsung K4F8E304HB-MGCJ Rev.1.0 (June 2016),10,J row / column 8,12,4.5 Table 1,Input,Clock input,FUNCTIONAL,All normal supported operating modes of this exact part,Table 1 explicitly marks this normal functional pin Input.,,DDR_CLKA_P,65 exact SoC joins; source NC/DNU flagged; bias on dedicated sheet,U1.R19:DDR_CLKAP
U2,K4F8E304HB_200,J9,CK_c_a,bidirectional,input,true,Samsung K4F8E304HB-MGCJ Rev.1.0 (June 2016),10,J row / column 9,12,4.5 Table 1,Input,Clock input,FUNCTIONAL,All normal supported operating modes of this exact part,Table 1 explicitly marks this normal functional pin Input.,,DDR_CLKA_N,65 exact SoC joins; source NC/DNU flagged; bias on dedicated sheet,U1.R20:DDR_CLKAN
U2,K4F8E304HB_200,J10,VSS,power_in,power_in,false,Samsung K4F8E304HB-MGCJ Rev.1.0 (June 2016),10,J row / column 10,12,4.5 Table 1,GND,Ground return,FUNCTIONAL,All normal supported operating modes of this exact part,Manufacturer supply/ground identity; do not promote to source.,,GND,65 exact SoC joins; source NC/DNU flagged; bias on dedicated sheet,C201.2:; C203.2:; C204.2:; C205.2:; C206.2:; C207.2:; C208.2:; C209.2:; C210.2:; C211.2:; C212.2:; C213.2:; C214.2:; C215.2:; C216.2:; C217.2:; C218.2:; C220.2:; C221.2:; C222.2:; C223.2:; C225.2:; C226.2:; C227.2:; C228.2:; C230.2:; C231.2:; C232.2:; C233.2:; C234.2:; C235.2:; C236.2:; C237.2:; C238.2:; C239.2:; C240.2:; C241.2:; C242.2:; C243.2:; C244.2:; C31.2:; C32.2:; C33.2:; C34.2:; C41.2:; C42.2:; C43.2:; C44.2:; C45.2:; C501.2:; C502.2:; C503.2:; C504.2:; C505.2:; C506.2:; C507.2:; C508.2:; C509.2:; C510.2:; C511.2:; C512.2:; C513.2:; C514.2:; C515.2:; C516.2:; C517.2:; C518.2:; C519.2:; C520.2:; C521.2:; C522.2:; C523.2:; C524.2:; C525.2:; C526.2:; C527.2:; C528.2:; C529.2:; C530.2:; C531.2:; C532.2:; C533.2:; C534.2:; C535.2:; C536.2:; C537.2:; C538.2:; C539.2:; C540.2:; C541.2:; C542.2:; C543.2:; C544.2:; C545.2:; C546.2:; C547.2:; C548.2:; C549.2:; C550.2:; C551.2:; C552.2:; C553.2:; C554.2:; C555.2:; C556.2:; C557.2:; C558.2:; C559.2:; C560.2:; C561.2:; C562.2:; C563.2:; C564.2:; C565.2:; C566.2:; C567.2:; C568.2:; C569.2:; C570.2:; C571.2:; C572.2:; C573.2:; C574.2:; C575.2:; C576.2:; C577.2:; C62.2:; C63.2:; C64.2:; C65.2:; C809.2:; C810.2:; C811.2:; C812.2:; C813.2:; C814.2:; C815.2:; C816.2:; J1.1:GND; J1.106:GND; J1.2:GND; J1.3:GND; J1.36:GND; J1.49:GND; J1.57:GND; J1.64:GND; J1.71:GND; J1.78:GND; J1.89:GND; R202.2:; R205.2:; R206.2:; R208.2:; R211.2:; R214.2:; R31.2:; R402.2:; R44.2:; R47.2:; R526.2:; R529.2:; R571.2:; R572.2:; R64.2:; R66.2:; R69.2:; R70.2:; R71.2:; U1.A13:VSS; U1.A16:VSS; U1.A19:VSS; U1.A9:TEST_EN; U1.B13:VSS; U1.B20:VSS; U1.C13:VSS; U1.D10:VSS; U1.D11:VSS; U1.D13:VSS; U1.D15:VSS; U1.D9:VSS; U1.E12:VSS; U1.E13:VSS; U1.E14:VSS; U1.E15:VSS; U1.E16:VSS; U1.E19:VSS; U1.E4:VSS; U1.E6:VSS; U1.E7:VSS; U1.E8:VSS; U1.F10:VSS; U1.F11:AVSS; U1.F16:VSS; U1.F4:VSS; U1.F6:VSS; U1.G13:VSS; U1.G14:VSS; U1.G15:VSS; U1.G16:VSS; U1.G6:VSS; U1.G7:AVSS; U1.G8:AVSS; U1.H11:VSS; U1.H13:VSS; U1.H15:VSS; U1.H16:VSS; U1.H20:VSS; U1.H7:VSS; U1.J11:VSS; U1.J13:VSS; U1.J15:VSS; U1.J7:VSS; U1.K10:VSS; U1.K12:VSS; U1.K14:VSS; U1.K16:VSS; U1.K18:VSS; U1.K3:VSS; U1.K6:VSS; U1.K8:VSS; U1.L10:VSS; U1.L12:VSS; U1.L15:VSS; U1.L19:VSS; U1.L7:VSS; U1.L8:VSS; U1.M10:VSS; U1.M12:VSS; U1.M15:VSS; U1.M16:VSS; U1.M6:VSS; U1.M8:VSS; U1.N10:VSS; U1.N12:VSS; U1.N15:VSS; U1.N16:VSS; U1.N3:VSS; U1.N5:VSS; U1.N8:VSS; U1.P10:VSS; U1.P12:VSS; U1.P14:VSS; U1.P15:VSS; U1.P20:VSS; U1.P6:VSS; U1.P7:VSS; U1.P8:VSS; U1.R10:VSS; U1.R12:VSS; U1.R14:VSS; U1.R16:VSS; U1.R3:VSS; U1.R6:VSS; U1.R7:VSS; U1.T15:VSS; U1.T3:VSS; U1.T7:VSS; U1.T8:VSS; U1.T9:VSS; U1.U19:VSS; U1.U3:VSS; U1.U8:VSS; U1.V3:VSS; U1.V4:VSS; U1.V5:VSS; U1.V6:VSS; U1.V7:VSS; U1.V8:VSS; U1.W1:VSS; U1.W16:VSS; U1.W20:VSS; U1.Y13:VSS; U1.Y19:VSS; U11.6:GND; U12.10:D4; U12.11:S4B; U12.12:S4A; U12.6:GND; U12.8:S3B; U13.1:S1B; U13.11:S4B; U13.15:SEL; U13.4:S2B; U13.6:GND; U13.8:S3B; U14.3:GND; U2.A10:VSS; U2.A3:VSS; U2.AB10:VSS; U2.AB3:VSS; U2.AB5:VSS; U2.AB8:VSS; U2.C1:VSS; U2.C12:VSS; U2.C5:VSS; U2.C8:VSS; U2.D11:VSS; U2.D2:VSS; U2.D4:VSS; U2.D9:VSS; U2.E1:VSS; U2.E12:VSS; U2.E5:VSS; U2.E8:VSS; U2.G1:VSS; U2.G10:VSS; U2.G12:VSS; U2.G3:VSS; U2.G5:VSS; U2.G8:VSS; U2.J1:VSS; U2.J12:VSS; U2.J3:VSS; U2.K11:VSS; U2.K2:VSS; U2.K4:VSS; U2.K9:VSS; U2.N11:VSS; U2.N2:VSS; U2.N4:VSS; U2.N9:VSS; U2.P1:VSS; U2.P10:VSS; U2.P12:VSS; U2.P3:VSS; U2.T1:VSS; U2.T10:VSS; U2.T12:VSS; U2.T3:VSS; U2.T5:VSS; U2.T8:VSS; U2.V1:VSS; U2.V12:VSS; U2.V5:VSS; U2.V8:VSS; U2.W11:VSS; U2.W2:VSS; U2.W4:VSS; U2.W9:VSS; U2.Y1:VSS; U2.Y12:VSS; U2.Y5:VSS; U2.Y8:VSS; U21.4:GND; U22.A1:AGND; U22.B1:PGND; U22.B2:PGND; U22.B3:PGND; U23.A1:AGND; U23.B1:PGND; U23.B2:PGND; U23.B3:PGND; U24.4:GND; U25.4:GND; U26.4:GND; U3.A6:VSS; U3.C4:VSS; U3.E7:VSS; U3.G5:VSS; U3.H10:VSS; U3.J5:VSS; U3.K8:VSS; U3.N2:VSS; U3.N5:VSS; U3.P4:VSS; U3.P6:VSS; U89.5:GND; U89.7:EP_GND; U90.5:GND; U90.7:EP_GND; U91.3:GND; U92.1:B_TIE_LOW; U92.2:GND; U93.3:GND; U94.1:B_TIE_LOW; U94.2:GND; U95.7:GND; Y2.2:GND; Y2.4:GND
U2,K4F8E304HB_200,J11,CA5_a,bidirectional,input,true,Samsung K4F8E304HB-MGCJ Rev.1.0 (June 2016),10,J row / column 11,12,4.5 Table 1,Input,Command/address input,FUNCTIONAL,All normal supported operating modes of this exact part,Table 1 explicitly marks this normal functional pin Input.,,DDR_CAA5,65 exact SoC joins; source NC/DNU flagged; bias on dedicated sheet,U1.P19:DDR_CAA5
U2,K4F8E304HB_200,J12,VSS,power_in,power_in,false,Samsung K4F8E304HB-MGCJ Rev.1.0 (June 2016),10,J row / column 12,12,4.5 Table 1,GND,Ground return,FUNCTIONAL,All normal supported operating modes of this exact part,Manufacturer supply/ground identity; do not promote to source.,,GND,65 exact SoC joins; source NC/DNU flagged; bias on dedicated sheet,C201.2:; C203.2:; C204.2:; C205.2:; C206.2:; C207.2:; C208.2:; C209.2:; C210.2:; C211.2:; C212.2:; C213.2:; C214.2:; C215.2:; C216.2:; C217.2:; C218.2:; C220.2:; C221.2:; C222.2:; C223.2:; C225.2:; C226.2:; C227.2:; C228.2:; C230.2:; C231.2:; C232.2:; C233.2:; C234.2:; C235.2:; C236.2:; C237.2:; C238.2:; C239.2:; C240.2:; C241.2:; C242.2:; C243.2:; C244.2:; C31.2:; C32.2:; C33.2:; C34.2:; C41.2:; C42.2:; C43.2:; C44.2:; C45.2:; C501.2:; C502.2:; C503.2:; C504.2:; C505.2:; C506.2:; C507.2:; C508.2:; C509.2:; C510.2:; C511.2:; C512.2:; C513.2:; C514.2:; C515.2:; C516.2:; C517.2:; C518.2:; C519.2:; C520.2:; C521.2:; C522.2:; C523.2:; C524.2:; C525.2:; C526.2:; C527.2:; C528.2:; C529.2:; C530.2:; C531.2:; C532.2:; C533.2:; C534.2:; C535.2:; C536.2:; C537.2:; C538.2:; C539.2:; C540.2:; C541.2:; C542.2:; C543.2:; C544.2:; C545.2:; C546.2:; C547.2:; C548.2:; C549.2:; C550.2:; C551.2:; C552.2:; C553.2:; C554.2:; C555.2:; C556.2:; C557.2:; C558.2:; C559.2:; C560.2:; C561.2:; C562.2:; C563.2:; C564.2:; C565.2:; C566.2:; C567.2:; C568.2:; C569.2:; C570.2:; C571.2:; C572.2:; C573.2:; C574.2:; C575.2:; C576.2:; C577.2:; C62.2:; C63.2:; C64.2:; C65.2:; C809.2:; C810.2:; C811.2:; C812.2:; C813.2:; C814.2:; C815.2:; C816.2:; J1.1:GND; J1.106:GND; J1.2:GND; J1.3:GND; J1.36:GND; J1.49:GND; J1.57:GND; J1.64:GND; J1.71:GND; J1.78:GND; J1.89:GND; R202.2:; R205.2:; R206.2:; R208.2:; R211.2:; R214.2:; R31.2:; R402.2:; R44.2:; R47.2:; R526.2:; R529.2:; R571.2:; R572.2:; R64.2:; R66.2:; R69.2:; R70.2:; R71.2:; U1.A13:VSS; U1.A16:VSS; U1.A19:VSS; U1.A9:TEST_EN; U1.B13:VSS; U1.B20:VSS; U1.C13:VSS; U1.D10:VSS; U1.D11:VSS; U1.D13:VSS; U1.D15:VSS; U1.D9:VSS; U1.E12:VSS; U1.E13:VSS; U1.E14:VSS; U1.E15:VSS; U1.E16:VSS; U1.E19:VSS; U1.E4:VSS; U1.E6:VSS; U1.E7:VSS; U1.E8:VSS; U1.F10:VSS; U1.F11:AVSS; U1.F16:VSS; U1.F4:VSS; U1.F6:VSS; U1.G13:VSS; U1.G14:VSS; U1.G15:VSS; U1.G16:VSS; U1.G6:VSS; U1.G7:AVSS; U1.G8:AVSS; U1.H11:VSS; U1.H13:VSS; U1.H15:VSS; U1.H16:VSS; U1.H20:VSS; U1.H7:VSS; U1.J11:VSS; U1.J13:VSS; U1.J15:VSS; U1.J7:VSS; U1.K10:VSS; U1.K12:VSS; U1.K14:VSS; U1.K16:VSS; U1.K18:VSS; U1.K3:VSS; U1.K6:VSS; U1.K8:VSS; U1.L10:VSS; U1.L12:VSS; U1.L15:VSS; U1.L19:VSS; U1.L7:VSS; U1.L8:VSS; U1.M10:VSS; U1.M12:VSS; U1.M15:VSS; U1.M16:VSS; U1.M6:VSS; U1.M8:VSS; U1.N10:VSS; U1.N12:VSS; U1.N15:VSS; U1.N16:VSS; U1.N3:VSS; U1.N5:VSS; U1.N8:VSS; U1.P10:VSS; U1.P12:VSS; U1.P14:VSS; U1.P15:VSS; U1.P20:VSS; U1.P6:VSS; U1.P7:VSS; U1.P8:VSS; U1.R10:VSS; U1.R12:VSS; U1.R14:VSS; U1.R16:VSS; U1.R3:VSS; U1.R6:VSS; U1.R7:VSS; U1.T15:VSS; U1.T3:VSS; U1.T7:VSS; U1.T8:VSS; U1.T9:VSS; U1.U19:VSS; U1.U3:VSS; U1.U8:VSS; U1.V3:VSS; U1.V4:VSS; U1.V5:VSS; U1.V6:VSS; U1.V7:VSS; U1.V8:VSS; U1.W1:VSS; U1.W16:VSS; U1.W20:VSS; U1.Y13:VSS; U1.Y19:VSS; U11.6:GND; U12.10:D4; U12.11:S4B; U12.12:S4A; U12.6:GND; U12.8:S3B; U13.1:S1B; U13.11:S4B; U13.15:SEL; U13.4:S2B; U13.6:GND; U13.8:S3B; U14.3:GND; U2.A10:VSS; U2.A3:VSS; U2.AB10:VSS; U2.AB3:VSS; U2.AB5:VSS; U2.AB8:VSS; U2.C1:VSS; U2.C12:VSS; U2.C5:VSS; U2.C8:VSS; U2.D11:VSS; U2.D2:VSS; U2.D4:VSS; U2.D9:VSS; U2.E1:VSS; U2.E12:VSS; U2.E5:VSS; U2.E8:VSS; U2.G1:VSS; U2.G10:VSS; U2.G12:VSS; U2.G3:VSS; U2.G5:VSS; U2.G8:VSS; U2.J1:VSS; U2.J10:VSS; U2.J3:VSS; U2.K11:VSS; U2.K2:VSS; U2.K4:VSS; U2.K9:VSS; U2.N11:VSS; U2.N2:VSS; U2.N4:VSS; U2.N9:VSS; U2.P1:VSS; U2.P10:VSS; U2.P12:VSS; U2.P3:VSS; U2.T1:VSS; U2.T10:VSS; U2.T12:VSS; U2.T3:VSS; U2.T5:VSS; U2.T8:VSS; U2.V1:VSS; U2.V12:VSS; U2.V5:VSS; U2.V8:VSS; U2.W11:VSS; U2.W2:VSS; U2.W4:VSS; U2.W9:VSS; U2.Y1:VSS; U2.Y12:VSS; U2.Y5:VSS; U2.Y8:VSS; U21.4:GND; U22.A1:AGND; U22.B1:PGND; U22.B2:PGND; U22.B3:PGND; U23.A1:AGND; U23.B1:PGND; U23.B2:PGND; U23.B3:PGND; U24.4:GND; U25.4:GND; U26.4:GND; U3.A6:VSS; U3.C4:VSS; U3.E7:VSS; U3.G5:VSS; U3.H10:VSS; U3.J5:VSS; U3.K8:VSS; U3.N2:VSS; U3.N5:VSS; U3.P4:VSS; U3.P6:VSS; U89.5:GND; U89.7:EP_GND; U90.5:GND; U90.7:EP_GND; U91.3:GND; U92.1:B_TIE_LOW; U92.2:GND; U93.3:GND; U94.1:B_TIE_LOW; U94.2:GND; U95.7:GND; Y2.2:GND; Y2.4:GND
U2,K4F8E304HB_200,K1,VDD2,power_in,power_in,false,Samsung K4F8E304HB-MGCJ Rev.1.0 (June 2016),10,K row / column 1,12,4.5 Table 1,Supply,Supply input,FUNCTIONAL,All normal supported operating modes of this exact part,Manufacturer supply/ground identity; do not promote to source.,,VDD1P1_DDR_IO,65 exact SoC joins; source NC/DNU flagged; bias on dedicated sheet,C218.1:; C219.1:; C534.1:; C535.1:; C536.1:; C537.1:; C538.1:; C539.1:; C540.1:; C541.1:; C542.1:; C543.1:; C544.1:; C545.1:; C546.1:; C547.1:; C548.1:; C549.1:; C550.1:; C551.1:; C552.1:; C553.1:; C554.1:; C555.1:; C556.1:; C557.1:; C558.1:; C559.1:; C560.1:; C561.1:; C61.1:; L24.2:; R207.1:; R61.2:; R62.2:; R63.2:; R65.1:; U1.H14:VDD1P1_DDR_IO; U1.J14:VDD1P1_DDR_IO; U1.L14:VDD1P1_DDR_IO; U1.M14:VDD1P1_DDR_IO; U1.N14:VDD1P1_DDR_IO; U2.A4:VDD2; U2.A9:VDD2; U2.AA10:VDDQ; U2.AA3:VDDQ; U2.AA5:VDDQ; U2.AA8:VDDQ; U2.AB4:VDD2; U2.AB9:VDD2; U2.B10:VDDQ; U2.B3:VDDQ; U2.B5:VDDQ; U2.B8:VDDQ; U2.D1:VDDQ; U2.D12:VDDQ; U2.D5:VDDQ; U2.D8:VDDQ; U2.F10:VDDQ; U2.F3:VDDQ; U2.F5:VDD2; U2.F8:VDD2; U2.H1:VDD2; U2.H12:VDD2; U2.H5:VDD2; U2.H8:VDD2; U2.K10:VDD2; U2.K12:VDD2; U2.K3:VDD2; U2.N1:VDD2; U2.N10:VDD2; U2.N12:VDD2; U2.N3:VDD2; U2.R1:VDD2; U2.R12:VDD2; U2.R5:VDD2; U2.R8:VDD2; U2.U10:VDDQ; U2.U3:VDDQ; U2.U5:VDD2; U2.U8:VDD2; U2.W1:VDDQ; U2.W12:VDDQ; U2.W5:VDDQ; U2.W8:VDDQ
U2,K4F8E304HB_200,K2,VSS,power_in,power_in,false,Samsung K4F8E304HB-MGCJ Rev.1.0 (June 2016),10,K row / column 2,12,4.5 Table 1,GND,Ground return,FUNCTIONAL,All normal supported operating modes of this exact part,Manufacturer supply/ground identity; do not promote to source.,,GND,65 exact SoC joins; source NC/DNU flagged; bias on dedicated sheet,C201.2:; C203.2:; C204.2:; C205.2:; C206.2:; C207.2:; C208.2:; C209.2:; C210.2:; C211.2:; C212.2:; C213.2:; C214.2:; C215.2:; C216.2:; C217.2:; C218.2:; C220.2:; C221.2:; C222.2:; C223.2:; C225.2:; C226.2:; C227.2:; C228.2:; C230.2:; C231.2:; C232.2:; C233.2:; C234.2:; C235.2:; C236.2:; C237.2:; C238.2:; C239.2:; C240.2:; C241.2:; C242.2:; C243.2:; C244.2:; C31.2:; C32.2:; C33.2:; C34.2:; C41.2:; C42.2:; C43.2:; C44.2:; C45.2:; C501.2:; C502.2:; C503.2:; C504.2:; C505.2:; C506.2:; C507.2:; C508.2:; C509.2:; C510.2:; C511.2:; C512.2:; C513.2:; C514.2:; C515.2:; C516.2:; C517.2:; C518.2:; C519.2:; C520.2:; C521.2:; C522.2:; C523.2:; C524.2:; C525.2:; C526.2:; C527.2:; C528.2:; C529.2:; C530.2:; C531.2:; C532.2:; C533.2:; C534.2:; C535.2:; C536.2:; C537.2:; C538.2:; C539.2:; C540.2:; C541.2:; C542.2:; C543.2:; C544.2:; C545.2:; C546.2:; C547.2:; C548.2:; C549.2:; C550.2:; C551.2:; C552.2:; C553.2:; C554.2:; C555.2:; C556.2:; C557.2:; C558.2:; C559.2:; C560.2:; C561.2:; C562.2:; C563.2:; C564.2:; C565.2:; C566.2:; C567.2:; C568.2:; C569.2:; C570.2:; C571.2:; C572.2:; C573.2:; C574.2:; C575.2:; C576.2:; C577.2:; C62.2:; C63.2:; C64.2:; C65.2:; C809.2:; C810.2:; C811.2:; C812.2:; C813.2:; C814.2:; C815.2:; C816.2:; J1.1:GND; J1.106:GND; J1.2:GND; J1.3:GND; J1.36:GND; J1.49:GND; J1.57:GND; J1.64:GND; J1.71:GND; J1.78:GND; J1.89:GND; R202.2:; R205.2:; R206.2:; R208.2:; R211.2:; R214.2:; R31.2:; R402.2:; R44.2:; R47.2:; R526.2:; R529.2:; R571.2:; R572.2:; R64.2:; R66.2:; R69.2:; R70.2:; R71.2:; U1.A13:VSS; U1.A16:VSS; U1.A19:VSS; U1.A9:TEST_EN; U1.B13:VSS; U1.B20:VSS; U1.C13:VSS; U1.D10:VSS; U1.D11:VSS; U1.D13:VSS; U1.D15:VSS; U1.D9:VSS; U1.E12:VSS; U1.E13:VSS; U1.E14:VSS; U1.E15:VSS; U1.E16:VSS; U1.E19:VSS; U1.E4:VSS; U1.E6:VSS; U1.E7:VSS; U1.E8:VSS; U1.F10:VSS; U1.F11:AVSS; U1.F16:VSS; U1.F4:VSS; U1.F6:VSS; U1.G13:VSS; U1.G14:VSS; U1.G15:VSS; U1.G16:VSS; U1.G6:VSS; U1.G7:AVSS; U1.G8:AVSS; U1.H11:VSS; U1.H13:VSS; U1.H15:VSS; U1.H16:VSS; U1.H20:VSS; U1.H7:VSS; U1.J11:VSS; U1.J13:VSS; U1.J15:VSS; U1.J7:VSS; U1.K10:VSS; U1.K12:VSS; U1.K14:VSS; U1.K16:VSS; U1.K18:VSS; U1.K3:VSS; U1.K6:VSS; U1.K8:VSS; U1.L10:VSS; U1.L12:VSS; U1.L15:VSS; U1.L19:VSS; U1.L7:VSS; U1.L8:VSS; U1.M10:VSS; U1.M12:VSS; U1.M15:VSS; U1.M16:VSS; U1.M6:VSS; U1.M8:VSS; U1.N10:VSS; U1.N12:VSS; U1.N15:VSS; U1.N16:VSS; U1.N3:VSS; U1.N5:VSS; U1.N8:VSS; U1.P10:VSS; U1.P12:VSS; U1.P14:VSS; U1.P15:VSS; U1.P20:VSS; U1.P6:VSS; U1.P7:VSS; U1.P8:VSS; U1.R10:VSS; U1.R12:VSS; U1.R14:VSS; U1.R16:VSS; U1.R3:VSS; U1.R6:VSS; U1.R7:VSS; U1.T15:VSS; U1.T3:VSS; U1.T7:VSS; U1.T8:VSS; U1.T9:VSS; U1.U19:VSS; U1.U3:VSS; U1.U8:VSS; U1.V3:VSS; U1.V4:VSS; U1.V5:VSS; U1.V6:VSS; U1.V7:VSS; U1.V8:VSS; U1.W1:VSS; U1.W16:VSS; U1.W20:VSS; U1.Y13:VSS; U1.Y19:VSS; U11.6:GND; U12.10:D4; U12.11:S4B; U12.12:S4A; U12.6:GND; U12.8:S3B; U13.1:S1B; U13.11:S4B; U13.15:SEL; U13.4:S2B; U13.6:GND; U13.8:S3B; U14.3:GND; U2.A10:VSS; U2.A3:VSS; U2.AB10:VSS; U2.AB3:VSS; U2.AB5:VSS; U2.AB8:VSS; U2.C1:VSS; U2.C12:VSS; U2.C5:VSS; U2.C8:VSS; U2.D11:VSS; U2.D2:VSS; U2.D4:VSS; U2.D9:VSS; U2.E1:VSS; U2.E12:VSS; U2.E5:VSS; U2.E8:VSS; U2.G1:VSS; U2.G10:VSS; U2.G12:VSS; U2.G3:VSS; U2.G5:VSS; U2.G8:VSS; U2.J1:VSS; U2.J10:VSS; U2.J12:VSS; U2.J3:VSS; U2.K11:VSS; U2.K4:VSS; U2.K9:VSS; U2.N11:VSS; U2.N2:VSS; U2.N4:VSS; U2.N9:VSS; U2.P1:VSS; U2.P10:VSS; U2.P12:VSS; U2.P3:VSS; U2.T1:VSS; U2.T10:VSS; U2.T12:VSS; U2.T3:VSS; U2.T5:VSS; U2.T8:VSS; U2.V1:VSS; U2.V12:VSS; U2.V5:VSS; U2.V8:VSS; U2.W11:VSS; U2.W2:VSS; U2.W4:VSS; U2.W9:VSS; U2.Y1:VSS; U2.Y12:VSS; U2.Y5:VSS; U2.Y8:VSS; U21.4:GND; U22.A1:AGND; U22.B1:PGND; U22.B2:PGND; U22.B3:PGND; U23.A1:AGND; U23.B1:PGND; U23.B2:PGND; U23.B3:PGND; U24.4:GND; U25.4:GND; U26.4:GND; U3.A6:VSS; U3.C4:VSS; U3.E7:VSS; U3.G5:VSS; U3.H10:VSS; U3.J5:VSS; U3.K8:VSS; U3.N2:VSS; U3.N5:VSS; U3.P4:VSS; U3.P6:VSS; U89.5:GND; U89.7:EP_GND; U90.5:GND; U90.7:EP_GND; U91.3:GND; U92.1:B_TIE_LOW; U92.2:GND; U93.3:GND; U94.1:B_TIE_LOW; U94.2:GND; U95.7:GND; Y2.2:GND; Y2.4:GND
U2,K4F8E304HB_200,K3,VDD2,power_in,power_in,false,Samsung K4F8E304HB-MGCJ Rev.1.0 (June 2016),10,K row / column 3,12,4.5 Table 1,Supply,Supply input,FUNCTIONAL,All normal supported operating modes of this exact part,Manufacturer supply/ground identity; do not promote to source.,,VDD1P1_DDR_IO,65 exact SoC joins; source NC/DNU flagged; bias on dedicated sheet,C218.1:; C219.1:; C534.1:; C535.1:; C536.1:; C537.1:; C538.1:; C539.1:; C540.1:; C541.1:; C542.1:; C543.1:; C544.1:; C545.1:; C546.1:; C547.1:; C548.1:; C549.1:; C550.1:; C551.1:; C552.1:; C553.1:; C554.1:; C555.1:; C556.1:; C557.1:; C558.1:; C559.1:; C560.1:; C561.1:; C61.1:; L24.2:; R207.1:; R61.2:; R62.2:; R63.2:; R65.1:; U1.H14:VDD1P1_DDR_IO; U1.J14:VDD1P1_DDR_IO; U1.L14:VDD1P1_DDR_IO; U1.M14:VDD1P1_DDR_IO; U1.N14:VDD1P1_DDR_IO; U2.A4:VDD2; U2.A9:VDD2; U2.AA10:VDDQ; U2.AA3:VDDQ; U2.AA5:VDDQ; U2.AA8:VDDQ; U2.AB4:VDD2; U2.AB9:VDD2; U2.B10:VDDQ; U2.B3:VDDQ; U2.B5:VDDQ; U2.B8:VDDQ; U2.D1:VDDQ; U2.D12:VDDQ; U2.D5:VDDQ; U2.D8:VDDQ; U2.F10:VDDQ; U2.F3:VDDQ; U2.F5:VDD2; U2.F8:VDD2; U2.H1:VDD2; U2.H12:VDD2; U2.H5:VDD2; U2.H8:VDD2; U2.K1:VDD2; U2.K10:VDD2; U2.K12:VDD2; U2.N1:VDD2; U2.N10:VDD2; U2.N12:VDD2; U2.N3:VDD2; U2.R1:VDD2; U2.R12:VDD2; U2.R5:VDD2; U2.R8:VDD2; U2.U10:VDDQ; U2.U3:VDDQ; U2.U5:VDD2; U2.U8:VDD2; U2.W1:VDDQ; U2.W12:VDDQ; U2.W5:VDDQ; U2.W8:VDDQ
U2,K4F8E304HB_200,K4,VSS,power_in,power_in,false,Samsung K4F8E304HB-MGCJ Rev.1.0 (June 2016),10,K row / column 4,12,4.5 Table 1,GND,Ground return,FUNCTIONAL,All normal supported operating modes of this exact part,Manufacturer supply/ground identity; do not promote to source.,,GND,65 exact SoC joins; source NC/DNU flagged; bias on dedicated sheet,C201.2:; C203.2:; C204.2:; C205.2:; C206.2:; C207.2:; C208.2:; C209.2:; C210.2:; C211.2:; C212.2:; C213.2:; C214.2:; C215.2:; C216.2:; C217.2:; C218.2:; C220.2:; C221.2:; C222.2:; C223.2:; C225.2:; C226.2:; C227.2:; C228.2:; C230.2:; C231.2:; C232.2:; C233.2:; C234.2:; C235.2:; C236.2:; C237.2:; C238.2:; C239.2:; C240.2:; C241.2:; C242.2:; C243.2:; C244.2:; C31.2:; C32.2:; C33.2:; C34.2:; C41.2:; C42.2:; C43.2:; C44.2:; C45.2:; C501.2:; C502.2:; C503.2:; C504.2:; C505.2:; C506.2:; C507.2:; C508.2:; C509.2:; C510.2:; C511.2:; C512.2:; C513.2:; C514.2:; C515.2:; C516.2:; C517.2:; C518.2:; C519.2:; C520.2:; C521.2:; C522.2:; C523.2:; C524.2:; C525.2:; C526.2:; C527.2:; C528.2:; C529.2:; C530.2:; C531.2:; C532.2:; C533.2:; C534.2:; C535.2:; C536.2:; C537.2:; C538.2:; C539.2:; C540.2:; C541.2:; C542.2:; C543.2:; C544.2:; C545.2:; C546.2:; C547.2:; C548.2:; C549.2:; C550.2:; C551.2:; C552.2:; C553.2:; C554.2:; C555.2:; C556.2:; C557.2:; C558.2:; C559.2:; C560.2:; C561.2:; C562.2:; C563.2:; C564.2:; C565.2:; C566.2:; C567.2:; C568.2:; C569.2:; C570.2:; C571.2:; C572.2:; C573.2:; C574.2:; C575.2:; C576.2:; C577.2:; C62.2:; C63.2:; C64.2:; C65.2:; C809.2:; C810.2:; C811.2:; C812.2:; C813.2:; C814.2:; C815.2:; C816.2:; J1.1:GND; J1.106:GND; J1.2:GND; J1.3:GND; J1.36:GND; J1.49:GND; J1.57:GND; J1.64:GND; J1.71:GND; J1.78:GND; J1.89:GND; R202.2:; R205.2:; R206.2:; R208.2:; R211.2:; R214.2:; R31.2:; R402.2:; R44.2:; R47.2:; R526.2:; R529.2:; R571.2:; R572.2:; R64.2:; R66.2:; R69.2:; R70.2:; R71.2:; U1.A13:VSS; U1.A16:VSS; U1.A19:VSS; U1.A9:TEST_EN; U1.B13:VSS; U1.B20:VSS; U1.C13:VSS; U1.D10:VSS; U1.D11:VSS; U1.D13:VSS; U1.D15:VSS; U1.D9:VSS; U1.E12:VSS; U1.E13:VSS; U1.E14:VSS; U1.E15:VSS; U1.E16:VSS; U1.E19:VSS; U1.E4:VSS; U1.E6:VSS; U1.E7:VSS; U1.E8:VSS; U1.F10:VSS; U1.F11:AVSS; U1.F16:VSS; U1.F4:VSS; U1.F6:VSS; U1.G13:VSS; U1.G14:VSS; U1.G15:VSS; U1.G16:VSS; U1.G6:VSS; U1.G7:AVSS; U1.G8:AVSS; U1.H11:VSS; U1.H13:VSS; U1.H15:VSS; U1.H16:VSS; U1.H20:VSS; U1.H7:VSS; U1.J11:VSS; U1.J13:VSS; U1.J15:VSS; U1.J7:VSS; U1.K10:VSS; U1.K12:VSS; U1.K14:VSS; U1.K16:VSS; U1.K18:VSS; U1.K3:VSS; U1.K6:VSS; U1.K8:VSS; U1.L10:VSS; U1.L12:VSS; U1.L15:VSS; U1.L19:VSS; U1.L7:VSS; U1.L8:VSS; U1.M10:VSS; U1.M12:VSS; U1.M15:VSS; U1.M16:VSS; U1.M6:VSS; U1.M8:VSS; U1.N10:VSS; U1.N12:VSS; U1.N15:VSS; U1.N16:VSS; U1.N3:VSS; U1.N5:VSS; U1.N8:VSS; U1.P10:VSS; U1.P12:VSS; U1.P14:VSS; U1.P15:VSS; U1.P20:VSS; U1.P6:VSS; U1.P7:VSS; U1.P8:VSS; U1.R10:VSS; U1.R12:VSS; U1.R14:VSS; U1.R16:VSS; U1.R3:VSS; U1.R6:VSS; U1.R7:VSS; U1.T15:VSS; U1.T3:VSS; U1.T7:VSS; U1.T8:VSS; U1.T9:VSS; U1.U19:VSS; U1.U3:VSS; U1.U8:VSS; U1.V3:VSS; U1.V4:VSS; U1.V5:VSS; U1.V6:VSS; U1.V7:VSS; U1.V8:VSS; U1.W1:VSS; U1.W16:VSS; U1.W20:VSS; U1.Y13:VSS; U1.Y19:VSS; U11.6:GND; U12.10:D4; U12.11:S4B; U12.12:S4A; U12.6:GND; U12.8:S3B; U13.1:S1B; U13.11:S4B; U13.15:SEL; U13.4:S2B; U13.6:GND; U13.8:S3B; U14.3:GND; U2.A10:VSS; U2.A3:VSS; U2.AB10:VSS; U2.AB3:VSS; U2.AB5:VSS; U2.AB8:VSS; U2.C1:VSS; U2.C12:VSS; U2.C5:VSS; U2.C8:VSS; U2.D11:VSS; U2.D2:VSS; U2.D4:VSS; U2.D9:VSS; U2.E1:VSS; U2.E12:VSS; U2.E5:VSS; U2.E8:VSS; U2.G1:VSS; U2.G10:VSS; U2.G12:VSS; U2.G3:VSS; U2.G5:VSS; U2.G8:VSS; U2.J1:VSS; U2.J10:VSS; U2.J12:VSS; U2.J3:VSS; U2.K11:VSS; U2.K2:VSS; U2.K9:VSS; U2.N11:VSS; U2.N2:VSS; U2.N4:VSS; U2.N9:VSS; U2.P1:VSS; U2.P10:VSS; U2.P12:VSS; U2.P3:VSS; U2.T1:VSS; U2.T10:VSS; U2.T12:VSS; U2.T3:VSS; U2.T5:VSS; U2.T8:VSS; U2.V1:VSS; U2.V12:VSS; U2.V5:VSS; U2.V8:VSS; U2.W11:VSS; U2.W2:VSS; U2.W4:VSS; U2.W9:VSS; U2.Y1:VSS; U2.Y12:VSS; U2.Y5:VSS; U2.Y8:VSS; U21.4:GND; U22.A1:AGND; U22.B1:PGND; U22.B2:PGND; U22.B3:PGND; U23.A1:AGND; U23.B1:PGND; U23.B2:PGND; U23.B3:PGND; U24.4:GND; U25.4:GND; U26.4:GND; U3.A6:VSS; U3.C4:VSS; U3.E7:VSS; U3.G5:VSS; U3.H10:VSS; U3.J5:VSS; U3.K8:VSS; U3.N2:VSS; U3.N5:VSS; U3.P4:VSS; U3.P6:VSS; U89.5:GND; U89.7:EP_GND; U90.5:GND; U90.7:EP_GND; U91.3:GND; U92.1:B_TIE_LOW; U92.2:GND; U93.3:GND; U94.1:B_TIE_LOW; U94.2:GND; U95.7:GND; Y2.2:GND; Y2.4:GND
U2,K4F8E304HB_200,K5,DNU,no_connect,no_connect,false,Samsung K4F8E304HB-MGCJ Rev.1.0 (June 2016),10,K row / column 5,10–11,4.2 package ballout; 4.3 pad definitions,DNU,Do-not-use ball,MANUFACTURER_DO_NOT_USE,All normal supported operating modes of this exact part,Keep an explicit no-use electrical class and open circuit; retain the manufacturer classification separately.,A no_connect CAD type does not prove this physical ball is unbonded. DNU/RFU must not be used. The source does not grant alternative NC wiring; leave NC open rather than assuming grounding or routing-through is permitted.,unconnected-(U2C-DNU-PadK5),MANUFACTURER_NC_DNU_MUST_REMAIN_OPEN,
U2,K4F8E304HB_200,K8,DNU,no_connect,no_connect,false,Samsung K4F8E304HB-MGCJ Rev.1.0 (June 2016),10,K row / column 8,10–11,4.2 package ballout; 4.3 pad definitions,DNU,Do-not-use ball,MANUFACTURER_DO_NOT_USE,All normal supported operating modes of this exact part,Keep an explicit no-use electrical class and open circuit; retain the manufacturer classification separately.,A no_connect CAD type does not prove this physical ball is unbonded. DNU/RFU must not be used. The source does not grant alternative NC wiring; leave NC open rather than assuming grounding or routing-through is permitted.,unconnected-(U2C-DNU-PadK8),MANUFACTURER_NC_DNU_MUST_REMAIN_OPEN,
U2,K4F8E304HB_200,K9,VSS,power_in,power_in,false,Samsung K4F8E304HB-MGCJ Rev.1.0 (June 2016),10,K row / column 9,12,4.5 Table 1,GND,Ground return,FUNCTIONAL,All normal supported operating modes of this exact part,Manufacturer supply/ground identity; do not promote to source.,,GND,65 exact SoC joins; source NC/DNU flagged; bias on dedicated sheet,C201.2:; C203.2:; C204.2:; C205.2:; C206.2:; C207.2:; C208.2:; C209.2:; C210.2:; C211.2:; C212.2:; C213.2:; C214.2:; C215.2:; C216.2:; C217.2:; C218.2:; C220.2:; C221.2:; C222.2:; C223.2:; C225.2:; C226.2:; C227.2:; C228.2:; C230.2:; C231.2:; C232.2:; C233.2:; C234.2:; C235.2:; C236.2:; C237.2:; C238.2:; C239.2:; C240.2:; C241.2:; C242.2:; C243.2:; C244.2:; C31.2:; C32.2:; C33.2:; C34.2:; C41.2:; C42.2:; C43.2:; C44.2:; C45.2:; C501.2:; C502.2:; C503.2:; C504.2:; C505.2:; C506.2:; C507.2:; C508.2:; C509.2:; C510.2:; C511.2:; C512.2:; C513.2:; C514.2:; C515.2:; C516.2:; C517.2:; C518.2:; C519.2:; C520.2:; C521.2:; C522.2:; C523.2:; C524.2:; C525.2:; C526.2:; C527.2:; C528.2:; C529.2:; C530.2:; C531.2:; C532.2:; C533.2:; C534.2:; C535.2:; C536.2:; C537.2:; C538.2:; C539.2:; C540.2:; C541.2:; C542.2:; C543.2:; C544.2:; C545.2:; C546.2:; C547.2:; C548.2:; C549.2:; C550.2:; C551.2:; C552.2:; C553.2:; C554.2:; C555.2:; C556.2:; C557.2:; C558.2:; C559.2:; C560.2:; C561.2:; C562.2:; C563.2:; C564.2:; C565.2:; C566.2:; C567.2:; C568.2:; C569.2:; C570.2:; C571.2:; C572.2:; C573.2:; C574.2:; C575.2:; C576.2:; C577.2:; C62.2:; C63.2:; C64.2:; C65.2:; C809.2:; C810.2:; C811.2:; C812.2:; C813.2:; C814.2:; C815.2:; C816.2:; J1.1:GND; J1.106:GND; J1.2:GND; J1.3:GND; J1.36:GND; J1.49:GND; J1.57:GND; J1.64:GND; J1.71:GND; J1.78:GND; J1.89:GND; R202.2:; R205.2:; R206.2:; R208.2:; R211.2:; R214.2:; R31.2:; R402.2:; R44.2:; R47.2:; R526.2:; R529.2:; R571.2:; R572.2:; R64.2:; R66.2:; R69.2:; R70.2:; R71.2:; U1.A13:VSS; U1.A16:VSS; U1.A19:VSS; U1.A9:TEST_EN; U1.B13:VSS; U1.B20:VSS; U1.C13:VSS; U1.D10:VSS; U1.D11:VSS; U1.D13:VSS; U1.D15:VSS; U1.D9:VSS; U1.E12:VSS; U1.E13:VSS; U1.E14:VSS; U1.E15:VSS; U1.E16:VSS; U1.E19:VSS; U1.E4:VSS; U1.E6:VSS; U1.E7:VSS; U1.E8:VSS; U1.F10:VSS; U1.F11:AVSS; U1.F16:VSS; U1.F4:VSS; U1.F6:VSS; U1.G13:VSS; U1.G14:VSS; U1.G15:VSS; U1.G16:VSS; U1.G6:VSS; U1.G7:AVSS; U1.G8:AVSS; U1.H11:VSS; U1.H13:VSS; U1.H15:VSS; U1.H16:VSS; U1.H20:VSS; U1.H7:VSS; U1.J11:VSS; U1.J13:VSS; U1.J15:VSS; U1.J7:VSS; U1.K10:VSS; U1.K12:VSS; U1.K14:VSS; U1.K16:VSS; U1.K18:VSS; U1.K3:VSS; U1.K6:VSS; U1.K8:VSS; U1.L10:VSS; U1.L12:VSS; U1.L15:VSS; U1.L19:VSS; U1.L7:VSS; U1.L8:VSS; U1.M10:VSS; U1.M12:VSS; U1.M15:VSS; U1.M16:VSS; U1.M6:VSS; U1.M8:VSS; U1.N10:VSS; U1.N12:VSS; U1.N15:VSS; U1.N16:VSS; U1.N3:VSS; U1.N5:VSS; U1.N8:VSS; U1.P10:VSS; U1.P12:VSS; U1.P14:VSS; U1.P15:VSS; U1.P20:VSS; U1.P6:VSS; U1.P7:VSS; U1.P8:VSS; U1.R10:VSS; U1.R12:VSS; U1.R14:VSS; U1.R16:VSS; U1.R3:VSS; U1.R6:VSS; U1.R7:VSS; U1.T15:VSS; U1.T3:VSS; U1.T7:VSS; U1.T8:VSS; U1.T9:VSS; U1.U19:VSS; U1.U3:VSS; U1.U8:VSS; U1.V3:VSS; U1.V4:VSS; U1.V5:VSS; U1.V6:VSS; U1.V7:VSS; U1.V8:VSS; U1.W1:VSS; U1.W16:VSS; U1.W20:VSS; U1.Y13:VSS; U1.Y19:VSS; U11.6:GND; U12.10:D4; U12.11:S4B; U12.12:S4A; U12.6:GND; U12.8:S3B; U13.1:S1B; U13.11:S4B; U13.15:SEL; U13.4:S2B; U13.6:GND; U13.8:S3B; U14.3:GND; U2.A10:VSS; U2.A3:VSS; U2.AB10:VSS; U2.AB3:VSS; U2.AB5:VSS; U2.AB8:VSS; U2.C1:VSS; U2.C12:VSS; U2.C5:VSS; U2.C8:VSS; U2.D11:VSS; U2.D2:VSS; U2.D4:VSS; U2.D9:VSS; U2.E1:VSS; U2.E12:VSS; U2.E5:VSS; U2.E8:VSS; U2.G1:VSS; U2.G10:VSS; U2.G12:VSS; U2.G3:VSS; U2.G5:VSS; U2.G8:VSS; U2.J1:VSS; U2.J10:VSS; U2.J12:VSS; U2.J3:VSS; U2.K11:VSS; U2.K2:VSS; U2.K4:VSS; U2.N11:VSS; U2.N2:VSS; U2.N4:VSS; U2.N9:VSS; U2.P1:VSS; U2.P10:VSS; U2.P12:VSS; U2.P3:VSS; U2.T1:VSS; U2.T10:VSS; U2.T12:VSS; U2.T3:VSS; U2.T5:VSS; U2.T8:VSS; U2.V1:VSS; U2.V12:VSS; U2.V5:VSS; U2.V8:VSS; U2.W11:VSS; U2.W2:VSS; U2.W4:VSS; U2.W9:VSS; U2.Y1:VSS; U2.Y12:VSS; U2.Y5:VSS; U2.Y8:VSS; U21.4:GND; U22.A1:AGND; U22.B1:PGND; U22.B2:PGND; U22.B3:PGND; U23.A1:AGND; U23.B1:PGND; U23.B2:PGND; U23.B3:PGND; U24.4:GND; U25.4:GND; U26.4:GND; U3.A6:VSS; U3.C4:VSS; U3.E7:VSS; U3.G5:VSS; U3.H10:VSS; U3.J5:VSS; U3.K8:VSS; U3.N2:VSS; U3.N5:VSS; U3.P4:VSS; U3.P6:VSS; U89.5:GND; U89.7:EP_GND; U90.5:GND; U90.7:EP_GND; U91.3:GND; U92.1:B_TIE_LOW; U92.2:GND; U93.3:GND; U94.1:B_TIE_LOW; U94.2:GND; U95.7:GND; Y2.2:GND; Y2.4:GND
U2,K4F8E304HB_200,K10,VDD2,power_in,power_in,false,Samsung K4F8E304HB-MGCJ Rev.1.0 (June 2016),10,K row / column 10,12,4.5 Table 1,Supply,Supply input,FUNCTIONAL,All normal supported operating modes of this exact part,Manufacturer supply/ground identity; do not promote to source.,,VDD1P1_DDR_IO,65 exact SoC joins; source NC/DNU flagged; bias on dedicated sheet,C218.1:; C219.1:; C534.1:; C535.1:; C536.1:; C537.1:; C538.1:; C539.1:; C540.1:; C541.1:; C542.1:; C543.1:; C544.1:; C545.1:; C546.1:; C547.1:; C548.1:; C549.1:; C550.1:; C551.1:; C552.1:; C553.1:; C554.1:; C555.1:; C556.1:; C557.1:; C558.1:; C559.1:; C560.1:; C561.1:; C61.1:; L24.2:; R207.1:; R61.2:; R62.2:; R63.2:; R65.1:; U1.H14:VDD1P1_DDR_IO; U1.J14:VDD1P1_DDR_IO; U1.L14:VDD1P1_DDR_IO; U1.M14:VDD1P1_DDR_IO; U1.N14:VDD1P1_DDR_IO; U2.A4:VDD2; U2.A9:VDD2; U2.AA10:VDDQ; U2.AA3:VDDQ; U2.AA5:VDDQ; U2.AA8:VDDQ; U2.AB4:VDD2; U2.AB9:VDD2; U2.B10:VDDQ; U2.B3:VDDQ; U2.B5:VDDQ; U2.B8:VDDQ; U2.D1:VDDQ; U2.D12:VDDQ; U2.D5:VDDQ; U2.D8:VDDQ; U2.F10:VDDQ; U2.F3:VDDQ; U2.F5:VDD2; U2.F8:VDD2; U2.H1:VDD2; U2.H12:VDD2; U2.H5:VDD2; U2.H8:VDD2; U2.K1:VDD2; U2.K12:VDD2; U2.K3:VDD2; U2.N1:VDD2; U2.N10:VDD2; U2.N12:VDD2; U2.N3:VDD2; U2.R1:VDD2; U2.R12:VDD2; U2.R5:VDD2; U2.R8:VDD2; U2.U10:VDDQ; U2.U3:VDDQ; U2.U5:VDD2; U2.U8:VDD2; U2.W1:VDDQ; U2.W12:VDDQ; U2.W5:VDDQ; U2.W8:VDDQ
U2,K4F8E304HB_200,K11,VSS,power_in,power_in,false,Samsung K4F8E304HB-MGCJ Rev.1.0 (June 2016),10,K row / column 11,12,4.5 Table 1,GND,Ground return,FUNCTIONAL,All normal supported operating modes of this exact part,Manufacturer supply/ground identity; do not promote to source.,,GND,65 exact SoC joins; source NC/DNU flagged; bias on dedicated sheet,C201.2:; C203.2:; C204.2:; C205.2:; C206.2:; C207.2:; C208.2:; C209.2:; C210.2:; C211.2:; C212.2:; C213.2:; C214.2:; C215.2:; C216.2:; C217.2:; C218.2:; C220.2:; C221.2:; C222.2:; C223.2:; C225.2:; C226.2:; C227.2:; C228.2:; C230.2:; C231.2:; C232.2:; C233.2:; C234.2:; C235.2:; C236.2:; C237.2:; C238.2:; C239.2:; C240.2:; C241.2:; C242.2:; C243.2:; C244.2:; C31.2:; C32.2:; C33.2:; C34.2:; C41.2:; C42.2:; C43.2:; C44.2:; C45.2:; C501.2:; C502.2:; C503.2:; C504.2:; C505.2:; C506.2:; C507.2:; C508.2:; C509.2:; C510.2:; C511.2:; C512.2:; C513.2:; C514.2:; C515.2:; C516.2:; C517.2:; C518.2:; C519.2:; C520.2:; C521.2:; C522.2:; C523.2:; C524.2:; C525.2:; C526.2:; C527.2:; C528.2:; C529.2:; C530.2:; C531.2:; C532.2:; C533.2:; C534.2:; C535.2:; C536.2:; C537.2:; C538.2:; C539.2:; C540.2:; C541.2:; C542.2:; C543.2:; C544.2:; C545.2:; C546.2:; C547.2:; C548.2:; C549.2:; C550.2:; C551.2:; C552.2:; C553.2:; C554.2:; C555.2:; C556.2:; C557.2:; C558.2:; C559.2:; C560.2:; C561.2:; C562.2:; C563.2:; C564.2:; C565.2:; C566.2:; C567.2:; C568.2:; C569.2:; C570.2:; C571.2:; C572.2:; C573.2:; C574.2:; C575.2:; C576.2:; C577.2:; C62.2:; C63.2:; C64.2:; C65.2:; C809.2:; C810.2:; C811.2:; C812.2:; C813.2:; C814.2:; C815.2:; C816.2:; J1.1:GND; J1.106:GND; J1.2:GND; J1.3:GND; J1.36:GND; J1.49:GND; J1.57:GND; J1.64:GND; J1.71:GND; J1.78:GND; J1.89:GND; R202.2:; R205.2:; R206.2:; R208.2:; R211.2:; R214.2:; R31.2:; R402.2:; R44.2:; R47.2:; R526.2:; R529.2:; R571.2:; R572.2:; R64.2:; R66.2:; R69.2:; R70.2:; R71.2:; U1.A13:VSS; U1.A16:VSS; U1.A19:VSS; U1.A9:TEST_EN; U1.B13:VSS; U1.B20:VSS; U1.C13:VSS; U1.D10:VSS; U1.D11:VSS; U1.D13:VSS; U1.D15:VSS; U1.D9:VSS; U1.E12:VSS; U1.E13:VSS; U1.E14:VSS; U1.E15:VSS; U1.E16:VSS; U1.E19:VSS; U1.E4:VSS; U1.E6:VSS; U1.E7:VSS; U1.E8:VSS; U1.F10:VSS; U1.F11:AVSS; U1.F16:VSS; U1.F4:VSS; U1.F6:VSS; U1.G13:VSS; U1.G14:VSS; U1.G15:VSS; U1.G16:VSS; U1.G6:VSS; U1.G7:AVSS; U1.G8:AVSS; U1.H11:VSS; U1.H13:VSS; U1.H15:VSS; U1.H16:VSS; U1.H20:VSS; U1.H7:VSS; U1.J11:VSS; U1.J13:VSS; U1.J15:VSS; U1.J7:VSS; U1.K10:VSS; U1.K12:VSS; U1.K14:VSS; U1.K16:VSS; U1.K18:VSS; U1.K3:VSS; U1.K6:VSS; U1.K8:VSS; U1.L10:VSS; U1.L12:VSS; U1.L15:VSS; U1.L19:VSS; U1.L7:VSS; U1.L8:VSS; U1.M10:VSS; U1.M12:VSS; U1.M15:VSS; U1.M16:VSS; U1.M6:VSS; U1.M8:VSS; U1.N10:VSS; U1.N12:VSS; U1.N15:VSS; U1.N16:VSS; U1.N3:VSS; U1.N5:VSS; U1.N8:VSS; U1.P10:VSS; U1.P12:VSS; U1.P14:VSS; U1.P15:VSS; U1.P20:VSS; U1.P6:VSS; U1.P7:VSS; U1.P8:VSS; U1.R10:VSS; U1.R12:VSS; U1.R14:VSS; U1.R16:VSS; U1.R3:VSS; U1.R6:VSS; U1.R7:VSS; U1.T15:VSS; U1.T3:VSS; U1.T7:VSS; U1.T8:VSS; U1.T9:VSS; U1.U19:VSS; U1.U3:VSS; U1.U8:VSS; U1.V3:VSS; U1.V4:VSS; U1.V5:VSS; U1.V6:VSS; U1.V7:VSS; U1.V8:VSS; U1.W1:VSS; U1.W16:VSS; U1.W20:VSS; U1.Y13:VSS; U1.Y19:VSS; U11.6:GND; U12.10:D4; U12.11:S4B; U12.12:S4A; U12.6:GND; U12.8:S3B; U13.1:S1B; U13.11:S4B; U13.15:SEL; U13.4:S2B; U13.6:GND; U13.8:S3B; U14.3:GND; U2.A10:VSS; U2.A3:VSS; U2.AB10:VSS; U2.AB3:VSS; U2.AB5:VSS; U2.AB8:VSS; U2.C1:VSS; U2.C12:VSS; U2.C5:VSS; U2.C8:VSS; U2.D11:VSS; U2.D2:VSS; U2.D4:VSS; U2.D9:VSS; U2.E1:VSS; U2.E12:VSS; U2.E5:VSS; U2.E8:VSS; U2.G1:VSS; U2.G10:VSS; U2.G12:VSS; U2.G3:VSS; U2.G5:VSS; U2.G8:VSS; U2.J1:VSS; U2.J10:VSS; U2.J12:VSS; U2.J3:VSS; U2.K2:VSS; U2.K4:VSS; U2.K9:VSS; U2.N11:VSS; U2.N2:VSS; U2.N4:VSS; U2.N9:VSS; U2.P1:VSS; U2.P10:VSS; U2.P12:VSS; U2.P3:VSS; U2.T1:VSS; U2.T10:VSS; U2.T12:VSS; U2.T3:VSS; U2.T5:VSS; U2.T8:VSS; U2.V1:VSS; U2.V12:VSS; U2.V5:VSS; U2.V8:VSS; U2.W11:VSS; U2.W2:VSS; U2.W4:VSS; U2.W9:VSS; U2.Y1:VSS; U2.Y12:VSS; U2.Y5:VSS; U2.Y8:VSS; U21.4:GND; U22.A1:AGND; U22.B1:PGND; U22.B2:PGND; U22.B3:PGND; U23.A1:AGND; U23.B1:PGND; U23.B2:PGND; U23.B3:PGND; U24.4:GND; U25.4:GND; U26.4:GND; U3.A6:VSS; U3.C4:VSS; U3.E7:VSS; U3.G5:VSS; U3.H10:VSS; U3.J5:VSS; U3.K8:VSS; U3.N2:VSS; U3.N5:VSS; U3.P4:VSS; U3.P6:VSS; U89.5:GND; U89.7:EP_GND; U90.5:GND; U90.7:EP_GND; U91.3:GND; U92.1:B_TIE_LOW; U92.2:GND; U93.3:GND; U94.1:B_TIE_LOW; U94.2:GND; U95.7:GND; Y2.2:GND; Y2.4:GND
U2,K4F8E304HB_200,K12,VDD2,power_in,power_in,false,Samsung K4F8E304HB-MGCJ Rev.1.0 (June 2016),10,K row / column 12,12,4.5 Table 1,Supply,Supply input,FUNCTIONAL,All normal supported operating modes of this exact part,Manufacturer supply/ground identity; do not promote to source.,,VDD1P1_DDR_IO,65 exact SoC joins; source NC/DNU flagged; bias on dedicated sheet,C218.1:; C219.1:; C534.1:; C535.1:; C536.1:; C537.1:; C538.1:; C539.1:; C540.1:; C541.1:; C542.1:; C543.1:; C544.1:; C545.1:; C546.1:; C547.1:; C548.1:; C549.1:; C550.1:; C551.1:; C552.1:; C553.1:; C554.1:; C555.1:; C556.1:; C557.1:; C558.1:; C559.1:; C560.1:; C561.1:; C61.1:; L24.2:; R207.1:; R61.2:; R62.2:; R63.2:; R65.1:; U1.H14:VDD1P1_DDR_IO; U1.J14:VDD1P1_DDR_IO; U1.L14:VDD1P1_DDR_IO; U1.M14:VDD1P1_DDR_IO; U1.N14:VDD1P1_DDR_IO; U2.A4:VDD2; U2.A9:VDD2; U2.AA10:VDDQ; U2.AA3:VDDQ; U2.AA5:VDDQ; U2.AA8:VDDQ; U2.AB4:VDD2; U2.AB9:VDD2; U2.B10:VDDQ; U2.B3:VDDQ; U2.B5:VDDQ; U2.B8:VDDQ; U2.D1:VDDQ; U2.D12:VDDQ; U2.D5:VDDQ; U2.D8:VDDQ; U2.F10:VDDQ; U2.F3:VDDQ; U2.F5:VDD2; U2.F8:VDD2; U2.H1:VDD2; U2.H12:VDD2; U2.H5:VDD2; U2.H8:VDD2; U2.K1:VDD2; U2.K10:VDD2; U2.K3:VDD2; U2.N1:VDD2; U2.N10:VDD2; U2.N12:VDD2; U2.N3:VDD2; U2.R1:VDD2; U2.R12:VDD2; U2.R5:VDD2; U2.R8:VDD2; U2.U10:VDDQ; U2.U3:VDDQ; U2.U5:VDD2; U2.U8:VDD2; U2.W1:VDDQ; U2.W12:VDDQ; U2.W5:VDDQ; U2.W8:VDDQ
U2,K4F8E304HB_200,N1,VDD2,power_in,power_in,false,Samsung K4F8E304HB-MGCJ Rev.1.0 (June 2016),10,N row / column 1,12,4.5 Table 1,Supply,Supply input,FUNCTIONAL,All normal supported operating modes of this exact part,Manufacturer supply/ground identity; do not promote to source.,,VDD1P1_DDR_IO,65 exact SoC joins; source NC/DNU flagged; bias on dedicated sheet,C218.1:; C219.1:; C534.1:; C535.1:; C536.1:; C537.1:; C538.1:; C539.1:; C540.1:; C541.1:; C542.1:; C543.1:; C544.1:; C545.1:; C546.1:; C547.1:; C548.1:; C549.1:; C550.1:; C551.1:; C552.1:; C553.1:; C554.1:; C555.1:; C556.1:; C557.1:; C558.1:; C559.1:; C560.1:; C561.1:; C61.1:; L24.2:; R207.1:; R61.2:; R62.2:; R63.2:; R65.1:; U1.H14:VDD1P1_DDR_IO; U1.J14:VDD1P1_DDR_IO; U1.L14:VDD1P1_DDR_IO; U1.M14:VDD1P1_DDR_IO; U1.N14:VDD1P1_DDR_IO; U2.A4:VDD2; U2.A9:VDD2; U2.AA10:VDDQ; U2.AA3:VDDQ; U2.AA5:VDDQ; U2.AA8:VDDQ; U2.AB4:VDD2; U2.AB9:VDD2; U2.B10:VDDQ; U2.B3:VDDQ; U2.B5:VDDQ; U2.B8:VDDQ; U2.D1:VDDQ; U2.D12:VDDQ; U2.D5:VDDQ; U2.D8:VDDQ; U2.F10:VDDQ; U2.F3:VDDQ; U2.F5:VDD2; U2.F8:VDD2; U2.H1:VDD2; U2.H12:VDD2; U2.H5:VDD2; U2.H8:VDD2; U2.K1:VDD2; U2.K10:VDD2; U2.K12:VDD2; U2.K3:VDD2; U2.N10:VDD2; U2.N12:VDD2; U2.N3:VDD2; U2.R1:VDD2; U2.R12:VDD2; U2.R5:VDD2; U2.R8:VDD2; U2.U10:VDDQ; U2.U3:VDDQ; U2.U5:VDD2; U2.U8:VDD2; U2.W1:VDDQ; U2.W12:VDDQ; U2.W5:VDDQ; U2.W8:VDDQ
U2,K4F8E304HB_200,N2,VSS,power_in,power_in,false,Samsung K4F8E304HB-MGCJ Rev.1.0 (June 2016),10,N row / column 2,12,4.5 Table 1,GND,Ground return,FUNCTIONAL,All normal supported operating modes of this exact part,Manufacturer supply/ground identity; do not promote to source.,,GND,65 exact SoC joins; source NC/DNU flagged; bias on dedicated sheet,C201.2:; C203.2:; C204.2:; C205.2:; C206.2:; C207.2:; C208.2:; C209.2:; C210.2:; C211.2:; C212.2:; C213.2:; C214.2:; C215.2:; C216.2:; C217.2:; C218.2:; C220.2:; C221.2:; C222.2:; C223.2:; C225.2:; C226.2:; C227.2:; C228.2:; C230.2:; C231.2:; C232.2:; C233.2:; C234.2:; C235.2:; C236.2:; C237.2:; C238.2:; C239.2:; C240.2:; C241.2:; C242.2:; C243.2:; C244.2:; C31.2:; C32.2:; C33.2:; C34.2:; C41.2:; C42.2:; C43.2:; C44.2:; C45.2:; C501.2:; C502.2:; C503.2:; C504.2:; C505.2:; C506.2:; C507.2:; C508.2:; C509.2:; C510.2:; C511.2:; C512.2:; C513.2:; C514.2:; C515.2:; C516.2:; C517.2:; C518.2:; C519.2:; C520.2:; C521.2:; C522.2:; C523.2:; C524.2:; C525.2:; C526.2:; C527.2:; C528.2:; C529.2:; C530.2:; C531.2:; C532.2:; C533.2:; C534.2:; C535.2:; C536.2:; C537.2:; C538.2:; C539.2:; C540.2:; C541.2:; C542.2:; C543.2:; C544.2:; C545.2:; C546.2:; C547.2:; C548.2:; C549.2:; C550.2:; C551.2:; C552.2:; C553.2:; C554.2:; C555.2:; C556.2:; C557.2:; C558.2:; C559.2:; C560.2:; C561.2:; C562.2:; C563.2:; C564.2:; C565.2:; C566.2:; C567.2:; C568.2:; C569.2:; C570.2:; C571.2:; C572.2:; C573.2:; C574.2:; C575.2:; C576.2:; C577.2:; C62.2:; C63.2:; C64.2:; C65.2:; C809.2:; C810.2:; C811.2:; C812.2:; C813.2:; C814.2:; C815.2:; C816.2:; J1.1:GND; J1.106:GND; J1.2:GND; J1.3:GND; J1.36:GND; J1.49:GND; J1.57:GND; J1.64:GND; J1.71:GND; J1.78:GND; J1.89:GND; R202.2:; R205.2:; R206.2:; R208.2:; R211.2:; R214.2:; R31.2:; R402.2:; R44.2:; R47.2:; R526.2:; R529.2:; R571.2:; R572.2:; R64.2:; R66.2:; R69.2:; R70.2:; R71.2:; U1.A13:VSS; U1.A16:VSS; U1.A19:VSS; U1.A9:TEST_EN; U1.B13:VSS; U1.B20:VSS; U1.C13:VSS; U1.D10:VSS; U1.D11:VSS; U1.D13:VSS; U1.D15:VSS; U1.D9:VSS; U1.E12:VSS; U1.E13:VSS; U1.E14:VSS; U1.E15:VSS; U1.E16:VSS; U1.E19:VSS; U1.E4:VSS; U1.E6:VSS; U1.E7:VSS; U1.E8:VSS; U1.F10:VSS; U1.F11:AVSS; U1.F16:VSS; U1.F4:VSS; U1.F6:VSS; U1.G13:VSS; U1.G14:VSS; U1.G15:VSS; U1.G16:VSS; U1.G6:VSS; U1.G7:AVSS; U1.G8:AVSS; U1.H11:VSS; U1.H13:VSS; U1.H15:VSS; U1.H16:VSS; U1.H20:VSS; U1.H7:VSS; U1.J11:VSS; U1.J13:VSS; U1.J15:VSS; U1.J7:VSS; U1.K10:VSS; U1.K12:VSS; U1.K14:VSS; U1.K16:VSS; U1.K18:VSS; U1.K3:VSS; U1.K6:VSS; U1.K8:VSS; U1.L10:VSS; U1.L12:VSS; U1.L15:VSS; U1.L19:VSS; U1.L7:VSS; U1.L8:VSS; U1.M10:VSS; U1.M12:VSS; U1.M15:VSS; U1.M16:VSS; U1.M6:VSS; U1.M8:VSS; U1.N10:VSS; U1.N12:VSS; U1.N15:VSS; U1.N16:VSS; U1.N3:VSS; U1.N5:VSS; U1.N8:VSS; U1.P10:VSS; U1.P12:VSS; U1.P14:VSS; U1.P15:VSS; U1.P20:VSS; U1.P6:VSS; U1.P7:VSS; U1.P8:VSS; U1.R10:VSS; U1.R12:VSS; U1.R14:VSS; U1.R16:VSS; U1.R3:VSS; U1.R6:VSS; U1.R7:VSS; U1.T15:VSS; U1.T3:VSS; U1.T7:VSS; U1.T8:VSS; U1.T9:VSS; U1.U19:VSS; U1.U3:VSS; U1.U8:VSS; U1.V3:VSS; U1.V4:VSS; U1.V5:VSS; U1.V6:VSS; U1.V7:VSS; U1.V8:VSS; U1.W1:VSS; U1.W16:VSS; U1.W20:VSS; U1.Y13:VSS; U1.Y19:VSS; U11.6:GND; U12.10:D4; U12.11:S4B; U12.12:S4A; U12.6:GND; U12.8:S3B; U13.1:S1B; U13.11:S4B; U13.15:SEL; U13.4:S2B; U13.6:GND; U13.8:S3B; U14.3:GND; U2.A10:VSS; U2.A3:VSS; U2.AB10:VSS; U2.AB3:VSS; U2.AB5:VSS; U2.AB8:VSS; U2.C1:VSS; U2.C12:VSS; U2.C5:VSS; U2.C8:VSS; U2.D11:VSS; U2.D2:VSS; U2.D4:VSS; U2.D9:VSS; U2.E1:VSS; U2.E12:VSS; U2.E5:VSS; U2.E8:VSS; U2.G1:VSS; U2.G10:VSS; U2.G12:VSS; U2.G3:VSS; U2.G5:VSS; U2.G8:VSS; U2.J1:VSS; U2.J10:VSS; U2.J12:VSS; U2.J3:VSS; U2.K11:VSS; U2.K2:VSS; U2.K4:VSS; U2.K9:VSS; U2.N11:VSS; U2.N4:VSS; U2.N9:VSS; U2.P1:VSS; U2.P10:VSS; U2.P12:VSS; U2.P3:VSS; U2.T1:VSS; U2.T10:VSS; U2.T12:VSS; U2.T3:VSS; U2.T5:VSS; U2.T8:VSS; U2.V1:VSS; U2.V12:VSS; U2.V5:VSS; U2.V8:VSS; U2.W11:VSS; U2.W2:VSS; U2.W4:VSS; U2.W9:VSS; U2.Y1:VSS; U2.Y12:VSS; U2.Y5:VSS; U2.Y8:VSS; U21.4:GND; U22.A1:AGND; U22.B1:PGND; U22.B2:PGND; U22.B3:PGND; U23.A1:AGND; U23.B1:PGND; U23.B2:PGND; U23.B3:PGND; U24.4:GND; U25.4:GND; U26.4:GND; U3.A6:VSS; U3.C4:VSS; U3.E7:VSS; U3.G5:VSS; U3.H10:VSS; U3.J5:VSS; U3.K8:VSS; U3.N2:VSS; U3.N5:VSS; U3.P4:VSS; U3.P6:VSS; U89.5:GND; U89.7:EP_GND; U90.5:GND; U90.7:EP_GND; U91.3:GND; U92.1:B_TIE_LOW; U92.2:GND; U93.3:GND; U94.1:B_TIE_LOW; U94.2:GND; U95.7:GND; Y2.2:GND; Y2.4:GND
U2,K4F8E304HB_200,N3,VDD2,power_in,power_in,false,Samsung K4F8E304HB-MGCJ Rev.1.0 (June 2016),10,N row / column 3,12,4.5 Table 1,Supply,Supply input,FUNCTIONAL,All normal supported operating modes of this exact part,Manufacturer supply/ground identity; do not promote to source.,,VDD1P1_DDR_IO,65 exact SoC joins; source NC/DNU flagged; bias on dedicated sheet,C218.1:; C219.1:; C534.1:; C535.1:; C536.1:; C537.1:; C538.1:; C539.1:; C540.1:; C541.1:; C542.1:; C543.1:; C544.1:; C545.1:; C546.1:; C547.1:; C548.1:; C549.1:; C550.1:; C551.1:; C552.1:; C553.1:; C554.1:; C555.1:; C556.1:; C557.1:; C558.1:; C559.1:; C560.1:; C561.1:; C61.1:; L24.2:; R207.1:; R61.2:; R62.2:; R63.2:; R65.1:; U1.H14:VDD1P1_DDR_IO; U1.J14:VDD1P1_DDR_IO; U1.L14:VDD1P1_DDR_IO; U1.M14:VDD1P1_DDR_IO; U1.N14:VDD1P1_DDR_IO; U2.A4:VDD2; U2.A9:VDD2; U2.AA10:VDDQ; U2.AA3:VDDQ; U2.AA5:VDDQ; U2.AA8:VDDQ; U2.AB4:VDD2; U2.AB9:VDD2; U2.B10:VDDQ; U2.B3:VDDQ; U2.B5:VDDQ; U2.B8:VDDQ; U2.D1:VDDQ; U2.D12:VDDQ; U2.D5:VDDQ; U2.D8:VDDQ; U2.F10:VDDQ; U2.F3:VDDQ; U2.F5:VDD2; U2.F8:VDD2; U2.H1:VDD2; U2.H12:VDD2; U2.H5:VDD2; U2.H8:VDD2; U2.K1:VDD2; U2.K10:VDD2; U2.K12:VDD2; U2.K3:VDD2; U2.N1:VDD2; U2.N10:VDD2; U2.N12:VDD2; U2.R1:VDD2; U2.R12:VDD2; U2.R5:VDD2; U2.R8:VDD2; U2.U10:VDDQ; U2.U3:VDDQ; U2.U5:VDD2; U2.U8:VDD2; U2.W1:VDDQ; U2.W12:VDDQ; U2.W5:VDDQ; U2.W8:VDDQ
U2,K4F8E304HB_200,N4,VSS,power_in,power_in,false,Samsung K4F8E304HB-MGCJ Rev.1.0 (June 2016),10,N row / column 4,12,4.5 Table 1,GND,Ground return,FUNCTIONAL,All normal supported operating modes of this exact part,Manufacturer supply/ground identity; do not promote to source.,,GND,65 exact SoC joins; source NC/DNU flagged; bias on dedicated sheet,C201.2:; C203.2:; C204.2:; C205.2:; C206.2:; C207.2:; C208.2:; C209.2:; C210.2:; C211.2:; C212.2:; C213.2:; C214.2:; C215.2:; C216.2:; C217.2:; C218.2:; C220.2:; C221.2:; C222.2:; C223.2:; C225.2:; C226.2:; C227.2:; C228.2:; C230.2:; C231.2:; C232.2:; C233.2:; C234.2:; C235.2:; C236.2:; C237.2:; C238.2:; C239.2:; C240.2:; C241.2:; C242.2:; C243.2:; C244.2:; C31.2:; C32.2:; C33.2:; C34.2:; C41.2:; C42.2:; C43.2:; C44.2:; C45.2:; C501.2:; C502.2:; C503.2:; C504.2:; C505.2:; C506.2:; C507.2:; C508.2:; C509.2:; C510.2:; C511.2:; C512.2:; C513.2:; C514.2:; C515.2:; C516.2:; C517.2:; C518.2:; C519.2:; C520.2:; C521.2:; C522.2:; C523.2:; C524.2:; C525.2:; C526.2:; C527.2:; C528.2:; C529.2:; C530.2:; C531.2:; C532.2:; C533.2:; C534.2:; C535.2:; C536.2:; C537.2:; C538.2:; C539.2:; C540.2:; C541.2:; C542.2:; C543.2:; C544.2:; C545.2:; C546.2:; C547.2:; C548.2:; C549.2:; C550.2:; C551.2:; C552.2:; C553.2:; C554.2:; C555.2:; C556.2:; C557.2:; C558.2:; C559.2:; C560.2:; C561.2:; C562.2:; C563.2:; C564.2:; C565.2:; C566.2:; C567.2:; C568.2:; C569.2:; C570.2:; C571.2:; C572.2:; C573.2:; C574.2:; C575.2:; C576.2:; C577.2:; C62.2:; C63.2:; C64.2:; C65.2:; C809.2:; C810.2:; C811.2:; C812.2:; C813.2:; C814.2:; C815.2:; C816.2:; J1.1:GND; J1.106:GND; J1.2:GND; J1.3:GND; J1.36:GND; J1.49:GND; J1.57:GND; J1.64:GND; J1.71:GND; J1.78:GND; J1.89:GND; R202.2:; R205.2:; R206.2:; R208.2:; R211.2:; R214.2:; R31.2:; R402.2:; R44.2:; R47.2:; R526.2:; R529.2:; R571.2:; R572.2:; R64.2:; R66.2:; R69.2:; R70.2:; R71.2:; U1.A13:VSS; U1.A16:VSS; U1.A19:VSS; U1.A9:TEST_EN; U1.B13:VSS; U1.B20:VSS; U1.C13:VSS; U1.D10:VSS; U1.D11:VSS; U1.D13:VSS; U1.D15:VSS; U1.D9:VSS; U1.E12:VSS; U1.E13:VSS; U1.E14:VSS; U1.E15:VSS; U1.E16:VSS; U1.E19:VSS; U1.E4:VSS; U1.E6:VSS; U1.E7:VSS; U1.E8:VSS; U1.F10:VSS; U1.F11:AVSS; U1.F16:VSS; U1.F4:VSS; U1.F6:VSS; U1.G13:VSS; U1.G14:VSS; U1.G15:VSS; U1.G16:VSS; U1.G6:VSS; U1.G7:AVSS; U1.G8:AVSS; U1.H11:VSS; U1.H13:VSS; U1.H15:VSS; U1.H16:VSS; U1.H20:VSS; U1.H7:VSS; U1.J11:VSS; U1.J13:VSS; U1.J15:VSS; U1.J7:VSS; U1.K10:VSS; U1.K12:VSS; U1.K14:VSS; U1.K16:VSS; U1.K18:VSS; U1.K3:VSS; U1.K6:VSS; U1.K8:VSS; U1.L10:VSS; U1.L12:VSS; U1.L15:VSS; U1.L19:VSS; U1.L7:VSS; U1.L8:VSS; U1.M10:VSS; U1.M12:VSS; U1.M15:VSS; U1.M16:VSS; U1.M6:VSS; U1.M8:VSS; U1.N10:VSS; U1.N12:VSS; U1.N15:VSS; U1.N16:VSS; U1.N3:VSS; U1.N5:VSS; U1.N8:VSS; U1.P10:VSS; U1.P12:VSS; U1.P14:VSS; U1.P15:VSS; U1.P20:VSS; U1.P6:VSS; U1.P7:VSS; U1.P8:VSS; U1.R10:VSS; U1.R12:VSS; U1.R14:VSS; U1.R16:VSS; U1.R3:VSS; U1.R6:VSS; U1.R7:VSS; U1.T15:VSS; U1.T3:VSS; U1.T7:VSS; U1.T8:VSS; U1.T9:VSS; U1.U19:VSS; U1.U3:VSS; U1.U8:VSS; U1.V3:VSS; U1.V4:VSS; U1.V5:VSS; U1.V6:VSS; U1.V7:VSS; U1.V8:VSS; U1.W1:VSS; U1.W16:VSS; U1.W20:VSS; U1.Y13:VSS; U1.Y19:VSS; U11.6:GND; U12.10:D4; U12.11:S4B; U12.12:S4A; U12.6:GND; U12.8:S3B; U13.1:S1B; U13.11:S4B; U13.15:SEL; U13.4:S2B; U13.6:GND; U13.8:S3B; U14.3:GND; U2.A10:VSS; U2.A3:VSS; U2.AB10:VSS; U2.AB3:VSS; U2.AB5:VSS; U2.AB8:VSS; U2.C1:VSS; U2.C12:VSS; U2.C5:VSS; U2.C8:VSS; U2.D11:VSS; U2.D2:VSS; U2.D4:VSS; U2.D9:VSS; U2.E1:VSS; U2.E12:VSS; U2.E5:VSS; U2.E8:VSS; U2.G1:VSS; U2.G10:VSS; U2.G12:VSS; U2.G3:VSS; U2.G5:VSS; U2.G8:VSS; U2.J1:VSS; U2.J10:VSS; U2.J12:VSS; U2.J3:VSS; U2.K11:VSS; U2.K2:VSS; U2.K4:VSS; U2.K9:VSS; U2.N11:VSS; U2.N2:VSS; U2.N9:VSS; U2.P1:VSS; U2.P10:VSS; U2.P12:VSS; U2.P3:VSS; U2.T1:VSS; U2.T10:VSS; U2.T12:VSS; U2.T3:VSS; U2.T5:VSS; U2.T8:VSS; U2.V1:VSS; U2.V12:VSS; U2.V5:VSS; U2.V8:VSS; U2.W11:VSS; U2.W2:VSS; U2.W4:VSS; U2.W9:VSS; U2.Y1:VSS; U2.Y12:VSS; U2.Y5:VSS; U2.Y8:VSS; U21.4:GND; U22.A1:AGND; U22.B1:PGND; U22.B2:PGND; U22.B3:PGND; U23.A1:AGND; U23.B1:PGND; U23.B2:PGND; U23.B3:PGND; U24.4:GND; U25.4:GND; U26.4:GND; U3.A6:VSS; U3.C4:VSS; U3.E7:VSS; U3.G5:VSS; U3.H10:VSS; U3.J5:VSS; U3.K8:VSS; U3.N2:VSS; U3.N5:VSS; U3.P4:VSS; U3.P6:VSS; U89.5:GND; U89.7:EP_GND; U90.5:GND; U90.7:EP_GND; U91.3:GND; U92.1:B_TIE_LOW; U92.2:GND; U93.3:GND; U94.1:B_TIE_LOW; U94.2:GND; U95.7:GND; Y2.2:GND; Y2.4:GND
U2,K4F8E304HB_200,N5,DNU,no_connect,no_connect,false,Samsung K4F8E304HB-MGCJ Rev.1.0 (June 2016),10,N row / column 5,10–11,4.2 package ballout; 4.3 pad definitions,DNU,Do-not-use ball,MANUFACTURER_DO_NOT_USE,All normal supported operating modes of this exact part,Keep an explicit no-use electrical class and open circuit; retain the manufacturer classification separately.,A no_connect CAD type does not prove this physical ball is unbonded. DNU/RFU must not be used. The source does not grant alternative NC wiring; leave NC open rather than assuming grounding or routing-through is permitted.,unconnected-(U2C-DNU-PadN5),MANUFACTURER_NC_DNU_MUST_REMAIN_OPEN,
U2,K4F8E304HB_200,N8,DNU,no_connect,no_connect,false,Samsung K4F8E304HB-MGCJ Rev.1.0 (June 2016),10,N row / column 8,10–11,4.2 package ballout; 4.3 pad definitions,DNU,Do-not-use ball,MANUFACTURER_DO_NOT_USE,All normal supported operating modes of this exact part,Keep an explicit no-use electrical class and open circuit; retain the manufacturer classification separately.,A no_connect CAD type does not prove this physical ball is unbonded. DNU/RFU must not be used. The source does not grant alternative NC wiring; leave NC open rather than assuming grounding or routing-through is permitted.,unconnected-(U2C-DNU-PadN8),MANUFACTURER_NC_DNU_MUST_REMAIN_OPEN,
U2,K4F8E304HB_200,N9,VSS,power_in,power_in,false,Samsung K4F8E304HB-MGCJ Rev.1.0 (June 2016),10,N row / column 9,12,4.5 Table 1,GND,Ground return,FUNCTIONAL,All normal supported operating modes of this exact part,Manufacturer supply/ground identity; do not promote to source.,,GND,65 exact SoC joins; source NC/DNU flagged; bias on dedicated sheet,C201.2:; C203.2:; C204.2:; C205.2:; C206.2:; C207.2:; C208.2:; C209.2:; C210.2:; C211.2:; C212.2:; C213.2:; C214.2:; C215.2:; C216.2:; C217.2:; C218.2:; C220.2:; C221.2:; C222.2:; C223.2:; C225.2:; C226.2:; C227.2:; C228.2:; C230.2:; C231.2:; C232.2:; C233.2:; C234.2:; C235.2:; C236.2:; C237.2:; C238.2:; C239.2:; C240.2:; C241.2:; C242.2:; C243.2:; C244.2:; C31.2:; C32.2:; C33.2:; C34.2:; C41.2:; C42.2:; C43.2:; C44.2:; C45.2:; C501.2:; C502.2:; C503.2:; C504.2:; C505.2:; C506.2:; C507.2:; C508.2:; C509.2:; C510.2:; C511.2:; C512.2:; C513.2:; C514.2:; C515.2:; C516.2:; C517.2:; C518.2:; C519.2:; C520.2:; C521.2:; C522.2:; C523.2:; C524.2:; C525.2:; C526.2:; C527.2:; C528.2:; C529.2:; C530.2:; C531.2:; C532.2:; C533.2:; C534.2:; C535.2:; C536.2:; C537.2:; C538.2:; C539.2:; C540.2:; C541.2:; C542.2:; C543.2:; C544.2:; C545.2:; C546.2:; C547.2:; C548.2:; C549.2:; C550.2:; C551.2:; C552.2:; C553.2:; C554.2:; C555.2:; C556.2:; C557.2:; C558.2:; C559.2:; C560.2:; C561.2:; C562.2:; C563.2:; C564.2:; C565.2:; C566.2:; C567.2:; C568.2:; C569.2:; C570.2:; C571.2:; C572.2:; C573.2:; C574.2:; C575.2:; C576.2:; C577.2:; C62.2:; C63.2:; C64.2:; C65.2:; C809.2:; C810.2:; C811.2:; C812.2:; C813.2:; C814.2:; C815.2:; C816.2:; J1.1:GND; J1.106:GND; J1.2:GND; J1.3:GND; J1.36:GND; J1.49:GND; J1.57:GND; J1.64:GND; J1.71:GND; J1.78:GND; J1.89:GND; R202.2:; R205.2:; R206.2:; R208.2:; R211.2:; R214.2:; R31.2:; R402.2:; R44.2:; R47.2:; R526.2:; R529.2:; R571.2:; R572.2:; R64.2:; R66.2:; R69.2:; R70.2:; R71.2:; U1.A13:VSS; U1.A16:VSS; U1.A19:VSS; U1.A9:TEST_EN; U1.B13:VSS; U1.B20:VSS; U1.C13:VSS; U1.D10:VSS; U1.D11:VSS; U1.D13:VSS; U1.D15:VSS; U1.D9:VSS; U1.E12:VSS; U1.E13:VSS; U1.E14:VSS; U1.E15:VSS; U1.E16:VSS; U1.E19:VSS; U1.E4:VSS; U1.E6:VSS; U1.E7:VSS; U1.E8:VSS; U1.F10:VSS; U1.F11:AVSS; U1.F16:VSS; U1.F4:VSS; U1.F6:VSS; U1.G13:VSS; U1.G14:VSS; U1.G15:VSS; U1.G16:VSS; U1.G6:VSS; U1.G7:AVSS; U1.G8:AVSS; U1.H11:VSS; U1.H13:VSS; U1.H15:VSS; U1.H16:VSS; U1.H20:VSS; U1.H7:VSS; U1.J11:VSS; U1.J13:VSS; U1.J15:VSS; U1.J7:VSS; U1.K10:VSS; U1.K12:VSS; U1.K14:VSS; U1.K16:VSS; U1.K18:VSS; U1.K3:VSS; U1.K6:VSS; U1.K8:VSS; U1.L10:VSS; U1.L12:VSS; U1.L15:VSS; U1.L19:VSS; U1.L7:VSS; U1.L8:VSS; U1.M10:VSS; U1.M12:VSS; U1.M15:VSS; U1.M16:VSS; U1.M6:VSS; U1.M8:VSS; U1.N10:VSS; U1.N12:VSS; U1.N15:VSS; U1.N16:VSS; U1.N3:VSS; U1.N5:VSS; U1.N8:VSS; U1.P10:VSS; U1.P12:VSS; U1.P14:VSS; U1.P15:VSS; U1.P20:VSS; U1.P6:VSS; U1.P7:VSS; U1.P8:VSS; U1.R10:VSS; U1.R12:VSS; U1.R14:VSS; U1.R16:VSS; U1.R3:VSS; U1.R6:VSS; U1.R7:VSS; U1.T15:VSS; U1.T3:VSS; U1.T7:VSS; U1.T8:VSS; U1.T9:VSS; U1.U19:VSS; U1.U3:VSS; U1.U8:VSS; U1.V3:VSS; U1.V4:VSS; U1.V5:VSS; U1.V6:VSS; U1.V7:VSS; U1.V8:VSS; U1.W1:VSS; U1.W16:VSS; U1.W20:VSS; U1.Y13:VSS; U1.Y19:VSS; U11.6:GND; U12.10:D4; U12.11:S4B; U12.12:S4A; U12.6:GND; U12.8:S3B; U13.1:S1B; U13.11:S4B; U13.15:SEL; U13.4:S2B; U13.6:GND; U13.8:S3B; U14.3:GND; U2.A10:VSS; U2.A3:VSS; U2.AB10:VSS; U2.AB3:VSS; U2.AB5:VSS; U2.AB8:VSS; U2.C1:VSS; U2.C12:VSS; U2.C5:VSS; U2.C8:VSS; U2.D11:VSS; U2.D2:VSS; U2.D4:VSS; U2.D9:VSS; U2.E1:VSS; U2.E12:VSS; U2.E5:VSS; U2.E8:VSS; U2.G1:VSS; U2.G10:VSS; U2.G12:VSS; U2.G3:VSS; U2.G5:VSS; U2.G8:VSS; U2.J1:VSS; U2.J10:VSS; U2.J12:VSS; U2.J3:VSS; U2.K11:VSS; U2.K2:VSS; U2.K4:VSS; U2.K9:VSS; U2.N11:VSS; U2.N2:VSS; U2.N4:VSS; U2.P1:VSS; U2.P10:VSS; U2.P12:VSS; U2.P3:VSS; U2.T1:VSS; U2.T10:VSS; U2.T12:VSS; U2.T3:VSS; U2.T5:VSS; U2.T8:VSS; U2.V1:VSS; U2.V12:VSS; U2.V5:VSS; U2.V8:VSS; U2.W11:VSS; U2.W2:VSS; U2.W4:VSS; U2.W9:VSS; U2.Y1:VSS; U2.Y12:VSS; U2.Y5:VSS; U2.Y8:VSS; U21.4:GND; U22.A1:AGND; U22.B1:PGND; U22.B2:PGND; U22.B3:PGND; U23.A1:AGND; U23.B1:PGND; U23.B2:PGND; U23.B3:PGND; U24.4:GND; U25.4:GND; U26.4:GND; U3.A6:VSS; U3.C4:VSS; U3.E7:VSS; U3.G5:VSS; U3.H10:VSS; U3.J5:VSS; U3.K8:VSS; U3.N2:VSS; U3.N5:VSS; U3.P4:VSS; U3.P6:VSS; U89.5:GND; U89.7:EP_GND; U90.5:GND; U90.7:EP_GND; U91.3:GND; U92.1:B_TIE_LOW; U92.2:GND; U93.3:GND; U94.1:B_TIE_LOW; U94.2:GND; U95.7:GND; Y2.2:GND; Y2.4:GND
U2,K4F8E304HB_200,N10,VDD2,power_in,power_in,false,Samsung K4F8E304HB-MGCJ Rev.1.0 (June 2016),10,N row / column 10,12,4.5 Table 1,Supply,Supply input,FUNCTIONAL,All normal supported operating modes of this exact part,Manufacturer supply/ground identity; do not promote to source.,,VDD1P1_DDR_IO,65 exact SoC joins; source NC/DNU flagged; bias on dedicated sheet,C218.1:; C219.1:; C534.1:; C535.1:; C536.1:; C537.1:; C538.1:; C539.1:; C540.1:; C541.1:; C542.1:; C543.1:; C544.1:; C545.1:; C546.1:; C547.1:; C548.1:; C549.1:; C550.1:; C551.1:; C552.1:; C553.1:; C554.1:; C555.1:; C556.1:; C557.1:; C558.1:; C559.1:; C560.1:; C561.1:; C61.1:; L24.2:; R207.1:; R61.2:; R62.2:; R63.2:; R65.1:; U1.H14:VDD1P1_DDR_IO; U1.J14:VDD1P1_DDR_IO; U1.L14:VDD1P1_DDR_IO; U1.M14:VDD1P1_DDR_IO; U1.N14:VDD1P1_DDR_IO; U2.A4:VDD2; U2.A9:VDD2; U2.AA10:VDDQ; U2.AA3:VDDQ; U2.AA5:VDDQ; U2.AA8:VDDQ; U2.AB4:VDD2; U2.AB9:VDD2; U2.B10:VDDQ; U2.B3:VDDQ; U2.B5:VDDQ; U2.B8:VDDQ; U2.D1:VDDQ; U2.D12:VDDQ; U2.D5:VDDQ; U2.D8:VDDQ; U2.F10:VDDQ; U2.F3:VDDQ; U2.F5:VDD2; U2.F8:VDD2; U2.H1:VDD2; U2.H12:VDD2; U2.H5:VDD2; U2.H8:VDD2; U2.K1:VDD2; U2.K10:VDD2; U2.K12:VDD2; U2.K3:VDD2; U2.N1:VDD2; U2.N12:VDD2; U2.N3:VDD2; U2.R1:VDD2; U2.R12:VDD2; U2.R5:VDD2; U2.R8:VDD2; U2.U10:VDDQ; U2.U3:VDDQ; U2.U5:VDD2; U2.U8:VDD2; U2.W1:VDDQ; U2.W12:VDDQ; U2.W5:VDDQ; U2.W8:VDDQ
U2,K4F8E304HB_200,N11,VSS,power_in,power_in,false,Samsung K4F8E304HB-MGCJ Rev.1.0 (June 2016),10,N row / column 11,12,4.5 Table 1,GND,Ground return,FUNCTIONAL,All normal supported operating modes of this exact part,Manufacturer supply/ground identity; do not promote to source.,,GND,65 exact SoC joins; source NC/DNU flagged; bias on dedicated sheet,C201.2:; C203.2:; C204.2:; C205.2:; C206.2:; C207.2:; C208.2:; C209.2:; C210.2:; C211.2:; C212.2:; C213.2:; C214.2:; C215.2:; C216.2:; C217.2:; C218.2:; C220.2:; C221.2:; C222.2:; C223.2:; C225.2:; C226.2:; C227.2:; C228.2:; C230.2:; C231.2:; C232.2:; C233.2:; C234.2:; C235.2:; C236.2:; C237.2:; C238.2:; C239.2:; C240.2:; C241.2:; C242.2:; C243.2:; C244.2:; C31.2:; C32.2:; C33.2:; C34.2:; C41.2:; C42.2:; C43.2:; C44.2:; C45.2:; C501.2:; C502.2:; C503.2:; C504.2:; C505.2:; C506.2:; C507.2:; C508.2:; C509.2:; C510.2:; C511.2:; C512.2:; C513.2:; C514.2:; C515.2:; C516.2:; C517.2:; C518.2:; C519.2:; C520.2:; C521.2:; C522.2:; C523.2:; C524.2:; C525.2:; C526.2:; C527.2:; C528.2:; C529.2:; C530.2:; C531.2:; C532.2:; C533.2:; C534.2:; C535.2:; C536.2:; C537.2:; C538.2:; C539.2:; C540.2:; C541.2:; C542.2:; C543.2:; C544.2:; C545.2:; C546.2:; C547.2:; C548.2:; C549.2:; C550.2:; C551.2:; C552.2:; C553.2:; C554.2:; C555.2:; C556.2:; C557.2:; C558.2:; C559.2:; C560.2:; C561.2:; C562.2:; C563.2:; C564.2:; C565.2:; C566.2:; C567.2:; C568.2:; C569.2:; C570.2:; C571.2:; C572.2:; C573.2:; C574.2:; C575.2:; C576.2:; C577.2:; C62.2:; C63.2:; C64.2:; C65.2:; C809.2:; C810.2:; C811.2:; C812.2:; C813.2:; C814.2:; C815.2:; C816.2:; J1.1:GND; J1.106:GND; J1.2:GND; J1.3:GND; J1.36:GND; J1.49:GND; J1.57:GND; J1.64:GND; J1.71:GND; J1.78:GND; J1.89:GND; R202.2:; R205.2:; R206.2:; R208.2:; R211.2:; R214.2:; R31.2:; R402.2:; R44.2:; R47.2:; R526.2:; R529.2:; R571.2:; R572.2:; R64.2:; R66.2:; R69.2:; R70.2:; R71.2:; U1.A13:VSS; U1.A16:VSS; U1.A19:VSS; U1.A9:TEST_EN; U1.B13:VSS; U1.B20:VSS; U1.C13:VSS; U1.D10:VSS; U1.D11:VSS; U1.D13:VSS; U1.D15:VSS; U1.D9:VSS; U1.E12:VSS; U1.E13:VSS; U1.E14:VSS; U1.E15:VSS; U1.E16:VSS; U1.E19:VSS; U1.E4:VSS; U1.E6:VSS; U1.E7:VSS; U1.E8:VSS; U1.F10:VSS; U1.F11:AVSS; U1.F16:VSS; U1.F4:VSS; U1.F6:VSS; U1.G13:VSS; U1.G14:VSS; U1.G15:VSS; U1.G16:VSS; U1.G6:VSS; U1.G7:AVSS; U1.G8:AVSS; U1.H11:VSS; U1.H13:VSS; U1.H15:VSS; U1.H16:VSS; U1.H20:VSS; U1.H7:VSS; U1.J11:VSS; U1.J13:VSS; U1.J15:VSS; U1.J7:VSS; U1.K10:VSS; U1.K12:VSS; U1.K14:VSS; U1.K16:VSS; U1.K18:VSS; U1.K3:VSS; U1.K6:VSS; U1.K8:VSS; U1.L10:VSS; U1.L12:VSS; U1.L15:VSS; U1.L19:VSS; U1.L7:VSS; U1.L8:VSS; U1.M10:VSS; U1.M12:VSS; U1.M15:VSS; U1.M16:VSS; U1.M6:VSS; U1.M8:VSS; U1.N10:VSS; U1.N12:VSS; U1.N15:VSS; U1.N16:VSS; U1.N3:VSS; U1.N5:VSS; U1.N8:VSS; U1.P10:VSS; U1.P12:VSS; U1.P14:VSS; U1.P15:VSS; U1.P20:VSS; U1.P6:VSS; U1.P7:VSS; U1.P8:VSS; U1.R10:VSS; U1.R12:VSS; U1.R14:VSS; U1.R16:VSS; U1.R3:VSS; U1.R6:VSS; U1.R7:VSS; U1.T15:VSS; U1.T3:VSS; U1.T7:VSS; U1.T8:VSS; U1.T9:VSS; U1.U19:VSS; U1.U3:VSS; U1.U8:VSS; U1.V3:VSS; U1.V4:VSS; U1.V5:VSS; U1.V6:VSS; U1.V7:VSS; U1.V8:VSS; U1.W1:VSS; U1.W16:VSS; U1.W20:VSS; U1.Y13:VSS; U1.Y19:VSS; U11.6:GND; U12.10:D4; U12.11:S4B; U12.12:S4A; U12.6:GND; U12.8:S3B; U13.1:S1B; U13.11:S4B; U13.15:SEL; U13.4:S2B; U13.6:GND; U13.8:S3B; U14.3:GND; U2.A10:VSS; U2.A3:VSS; U2.AB10:VSS; U2.AB3:VSS; U2.AB5:VSS; U2.AB8:VSS; U2.C1:VSS; U2.C12:VSS; U2.C5:VSS; U2.C8:VSS; U2.D11:VSS; U2.D2:VSS; U2.D4:VSS; U2.D9:VSS; U2.E1:VSS; U2.E12:VSS; U2.E5:VSS; U2.E8:VSS; U2.G1:VSS; U2.G10:VSS; U2.G12:VSS; U2.G3:VSS; U2.G5:VSS; U2.G8:VSS; U2.J1:VSS; U2.J10:VSS; U2.J12:VSS; U2.J3:VSS; U2.K11:VSS; U2.K2:VSS; U2.K4:VSS; U2.K9:VSS; U2.N2:VSS; U2.N4:VSS; U2.N9:VSS; U2.P1:VSS; U2.P10:VSS; U2.P12:VSS; U2.P3:VSS; U2.T1:VSS; U2.T10:VSS; U2.T12:VSS; U2.T3:VSS; U2.T5:VSS; U2.T8:VSS; U2.V1:VSS; U2.V12:VSS; U2.V5:VSS; U2.V8:VSS; U2.W11:VSS; U2.W2:VSS; U2.W4:VSS; U2.W9:VSS; U2.Y1:VSS; U2.Y12:VSS; U2.Y5:VSS; U2.Y8:VSS; U21.4:GND; U22.A1:AGND; U22.B1:PGND; U22.B2:PGND; U22.B3:PGND; U23.A1:AGND; U23.B1:PGND; U23.B2:PGND; U23.B3:PGND; U24.4:GND; U25.4:GND; U26.4:GND; U3.A6:VSS; U3.C4:VSS; U3.E7:VSS; U3.G5:VSS; U3.H10:VSS; U3.J5:VSS; U3.K8:VSS; U3.N2:VSS; U3.N5:VSS; U3.P4:VSS; U3.P6:VSS; U89.5:GND; U89.7:EP_GND; U90.5:GND; U90.7:EP_GND; U91.3:GND; U92.1:B_TIE_LOW; U92.2:GND; U93.3:GND; U94.1:B_TIE_LOW; U94.2:GND; U95.7:GND; Y2.2:GND; Y2.4:GND
U2,K4F8E304HB_200,N12,VDD2,power_in,power_in,false,Samsung K4F8E304HB-MGCJ Rev.1.0 (June 2016),10,N row / column 12,12,4.5 Table 1,Supply,Supply input,FUNCTIONAL,All normal supported operating modes of this exact part,Manufacturer supply/ground identity; do not promote to source.,,VDD1P1_DDR_IO,65 exact SoC joins; source NC/DNU flagged; bias on dedicated sheet,C218.1:; C219.1:; C534.1:; C535.1:; C536.1:; C537.1:; C538.1:; C539.1:; C540.1:; C541.1:; C542.1:; C543.1:; C544.1:; C545.1:; C546.1:; C547.1:; C548.1:; C549.1:; C550.1:; C551.1:; C552.1:; C553.1:; C554.1:; C555.1:; C556.1:; C557.1:; C558.1:; C559.1:; C560.1:; C561.1:; C61.1:; L24.2:; R207.1:; R61.2:; R62.2:; R63.2:; R65.1:; U1.H14:VDD1P1_DDR_IO; U1.J14:VDD1P1_DDR_IO; U1.L14:VDD1P1_DDR_IO; U1.M14:VDD1P1_DDR_IO; U1.N14:VDD1P1_DDR_IO; U2.A4:VDD2; U2.A9:VDD2; U2.AA10:VDDQ; U2.AA3:VDDQ; U2.AA5:VDDQ; U2.AA8:VDDQ; U2.AB4:VDD2; U2.AB9:VDD2; U2.B10:VDDQ; U2.B3:VDDQ; U2.B5:VDDQ; U2.B8:VDDQ; U2.D1:VDDQ; U2.D12:VDDQ; U2.D5:VDDQ; U2.D8:VDDQ; U2.F10:VDDQ; U2.F3:VDDQ; U2.F5:VDD2; U2.F8:VDD2; U2.H1:VDD2; U2.H12:VDD2; U2.H5:VDD2; U2.H8:VDD2; U2.K1:VDD2; U2.K10:VDD2; U2.K12:VDD2; U2.K3:VDD2; U2.N1:VDD2; U2.N10:VDD2; U2.N3:VDD2; U2.R1:VDD2; U2.R12:VDD2; U2.R5:VDD2; U2.R8:VDD2; U2.U10:VDDQ; U2.U3:VDDQ; U2.U5:VDD2; U2.U8:VDD2; U2.W1:VDDQ; U2.W12:VDDQ; U2.W5:VDDQ; U2.W8:VDDQ
U2,K4F8E304HB_200,P1,VSS,power_in,power_in,false,Samsung K4F8E304HB-MGCJ Rev.1.0 (June 2016),10,P row / column 1,12,4.5 Table 1,GND,Ground return,FUNCTIONAL,All normal supported operating modes of this exact part,Manufacturer supply/ground identity; do not promote to source.,,GND,65 exact SoC joins; source NC/DNU flagged; bias on dedicated sheet,C201.2:; C203.2:; C204.2:; C205.2:; C206.2:; C207.2:; C208.2:; C209.2:; C210.2:; C211.2:; C212.2:; C213.2:; C214.2:; C215.2:; C216.2:; C217.2:; C218.2:; C220.2:; C221.2:; C222.2:; C223.2:; C225.2:; C226.2:; C227.2:; C228.2:; C230.2:; C231.2:; C232.2:; C233.2:; C234.2:; C235.2:; C236.2:; C237.2:; C238.2:; C239.2:; C240.2:; C241.2:; C242.2:; C243.2:; C244.2:; C31.2:; C32.2:; C33.2:; C34.2:; C41.2:; C42.2:; C43.2:; C44.2:; C45.2:; C501.2:; C502.2:; C503.2:; C504.2:; C505.2:; C506.2:; C507.2:; C508.2:; C509.2:; C510.2:; C511.2:; C512.2:; C513.2:; C514.2:; C515.2:; C516.2:; C517.2:; C518.2:; C519.2:; C520.2:; C521.2:; C522.2:; C523.2:; C524.2:; C525.2:; C526.2:; C527.2:; C528.2:; C529.2:; C530.2:; C531.2:; C532.2:; C533.2:; C534.2:; C535.2:; C536.2:; C537.2:; C538.2:; C539.2:; C540.2:; C541.2:; C542.2:; C543.2:; C544.2:; C545.2:; C546.2:; C547.2:; C548.2:; C549.2:; C550.2:; C551.2:; C552.2:; C553.2:; C554.2:; C555.2:; C556.2:; C557.2:; C558.2:; C559.2:; C560.2:; C561.2:; C562.2:; C563.2:; C564.2:; C565.2:; C566.2:; C567.2:; C568.2:; C569.2:; C570.2:; C571.2:; C572.2:; C573.2:; C574.2:; C575.2:; C576.2:; C577.2:; C62.2:; C63.2:; C64.2:; C65.2:; C809.2:; C810.2:; C811.2:; C812.2:; C813.2:; C814.2:; C815.2:; C816.2:; J1.1:GND; J1.106:GND; J1.2:GND; J1.3:GND; J1.36:GND; J1.49:GND; J1.57:GND; J1.64:GND; J1.71:GND; J1.78:GND; J1.89:GND; R202.2:; R205.2:; R206.2:; R208.2:; R211.2:; R214.2:; R31.2:; R402.2:; R44.2:; R47.2:; R526.2:; R529.2:; R571.2:; R572.2:; R64.2:; R66.2:; R69.2:; R70.2:; R71.2:; U1.A13:VSS; U1.A16:VSS; U1.A19:VSS; U1.A9:TEST_EN; U1.B13:VSS; U1.B20:VSS; U1.C13:VSS; U1.D10:VSS; U1.D11:VSS; U1.D13:VSS; U1.D15:VSS; U1.D9:VSS; U1.E12:VSS; U1.E13:VSS; U1.E14:VSS; U1.E15:VSS; U1.E16:VSS; U1.E19:VSS; U1.E4:VSS; U1.E6:VSS; U1.E7:VSS; U1.E8:VSS; U1.F10:VSS; U1.F11:AVSS; U1.F16:VSS; U1.F4:VSS; U1.F6:VSS; U1.G13:VSS; U1.G14:VSS; U1.G15:VSS; U1.G16:VSS; U1.G6:VSS; U1.G7:AVSS; U1.G8:AVSS; U1.H11:VSS; U1.H13:VSS; U1.H15:VSS; U1.H16:VSS; U1.H20:VSS; U1.H7:VSS; U1.J11:VSS; U1.J13:VSS; U1.J15:VSS; U1.J7:VSS; U1.K10:VSS; U1.K12:VSS; U1.K14:VSS; U1.K16:VSS; U1.K18:VSS; U1.K3:VSS; U1.K6:VSS; U1.K8:VSS; U1.L10:VSS; U1.L12:VSS; U1.L15:VSS; U1.L19:VSS; U1.L7:VSS; U1.L8:VSS; U1.M10:VSS; U1.M12:VSS; U1.M15:VSS; U1.M16:VSS; U1.M6:VSS; U1.M8:VSS; U1.N10:VSS; U1.N12:VSS; U1.N15:VSS; U1.N16:VSS; U1.N3:VSS; U1.N5:VSS; U1.N8:VSS; U1.P10:VSS; U1.P12:VSS; U1.P14:VSS; U1.P15:VSS; U1.P20:VSS; U1.P6:VSS; U1.P7:VSS; U1.P8:VSS; U1.R10:VSS; U1.R12:VSS; U1.R14:VSS; U1.R16:VSS; U1.R3:VSS; U1.R6:VSS; U1.R7:VSS; U1.T15:VSS; U1.T3:VSS; U1.T7:VSS; U1.T8:VSS; U1.T9:VSS; U1.U19:VSS; U1.U3:VSS; U1.U8:VSS; U1.V3:VSS; U1.V4:VSS; U1.V5:VSS; U1.V6:VSS; U1.V7:VSS; U1.V8:VSS; U1.W1:VSS; U1.W16:VSS; U1.W20:VSS; U1.Y13:VSS; U1.Y19:VSS; U11.6:GND; U12.10:D4; U12.11:S4B; U12.12:S4A; U12.6:GND; U12.8:S3B; U13.1:S1B; U13.11:S4B; U13.15:SEL; U13.4:S2B; U13.6:GND; U13.8:S3B; U14.3:GND; U2.A10:VSS; U2.A3:VSS; U2.AB10:VSS; U2.AB3:VSS; U2.AB5:VSS; U2.AB8:VSS; U2.C1:VSS; U2.C12:VSS; U2.C5:VSS; U2.C8:VSS; U2.D11:VSS; U2.D2:VSS; U2.D4:VSS; U2.D9:VSS; U2.E1:VSS; U2.E12:VSS; U2.E5:VSS; U2.E8:VSS; U2.G1:VSS; U2.G10:VSS; U2.G12:VSS; U2.G3:VSS; U2.G5:VSS; U2.G8:VSS; U2.J1:VSS; U2.J10:VSS; U2.J12:VSS; U2.J3:VSS; U2.K11:VSS; U2.K2:VSS; U2.K4:VSS; U2.K9:VSS; U2.N11:VSS; U2.N2:VSS; U2.N4:VSS; U2.N9:VSS; U2.P10:VSS; U2.P12:VSS; U2.P3:VSS; U2.T1:VSS; U2.T10:VSS; U2.T12:VSS; U2.T3:VSS; U2.T5:VSS; U2.T8:VSS; U2.V1:VSS; U2.V12:VSS; U2.V5:VSS; U2.V8:VSS; U2.W11:VSS; U2.W2:VSS; U2.W4:VSS; U2.W9:VSS; U2.Y1:VSS; U2.Y12:VSS; U2.Y5:VSS; U2.Y8:VSS; U21.4:GND; U22.A1:AGND; U22.B1:PGND; U22.B2:PGND; U22.B3:PGND; U23.A1:AGND; U23.B1:PGND; U23.B2:PGND; U23.B3:PGND; U24.4:GND; U25.4:GND; U26.4:GND; U3.A6:VSS; U3.C4:VSS; U3.E7:VSS; U3.G5:VSS; U3.H10:VSS; U3.J5:VSS; U3.K8:VSS; U3.N2:VSS; U3.N5:VSS; U3.P4:VSS; U3.P6:VSS; U89.5:GND; U89.7:EP_GND; U90.5:GND; U90.7:EP_GND; U91.3:GND; U92.1:B_TIE_LOW; U92.2:GND; U93.3:GND; U94.1:B_TIE_LOW; U94.2:GND; U95.7:GND; Y2.2:GND; Y2.4:GND
U2,K4F8E304HB_200,P2,CA1_b,bidirectional,input,true,Samsung K4F8E304HB-MGCJ Rev.1.0 (June 2016),10,P row / column 2,12,4.5 Table 1,Input,Command/address input,FUNCTIONAL,All normal supported operating modes of this exact part,Table 1 explicitly marks this normal functional pin Input.,,DDR_CAB1,65 exact SoC joins; source NC/DNU flagged; bias on dedicated sheet,U1.G19:DDR_CAB1
U2,K4F8E304HB_200,P3,VSS,power_in,power_in,false,Samsung K4F8E304HB-MGCJ Rev.1.0 (June 2016),10,P row / column 3,12,4.5 Table 1,GND,Ground return,FUNCTIONAL,All normal supported operating modes of this exact part,Manufacturer supply/ground identity; do not promote to source.,,GND,65 exact SoC joins; source NC/DNU flagged; bias on dedicated sheet,C201.2:; C203.2:; C204.2:; C205.2:; C206.2:; C207.2:; C208.2:; C209.2:; C210.2:; C211.2:; C212.2:; C213.2:; C214.2:; C215.2:; C216.2:; C217.2:; C218.2:; C220.2:; C221.2:; C222.2:; C223.2:; C225.2:; C226.2:; C227.2:; C228.2:; C230.2:; C231.2:; C232.2:; C233.2:; C234.2:; C235.2:; C236.2:; C237.2:; C238.2:; C239.2:; C240.2:; C241.2:; C242.2:; C243.2:; C244.2:; C31.2:; C32.2:; C33.2:; C34.2:; C41.2:; C42.2:; C43.2:; C44.2:; C45.2:; C501.2:; C502.2:; C503.2:; C504.2:; C505.2:; C506.2:; C507.2:; C508.2:; C509.2:; C510.2:; C511.2:; C512.2:; C513.2:; C514.2:; C515.2:; C516.2:; C517.2:; C518.2:; C519.2:; C520.2:; C521.2:; C522.2:; C523.2:; C524.2:; C525.2:; C526.2:; C527.2:; C528.2:; C529.2:; C530.2:; C531.2:; C532.2:; C533.2:; C534.2:; C535.2:; C536.2:; C537.2:; C538.2:; C539.2:; C540.2:; C541.2:; C542.2:; C543.2:; C544.2:; C545.2:; C546.2:; C547.2:; C548.2:; C549.2:; C550.2:; C551.2:; C552.2:; C553.2:; C554.2:; C555.2:; C556.2:; C557.2:; C558.2:; C559.2:; C560.2:; C561.2:; C562.2:; C563.2:; C564.2:; C565.2:; C566.2:; C567.2:; C568.2:; C569.2:; C570.2:; C571.2:; C572.2:; C573.2:; C574.2:; C575.2:; C576.2:; C577.2:; C62.2:; C63.2:; C64.2:; C65.2:; C809.2:; C810.2:; C811.2:; C812.2:; C813.2:; C814.2:; C815.2:; C816.2:; J1.1:GND; J1.106:GND; J1.2:GND; J1.3:GND; J1.36:GND; J1.49:GND; J1.57:GND; J1.64:GND; J1.71:GND; J1.78:GND; J1.89:GND; R202.2:; R205.2:; R206.2:; R208.2:; R211.2:; R214.2:; R31.2:; R402.2:; R44.2:; R47.2:; R526.2:; R529.2:; R571.2:; R572.2:; R64.2:; R66.2:; R69.2:; R70.2:; R71.2:; U1.A13:VSS; U1.A16:VSS; U1.A19:VSS; U1.A9:TEST_EN; U1.B13:VSS; U1.B20:VSS; U1.C13:VSS; U1.D10:VSS; U1.D11:VSS; U1.D13:VSS; U1.D15:VSS; U1.D9:VSS; U1.E12:VSS; U1.E13:VSS; U1.E14:VSS; U1.E15:VSS; U1.E16:VSS; U1.E19:VSS; U1.E4:VSS; U1.E6:VSS; U1.E7:VSS; U1.E8:VSS; U1.F10:VSS; U1.F11:AVSS; U1.F16:VSS; U1.F4:VSS; U1.F6:VSS; U1.G13:VSS; U1.G14:VSS; U1.G15:VSS; U1.G16:VSS; U1.G6:VSS; U1.G7:AVSS; U1.G8:AVSS; U1.H11:VSS; U1.H13:VSS; U1.H15:VSS; U1.H16:VSS; U1.H20:VSS; U1.H7:VSS; U1.J11:VSS; U1.J13:VSS; U1.J15:VSS; U1.J7:VSS; U1.K10:VSS; U1.K12:VSS; U1.K14:VSS; U1.K16:VSS; U1.K18:VSS; U1.K3:VSS; U1.K6:VSS; U1.K8:VSS; U1.L10:VSS; U1.L12:VSS; U1.L15:VSS; U1.L19:VSS; U1.L7:VSS; U1.L8:VSS; U1.M10:VSS; U1.M12:VSS; U1.M15:VSS; U1.M16:VSS; U1.M6:VSS; U1.M8:VSS; U1.N10:VSS; U1.N12:VSS; U1.N15:VSS; U1.N16:VSS; U1.N3:VSS; U1.N5:VSS; U1.N8:VSS; U1.P10:VSS; U1.P12:VSS; U1.P14:VSS; U1.P15:VSS; U1.P20:VSS; U1.P6:VSS; U1.P7:VSS; U1.P8:VSS; U1.R10:VSS; U1.R12:VSS; U1.R14:VSS; U1.R16:VSS; U1.R3:VSS; U1.R6:VSS; U1.R7:VSS; U1.T15:VSS; U1.T3:VSS; U1.T7:VSS; U1.T8:VSS; U1.T9:VSS; U1.U19:VSS; U1.U3:VSS; U1.U8:VSS; U1.V3:VSS; U1.V4:VSS; U1.V5:VSS; U1.V6:VSS; U1.V7:VSS; U1.V8:VSS; U1.W1:VSS; U1.W16:VSS; U1.W20:VSS; U1.Y13:VSS; U1.Y19:VSS; U11.6:GND; U12.10:D4; U12.11:S4B; U12.12:S4A; U12.6:GND; U12.8:S3B; U13.1:S1B; U13.11:S4B; U13.15:SEL; U13.4:S2B; U13.6:GND; U13.8:S3B; U14.3:GND; U2.A10:VSS; U2.A3:VSS; U2.AB10:VSS; U2.AB3:VSS; U2.AB5:VSS; U2.AB8:VSS; U2.C1:VSS; U2.C12:VSS; U2.C5:VSS; U2.C8:VSS; U2.D11:VSS; U2.D2:VSS; U2.D4:VSS; U2.D9:VSS; U2.E1:VSS; U2.E12:VSS; U2.E5:VSS; U2.E8:VSS; U2.G1:VSS; U2.G10:VSS; U2.G12:VSS; U2.G3:VSS; U2.G5:VSS; U2.G8:VSS; U2.J1:VSS; U2.J10:VSS; U2.J12:VSS; U2.J3:VSS; U2.K11:VSS; U2.K2:VSS; U2.K4:VSS; U2.K9:VSS; U2.N11:VSS; U2.N2:VSS; U2.N4:VSS; U2.N9:VSS; U2.P1:VSS; U2.P10:VSS; U2.P12:VSS; U2.T1:VSS; U2.T10:VSS; U2.T12:VSS; U2.T3:VSS; U2.T5:VSS; U2.T8:VSS; U2.V1:VSS; U2.V12:VSS; U2.V5:VSS; U2.V8:VSS; U2.W11:VSS; U2.W2:VSS; U2.W4:VSS; U2.W9:VSS; U2.Y1:VSS; U2.Y12:VSS; U2.Y5:VSS; U2.Y8:VSS; U21.4:GND; U22.A1:AGND; U22.B1:PGND; U22.B2:PGND; U22.B3:PGND; U23.A1:AGND; U23.B1:PGND; U23.B2:PGND; U23.B3:PGND; U24.4:GND; U25.4:GND; U26.4:GND; U3.A6:VSS; U3.C4:VSS; U3.E7:VSS; U3.G5:VSS; U3.H10:VSS; U3.J5:VSS; U3.K8:VSS; U3.N2:VSS; U3.N5:VSS; U3.P4:VSS; U3.P6:VSS; U89.5:GND; U89.7:EP_GND; U90.5:GND; U90.7:EP_GND; U91.3:GND; U92.1:B_TIE_LOW; U92.2:GND; U93.3:GND; U94.1:B_TIE_LOW; U94.2:GND; U95.7:GND; Y2.2:GND; Y2.4:GND
U2,K4F8E304HB_200,P4,CKE_b,bidirectional,input,true,Samsung K4F8E304HB-MGCJ Rev.1.0 (June 2016),10,P row / column 4,12,4.5 Table 1,Input,Clock enable input,FUNCTIONAL,All normal supported operating modes of this exact part,Table 1 explicitly marks this normal functional pin Input.,,DDR_CKEB0,65 exact SoC joins; source NC/DNU flagged; bias on dedicated sheet,U1.J18:DDR_CKEB0
U2,K4F8E304HB_200,P5,NC,no_connect,no_connect,false,Samsung K4F8E304HB-MGCJ Rev.1.0 (June 2016),10,P row / column 5,10–11,4.2 package ballout; 4.3 pad definitions,NC,No-connect ball,MANUFACTURER_NC,All normal supported operating modes of this exact part,Keep an explicit no-use electrical class and open circuit; retain the manufacturer classification separately.,A no_connect CAD type does not prove this physical ball is unbonded. DNU/RFU must not be used. The source does not grant alternative NC wiring; leave NC open rather than assuming grounding or routing-through is permitted.,unconnected-(U2C-NC-PadP5),MANUFACTURER_NC_DNU_MUST_REMAIN_OPEN,
U2,K4F8E304HB_200,P8,CK_t_b,bidirectional,input,true,Samsung K4F8E304HB-MGCJ Rev.1.0 (June 2016),10,P row / column 8,12,4.5 Table 1,Input,Clock input,FUNCTIONAL,All normal supported operating modes of this exact part,Table 1 explicitly marks this normal functional pin Input.,,DDR_CLKB_P,65 exact SoC joins; source NC/DNU flagged; bias on dedicated sheet,U1.G20:DDR_CLKBP
U2,K4F8E304HB_200,P9,CK_c_b,bidirectional,input,true,Samsung K4F8E304HB-MGCJ Rev.1.0 (June 2016),10,P row / column 9,12,4.5 Table 1,Input,Clock input,FUNCTIONAL,All normal supported operating modes of this exact part,Table 1 explicitly marks this normal functional pin Input.,,DDR_CLKB_N,65 exact SoC joins; source NC/DNU flagged; bias on dedicated sheet,U1.F20:DDR_CLKBN
U2,K4F8E304HB_200,P10,VSS,power_in,power_in,false,Samsung K4F8E304HB-MGCJ Rev.1.0 (June 2016),10,P row / column 10,12,4.5 Table 1,GND,Ground return,FUNCTIONAL,All normal supported operating modes of this exact part,Manufacturer supply/ground identity; do not promote to source.,,GND,65 exact SoC joins; source NC/DNU flagged; bias on dedicated sheet,C201.2:; C203.2:; C204.2:; C205.2:; C206.2:; C207.2:; C208.2:; C209.2:; C210.2:; C211.2:; C212.2:; C213.2:; C214.2:; C215.2:; C216.2:; C217.2:; C218.2:; C220.2:; C221.2:; C222.2:; C223.2:; C225.2:; C226.2:; C227.2:; C228.2:; C230.2:; C231.2:; C232.2:; C233.2:; C234.2:; C235.2:; C236.2:; C237.2:; C238.2:; C239.2:; C240.2:; C241.2:; C242.2:; C243.2:; C244.2:; C31.2:; C32.2:; C33.2:; C34.2:; C41.2:; C42.2:; C43.2:; C44.2:; C45.2:; C501.2:; C502.2:; C503.2:; C504.2:; C505.2:; C506.2:; C507.2:; C508.2:; C509.2:; C510.2:; C511.2:; C512.2:; C513.2:; C514.2:; C515.2:; C516.2:; C517.2:; C518.2:; C519.2:; C520.2:; C521.2:; C522.2:; C523.2:; C524.2:; C525.2:; C526.2:; C527.2:; C528.2:; C529.2:; C530.2:; C531.2:; C532.2:; C533.2:; C534.2:; C535.2:; C536.2:; C537.2:; C538.2:; C539.2:; C540.2:; C541.2:; C542.2:; C543.2:; C544.2:; C545.2:; C546.2:; C547.2:; C548.2:; C549.2:; C550.2:; C551.2:; C552.2:; C553.2:; C554.2:; C555.2:; C556.2:; C557.2:; C558.2:; C559.2:; C560.2:; C561.2:; C562.2:; C563.2:; C564.2:; C565.2:; C566.2:; C567.2:; C568.2:; C569.2:; C570.2:; C571.2:; C572.2:; C573.2:; C574.2:; C575.2:; C576.2:; C577.2:; C62.2:; C63.2:; C64.2:; C65.2:; C809.2:; C810.2:; C811.2:; C812.2:; C813.2:; C814.2:; C815.2:; C816.2:; J1.1:GND; J1.106:GND; J1.2:GND; J1.3:GND; J1.36:GND; J1.49:GND; J1.57:GND; J1.64:GND; J1.71:GND; J1.78:GND; J1.89:GND; R202.2:; R205.2:; R206.2:; R208.2:; R211.2:; R214.2:; R31.2:; R402.2:; R44.2:; R47.2:; R526.2:; R529.2:; R571.2:; R572.2:; R64.2:; R66.2:; R69.2:; R70.2:; R71.2:; U1.A13:VSS; U1.A16:VSS; U1.A19:VSS; U1.A9:TEST_EN; U1.B13:VSS; U1.B20:VSS; U1.C13:VSS; U1.D10:VSS; U1.D11:VSS; U1.D13:VSS; U1.D15:VSS; U1.D9:VSS; U1.E12:VSS; U1.E13:VSS; U1.E14:VSS; U1.E15:VSS; U1.E16:VSS; U1.E19:VSS; U1.E4:VSS; U1.E6:VSS; U1.E7:VSS; U1.E8:VSS; U1.F10:VSS; U1.F11:AVSS; U1.F16:VSS; U1.F4:VSS; U1.F6:VSS; U1.G13:VSS; U1.G14:VSS; U1.G15:VSS; U1.G16:VSS; U1.G6:VSS; U1.G7:AVSS; U1.G8:AVSS; U1.H11:VSS; U1.H13:VSS; U1.H15:VSS; U1.H16:VSS; U1.H20:VSS; U1.H7:VSS; U1.J11:VSS; U1.J13:VSS; U1.J15:VSS; U1.J7:VSS; U1.K10:VSS; U1.K12:VSS; U1.K14:VSS; U1.K16:VSS; U1.K18:VSS; U1.K3:VSS; U1.K6:VSS; U1.K8:VSS; U1.L10:VSS; U1.L12:VSS; U1.L15:VSS; U1.L19:VSS; U1.L7:VSS; U1.L8:VSS; U1.M10:VSS; U1.M12:VSS; U1.M15:VSS; U1.M16:VSS; U1.M6:VSS; U1.M8:VSS; U1.N10:VSS; U1.N12:VSS; U1.N15:VSS; U1.N16:VSS; U1.N3:VSS; U1.N5:VSS; U1.N8:VSS; U1.P10:VSS; U1.P12:VSS; U1.P14:VSS; U1.P15:VSS; U1.P20:VSS; U1.P6:VSS; U1.P7:VSS; U1.P8:VSS; U1.R10:VSS; U1.R12:VSS; U1.R14:VSS; U1.R16:VSS; U1.R3:VSS; U1.R6:VSS; U1.R7:VSS; U1.T15:VSS; U1.T3:VSS; U1.T7:VSS; U1.T8:VSS; U1.T9:VSS; U1.U19:VSS; U1.U3:VSS; U1.U8:VSS; U1.V3:VSS; U1.V4:VSS; U1.V5:VSS; U1.V6:VSS; U1.V7:VSS; U1.V8:VSS; U1.W1:VSS; U1.W16:VSS; U1.W20:VSS; U1.Y13:VSS; U1.Y19:VSS; U11.6:GND; U12.10:D4; U12.11:S4B; U12.12:S4A; U12.6:GND; U12.8:S3B; U13.1:S1B; U13.11:S4B; U13.15:SEL; U13.4:S2B; U13.6:GND; U13.8:S3B; U14.3:GND; U2.A10:VSS; U2.A3:VSS; U2.AB10:VSS; U2.AB3:VSS; U2.AB5:VSS; U2.AB8:VSS; U2.C1:VSS; U2.C12:VSS; U2.C5:VSS; U2.C8:VSS; U2.D11:VSS; U2.D2:VSS; U2.D4:VSS; U2.D9:VSS; U2.E1:VSS; U2.E12:VSS; U2.E5:VSS; U2.E8:VSS; U2.G1:VSS; U2.G10:VSS; U2.G12:VSS; U2.G3:VSS; U2.G5:VSS; U2.G8:VSS; U2.J1:VSS; U2.J10:VSS; U2.J12:VSS; U2.J3:VSS; U2.K11:VSS; U2.K2:VSS; U2.K4:VSS; U2.K9:VSS; U2.N11:VSS; U2.N2:VSS; U2.N4:VSS; U2.N9:VSS; U2.P1:VSS; U2.P12:VSS; U2.P3:VSS; U2.T1:VSS; U2.T10:VSS; U2.T12:VSS; U2.T3:VSS; U2.T5:VSS; U2.T8:VSS; U2.V1:VSS; U2.V12:VSS; U2.V5:VSS; U2.V8:VSS; U2.W11:VSS; U2.W2:VSS; U2.W4:VSS; U2.W9:VSS; U2.Y1:VSS; U2.Y12:VSS; U2.Y5:VSS; U2.Y8:VSS; U21.4:GND; U22.A1:AGND; U22.B1:PGND; U22.B2:PGND; U22.B3:PGND; U23.A1:AGND; U23.B1:PGND; U23.B2:PGND; U23.B3:PGND; U24.4:GND; U25.4:GND; U26.4:GND; U3.A6:VSS; U3.C4:VSS; U3.E7:VSS; U3.G5:VSS; U3.H10:VSS; U3.J5:VSS; U3.K8:VSS; U3.N2:VSS; U3.N5:VSS; U3.P4:VSS; U3.P6:VSS; U89.5:GND; U89.7:EP_GND; U90.5:GND; U90.7:EP_GND; U91.3:GND; U92.1:B_TIE_LOW; U92.2:GND; U93.3:GND; U94.1:B_TIE_LOW; U94.2:GND; U95.7:GND; Y2.2:GND; Y2.4:GND
U2,K4F8E304HB_200,P11,CA5_b,bidirectional,input,true,Samsung K4F8E304HB-MGCJ Rev.1.0 (June 2016),10,P row / column 11,12,4.5 Table 1,Input,Command/address input,FUNCTIONAL,All normal supported operating modes of this exact part,Table 1 explicitly marks this normal functional pin Input.,,DDR_CAB5,65 exact SoC joins; source NC/DNU flagged; bias on dedicated sheet,U1.F19:DDR_CAB5
U2,K4F8E304HB_200,P12,VSS,power_in,power_in,false,Samsung K4F8E304HB-MGCJ Rev.1.0 (June 2016),10,P row / column 12,12,4.5 Table 1,GND,Ground return,FUNCTIONAL,All normal supported operating modes of this exact part,Manufacturer supply/ground identity; do not promote to source.,,GND,65 exact SoC joins; source NC/DNU flagged; bias on dedicated sheet,C201.2:; C203.2:; C204.2:; C205.2:; C206.2:; C207.2:; C208.2:; C209.2:; C210.2:; C211.2:; C212.2:; C213.2:; C214.2:; C215.2:; C216.2:; C217.2:; C218.2:; C220.2:; C221.2:; C222.2:; C223.2:; C225.2:; C226.2:; C227.2:; C228.2:; C230.2:; C231.2:; C232.2:; C233.2:; C234.2:; C235.2:; C236.2:; C237.2:; C238.2:; C239.2:; C240.2:; C241.2:; C242.2:; C243.2:; C244.2:; C31.2:; C32.2:; C33.2:; C34.2:; C41.2:; C42.2:; C43.2:; C44.2:; C45.2:; C501.2:; C502.2:; C503.2:; C504.2:; C505.2:; C506.2:; C507.2:; C508.2:; C509.2:; C510.2:; C511.2:; C512.2:; C513.2:; C514.2:; C515.2:; C516.2:; C517.2:; C518.2:; C519.2:; C520.2:; C521.2:; C522.2:; C523.2:; C524.2:; C525.2:; C526.2:; C527.2:; C528.2:; C529.2:; C530.2:; C531.2:; C532.2:; C533.2:; C534.2:; C535.2:; C536.2:; C537.2:; C538.2:; C539.2:; C540.2:; C541.2:; C542.2:; C543.2:; C544.2:; C545.2:; C546.2:; C547.2:; C548.2:; C549.2:; C550.2:; C551.2:; C552.2:; C553.2:; C554.2:; C555.2:; C556.2:; C557.2:; C558.2:; C559.2:; C560.2:; C561.2:; C562.2:; C563.2:; C564.2:; C565.2:; C566.2:; C567.2:; C568.2:; C569.2:; C570.2:; C571.2:; C572.2:; C573.2:; C574.2:; C575.2:; C576.2:; C577.2:; C62.2:; C63.2:; C64.2:; C65.2:; C809.2:; C810.2:; C811.2:; C812.2:; C813.2:; C814.2:; C815.2:; C816.2:; J1.1:GND; J1.106:GND; J1.2:GND; J1.3:GND; J1.36:GND; J1.49:GND; J1.57:GND; J1.64:GND; J1.71:GND; J1.78:GND; J1.89:GND; R202.2:; R205.2:; R206.2:; R208.2:; R211.2:; R214.2:; R31.2:; R402.2:; R44.2:; R47.2:; R526.2:; R529.2:; R571.2:; R572.2:; R64.2:; R66.2:; R69.2:; R70.2:; R71.2:; U1.A13:VSS; U1.A16:VSS; U1.A19:VSS; U1.A9:TEST_EN; U1.B13:VSS; U1.B20:VSS; U1.C13:VSS; U1.D10:VSS; U1.D11:VSS; U1.D13:VSS; U1.D15:VSS; U1.D9:VSS; U1.E12:VSS; U1.E13:VSS; U1.E14:VSS; U1.E15:VSS; U1.E16:VSS; U1.E19:VSS; U1.E4:VSS; U1.E6:VSS; U1.E7:VSS; U1.E8:VSS; U1.F10:VSS; U1.F11:AVSS; U1.F16:VSS; U1.F4:VSS; U1.F6:VSS; U1.G13:VSS; U1.G14:VSS; U1.G15:VSS; U1.G16:VSS; U1.G6:VSS; U1.G7:AVSS; U1.G8:AVSS; U1.H11:VSS; U1.H13:VSS; U1.H15:VSS; U1.H16:VSS; U1.H20:VSS; U1.H7:VSS; U1.J11:VSS; U1.J13:VSS; U1.J15:VSS; U1.J7:VSS; U1.K10:VSS; U1.K12:VSS; U1.K14:VSS; U1.K16:VSS; U1.K18:VSS; U1.K3:VSS; U1.K6:VSS; U1.K8:VSS; U1.L10:VSS; U1.L12:VSS; U1.L15:VSS; U1.L19:VSS; U1.L7:VSS; U1.L8:VSS; U1.M10:VSS; U1.M12:VSS; U1.M15:VSS; U1.M16:VSS; U1.M6:VSS; U1.M8:VSS; U1.N10:VSS; U1.N12:VSS; U1.N15:VSS; U1.N16:VSS; U1.N3:VSS; U1.N5:VSS; U1.N8:VSS; U1.P10:VSS; U1.P12:VSS; U1.P14:VSS; U1.P15:VSS; U1.P20:VSS; U1.P6:VSS; U1.P7:VSS; U1.P8:VSS; U1.R10:VSS; U1.R12:VSS; U1.R14:VSS; U1.R16:VSS; U1.R3:VSS; U1.R6:VSS; U1.R7:VSS; U1.T15:VSS; U1.T3:VSS; U1.T7:VSS; U1.T8:VSS; U1.T9:VSS; U1.U19:VSS; U1.U3:VSS; U1.U8:VSS; U1.V3:VSS; U1.V4:VSS; U1.V5:VSS; U1.V6:VSS; U1.V7:VSS; U1.V8:VSS; U1.W1:VSS; U1.W16:VSS; U1.W20:VSS; U1.Y13:VSS; U1.Y19:VSS; U11.6:GND; U12.10:D4; U12.11:S4B; U12.12:S4A; U12.6:GND; U12.8:S3B; U13.1:S1B; U13.11:S4B; U13.15:SEL; U13.4:S2B; U13.6:GND; U13.8:S3B; U14.3:GND; U2.A10:VSS; U2.A3:VSS; U2.AB10:VSS; U2.AB3:VSS; U2.AB5:VSS; U2.AB8:VSS; U2.C1:VSS; U2.C12:VSS; U2.C5:VSS; U2.C8:VSS; U2.D11:VSS; U2.D2:VSS; U2.D4:VSS; U2.D9:VSS; U2.E1:VSS; U2.E12:VSS; U2.E5:VSS; U2.E8:VSS; U2.G1:VSS; U2.G10:VSS; U2.G12:VSS; U2.G3:VSS; U2.G5:VSS; U2.G8:VSS; U2.J1:VSS; U2.J10:VSS; U2.J12:VSS; U2.J3:VSS; U2.K11:VSS; U2.K2:VSS; U2.K4:VSS; U2.K9:VSS; U2.N11:VSS; U2.N2:VSS; U2.N4:VSS; U2.N9:VSS; U2.P1:VSS; U2.P10:VSS; U2.P3:VSS; U2.T1:VSS; U2.T10:VSS; U2.T12:VSS; U2.T3:VSS; U2.T5:VSS; U2.T8:VSS; U2.V1:VSS; U2.V12:VSS; U2.V5:VSS; U2.V8:VSS; U2.W11:VSS; U2.W2:VSS; U2.W4:VSS; U2.W9:VSS; U2.Y1:VSS; U2.Y12:VSS; U2.Y5:VSS; U2.Y8:VSS; U21.4:GND; U22.A1:AGND; U22.B1:PGND; U22.B2:PGND; U22.B3:PGND; U23.A1:AGND; U23.B1:PGND; U23.B2:PGND; U23.B3:PGND; U24.4:GND; U25.4:GND; U26.4:GND; U3.A6:VSS; U3.C4:VSS; U3.E7:VSS; U3.G5:VSS; U3.H10:VSS; U3.J5:VSS; U3.K8:VSS; U3.N2:VSS; U3.N5:VSS; U3.P4:VSS; U3.P6:VSS; U89.5:GND; U89.7:EP_GND; U90.5:GND; U90.7:EP_GND; U91.3:GND; U92.1:B_TIE_LOW; U92.2:GND; U93.3:GND; U94.1:B_TIE_LOW; U94.2:GND; U95.7:GND; Y2.2:GND; Y2.4:GND
U2,K4F8E304HB_200,R1,VDD2,power_in,power_in,false,Samsung K4F8E304HB-MGCJ Rev.1.0 (June 2016),10,R row / column 1,12,4.5 Table 1,Supply,Supply input,FUNCTIONAL,All normal supported operating modes of this exact part,Manufacturer supply/ground identity; do not promote to source.,,VDD1P1_DDR_IO,65 exact SoC joins; source NC/DNU flagged; bias on dedicated sheet,C218.1:; C219.1:; C534.1:; C535.1:; C536.1:; C537.1:; C538.1:; C539.1:; C540.1:; C541.1:; C542.1:; C543.1:; C544.1:; C545.1:; C546.1:; C547.1:; C548.1:; C549.1:; C550.1:; C551.1:; C552.1:; C553.1:; C554.1:; C555.1:; C556.1:; C557.1:; C558.1:; C559.1:; C560.1:; C561.1:; C61.1:; L24.2:; R207.1:; R61.2:; R62.2:; R63.2:; R65.1:; U1.H14:VDD1P1_DDR_IO; U1.J14:VDD1P1_DDR_IO; U1.L14:VDD1P1_DDR_IO; U1.M14:VDD1P1_DDR_IO; U1.N14:VDD1P1_DDR_IO; U2.A4:VDD2; U2.A9:VDD2; U2.AA10:VDDQ; U2.AA3:VDDQ; U2.AA5:VDDQ; U2.AA8:VDDQ; U2.AB4:VDD2; U2.AB9:VDD2; U2.B10:VDDQ; U2.B3:VDDQ; U2.B5:VDDQ; U2.B8:VDDQ; U2.D1:VDDQ; U2.D12:VDDQ; U2.D5:VDDQ; U2.D8:VDDQ; U2.F10:VDDQ; U2.F3:VDDQ; U2.F5:VDD2; U2.F8:VDD2; U2.H1:VDD2; U2.H12:VDD2; U2.H5:VDD2; U2.H8:VDD2; U2.K1:VDD2; U2.K10:VDD2; U2.K12:VDD2; U2.K3:VDD2; U2.N1:VDD2; U2.N10:VDD2; U2.N12:VDD2; U2.N3:VDD2; U2.R12:VDD2; U2.R5:VDD2; U2.R8:VDD2; U2.U10:VDDQ; U2.U3:VDDQ; U2.U5:VDD2; U2.U8:VDD2; U2.W1:VDDQ; U2.W12:VDDQ; U2.W5:VDDQ; U2.W8:VDDQ
U2,K4F8E304HB_200,R2,CA0_b,bidirectional,input,true,Samsung K4F8E304HB-MGCJ Rev.1.0 (June 2016),10,R row / column 2,12,4.5 Table 1,Input,Command/address input,FUNCTIONAL,All normal supported operating modes of this exact part,Table 1 explicitly marks this normal functional pin Input.,,DDR_CAB0,65 exact SoC joins; source NC/DNU flagged; bias on dedicated sheet,U1.E20:DDR_CAB0
U2,K4F8E304HB_200,R3,NC,no_connect,no_connect,false,Samsung K4F8E304HB-MGCJ Rev.1.0 (June 2016),10,R row / column 3,10–11,4.2 package ballout; 4.3 pad definitions,NC,No-connect ball,MANUFACTURER_NC,All normal supported operating modes of this exact part,Keep an explicit no-use electrical class and open circuit; retain the manufacturer classification separately.,A no_connect CAD type does not prove this physical ball is unbonded. DNU/RFU must not be used. The source does not grant alternative NC wiring; leave NC open rather than assuming grounding or routing-through is permitted.,unconnected-(U2D-NC-PadR3),MANUFACTURER_NC_DNU_MUST_REMAIN_OPEN,
U2,K4F8E304HB_200,R4,CS_b,bidirectional,input,true,Samsung K4F8E304HB-MGCJ Rev.1.0 (June 2016),10,R row / column 4,12,4.5 Table 1,Input,Chip select input,FUNCTIONAL,All normal supported operating modes of this exact part,Table 1 explicitly marks this normal functional pin Input.,,DDR_CSB0,65 exact SoC joins; source NC/DNU flagged; bias on dedicated sheet,U1.J20:DDR_CSB0
U2,K4F8E304HB_200,R5,VDD2,power_in,power_in,false,Samsung K4F8E304HB-MGCJ Rev.1.0 (June 2016),10,R row / column 5,12,4.5 Table 1,Supply,Supply input,FUNCTIONAL,All normal supported operating modes of this exact part,Manufacturer supply/ground identity; do not promote to source.,,VDD1P1_DDR_IO,65 exact SoC joins; source NC/DNU flagged; bias on dedicated sheet,C218.1:; C219.1:; C534.1:; C535.1:; C536.1:; C537.1:; C538.1:; C539.1:; C540.1:; C541.1:; C542.1:; C543.1:; C544.1:; C545.1:; C546.1:; C547.1:; C548.1:; C549.1:; C550.1:; C551.1:; C552.1:; C553.1:; C554.1:; C555.1:; C556.1:; C557.1:; C558.1:; C559.1:; C560.1:; C561.1:; C61.1:; L24.2:; R207.1:; R61.2:; R62.2:; R63.2:; R65.1:; U1.H14:VDD1P1_DDR_IO; U1.J14:VDD1P1_DDR_IO; U1.L14:VDD1P1_DDR_IO; U1.M14:VDD1P1_DDR_IO; U1.N14:VDD1P1_DDR_IO; U2.A4:VDD2; U2.A9:VDD2; U2.AA10:VDDQ; U2.AA3:VDDQ; U2.AA5:VDDQ; U2.AA8:VDDQ; U2.AB4:VDD2; U2.AB9:VDD2; U2.B10:VDDQ; U2.B3:VDDQ; U2.B5:VDDQ; U2.B8:VDDQ; U2.D1:VDDQ; U2.D12:VDDQ; U2.D5:VDDQ; U2.D8:VDDQ; U2.F10:VDDQ; U2.F3:VDDQ; U2.F5:VDD2; U2.F8:VDD2; U2.H1:VDD2; U2.H12:VDD2; U2.H5:VDD2; U2.H8:VDD2; U2.K1:VDD2; U2.K10:VDD2; U2.K12:VDD2; U2.K3:VDD2; U2.N1:VDD2; U2.N10:VDD2; U2.N12:VDD2; U2.N3:VDD2; U2.R1:VDD2; U2.R12:VDD2; U2.R8:VDD2; U2.U10:VDDQ; U2.U3:VDDQ; U2.U5:VDD2; U2.U8:VDD2; U2.W1:VDDQ; U2.W12:VDDQ; U2.W5:VDDQ; U2.W8:VDDQ
U2,K4F8E304HB_200,R8,VDD2,power_in,power_in,false,Samsung K4F8E304HB-MGCJ Rev.1.0 (June 2016),10,R row / column 8,12,4.5 Table 1,Supply,Supply input,FUNCTIONAL,All normal supported operating modes of this exact part,Manufacturer supply/ground identity; do not promote to source.,,VDD1P1_DDR_IO,65 exact SoC joins; source NC/DNU flagged; bias on dedicated sheet,C218.1:; C219.1:; C534.1:; C535.1:; C536.1:; C537.1:; C538.1:; C539.1:; C540.1:; C541.1:; C542.1:; C543.1:; C544.1:; C545.1:; C546.1:; C547.1:; C548.1:; C549.1:; C550.1:; C551.1:; C552.1:; C553.1:; C554.1:; C555.1:; C556.1:; C557.1:; C558.1:; C559.1:; C560.1:; C561.1:; C61.1:; L24.2:; R207.1:; R61.2:; R62.2:; R63.2:; R65.1:; U1.H14:VDD1P1_DDR_IO; U1.J14:VDD1P1_DDR_IO; U1.L14:VDD1P1_DDR_IO; U1.M14:VDD1P1_DDR_IO; U1.N14:VDD1P1_DDR_IO; U2.A4:VDD2; U2.A9:VDD2; U2.AA10:VDDQ; U2.AA3:VDDQ; U2.AA5:VDDQ; U2.AA8:VDDQ; U2.AB4:VDD2; U2.AB9:VDD2; U2.B10:VDDQ; U2.B3:VDDQ; U2.B5:VDDQ; U2.B8:VDDQ; U2.D1:VDDQ; U2.D12:VDDQ; U2.D5:VDDQ; U2.D8:VDDQ; U2.F10:VDDQ; U2.F3:VDDQ; U2.F5:VDD2; U2.F8:VDD2; U2.H1:VDD2; U2.H12:VDD2; U2.H5:VDD2; U2.H8:VDD2; U2.K1:VDD2; U2.K10:VDD2; U2.K12:VDD2; U2.K3:VDD2; U2.N1:VDD2; U2.N10:VDD2; U2.N12:VDD2; U2.N3:VDD2; U2.R1:VDD2; U2.R12:VDD2; U2.R5:VDD2; U2.U10:VDDQ; U2.U3:VDDQ; U2.U5:VDD2; U2.U8:VDD2; U2.W1:VDDQ; U2.W12:VDDQ; U2.W5:VDDQ; U2.W8:VDDQ
U2,K4F8E304HB_200,R9,CA2_b,bidirectional,input,true,Samsung K4F8E304HB-MGCJ Rev.1.0 (June 2016),10,R row / column 9,12,4.5 Table 1,Input,Command/address input,FUNCTIONAL,All normal supported operating modes of this exact part,Table 1 explicitly marks this normal functional pin Input.,,DDR_CAB2,65 exact SoC joins; source NC/DNU flagged; bias on dedicated sheet,U1.G18:DDR_CAB2
U2,K4F8E304HB_200,R10,CA3_b,bidirectional,input,true,Samsung K4F8E304HB-MGCJ Rev.1.0 (June 2016),10,R row / column 10,12,4.5 Table 1,Input,Command/address input,FUNCTIONAL,All normal supported operating modes of this exact part,Table 1 explicitly marks this normal functional pin Input.,,DDR_CAB3,65 exact SoC joins; source NC/DNU flagged; bias on dedicated sheet,U1.H17:DDR_CAB3
U2,K4F8E304HB_200,R11,CA4_b,bidirectional,input,true,Samsung K4F8E304HB-MGCJ Rev.1.0 (June 2016),10,R row / column 11,12,4.5 Table 1,Input,Command/address input,FUNCTIONAL,All normal supported operating modes of this exact part,Table 1 explicitly marks this normal functional pin Input.,,DDR_CAB4,65 exact SoC joins; source NC/DNU flagged; bias on dedicated sheet,U1.F17:DDR_CAB4
U2,K4F8E304HB_200,R12,VDD2,power_in,power_in,false,Samsung K4F8E304HB-MGCJ Rev.1.0 (June 2016),10,R row / column 12,12,4.5 Table 1,Supply,Supply input,FUNCTIONAL,All normal supported operating modes of this exact part,Manufacturer supply/ground identity; do not promote to source.,,VDD1P1_DDR_IO,65 exact SoC joins; source NC/DNU flagged; bias on dedicated sheet,C218.1:; C219.1:; C534.1:; C535.1:; C536.1:; C537.1:; C538.1:; C539.1:; C540.1:; C541.1:; C542.1:; C543.1:; C544.1:; C545.1:; C546.1:; C547.1:; C548.1:; C549.1:; C550.1:; C551.1:; C552.1:; C553.1:; C554.1:; C555.1:; C556.1:; C557.1:; C558.1:; C559.1:; C560.1:; C561.1:; C61.1:; L24.2:; R207.1:; R61.2:; R62.2:; R63.2:; R65.1:; U1.H14:VDD1P1_DDR_IO; U1.J14:VDD1P1_DDR_IO; U1.L14:VDD1P1_DDR_IO; U1.M14:VDD1P1_DDR_IO; U1.N14:VDD1P1_DDR_IO; U2.A4:VDD2; U2.A9:VDD2; U2.AA10:VDDQ; U2.AA3:VDDQ; U2.AA5:VDDQ; U2.AA8:VDDQ; U2.AB4:VDD2; U2.AB9:VDD2; U2.B10:VDDQ; U2.B3:VDDQ; U2.B5:VDDQ; U2.B8:VDDQ; U2.D1:VDDQ; U2.D12:VDDQ; U2.D5:VDDQ; U2.D8:VDDQ; U2.F10:VDDQ; U2.F3:VDDQ; U2.F5:VDD2; U2.F8:VDD2; U2.H1:VDD2; U2.H12:VDD2; U2.H5:VDD2; U2.H8:VDD2; U2.K1:VDD2; U2.K10:VDD2; U2.K12:VDD2; U2.K3:VDD2; U2.N1:VDD2; U2.N10:VDD2; U2.N12:VDD2; U2.N3:VDD2; U2.R1:VDD2; U2.R5:VDD2; U2.R8:VDD2; U2.U10:VDDQ; U2.U3:VDDQ; U2.U5:VDD2; U2.U8:VDD2; U2.W1:VDDQ; U2.W12:VDDQ; U2.W5:VDDQ; U2.W8:VDDQ
U2,K4F8E304HB_200,T1,VSS,power_in,power_in,false,Samsung K4F8E304HB-MGCJ Rev.1.0 (June 2016),10,T row / column 1,12,4.5 Table 1,GND,Ground return,FUNCTIONAL,All normal supported operating modes of this exact part,Manufacturer supply/ground identity; do not promote to source.,,GND,65 exact SoC joins; source NC/DNU flagged; bias on dedicated sheet,C201.2:; C203.2:; C204.2:; C205.2:; C206.2:; C207.2:; C208.2:; C209.2:; C210.2:; C211.2:; C212.2:; C213.2:; C214.2:; C215.2:; C216.2:; C217.2:; C218.2:; C220.2:; C221.2:; C222.2:; C223.2:; C225.2:; C226.2:; C227.2:; C228.2:; C230.2:; C231.2:; C232.2:; C233.2:; C234.2:; C235.2:; C236.2:; C237.2:; C238.2:; C239.2:; C240.2:; C241.2:; C242.2:; C243.2:; C244.2:; C31.2:; C32.2:; C33.2:; C34.2:; C41.2:; C42.2:; C43.2:; C44.2:; C45.2:; C501.2:; C502.2:; C503.2:; C504.2:; C505.2:; C506.2:; C507.2:; C508.2:; C509.2:; C510.2:; C511.2:; C512.2:; C513.2:; C514.2:; C515.2:; C516.2:; C517.2:; C518.2:; C519.2:; C520.2:; C521.2:; C522.2:; C523.2:; C524.2:; C525.2:; C526.2:; C527.2:; C528.2:; C529.2:; C530.2:; C531.2:; C532.2:; C533.2:; C534.2:; C535.2:; C536.2:; C537.2:; C538.2:; C539.2:; C540.2:; C541.2:; C542.2:; C543.2:; C544.2:; C545.2:; C546.2:; C547.2:; C548.2:; C549.2:; C550.2:; C551.2:; C552.2:; C553.2:; C554.2:; C555.2:; C556.2:; C557.2:; C558.2:; C559.2:; C560.2:; C561.2:; C562.2:; C563.2:; C564.2:; C565.2:; C566.2:; C567.2:; C568.2:; C569.2:; C570.2:; C571.2:; C572.2:; C573.2:; C574.2:; C575.2:; C576.2:; C577.2:; C62.2:; C63.2:; C64.2:; C65.2:; C809.2:; C810.2:; C811.2:; C812.2:; C813.2:; C814.2:; C815.2:; C816.2:; J1.1:GND; J1.106:GND; J1.2:GND; J1.3:GND; J1.36:GND; J1.49:GND; J1.57:GND; J1.64:GND; J1.71:GND; J1.78:GND; J1.89:GND; R202.2:; R205.2:; R206.2:; R208.2:; R211.2:; R214.2:; R31.2:; R402.2:; R44.2:; R47.2:; R526.2:; R529.2:; R571.2:; R572.2:; R64.2:; R66.2:; R69.2:; R70.2:; R71.2:; U1.A13:VSS; U1.A16:VSS; U1.A19:VSS; U1.A9:TEST_EN; U1.B13:VSS; U1.B20:VSS; U1.C13:VSS; U1.D10:VSS; U1.D11:VSS; U1.D13:VSS; U1.D15:VSS; U1.D9:VSS; U1.E12:VSS; U1.E13:VSS; U1.E14:VSS; U1.E15:VSS; U1.E16:VSS; U1.E19:VSS; U1.E4:VSS; U1.E6:VSS; U1.E7:VSS; U1.E8:VSS; U1.F10:VSS; U1.F11:AVSS; U1.F16:VSS; U1.F4:VSS; U1.F6:VSS; U1.G13:VSS; U1.G14:VSS; U1.G15:VSS; U1.G16:VSS; U1.G6:VSS; U1.G7:AVSS; U1.G8:AVSS; U1.H11:VSS; U1.H13:VSS; U1.H15:VSS; U1.H16:VSS; U1.H20:VSS; U1.H7:VSS; U1.J11:VSS; U1.J13:VSS; U1.J15:VSS; U1.J7:VSS; U1.K10:VSS; U1.K12:VSS; U1.K14:VSS; U1.K16:VSS; U1.K18:VSS; U1.K3:VSS; U1.K6:VSS; U1.K8:VSS; U1.L10:VSS; U1.L12:VSS; U1.L15:VSS; U1.L19:VSS; U1.L7:VSS; U1.L8:VSS; U1.M10:VSS; U1.M12:VSS; U1.M15:VSS; U1.M16:VSS; U1.M6:VSS; U1.M8:VSS; U1.N10:VSS; U1.N12:VSS; U1.N15:VSS; U1.N16:VSS; U1.N3:VSS; U1.N5:VSS; U1.N8:VSS; U1.P10:VSS; U1.P12:VSS; U1.P14:VSS; U1.P15:VSS; U1.P20:VSS; U1.P6:VSS; U1.P7:VSS; U1.P8:VSS; U1.R10:VSS; U1.R12:VSS; U1.R14:VSS; U1.R16:VSS; U1.R3:VSS; U1.R6:VSS; U1.R7:VSS; U1.T15:VSS; U1.T3:VSS; U1.T7:VSS; U1.T8:VSS; U1.T9:VSS; U1.U19:VSS; U1.U3:VSS; U1.U8:VSS; U1.V3:VSS; U1.V4:VSS; U1.V5:VSS; U1.V6:VSS; U1.V7:VSS; U1.V8:VSS; U1.W1:VSS; U1.W16:VSS; U1.W20:VSS; U1.Y13:VSS; U1.Y19:VSS; U11.6:GND; U12.10:D4; U12.11:S4B; U12.12:S4A; U12.6:GND; U12.8:S3B; U13.1:S1B; U13.11:S4B; U13.15:SEL; U13.4:S2B; U13.6:GND; U13.8:S3B; U14.3:GND; U2.A10:VSS; U2.A3:VSS; U2.AB10:VSS; U2.AB3:VSS; U2.AB5:VSS; U2.AB8:VSS; U2.C1:VSS; U2.C12:VSS; U2.C5:VSS; U2.C8:VSS; U2.D11:VSS; U2.D2:VSS; U2.D4:VSS; U2.D9:VSS; U2.E1:VSS; U2.E12:VSS; U2.E5:VSS; U2.E8:VSS; U2.G1:VSS; U2.G10:VSS; U2.G12:VSS; U2.G3:VSS; U2.G5:VSS; U2.G8:VSS; U2.J1:VSS; U2.J10:VSS; U2.J12:VSS; U2.J3:VSS; U2.K11:VSS; U2.K2:VSS; U2.K4:VSS; U2.K9:VSS; U2.N11:VSS; U2.N2:VSS; U2.N4:VSS; U2.N9:VSS; U2.P1:VSS; U2.P10:VSS; U2.P12:VSS; U2.P3:VSS; U2.T10:VSS; U2.T12:VSS; U2.T3:VSS; U2.T5:VSS; U2.T8:VSS; U2.V1:VSS; U2.V12:VSS; U2.V5:VSS; U2.V8:VSS; U2.W11:VSS; U2.W2:VSS; U2.W4:VSS; U2.W9:VSS; U2.Y1:VSS; U2.Y12:VSS; U2.Y5:VSS; U2.Y8:VSS; U21.4:GND; U22.A1:AGND; U22.B1:PGND; U22.B2:PGND; U22.B3:PGND; U23.A1:AGND; U23.B1:PGND; U23.B2:PGND; U23.B3:PGND; U24.4:GND; U25.4:GND; U26.4:GND; U3.A6:VSS; U3.C4:VSS; U3.E7:VSS; U3.G5:VSS; U3.H10:VSS; U3.J5:VSS; U3.K8:VSS; U3.N2:VSS; U3.N5:VSS; U3.P4:VSS; U3.P6:VSS; U89.5:GND; U89.7:EP_GND; U90.5:GND; U90.7:EP_GND; U91.3:GND; U92.1:B_TIE_LOW; U92.2:GND; U93.3:GND; U94.1:B_TIE_LOW; U94.2:GND; U95.7:GND; Y2.2:GND; Y2.4:GND
U2,K4F8E304HB_200,T2,ODT_CA_b,bidirectional,input,true,Samsung K4F8E304HB-MGCJ Rev.1.0 (June 2016),10,T row / column 2,"10, 12",4.5 Table 1,Input,CA termination-control input,FUNCTIONAL,All normal supported operating modes of this exact part,Table 1 explicitly marks this normal functional pin Input.,"ODT_CA remains an input although locally biased through a resistor. The mode register controls termination together with this pin; passive-bias drive warnings require topology review, not a type change.",LPDDR4_ODT_B,65 exact SoC joins; source NC/DNU flagged; bias on dedicated sheet,R62.1:
U2,K4F8E304HB_200,T3,VSS,power_in,power_in,false,Samsung K4F8E304HB-MGCJ Rev.1.0 (June 2016),10,T row / column 3,12,4.5 Table 1,GND,Ground return,FUNCTIONAL,All normal supported operating modes of this exact part,Manufacturer supply/ground identity; do not promote to source.,,GND,65 exact SoC joins; source NC/DNU flagged; bias on dedicated sheet,C201.2:; C203.2:; C204.2:; C205.2:; C206.2:; C207.2:; C208.2:; C209.2:; C210.2:; C211.2:; C212.2:; C213.2:; C214.2:; C215.2:; C216.2:; C217.2:; C218.2:; C220.2:; C221.2:; C222.2:; C223.2:; C225.2:; C226.2:; C227.2:; C228.2:; C230.2:; C231.2:; C232.2:; C233.2:; C234.2:; C235.2:; C236.2:; C237.2:; C238.2:; C239.2:; C240.2:; C241.2:; C242.2:; C243.2:; C244.2:; C31.2:; C32.2:; C33.2:; C34.2:; C41.2:; C42.2:; C43.2:; C44.2:; C45.2:; C501.2:; C502.2:; C503.2:; C504.2:; C505.2:; C506.2:; C507.2:; C508.2:; C509.2:; C510.2:; C511.2:; C512.2:; C513.2:; C514.2:; C515.2:; C516.2:; C517.2:; C518.2:; C519.2:; C520.2:; C521.2:; C522.2:; C523.2:; C524.2:; C525.2:; C526.2:; C527.2:; C528.2:; C529.2:; C530.2:; C531.2:; C532.2:; C533.2:; C534.2:; C535.2:; C536.2:; C537.2:; C538.2:; C539.2:; C540.2:; C541.2:; C542.2:; C543.2:; C544.2:; C545.2:; C546.2:; C547.2:; C548.2:; C549.2:; C550.2:; C551.2:; C552.2:; C553.2:; C554.2:; C555.2:; C556.2:; C557.2:; C558.2:; C559.2:; C560.2:; C561.2:; C562.2:; C563.2:; C564.2:; C565.2:; C566.2:; C567.2:; C568.2:; C569.2:; C570.2:; C571.2:; C572.2:; C573.2:; C574.2:; C575.2:; C576.2:; C577.2:; C62.2:; C63.2:; C64.2:; C65.2:; C809.2:; C810.2:; C811.2:; C812.2:; C813.2:; C814.2:; C815.2:; C816.2:; J1.1:GND; J1.106:GND; J1.2:GND; J1.3:GND; J1.36:GND; J1.49:GND; J1.57:GND; J1.64:GND; J1.71:GND; J1.78:GND; J1.89:GND; R202.2:; R205.2:; R206.2:; R208.2:; R211.2:; R214.2:; R31.2:; R402.2:; R44.2:; R47.2:; R526.2:; R529.2:; R571.2:; R572.2:; R64.2:; R66.2:; R69.2:; R70.2:; R71.2:; U1.A13:VSS; U1.A16:VSS; U1.A19:VSS; U1.A9:TEST_EN; U1.B13:VSS; U1.B20:VSS; U1.C13:VSS; U1.D10:VSS; U1.D11:VSS; U1.D13:VSS; U1.D15:VSS; U1.D9:VSS; U1.E12:VSS; U1.E13:VSS; U1.E14:VSS; U1.E15:VSS; U1.E16:VSS; U1.E19:VSS; U1.E4:VSS; U1.E6:VSS; U1.E7:VSS; U1.E8:VSS; U1.F10:VSS; U1.F11:AVSS; U1.F16:VSS; U1.F4:VSS; U1.F6:VSS; U1.G13:VSS; U1.G14:VSS; U1.G15:VSS; U1.G16:VSS; U1.G6:VSS; U1.G7:AVSS; U1.G8:AVSS; U1.H11:VSS; U1.H13:VSS; U1.H15:VSS; U1.H16:VSS; U1.H20:VSS; U1.H7:VSS; U1.J11:VSS; U1.J13:VSS; U1.J15:VSS; U1.J7:VSS; U1.K10:VSS; U1.K12:VSS; U1.K14:VSS; U1.K16:VSS; U1.K18:VSS; U1.K3:VSS; U1.K6:VSS; U1.K8:VSS; U1.L10:VSS; U1.L12:VSS; U1.L15:VSS; U1.L19:VSS; U1.L7:VSS; U1.L8:VSS; U1.M10:VSS; U1.M12:VSS; U1.M15:VSS; U1.M16:VSS; U1.M6:VSS; U1.M8:VSS; U1.N10:VSS; U1.N12:VSS; U1.N15:VSS; U1.N16:VSS; U1.N3:VSS; U1.N5:VSS; U1.N8:VSS; U1.P10:VSS; U1.P12:VSS; U1.P14:VSS; U1.P15:VSS; U1.P20:VSS; U1.P6:VSS; U1.P7:VSS; U1.P8:VSS; U1.R10:VSS; U1.R12:VSS; U1.R14:VSS; U1.R16:VSS; U1.R3:VSS; U1.R6:VSS; U1.R7:VSS; U1.T15:VSS; U1.T3:VSS; U1.T7:VSS; U1.T8:VSS; U1.T9:VSS; U1.U19:VSS; U1.U3:VSS; U1.U8:VSS; U1.V3:VSS; U1.V4:VSS; U1.V5:VSS; U1.V6:VSS; U1.V7:VSS; U1.V8:VSS; U1.W1:VSS; U1.W16:VSS; U1.W20:VSS; U1.Y13:VSS; U1.Y19:VSS; U11.6:GND; U12.10:D4; U12.11:S4B; U12.12:S4A; U12.6:GND; U12.8:S3B; U13.1:S1B; U13.11:S4B; U13.15:SEL; U13.4:S2B; U13.6:GND; U13.8:S3B; U14.3:GND; U2.A10:VSS; U2.A3:VSS; U2.AB10:VSS; U2.AB3:VSS; U2.AB5:VSS; U2.AB8:VSS; U2.C1:VSS; U2.C12:VSS; U2.C5:VSS; U2.C8:VSS; U2.D11:VSS; U2.D2:VSS; U2.D4:VSS; U2.D9:VSS; U2.E1:VSS; U2.E12:VSS; U2.E5:VSS; U2.E8:VSS; U2.G1:VSS; U2.G10:VSS; U2.G12:VSS; U2.G3:VSS; U2.G5:VSS; U2.G8:VSS; U2.J1:VSS; U2.J10:VSS; U2.J12:VSS; U2.J3:VSS; U2.K11:VSS; U2.K2:VSS; U2.K4:VSS; U2.K9:VSS; U2.N11:VSS; U2.N2:VSS; U2.N4:VSS; U2.N9:VSS; U2.P1:VSS; U2.P10:VSS; U2.P12:VSS; U2.P3:VSS; U2.T1:VSS; U2.T10:VSS; U2.T12:VSS; U2.T5:VSS; U2.T8:VSS; U2.V1:VSS; U2.V12:VSS; U2.V5:VSS; U2.V8:VSS; U2.W11:VSS; U2.W2:VSS; U2.W4:VSS; U2.W9:VSS; U2.Y1:VSS; U2.Y12:VSS; U2.Y5:VSS; U2.Y8:VSS; U21.4:GND; U22.A1:AGND; U22.B1:PGND; U22.B2:PGND; U22.B3:PGND; U23.A1:AGND; U23.B1:PGND; U23.B2:PGND; U23.B3:PGND; U24.4:GND; U25.4:GND; U26.4:GND; U3.A6:VSS; U3.C4:VSS; U3.E7:VSS; U3.G5:VSS; U3.H10:VSS; U3.J5:VSS; U3.K8:VSS; U3.N2:VSS; U3.N5:VSS; U3.P4:VSS; U3.P6:VSS; U89.5:GND; U89.7:EP_GND; U90.5:GND; U90.7:EP_GND; U91.3:GND; U92.1:B_TIE_LOW; U92.2:GND; U93.3:GND; U94.1:B_TIE_LOW; U94.2:GND; U95.7:GND; Y2.2:GND; Y2.4:GND
U2,K4F8E304HB_200,T4,VDD1,power_in,power_in,false,Samsung K4F8E304HB-MGCJ Rev.1.0 (June 2016),10,T row / column 4,12,4.5 Table 1,Supply,Supply input,FUNCTIONAL,All normal supported operating modes of this exact part,Manufacturer supply/ground identity; do not promote to source.,,VDD1P8,65 exact SoC joins; source NC/DNU flagged; bias on dedicated sheet,C223.1:; C224.1:; C562.1:; C563.1:; C564.1:; C565.1:; C566.1:; C567.1:; C568.1:; C569.1:; C576.1:; C577.1:; C809.1:; C810.1:; C811.1:; C812.1:; C813.1:; C814.1:; C815.1:; FB204.1:; FB205.1:; FB206.1:; FB207.1:; FB208.1:; FB209.1:; J1.8:VOUT_1V8; L25.2:; R210.1:; R216.2:; R217.2:; R218.2:; R219.2:; R43.1:; R45.2:; R46.2:; R528.1:; R530.1:; R561.1:; U1.E11:VDD1P8; U1.F13:VDD1P8; U2.F1:VDD1; U2.F12:VDD1; U2.G4:VDD1; U2.G9:VDD1; U2.T9:VDD1; U2.U1:VDD1; U2.U12:VDD1; U89.1:VDD; U89.4:MR; U90.1:VDD; U90.2:SENSE; U91.5:VCC; U92.5:VCC; U93.5:VCC; U94.5:VCC; U95.15:VCCA
U2,K4F8E304HB_200,T5,VSS,power_in,power_in,false,Samsung K4F8E304HB-MGCJ Rev.1.0 (June 2016),10,T row / column 5,12,4.5 Table 1,GND,Ground return,FUNCTIONAL,All normal supported operating modes of this exact part,Manufacturer supply/ground identity; do not promote to source.,,GND,65 exact SoC joins; source NC/DNU flagged; bias on dedicated sheet,C201.2:; C203.2:; C204.2:; C205.2:; C206.2:; C207.2:; C208.2:; C209.2:; C210.2:; C211.2:; C212.2:; C213.2:; C214.2:; C215.2:; C216.2:; C217.2:; C218.2:; C220.2:; C221.2:; C222.2:; C223.2:; C225.2:; C226.2:; C227.2:; C228.2:; C230.2:; C231.2:; C232.2:; C233.2:; C234.2:; C235.2:; C236.2:; C237.2:; C238.2:; C239.2:; C240.2:; C241.2:; C242.2:; C243.2:; C244.2:; C31.2:; C32.2:; C33.2:; C34.2:; C41.2:; C42.2:; C43.2:; C44.2:; C45.2:; C501.2:; C502.2:; C503.2:; C504.2:; C505.2:; C506.2:; C507.2:; C508.2:; C509.2:; C510.2:; C511.2:; C512.2:; C513.2:; C514.2:; C515.2:; C516.2:; C517.2:; C518.2:; C519.2:; C520.2:; C521.2:; C522.2:; C523.2:; C524.2:; C525.2:; C526.2:; C527.2:; C528.2:; C529.2:; C530.2:; C531.2:; C532.2:; C533.2:; C534.2:; C535.2:; C536.2:; C537.2:; C538.2:; C539.2:; C540.2:; C541.2:; C542.2:; C543.2:; C544.2:; C545.2:; C546.2:; C547.2:; C548.2:; C549.2:; C550.2:; C551.2:; C552.2:; C553.2:; C554.2:; C555.2:; C556.2:; C557.2:; C558.2:; C559.2:; C560.2:; C561.2:; C562.2:; C563.2:; C564.2:; C565.2:; C566.2:; C567.2:; C568.2:; C569.2:; C570.2:; C571.2:; C572.2:; C573.2:; C574.2:; C575.2:; C576.2:; C577.2:; C62.2:; C63.2:; C64.2:; C65.2:; C809.2:; C810.2:; C811.2:; C812.2:; C813.2:; C814.2:; C815.2:; C816.2:; J1.1:GND; J1.106:GND; J1.2:GND; J1.3:GND; J1.36:GND; J1.49:GND; J1.57:GND; J1.64:GND; J1.71:GND; J1.78:GND; J1.89:GND; R202.2:; R205.2:; R206.2:; R208.2:; R211.2:; R214.2:; R31.2:; R402.2:; R44.2:; R47.2:; R526.2:; R529.2:; R571.2:; R572.2:; R64.2:; R66.2:; R69.2:; R70.2:; R71.2:; U1.A13:VSS; U1.A16:VSS; U1.A19:VSS; U1.A9:TEST_EN; U1.B13:VSS; U1.B20:VSS; U1.C13:VSS; U1.D10:VSS; U1.D11:VSS; U1.D13:VSS; U1.D15:VSS; U1.D9:VSS; U1.E12:VSS; U1.E13:VSS; U1.E14:VSS; U1.E15:VSS; U1.E16:VSS; U1.E19:VSS; U1.E4:VSS; U1.E6:VSS; U1.E7:VSS; U1.E8:VSS; U1.F10:VSS; U1.F11:AVSS; U1.F16:VSS; U1.F4:VSS; U1.F6:VSS; U1.G13:VSS; U1.G14:VSS; U1.G15:VSS; U1.G16:VSS; U1.G6:VSS; U1.G7:AVSS; U1.G8:AVSS; U1.H11:VSS; U1.H13:VSS; U1.H15:VSS; U1.H16:VSS; U1.H20:VSS; U1.H7:VSS; U1.J11:VSS; U1.J13:VSS; U1.J15:VSS; U1.J7:VSS; U1.K10:VSS; U1.K12:VSS; U1.K14:VSS; U1.K16:VSS; U1.K18:VSS; U1.K3:VSS; U1.K6:VSS; U1.K8:VSS; U1.L10:VSS; U1.L12:VSS; U1.L15:VSS; U1.L19:VSS; U1.L7:VSS; U1.L8:VSS; U1.M10:VSS; U1.M12:VSS; U1.M15:VSS; U1.M16:VSS; U1.M6:VSS; U1.M8:VSS; U1.N10:VSS; U1.N12:VSS; U1.N15:VSS; U1.N16:VSS; U1.N3:VSS; U1.N5:VSS; U1.N8:VSS; U1.P10:VSS; U1.P12:VSS; U1.P14:VSS; U1.P15:VSS; U1.P20:VSS; U1.P6:VSS; U1.P7:VSS; U1.P8:VSS; U1.R10:VSS; U1.R12:VSS; U1.R14:VSS; U1.R16:VSS; U1.R3:VSS; U1.R6:VSS; U1.R7:VSS; U1.T15:VSS; U1.T3:VSS; U1.T7:VSS; U1.T8:VSS; U1.T9:VSS; U1.U19:VSS; U1.U3:VSS; U1.U8:VSS; U1.V3:VSS; U1.V4:VSS; U1.V5:VSS; U1.V6:VSS; U1.V7:VSS; U1.V8:VSS; U1.W1:VSS; U1.W16:VSS; U1.W20:VSS; U1.Y13:VSS; U1.Y19:VSS; U11.6:GND; U12.10:D4; U12.11:S4B; U12.12:S4A; U12.6:GND; U12.8:S3B; U13.1:S1B; U13.11:S4B; U13.15:SEL; U13.4:S2B; U13.6:GND; U13.8:S3B; U14.3:GND; U2.A10:VSS; U2.A3:VSS; U2.AB10:VSS; U2.AB3:VSS; U2.AB5:VSS; U2.AB8:VSS; U2.C1:VSS; U2.C12:VSS; U2.C5:VSS; U2.C8:VSS; U2.D11:VSS; U2.D2:VSS; U2.D4:VSS; U2.D9:VSS; U2.E1:VSS; U2.E12:VSS; U2.E5:VSS; U2.E8:VSS; U2.G1:VSS; U2.G10:VSS; U2.G12:VSS; U2.G3:VSS; U2.G5:VSS; U2.G8:VSS; U2.J1:VSS; U2.J10:VSS; U2.J12:VSS; U2.J3:VSS; U2.K11:VSS; U2.K2:VSS; U2.K4:VSS; U2.K9:VSS; U2.N11:VSS; U2.N2:VSS; U2.N4:VSS; U2.N9:VSS; U2.P1:VSS; U2.P10:VSS; U2.P12:VSS; U2.P3:VSS; U2.T1:VSS; U2.T10:VSS; U2.T12:VSS; U2.T3:VSS; U2.T8:VSS; U2.V1:VSS; U2.V12:VSS; U2.V5:VSS; U2.V8:VSS; U2.W11:VSS; U2.W2:VSS; U2.W4:VSS; U2.W9:VSS; U2.Y1:VSS; U2.Y12:VSS; U2.Y5:VSS; U2.Y8:VSS; U21.4:GND; U22.A1:AGND; U22.B1:PGND; U22.B2:PGND; U22.B3:PGND; U23.A1:AGND; U23.B1:PGND; U23.B2:PGND; U23.B3:PGND; U24.4:GND; U25.4:GND; U26.4:GND; U3.A6:VSS; U3.C4:VSS; U3.E7:VSS; U3.G5:VSS; U3.H10:VSS; U3.J5:VSS; U3.K8:VSS; U3.N2:VSS; U3.N5:VSS; U3.P4:VSS; U3.P6:VSS; U89.5:GND; U89.7:EP_GND; U90.5:GND; U90.7:EP_GND; U91.3:GND; U92.1:B_TIE_LOW; U92.2:GND; U93.3:GND; U94.1:B_TIE_LOW; U94.2:GND; U95.7:GND; Y2.2:GND; Y2.4:GND
U2,K4F8E304HB_200,T8,VSS,power_in,power_in,false,Samsung K4F8E304HB-MGCJ Rev.1.0 (June 2016),10,T row / column 8,12,4.5 Table 1,GND,Ground return,FUNCTIONAL,All normal supported operating modes of this exact part,Manufacturer supply/ground identity; do not promote to source.,,GND,65 exact SoC joins; source NC/DNU flagged; bias on dedicated sheet,C201.2:; C203.2:; C204.2:; C205.2:; C206.2:; C207.2:; C208.2:; C209.2:; C210.2:; C211.2:; C212.2:; C213.2:; C214.2:; C215.2:; C216.2:; C217.2:; C218.2:; C220.2:; C221.2:; C222.2:; C223.2:; C225.2:; C226.2:; C227.2:; C228.2:; C230.2:; C231.2:; C232.2:; C233.2:; C234.2:; C235.2:; C236.2:; C237.2:; C238.2:; C239.2:; C240.2:; C241.2:; C242.2:; C243.2:; C244.2:; C31.2:; C32.2:; C33.2:; C34.2:; C41.2:; C42.2:; C43.2:; C44.2:; C45.2:; C501.2:; C502.2:; C503.2:; C504.2:; C505.2:; C506.2:; C507.2:; C508.2:; C509.2:; C510.2:; C511.2:; C512.2:; C513.2:; C514.2:; C515.2:; C516.2:; C517.2:; C518.2:; C519.2:; C520.2:; C521.2:; C522.2:; C523.2:; C524.2:; C525.2:; C526.2:; C527.2:; C528.2:; C529.2:; C530.2:; C531.2:; C532.2:; C533.2:; C534.2:; C535.2:; C536.2:; C537.2:; C538.2:; C539.2:; C540.2:; C541.2:; C542.2:; C543.2:; C544.2:; C545.2:; C546.2:; C547.2:; C548.2:; C549.2:; C550.2:; C551.2:; C552.2:; C553.2:; C554.2:; C555.2:; C556.2:; C557.2:; C558.2:; C559.2:; C560.2:; C561.2:; C562.2:; C563.2:; C564.2:; C565.2:; C566.2:; C567.2:; C568.2:; C569.2:; C570.2:; C571.2:; C572.2:; C573.2:; C574.2:; C575.2:; C576.2:; C577.2:; C62.2:; C63.2:; C64.2:; C65.2:; C809.2:; C810.2:; C811.2:; C812.2:; C813.2:; C814.2:; C815.2:; C816.2:; J1.1:GND; J1.106:GND; J1.2:GND; J1.3:GND; J1.36:GND; J1.49:GND; J1.57:GND; J1.64:GND; J1.71:GND; J1.78:GND; J1.89:GND; R202.2:; R205.2:; R206.2:; R208.2:; R211.2:; R214.2:; R31.2:; R402.2:; R44.2:; R47.2:; R526.2:; R529.2:; R571.2:; R572.2:; R64.2:; R66.2:; R69.2:; R70.2:; R71.2:; U1.A13:VSS; U1.A16:VSS; U1.A19:VSS; U1.A9:TEST_EN; U1.B13:VSS; U1.B20:VSS; U1.C13:VSS; U1.D10:VSS; U1.D11:VSS; U1.D13:VSS; U1.D15:VSS; U1.D9:VSS; U1.E12:VSS; U1.E13:VSS; U1.E14:VSS; U1.E15:VSS; U1.E16:VSS; U1.E19:VSS; U1.E4:VSS; U1.E6:VSS; U1.E7:VSS; U1.E8:VSS; U1.F10:VSS; U1.F11:AVSS; U1.F16:VSS; U1.F4:VSS; U1.F6:VSS; U1.G13:VSS; U1.G14:VSS; U1.G15:VSS; U1.G16:VSS; U1.G6:VSS; U1.G7:AVSS; U1.G8:AVSS; U1.H11:VSS; U1.H13:VSS; U1.H15:VSS; U1.H16:VSS; U1.H20:VSS; U1.H7:VSS; U1.J11:VSS; U1.J13:VSS; U1.J15:VSS; U1.J7:VSS; U1.K10:VSS; U1.K12:VSS; U1.K14:VSS; U1.K16:VSS; U1.K18:VSS; U1.K3:VSS; U1.K6:VSS; U1.K8:VSS; U1.L10:VSS; U1.L12:VSS; U1.L15:VSS; U1.L19:VSS; U1.L7:VSS; U1.L8:VSS; U1.M10:VSS; U1.M12:VSS; U1.M15:VSS; U1.M16:VSS; U1.M6:VSS; U1.M8:VSS; U1.N10:VSS; U1.N12:VSS; U1.N15:VSS; U1.N16:VSS; U1.N3:VSS; U1.N5:VSS; U1.N8:VSS; U1.P10:VSS; U1.P12:VSS; U1.P14:VSS; U1.P15:VSS; U1.P20:VSS; U1.P6:VSS; U1.P7:VSS; U1.P8:VSS; U1.R10:VSS; U1.R12:VSS; U1.R14:VSS; U1.R16:VSS; U1.R3:VSS; U1.R6:VSS; U1.R7:VSS; U1.T15:VSS; U1.T3:VSS; U1.T7:VSS; U1.T8:VSS; U1.T9:VSS; U1.U19:VSS; U1.U3:VSS; U1.U8:VSS; U1.V3:VSS; U1.V4:VSS; U1.V5:VSS; U1.V6:VSS; U1.V7:VSS; U1.V8:VSS; U1.W1:VSS; U1.W16:VSS; U1.W20:VSS; U1.Y13:VSS; U1.Y19:VSS; U11.6:GND; U12.10:D4; U12.11:S4B; U12.12:S4A; U12.6:GND; U12.8:S3B; U13.1:S1B; U13.11:S4B; U13.15:SEL; U13.4:S2B; U13.6:GND; U13.8:S3B; U14.3:GND; U2.A10:VSS; U2.A3:VSS; U2.AB10:VSS; U2.AB3:VSS; U2.AB5:VSS; U2.AB8:VSS; U2.C1:VSS; U2.C12:VSS; U2.C5:VSS; U2.C8:VSS; U2.D11:VSS; U2.D2:VSS; U2.D4:VSS; U2.D9:VSS; U2.E1:VSS; U2.E12:VSS; U2.E5:VSS; U2.E8:VSS; U2.G1:VSS; U2.G10:VSS; U2.G12:VSS; U2.G3:VSS; U2.G5:VSS; U2.G8:VSS; U2.J1:VSS; U2.J10:VSS; U2.J12:VSS; U2.J3:VSS; U2.K11:VSS; U2.K2:VSS; U2.K4:VSS; U2.K9:VSS; U2.N11:VSS; U2.N2:VSS; U2.N4:VSS; U2.N9:VSS; U2.P1:VSS; U2.P10:VSS; U2.P12:VSS; U2.P3:VSS; U2.T1:VSS; U2.T10:VSS; U2.T12:VSS; U2.T3:VSS; U2.T5:VSS; U2.V1:VSS; U2.V12:VSS; U2.V5:VSS; U2.V8:VSS; U2.W11:VSS; U2.W2:VSS; U2.W4:VSS; U2.W9:VSS; U2.Y1:VSS; U2.Y12:VSS; U2.Y5:VSS; U2.Y8:VSS; U21.4:GND; U22.A1:AGND; U22.B1:PGND; U22.B2:PGND; U22.B3:PGND; U23.A1:AGND; U23.B1:PGND; U23.B2:PGND; U23.B3:PGND; U24.4:GND; U25.4:GND; U26.4:GND; U3.A6:VSS; U3.C4:VSS; U3.E7:VSS; U3.G5:VSS; U3.H10:VSS; U3.J5:VSS; U3.K8:VSS; U3.N2:VSS; U3.N5:VSS; U3.P4:VSS; U3.P6:VSS; U89.5:GND; U89.7:EP_GND; U90.5:GND; U90.7:EP_GND; U91.3:GND; U92.1:B_TIE_LOW; U92.2:GND; U93.3:GND; U94.1:B_TIE_LOW; U94.2:GND; U95.7:GND; Y2.2:GND; Y2.4:GND
U2,K4F8E304HB_200,T9,VDD1,power_in,power_in,false,Samsung K4F8E304HB-MGCJ Rev.1.0 (June 2016),10,T row / column 9,12,4.5 Table 1,Supply,Supply input,FUNCTIONAL,All normal supported operating modes of this exact part,Manufacturer supply/ground identity; do not promote to source.,,VDD1P8,65 exact SoC joins; source NC/DNU flagged; bias on dedicated sheet,C223.1:; C224.1:; C562.1:; C563.1:; C564.1:; C565.1:; C566.1:; C567.1:; C568.1:; C569.1:; C576.1:; C577.1:; C809.1:; C810.1:; C811.1:; C812.1:; C813.1:; C814.1:; C815.1:; FB204.1:; FB205.1:; FB206.1:; FB207.1:; FB208.1:; FB209.1:; J1.8:VOUT_1V8; L25.2:; R210.1:; R216.2:; R217.2:; R218.2:; R219.2:; R43.1:; R45.2:; R46.2:; R528.1:; R530.1:; R561.1:; U1.E11:VDD1P8; U1.F13:VDD1P8; U2.F1:VDD1; U2.F12:VDD1; U2.G4:VDD1; U2.G9:VDD1; U2.T4:VDD1; U2.U1:VDD1; U2.U12:VDD1; U89.1:VDD; U89.4:MR; U90.1:VDD; U90.2:SENSE; U91.5:VCC; U92.5:VCC; U93.5:VCC; U94.5:VCC; U95.15:VCCA
U2,K4F8E304HB_200,T10,VSS,power_in,power_in,false,Samsung K4F8E304HB-MGCJ Rev.1.0 (June 2016),10,T row / column 10,12,4.5 Table 1,GND,Ground return,FUNCTIONAL,All normal supported operating modes of this exact part,Manufacturer supply/ground identity; do not promote to source.,,GND,65 exact SoC joins; source NC/DNU flagged; bias on dedicated sheet,C201.2:; C203.2:; C204.2:; C205.2:; C206.2:; C207.2:; C208.2:; C209.2:; C210.2:; C211.2:; C212.2:; C213.2:; C214.2:; C215.2:; C216.2:; C217.2:; C218.2:; C220.2:; C221.2:; C222.2:; C223.2:; C225.2:; C226.2:; C227.2:; C228.2:; C230.2:; C231.2:; C232.2:; C233.2:; C234.2:; C235.2:; C236.2:; C237.2:; C238.2:; C239.2:; C240.2:; C241.2:; C242.2:; C243.2:; C244.2:; C31.2:; C32.2:; C33.2:; C34.2:; C41.2:; C42.2:; C43.2:; C44.2:; C45.2:; C501.2:; C502.2:; C503.2:; C504.2:; C505.2:; C506.2:; C507.2:; C508.2:; C509.2:; C510.2:; C511.2:; C512.2:; C513.2:; C514.2:; C515.2:; C516.2:; C517.2:; C518.2:; C519.2:; C520.2:; C521.2:; C522.2:; C523.2:; C524.2:; C525.2:; C526.2:; C527.2:; C528.2:; C529.2:; C530.2:; C531.2:; C532.2:; C533.2:; C534.2:; C535.2:; C536.2:; C537.2:; C538.2:; C539.2:; C540.2:; C541.2:; C542.2:; C543.2:; C544.2:; C545.2:; C546.2:; C547.2:; C548.2:; C549.2:; C550.2:; C551.2:; C552.2:; C553.2:; C554.2:; C555.2:; C556.2:; C557.2:; C558.2:; C559.2:; C560.2:; C561.2:; C562.2:; C563.2:; C564.2:; C565.2:; C566.2:; C567.2:; C568.2:; C569.2:; C570.2:; C571.2:; C572.2:; C573.2:; C574.2:; C575.2:; C576.2:; C577.2:; C62.2:; C63.2:; C64.2:; C65.2:; C809.2:; C810.2:; C811.2:; C812.2:; C813.2:; C814.2:; C815.2:; C816.2:; J1.1:GND; J1.106:GND; J1.2:GND; J1.3:GND; J1.36:GND; J1.49:GND; J1.57:GND; J1.64:GND; J1.71:GND; J1.78:GND; J1.89:GND; R202.2:; R205.2:; R206.2:; R208.2:; R211.2:; R214.2:; R31.2:; R402.2:; R44.2:; R47.2:; R526.2:; R529.2:; R571.2:; R572.2:; R64.2:; R66.2:; R69.2:; R70.2:; R71.2:; U1.A13:VSS; U1.A16:VSS; U1.A19:VSS; U1.A9:TEST_EN; U1.B13:VSS; U1.B20:VSS; U1.C13:VSS; U1.D10:VSS; U1.D11:VSS; U1.D13:VSS; U1.D15:VSS; U1.D9:VSS; U1.E12:VSS; U1.E13:VSS; U1.E14:VSS; U1.E15:VSS; U1.E16:VSS; U1.E19:VSS; U1.E4:VSS; U1.E6:VSS; U1.E7:VSS; U1.E8:VSS; U1.F10:VSS; U1.F11:AVSS; U1.F16:VSS; U1.F4:VSS; U1.F6:VSS; U1.G13:VSS; U1.G14:VSS; U1.G15:VSS; U1.G16:VSS; U1.G6:VSS; U1.G7:AVSS; U1.G8:AVSS; U1.H11:VSS; U1.H13:VSS; U1.H15:VSS; U1.H16:VSS; U1.H20:VSS; U1.H7:VSS; U1.J11:VSS; U1.J13:VSS; U1.J15:VSS; U1.J7:VSS; U1.K10:VSS; U1.K12:VSS; U1.K14:VSS; U1.K16:VSS; U1.K18:VSS; U1.K3:VSS; U1.K6:VSS; U1.K8:VSS; U1.L10:VSS; U1.L12:VSS; U1.L15:VSS; U1.L19:VSS; U1.L7:VSS; U1.L8:VSS; U1.M10:VSS; U1.M12:VSS; U1.M15:VSS; U1.M16:VSS; U1.M6:VSS; U1.M8:VSS; U1.N10:VSS; U1.N12:VSS; U1.N15:VSS; U1.N16:VSS; U1.N3:VSS; U1.N5:VSS; U1.N8:VSS; U1.P10:VSS; U1.P12:VSS; U1.P14:VSS; U1.P15:VSS; U1.P20:VSS; U1.P6:VSS; U1.P7:VSS; U1.P8:VSS; U1.R10:VSS; U1.R12:VSS; U1.R14:VSS; U1.R16:VSS; U1.R3:VSS; U1.R6:VSS; U1.R7:VSS; U1.T15:VSS; U1.T3:VSS; U1.T7:VSS; U1.T8:VSS; U1.T9:VSS; U1.U19:VSS; U1.U3:VSS; U1.U8:VSS; U1.V3:VSS; U1.V4:VSS; U1.V5:VSS; U1.V6:VSS; U1.V7:VSS; U1.V8:VSS; U1.W1:VSS; U1.W16:VSS; U1.W20:VSS; U1.Y13:VSS; U1.Y19:VSS; U11.6:GND; U12.10:D4; U12.11:S4B; U12.12:S4A; U12.6:GND; U12.8:S3B; U13.1:S1B; U13.11:S4B; U13.15:SEL; U13.4:S2B; U13.6:GND; U13.8:S3B; U14.3:GND; U2.A10:VSS; U2.A3:VSS; U2.AB10:VSS; U2.AB3:VSS; U2.AB5:VSS; U2.AB8:VSS; U2.C1:VSS; U2.C12:VSS; U2.C5:VSS; U2.C8:VSS; U2.D11:VSS; U2.D2:VSS; U2.D4:VSS; U2.D9:VSS; U2.E1:VSS; U2.E12:VSS; U2.E5:VSS; U2.E8:VSS; U2.G1:VSS; U2.G10:VSS; U2.G12:VSS; U2.G3:VSS; U2.G5:VSS; U2.G8:VSS; U2.J1:VSS; U2.J10:VSS; U2.J12:VSS; U2.J3:VSS; U2.K11:VSS; U2.K2:VSS; U2.K4:VSS; U2.K9:VSS; U2.N11:VSS; U2.N2:VSS; U2.N4:VSS; U2.N9:VSS; U2.P1:VSS; U2.P10:VSS; U2.P12:VSS; U2.P3:VSS; U2.T1:VSS; U2.T12:VSS; U2.T3:VSS; U2.T5:VSS; U2.T8:VSS; U2.V1:VSS; U2.V12:VSS; U2.V5:VSS; U2.V8:VSS; U2.W11:VSS; U2.W2:VSS; U2.W4:VSS; U2.W9:VSS; U2.Y1:VSS; U2.Y12:VSS; U2.Y5:VSS; U2.Y8:VSS; U21.4:GND; U22.A1:AGND; U22.B1:PGND; U22.B2:PGND; U22.B3:PGND; U23.A1:AGND; U23.B1:PGND; U23.B2:PGND; U23.B3:PGND; U24.4:GND; U25.4:GND; U26.4:GND; U3.A6:VSS; U3.C4:VSS; U3.E7:VSS; U3.G5:VSS; U3.H10:VSS; U3.J5:VSS; U3.K8:VSS; U3.N2:VSS; U3.N5:VSS; U3.P4:VSS; U3.P6:VSS; U89.5:GND; U89.7:EP_GND; U90.5:GND; U90.7:EP_GND; U91.3:GND; U92.1:B_TIE_LOW; U92.2:GND; U93.3:GND; U94.1:B_TIE_LOW; U94.2:GND; U95.7:GND; Y2.2:GND; Y2.4:GND
U2,K4F8E304HB_200,T11,RESET_n,bidirectional,input,true,Samsung K4F8E304HB-MGCJ Rev.1.0 (June 2016),10,T row / column 11,12,4.5 Table 1,Input,Active-low reset input,FUNCTIONAL,All normal supported operating modes of this exact part,Table 1 explicitly marks this normal functional pin Input.,,DDR_RESET,65 exact SoC joins; source NC/DNU flagged; bias on dedicated sheet,U1.J16:DDR_RESET
U2,K4F8E304HB_200,T12,VSS,power_in,power_in,false,Samsung K4F8E304HB-MGCJ Rev.1.0 (June 2016),10,T row / column 12,12,4.5 Table 1,GND,Ground return,FUNCTIONAL,All normal supported operating modes of this exact part,Manufacturer supply/ground identity; do not promote to source.,,GND,65 exact SoC joins; source NC/DNU flagged; bias on dedicated sheet,C201.2:; C203.2:; C204.2:; C205.2:; C206.2:; C207.2:; C208.2:; C209.2:; C210.2:; C211.2:; C212.2:; C213.2:; C214.2:; C215.2:; C216.2:; C217.2:; C218.2:; C220.2:; C221.2:; C222.2:; C223.2:; C225.2:; C226.2:; C227.2:; C228.2:; C230.2:; C231.2:; C232.2:; C233.2:; C234.2:; C235.2:; C236.2:; C237.2:; C238.2:; C239.2:; C240.2:; C241.2:; C242.2:; C243.2:; C244.2:; C31.2:; C32.2:; C33.2:; C34.2:; C41.2:; C42.2:; C43.2:; C44.2:; C45.2:; C501.2:; C502.2:; C503.2:; C504.2:; C505.2:; C506.2:; C507.2:; C508.2:; C509.2:; C510.2:; C511.2:; C512.2:; C513.2:; C514.2:; C515.2:; C516.2:; C517.2:; C518.2:; C519.2:; C520.2:; C521.2:; C522.2:; C523.2:; C524.2:; C525.2:; C526.2:; C527.2:; C528.2:; C529.2:; C530.2:; C531.2:; C532.2:; C533.2:; C534.2:; C535.2:; C536.2:; C537.2:; C538.2:; C539.2:; C540.2:; C541.2:; C542.2:; C543.2:; C544.2:; C545.2:; C546.2:; C547.2:; C548.2:; C549.2:; C550.2:; C551.2:; C552.2:; C553.2:; C554.2:; C555.2:; C556.2:; C557.2:; C558.2:; C559.2:; C560.2:; C561.2:; C562.2:; C563.2:; C564.2:; C565.2:; C566.2:; C567.2:; C568.2:; C569.2:; C570.2:; C571.2:; C572.2:; C573.2:; C574.2:; C575.2:; C576.2:; C577.2:; C62.2:; C63.2:; C64.2:; C65.2:; C809.2:; C810.2:; C811.2:; C812.2:; C813.2:; C814.2:; C815.2:; C816.2:; J1.1:GND; J1.106:GND; J1.2:GND; J1.3:GND; J1.36:GND; J1.49:GND; J1.57:GND; J1.64:GND; J1.71:GND; J1.78:GND; J1.89:GND; R202.2:; R205.2:; R206.2:; R208.2:; R211.2:; R214.2:; R31.2:; R402.2:; R44.2:; R47.2:; R526.2:; R529.2:; R571.2:; R572.2:; R64.2:; R66.2:; R69.2:; R70.2:; R71.2:; U1.A13:VSS; U1.A16:VSS; U1.A19:VSS; U1.A9:TEST_EN; U1.B13:VSS; U1.B20:VSS; U1.C13:VSS; U1.D10:VSS; U1.D11:VSS; U1.D13:VSS; U1.D15:VSS; U1.D9:VSS; U1.E12:VSS; U1.E13:VSS; U1.E14:VSS; U1.E15:VSS; U1.E16:VSS; U1.E19:VSS; U1.E4:VSS; U1.E6:VSS; U1.E7:VSS; U1.E8:VSS; U1.F10:VSS; U1.F11:AVSS; U1.F16:VSS; U1.F4:VSS; U1.F6:VSS; U1.G13:VSS; U1.G14:VSS; U1.G15:VSS; U1.G16:VSS; U1.G6:VSS; U1.G7:AVSS; U1.G8:AVSS; U1.H11:VSS; U1.H13:VSS; U1.H15:VSS; U1.H16:VSS; U1.H20:VSS; U1.H7:VSS; U1.J11:VSS; U1.J13:VSS; U1.J15:VSS; U1.J7:VSS; U1.K10:VSS; U1.K12:VSS; U1.K14:VSS; U1.K16:VSS; U1.K18:VSS; U1.K3:VSS; U1.K6:VSS; U1.K8:VSS; U1.L10:VSS; U1.L12:VSS; U1.L15:VSS; U1.L19:VSS; U1.L7:VSS; U1.L8:VSS; U1.M10:VSS; U1.M12:VSS; U1.M15:VSS; U1.M16:VSS; U1.M6:VSS; U1.M8:VSS; U1.N10:VSS; U1.N12:VSS; U1.N15:VSS; U1.N16:VSS; U1.N3:VSS; U1.N5:VSS; U1.N8:VSS; U1.P10:VSS; U1.P12:VSS; U1.P14:VSS; U1.P15:VSS; U1.P20:VSS; U1.P6:VSS; U1.P7:VSS; U1.P8:VSS; U1.R10:VSS; U1.R12:VSS; U1.R14:VSS; U1.R16:VSS; U1.R3:VSS; U1.R6:VSS; U1.R7:VSS; U1.T15:VSS; U1.T3:VSS; U1.T7:VSS; U1.T8:VSS; U1.T9:VSS; U1.U19:VSS; U1.U3:VSS; U1.U8:VSS; U1.V3:VSS; U1.V4:VSS; U1.V5:VSS; U1.V6:VSS; U1.V7:VSS; U1.V8:VSS; U1.W1:VSS; U1.W16:VSS; U1.W20:VSS; U1.Y13:VSS; U1.Y19:VSS; U11.6:GND; U12.10:D4; U12.11:S4B; U12.12:S4A; U12.6:GND; U12.8:S3B; U13.1:S1B; U13.11:S4B; U13.15:SEL; U13.4:S2B; U13.6:GND; U13.8:S3B; U14.3:GND; U2.A10:VSS; U2.A3:VSS; U2.AB10:VSS; U2.AB3:VSS; U2.AB5:VSS; U2.AB8:VSS; U2.C1:VSS; U2.C12:VSS; U2.C5:VSS; U2.C8:VSS; U2.D11:VSS; U2.D2:VSS; U2.D4:VSS; U2.D9:VSS; U2.E1:VSS; U2.E12:VSS; U2.E5:VSS; U2.E8:VSS; U2.G1:VSS; U2.G10:VSS; U2.G12:VSS; U2.G3:VSS; U2.G5:VSS; U2.G8:VSS; U2.J1:VSS; U2.J10:VSS; U2.J12:VSS; U2.J3:VSS; U2.K11:VSS; U2.K2:VSS; U2.K4:VSS; U2.K9:VSS; U2.N11:VSS; U2.N2:VSS; U2.N4:VSS; U2.N9:VSS; U2.P1:VSS; U2.P10:VSS; U2.P12:VSS; U2.P3:VSS; U2.T1:VSS; U2.T10:VSS; U2.T3:VSS; U2.T5:VSS; U2.T8:VSS; U2.V1:VSS; U2.V12:VSS; U2.V5:VSS; U2.V8:VSS; U2.W11:VSS; U2.W2:VSS; U2.W4:VSS; U2.W9:VSS; U2.Y1:VSS; U2.Y12:VSS; U2.Y5:VSS; U2.Y8:VSS; U21.4:GND; U22.A1:AGND; U22.B1:PGND; U22.B2:PGND; U22.B3:PGND; U23.A1:AGND; U23.B1:PGND; U23.B2:PGND; U23.B3:PGND; U24.4:GND; U25.4:GND; U26.4:GND; U3.A6:VSS; U3.C4:VSS; U3.E7:VSS; U3.G5:VSS; U3.H10:VSS; U3.J5:VSS; U3.K8:VSS; U3.N2:VSS; U3.N5:VSS; U3.P4:VSS; U3.P6:VSS; U89.5:GND; U89.7:EP_GND; U90.5:GND; U90.7:EP_GND; U91.3:GND; U92.1:B_TIE_LOW; U92.2:GND; U93.3:GND; U94.1:B_TIE_LOW; U94.2:GND; U95.7:GND; Y2.2:GND; Y2.4:GND
U2,K4F8E304HB_200,U1,VDD1,power_in,power_in,false,Samsung K4F8E304HB-MGCJ Rev.1.0 (June 2016),10,U row / column 1,12,4.5 Table 1,Supply,Supply input,FUNCTIONAL,All normal supported operating modes of this exact part,Manufacturer supply/ground identity; do not promote to source.,,VDD1P8,65 exact SoC joins; source NC/DNU flagged; bias on dedicated sheet,C223.1:; C224.1:; C562.1:; C563.1:; C564.1:; C565.1:; C566.1:; C567.1:; C568.1:; C569.1:; C576.1:; C577.1:; C809.1:; C810.1:; C811.1:; C812.1:; C813.1:; C814.1:; C815.1:; FB204.1:; FB205.1:; FB206.1:; FB207.1:; FB208.1:; FB209.1:; J1.8:VOUT_1V8; L25.2:; R210.1:; R216.2:; R217.2:; R218.2:; R219.2:; R43.1:; R45.2:; R46.2:; R528.1:; R530.1:; R561.1:; U1.E11:VDD1P8; U1.F13:VDD1P8; U2.F1:VDD1; U2.F12:VDD1; U2.G4:VDD1; U2.G9:VDD1; U2.T4:VDD1; U2.T9:VDD1; U2.U12:VDD1; U89.1:VDD; U89.4:MR; U90.1:VDD; U90.2:SENSE; U91.5:VCC; U92.5:VCC; U93.5:VCC; U94.5:VCC; U95.15:VCCA
U2,K4F8E304HB_200,U2,DQ3_b,bidirectional,bidirectional,false,Samsung K4F8E304HB-MGCJ Rev.1.0 (June 2016),10,U row / column 2,12,4.5 Table 1,I/O,Read/write data,FUNCTIONAL,All normal supported operating modes of this exact part,Table 1 explicitly specifies bidirectional operation.,,DDR_DQB3,65 exact SoC joins; source NC/DNU flagged; bias on dedicated sheet,U1.B14:DDR_DQB2
U2,K4F8E304HB_200,U3,VDDQ,power_in,power_in,false,Samsung K4F8E304HB-MGCJ Rev.1.0 (June 2016),10,U row / column 3,12,4.5 Table 1,Supply,Supply input,FUNCTIONAL,All normal supported operating modes of this exact part,Manufacturer supply/ground identity; do not promote to source.,,VDD1P1_DDR_IO,65 exact SoC joins; source NC/DNU flagged; bias on dedicated sheet,C218.1:; C219.1:; C534.1:; C535.1:; C536.1:; C537.1:; C538.1:; C539.1:; C540.1:; C541.1:; C542.1:; C543.1:; C544.1:; C545.1:; C546.1:; C547.1:; C548.1:; C549.1:; C550.1:; C551.1:; C552.1:; C553.1:; C554.1:; C555.1:; C556.1:; C557.1:; C558.1:; C559.1:; C560.1:; C561.1:; C61.1:; L24.2:; R207.1:; R61.2:; R62.2:; R63.2:; R65.1:; U1.H14:VDD1P1_DDR_IO; U1.J14:VDD1P1_DDR_IO; U1.L14:VDD1P1_DDR_IO; U1.M14:VDD1P1_DDR_IO; U1.N14:VDD1P1_DDR_IO; U2.A4:VDD2; U2.A9:VDD2; U2.AA10:VDDQ; U2.AA3:VDDQ; U2.AA5:VDDQ; U2.AA8:VDDQ; U2.AB4:VDD2; U2.AB9:VDD2; U2.B10:VDDQ; U2.B3:VDDQ; U2.B5:VDDQ; U2.B8:VDDQ; U2.D1:VDDQ; U2.D12:VDDQ; U2.D5:VDDQ; U2.D8:VDDQ; U2.F10:VDDQ; U2.F3:VDDQ; U2.F5:VDD2; U2.F8:VDD2; U2.H1:VDD2; U2.H12:VDD2; U2.H5:VDD2; U2.H8:VDD2; U2.K1:VDD2; U2.K10:VDD2; U2.K12:VDD2; U2.K3:VDD2; U2.N1:VDD2; U2.N10:VDD2; U2.N12:VDD2; U2.N3:VDD2; U2.R1:VDD2; U2.R12:VDD2; U2.R5:VDD2; U2.R8:VDD2; U2.U10:VDDQ; U2.U5:VDD2; U2.U8:VDD2; U2.W1:VDDQ; U2.W12:VDDQ; U2.W5:VDDQ; U2.W8:VDDQ
U2,K4F8E304HB_200,U4,DQ4_b,bidirectional,bidirectional,false,Samsung K4F8E304HB-MGCJ Rev.1.0 (June 2016),10,U row / column 4,12,4.5 Table 1,I/O,Read/write data,FUNCTIONAL,All normal supported operating modes of this exact part,Table 1 explicitly specifies bidirectional operation.,,DDR_DQB4,65 exact SoC joins; source NC/DNU flagged; bias on dedicated sheet,U1.D14:DDR_DQB1
U2,K4F8E304HB_200,U5,VDD2,power_in,power_in,false,Samsung K4F8E304HB-MGCJ Rev.1.0 (June 2016),10,U row / column 5,12,4.5 Table 1,Supply,Supply input,FUNCTIONAL,All normal supported operating modes of this exact part,Manufacturer supply/ground identity; do not promote to source.,,VDD1P1_DDR_IO,65 exact SoC joins; source NC/DNU flagged; bias on dedicated sheet,C218.1:; C219.1:; C534.1:; C535.1:; C536.1:; C537.1:; C538.1:; C539.1:; C540.1:; C541.1:; C542.1:; C543.1:; C544.1:; C545.1:; C546.1:; C547.1:; C548.1:; C549.1:; C550.1:; C551.1:; C552.1:; C553.1:; C554.1:; C555.1:; C556.1:; C557.1:; C558.1:; C559.1:; C560.1:; C561.1:; C61.1:; L24.2:; R207.1:; R61.2:; R62.2:; R63.2:; R65.1:; U1.H14:VDD1P1_DDR_IO; U1.J14:VDD1P1_DDR_IO; U1.L14:VDD1P1_DDR_IO; U1.M14:VDD1P1_DDR_IO; U1.N14:VDD1P1_DDR_IO; U2.A4:VDD2; U2.A9:VDD2; U2.AA10:VDDQ; U2.AA3:VDDQ; U2.AA5:VDDQ; U2.AA8:VDDQ; U2.AB4:VDD2; U2.AB9:VDD2; U2.B10:VDDQ; U2.B3:VDDQ; U2.B5:VDDQ; U2.B8:VDDQ; U2.D1:VDDQ; U2.D12:VDDQ; U2.D5:VDDQ; U2.D8:VDDQ; U2.F10:VDDQ; U2.F3:VDDQ; U2.F5:VDD2; U2.F8:VDD2; U2.H1:VDD2; U2.H12:VDD2; U2.H5:VDD2; U2.H8:VDD2; U2.K1:VDD2; U2.K10:VDD2; U2.K12:VDD2; U2.K3:VDD2; U2.N1:VDD2; U2.N10:VDD2; U2.N12:VDD2; U2.N3:VDD2; U2.R1:VDD2; U2.R12:VDD2; U2.R5:VDD2; U2.R8:VDD2; U2.U10:VDDQ; U2.U3:VDDQ; U2.U8:VDD2; U2.W1:VDDQ; U2.W12:VDDQ; U2.W5:VDDQ; U2.W8:VDDQ
U2,K4F8E304HB_200,U8,VDD2,power_in,power_in,false,Samsung K4F8E304HB-MGCJ Rev.1.0 (June 2016),10,U row / column 8,12,4.5 Table 1,Supply,Supply input,FUNCTIONAL,All normal supported operating modes of this exact part,Manufacturer supply/ground identity; do not promote to source.,,VDD1P1_DDR_IO,65 exact SoC joins; source NC/DNU flagged; bias on dedicated sheet,C218.1:; C219.1:; C534.1:; C535.1:; C536.1:; C537.1:; C538.1:; C539.1:; C540.1:; C541.1:; C542.1:; C543.1:; C544.1:; C545.1:; C546.1:; C547.1:; C548.1:; C549.1:; C550.1:; C551.1:; C552.1:; C553.1:; C554.1:; C555.1:; C556.1:; C557.1:; C558.1:; C559.1:; C560.1:; C561.1:; C61.1:; L24.2:; R207.1:; R61.2:; R62.2:; R63.2:; R65.1:; U1.H14:VDD1P1_DDR_IO; U1.J14:VDD1P1_DDR_IO; U1.L14:VDD1P1_DDR_IO; U1.M14:VDD1P1_DDR_IO; U1.N14:VDD1P1_DDR_IO; U2.A4:VDD2; U2.A9:VDD2; U2.AA10:VDDQ; U2.AA3:VDDQ; U2.AA5:VDDQ; U2.AA8:VDDQ; U2.AB4:VDD2; U2.AB9:VDD2; U2.B10:VDDQ; U2.B3:VDDQ; U2.B5:VDDQ; U2.B8:VDDQ; U2.D1:VDDQ; U2.D12:VDDQ; U2.D5:VDDQ; U2.D8:VDDQ; U2.F10:VDDQ; U2.F3:VDDQ; U2.F5:VDD2; U2.F8:VDD2; U2.H1:VDD2; U2.H12:VDD2; U2.H5:VDD2; U2.H8:VDD2; U2.K1:VDD2; U2.K10:VDD2; U2.K12:VDD2; U2.K3:VDD2; U2.N1:VDD2; U2.N10:VDD2; U2.N12:VDD2; U2.N3:VDD2; U2.R1:VDD2; U2.R12:VDD2; U2.R5:VDD2; U2.R8:VDD2; U2.U10:VDDQ; U2.U3:VDDQ; U2.U5:VDD2; U2.W1:VDDQ; U2.W12:VDDQ; U2.W5:VDDQ; U2.W8:VDDQ
U2,K4F8E304HB_200,U9,DQ12_b,bidirectional,bidirectional,false,Samsung K4F8E304HB-MGCJ Rev.1.0 (June 2016),10,U row / column 9,12,4.5 Table 1,I/O,Read/write data,FUNCTIONAL,All normal supported operating modes of this exact part,Table 1 explicitly specifies bidirectional operation.,,DDR_DQB12,65 exact SoC joins; source NC/DNU flagged; bias on dedicated sheet,U1.E18:DDR_DQB11
U2,K4F8E304HB_200,U10,VDDQ,power_in,power_in,false,Samsung K4F8E304HB-MGCJ Rev.1.0 (June 2016),10,U row / column 10,12,4.5 Table 1,Supply,Supply input,FUNCTIONAL,All normal supported operating modes of this exact part,Manufacturer supply/ground identity; do not promote to source.,,VDD1P1_DDR_IO,65 exact SoC joins; source NC/DNU flagged; bias on dedicated sheet,C218.1:; C219.1:; C534.1:; C535.1:; C536.1:; C537.1:; C538.1:; C539.1:; C540.1:; C541.1:; C542.1:; C543.1:; C544.1:; C545.1:; C546.1:; C547.1:; C548.1:; C549.1:; C550.1:; C551.1:; C552.1:; C553.1:; C554.1:; C555.1:; C556.1:; C557.1:; C558.1:; C559.1:; C560.1:; C561.1:; C61.1:; L24.2:; R207.1:; R61.2:; R62.2:; R63.2:; R65.1:; U1.H14:VDD1P1_DDR_IO; U1.J14:VDD1P1_DDR_IO; U1.L14:VDD1P1_DDR_IO; U1.M14:VDD1P1_DDR_IO; U1.N14:VDD1P1_DDR_IO; U2.A4:VDD2; U2.A9:VDD2; U2.AA10:VDDQ; U2.AA3:VDDQ; U2.AA5:VDDQ; U2.AA8:VDDQ; U2.AB4:VDD2; U2.AB9:VDD2; U2.B10:VDDQ; U2.B3:VDDQ; U2.B5:VDDQ; U2.B8:VDDQ; U2.D1:VDDQ; U2.D12:VDDQ; U2.D5:VDDQ; U2.D8:VDDQ; U2.F10:VDDQ; U2.F3:VDDQ; U2.F5:VDD2; U2.F8:VDD2; U2.H1:VDD2; U2.H12:VDD2; U2.H5:VDD2; U2.H8:VDD2; U2.K1:VDD2; U2.K10:VDD2; U2.K12:VDD2; U2.K3:VDD2; U2.N1:VDD2; U2.N10:VDD2; U2.N12:VDD2; U2.N3:VDD2; U2.R1:VDD2; U2.R12:VDD2; U2.R5:VDD2; U2.R8:VDD2; U2.U3:VDDQ; U2.U5:VDD2; U2.U8:VDD2; U2.W1:VDDQ; U2.W12:VDDQ; U2.W5:VDDQ; U2.W8:VDDQ
U2,K4F8E304HB_200,U11,DQ11_b,bidirectional,bidirectional,false,Samsung K4F8E304HB-MGCJ Rev.1.0 (June 2016),10,U row / column 11,12,4.5 Table 1,I/O,Read/write data,FUNCTIONAL,All normal supported operating modes of this exact part,Table 1 explicitly specifies bidirectional operation.,,DDR_DQB11,65 exact SoC joins; source NC/DNU flagged; bias on dedicated sheet,U1.E17:DDR_DQB10
U2,K4F8E304HB_200,U12,VDD1,power_in,power_in,false,Samsung K4F8E304HB-MGCJ Rev.1.0 (June 2016),10,U row / column 12,12,4.5 Table 1,Supply,Supply input,FUNCTIONAL,All normal supported operating modes of this exact part,Manufacturer supply/ground identity; do not promote to source.,,VDD1P8,65 exact SoC joins; source NC/DNU flagged; bias on dedicated sheet,C223.1:; C224.1:; C562.1:; C563.1:; C564.1:; C565.1:; C566.1:; C567.1:; C568.1:; C569.1:; C576.1:; C577.1:; C809.1:; C810.1:; C811.1:; C812.1:; C813.1:; C814.1:; C815.1:; FB204.1:; FB205.1:; FB206.1:; FB207.1:; FB208.1:; FB209.1:; J1.8:VOUT_1V8; L25.2:; R210.1:; R216.2:; R217.2:; R218.2:; R219.2:; R43.1:; R45.2:; R46.2:; R528.1:; R530.1:; R561.1:; U1.E11:VDD1P8; U1.F13:VDD1P8; U2.F1:VDD1; U2.F12:VDD1; U2.G4:VDD1; U2.G9:VDD1; U2.T4:VDD1; U2.T9:VDD1; U2.U1:VDD1; U89.1:VDD; U89.4:MR; U90.1:VDD; U90.2:SENSE; U91.5:VCC; U92.5:VCC; U93.5:VCC; U94.5:VCC; U95.15:VCCA
U2,K4F8E304HB_200,V1,VSS,power_in,power_in,false,Samsung K4F8E304HB-MGCJ Rev.1.0 (June 2016),10,V row / column 1,12,4.5 Table 1,GND,Ground return,FUNCTIONAL,All normal supported operating modes of this exact part,Manufacturer supply/ground identity; do not promote to source.,,GND,65 exact SoC joins; source NC/DNU flagged; bias on dedicated sheet,C201.2:; C203.2:; C204.2:; C205.2:; C206.2:; C207.2:; C208.2:; C209.2:; C210.2:; C211.2:; C212.2:; C213.2:; C214.2:; C215.2:; C216.2:; C217.2:; C218.2:; C220.2:; C221.2:; C222.2:; C223.2:; C225.2:; C226.2:; C227.2:; C228.2:; C230.2:; C231.2:; C232.2:; C233.2:; C234.2:; C235.2:; C236.2:; C237.2:; C238.2:; C239.2:; C240.2:; C241.2:; C242.2:; C243.2:; C244.2:; C31.2:; C32.2:; C33.2:; C34.2:; C41.2:; C42.2:; C43.2:; C44.2:; C45.2:; C501.2:; C502.2:; C503.2:; C504.2:; C505.2:; C506.2:; C507.2:; C508.2:; C509.2:; C510.2:; C511.2:; C512.2:; C513.2:; C514.2:; C515.2:; C516.2:; C517.2:; C518.2:; C519.2:; C520.2:; C521.2:; C522.2:; C523.2:; C524.2:; C525.2:; C526.2:; C527.2:; C528.2:; C529.2:; C530.2:; C531.2:; C532.2:; C533.2:; C534.2:; C535.2:; C536.2:; C537.2:; C538.2:; C539.2:; C540.2:; C541.2:; C542.2:; C543.2:; C544.2:; C545.2:; C546.2:; C547.2:; C548.2:; C549.2:; C550.2:; C551.2:; C552.2:; C553.2:; C554.2:; C555.2:; C556.2:; C557.2:; C558.2:; C559.2:; C560.2:; C561.2:; C562.2:; C563.2:; C564.2:; C565.2:; C566.2:; C567.2:; C568.2:; C569.2:; C570.2:; C571.2:; C572.2:; C573.2:; C574.2:; C575.2:; C576.2:; C577.2:; C62.2:; C63.2:; C64.2:; C65.2:; C809.2:; C810.2:; C811.2:; C812.2:; C813.2:; C814.2:; C815.2:; C816.2:; J1.1:GND; J1.106:GND; J1.2:GND; J1.3:GND; J1.36:GND; J1.49:GND; J1.57:GND; J1.64:GND; J1.71:GND; J1.78:GND; J1.89:GND; R202.2:; R205.2:; R206.2:; R208.2:; R211.2:; R214.2:; R31.2:; R402.2:; R44.2:; R47.2:; R526.2:; R529.2:; R571.2:; R572.2:; R64.2:; R66.2:; R69.2:; R70.2:; R71.2:; U1.A13:VSS; U1.A16:VSS; U1.A19:VSS; U1.A9:TEST_EN; U1.B13:VSS; U1.B20:VSS; U1.C13:VSS; U1.D10:VSS; U1.D11:VSS; U1.D13:VSS; U1.D15:VSS; U1.D9:VSS; U1.E12:VSS; U1.E13:VSS; U1.E14:VSS; U1.E15:VSS; U1.E16:VSS; U1.E19:VSS; U1.E4:VSS; U1.E6:VSS; U1.E7:VSS; U1.E8:VSS; U1.F10:VSS; U1.F11:AVSS; U1.F16:VSS; U1.F4:VSS; U1.F6:VSS; U1.G13:VSS; U1.G14:VSS; U1.G15:VSS; U1.G16:VSS; U1.G6:VSS; U1.G7:AVSS; U1.G8:AVSS; U1.H11:VSS; U1.H13:VSS; U1.H15:VSS; U1.H16:VSS; U1.H20:VSS; U1.H7:VSS; U1.J11:VSS; U1.J13:VSS; U1.J15:VSS; U1.J7:VSS; U1.K10:VSS; U1.K12:VSS; U1.K14:VSS; U1.K16:VSS; U1.K18:VSS; U1.K3:VSS; U1.K6:VSS; U1.K8:VSS; U1.L10:VSS; U1.L12:VSS; U1.L15:VSS; U1.L19:VSS; U1.L7:VSS; U1.L8:VSS; U1.M10:VSS; U1.M12:VSS; U1.M15:VSS; U1.M16:VSS; U1.M6:VSS; U1.M8:VSS; U1.N10:VSS; U1.N12:VSS; U1.N15:VSS; U1.N16:VSS; U1.N3:VSS; U1.N5:VSS; U1.N8:VSS; U1.P10:VSS; U1.P12:VSS; U1.P14:VSS; U1.P15:VSS; U1.P20:VSS; U1.P6:VSS; U1.P7:VSS; U1.P8:VSS; U1.R10:VSS; U1.R12:VSS; U1.R14:VSS; U1.R16:VSS; U1.R3:VSS; U1.R6:VSS; U1.R7:VSS; U1.T15:VSS; U1.T3:VSS; U1.T7:VSS; U1.T8:VSS; U1.T9:VSS; U1.U19:VSS; U1.U3:VSS; U1.U8:VSS; U1.V3:VSS; U1.V4:VSS; U1.V5:VSS; U1.V6:VSS; U1.V7:VSS; U1.V8:VSS; U1.W1:VSS; U1.W16:VSS; U1.W20:VSS; U1.Y13:VSS; U1.Y19:VSS; U11.6:GND; U12.10:D4; U12.11:S4B; U12.12:S4A; U12.6:GND; U12.8:S3B; U13.1:S1B; U13.11:S4B; U13.15:SEL; U13.4:S2B; U13.6:GND; U13.8:S3B; U14.3:GND; U2.A10:VSS; U2.A3:VSS; U2.AB10:VSS; U2.AB3:VSS; U2.AB5:VSS; U2.AB8:VSS; U2.C1:VSS; U2.C12:VSS; U2.C5:VSS; U2.C8:VSS; U2.D11:VSS; U2.D2:VSS; U2.D4:VSS; U2.D9:VSS; U2.E1:VSS; U2.E12:VSS; U2.E5:VSS; U2.E8:VSS; U2.G1:VSS; U2.G10:VSS; U2.G12:VSS; U2.G3:VSS; U2.G5:VSS; U2.G8:VSS; U2.J1:VSS; U2.J10:VSS; U2.J12:VSS; U2.J3:VSS; U2.K11:VSS; U2.K2:VSS; U2.K4:VSS; U2.K9:VSS; U2.N11:VSS; U2.N2:VSS; U2.N4:VSS; U2.N9:VSS; U2.P1:VSS; U2.P10:VSS; U2.P12:VSS; U2.P3:VSS; U2.T1:VSS; U2.T10:VSS; U2.T12:VSS; U2.T3:VSS; U2.T5:VSS; U2.T8:VSS; U2.V12:VSS; U2.V5:VSS; U2.V8:VSS; U2.W11:VSS; U2.W2:VSS; U2.W4:VSS; U2.W9:VSS; U2.Y1:VSS; U2.Y12:VSS; U2.Y5:VSS; U2.Y8:VSS; U21.4:GND; U22.A1:AGND; U22.B1:PGND; U22.B2:PGND; U22.B3:PGND; U23.A1:AGND; U23.B1:PGND; U23.B2:PGND; U23.B3:PGND; U24.4:GND; U25.4:GND; U26.4:GND; U3.A6:VSS; U3.C4:VSS; U3.E7:VSS; U3.G5:VSS; U3.H10:VSS; U3.J5:VSS; U3.K8:VSS; U3.N2:VSS; U3.N5:VSS; U3.P4:VSS; U3.P6:VSS; U89.5:GND; U89.7:EP_GND; U90.5:GND; U90.7:EP_GND; U91.3:GND; U92.1:B_TIE_LOW; U92.2:GND; U93.3:GND; U94.1:B_TIE_LOW; U94.2:GND; U95.7:GND; Y2.2:GND; Y2.4:GND
U2,K4F8E304HB_200,V2,DQ2_b,bidirectional,bidirectional,false,Samsung K4F8E304HB-MGCJ Rev.1.0 (June 2016),10,V row / column 2,12,4.5 Table 1,I/O,Read/write data,FUNCTIONAL,All normal supported operating modes of this exact part,Table 1 explicitly specifies bidirectional operation.,,DDR_DQB2,65 exact SoC joins; source NC/DNU flagged; bias on dedicated sheet,U1.C14:DDR_DQB0
U2,K4F8E304HB_200,V3,DQS0_c_b,bidirectional,bidirectional,false,Samsung K4F8E304HB-MGCJ Rev.1.0 (June 2016),10,V row / column 3,12,4.5 Table 1,I/O,Read/write differential data strobe,FUNCTIONAL,All normal supported operating modes of this exact part,Table 1 explicitly specifies bidirectional operation.,,DDR_DQSB0_N,65 exact SoC joins; source NC/DNU flagged; bias on dedicated sheet,U1.A15:DDR_DQSB0N
U2,K4F8E304HB_200,V4,DQ5_b,bidirectional,bidirectional,false,Samsung K4F8E304HB-MGCJ Rev.1.0 (June 2016),10,V row / column 4,12,4.5 Table 1,I/O,Read/write data,FUNCTIONAL,All normal supported operating modes of this exact part,Table 1 explicitly specifies bidirectional operation.,,DDR_DQB5,65 exact SoC joins; source NC/DNU flagged; bias on dedicated sheet,U1.B16:DDR_DQB5
U2,K4F8E304HB_200,V5,VSS,power_in,power_in,false,Samsung K4F8E304HB-MGCJ Rev.1.0 (June 2016),10,V row / column 5,12,4.5 Table 1,GND,Ground return,FUNCTIONAL,All normal supported operating modes of this exact part,Manufacturer supply/ground identity; do not promote to source.,,GND,65 exact SoC joins; source NC/DNU flagged; bias on dedicated sheet,C201.2:; C203.2:; C204.2:; C205.2:; C206.2:; C207.2:; C208.2:; C209.2:; C210.2:; C211.2:; C212.2:; C213.2:; C214.2:; C215.2:; C216.2:; C217.2:; C218.2:; C220.2:; C221.2:; C222.2:; C223.2:; C225.2:; C226.2:; C227.2:; C228.2:; C230.2:; C231.2:; C232.2:; C233.2:; C234.2:; C235.2:; C236.2:; C237.2:; C238.2:; C239.2:; C240.2:; C241.2:; C242.2:; C243.2:; C244.2:; C31.2:; C32.2:; C33.2:; C34.2:; C41.2:; C42.2:; C43.2:; C44.2:; C45.2:; C501.2:; C502.2:; C503.2:; C504.2:; C505.2:; C506.2:; C507.2:; C508.2:; C509.2:; C510.2:; C511.2:; C512.2:; C513.2:; C514.2:; C515.2:; C516.2:; C517.2:; C518.2:; C519.2:; C520.2:; C521.2:; C522.2:; C523.2:; C524.2:; C525.2:; C526.2:; C527.2:; C528.2:; C529.2:; C530.2:; C531.2:; C532.2:; C533.2:; C534.2:; C535.2:; C536.2:; C537.2:; C538.2:; C539.2:; C540.2:; C541.2:; C542.2:; C543.2:; C544.2:; C545.2:; C546.2:; C547.2:; C548.2:; C549.2:; C550.2:; C551.2:; C552.2:; C553.2:; C554.2:; C555.2:; C556.2:; C557.2:; C558.2:; C559.2:; C560.2:; C561.2:; C562.2:; C563.2:; C564.2:; C565.2:; C566.2:; C567.2:; C568.2:; C569.2:; C570.2:; C571.2:; C572.2:; C573.2:; C574.2:; C575.2:; C576.2:; C577.2:; C62.2:; C63.2:; C64.2:; C65.2:; C809.2:; C810.2:; C811.2:; C812.2:; C813.2:; C814.2:; C815.2:; C816.2:; J1.1:GND; J1.106:GND; J1.2:GND; J1.3:GND; J1.36:GND; J1.49:GND; J1.57:GND; J1.64:GND; J1.71:GND; J1.78:GND; J1.89:GND; R202.2:; R205.2:; R206.2:; R208.2:; R211.2:; R214.2:; R31.2:; R402.2:; R44.2:; R47.2:; R526.2:; R529.2:; R571.2:; R572.2:; R64.2:; R66.2:; R69.2:; R70.2:; R71.2:; U1.A13:VSS; U1.A16:VSS; U1.A19:VSS; U1.A9:TEST_EN; U1.B13:VSS; U1.B20:VSS; U1.C13:VSS; U1.D10:VSS; U1.D11:VSS; U1.D13:VSS; U1.D15:VSS; U1.D9:VSS; U1.E12:VSS; U1.E13:VSS; U1.E14:VSS; U1.E15:VSS; U1.E16:VSS; U1.E19:VSS; U1.E4:VSS; U1.E6:VSS; U1.E7:VSS; U1.E8:VSS; U1.F10:VSS; U1.F11:AVSS; U1.F16:VSS; U1.F4:VSS; U1.F6:VSS; U1.G13:VSS; U1.G14:VSS; U1.G15:VSS; U1.G16:VSS; U1.G6:VSS; U1.G7:AVSS; U1.G8:AVSS; U1.H11:VSS; U1.H13:VSS; U1.H15:VSS; U1.H16:VSS; U1.H20:VSS; U1.H7:VSS; U1.J11:VSS; U1.J13:VSS; U1.J15:VSS; U1.J7:VSS; U1.K10:VSS; U1.K12:VSS; U1.K14:VSS; U1.K16:VSS; U1.K18:VSS; U1.K3:VSS; U1.K6:VSS; U1.K8:VSS; U1.L10:VSS; U1.L12:VSS; U1.L15:VSS; U1.L19:VSS; U1.L7:VSS; U1.L8:VSS; U1.M10:VSS; U1.M12:VSS; U1.M15:VSS; U1.M16:VSS; U1.M6:VSS; U1.M8:VSS; U1.N10:VSS; U1.N12:VSS; U1.N15:VSS; U1.N16:VSS; U1.N3:VSS; U1.N5:VSS; U1.N8:VSS; U1.P10:VSS; U1.P12:VSS; U1.P14:VSS; U1.P15:VSS; U1.P20:VSS; U1.P6:VSS; U1.P7:VSS; U1.P8:VSS; U1.R10:VSS; U1.R12:VSS; U1.R14:VSS; U1.R16:VSS; U1.R3:VSS; U1.R6:VSS; U1.R7:VSS; U1.T15:VSS; U1.T3:VSS; U1.T7:VSS; U1.T8:VSS; U1.T9:VSS; U1.U19:VSS; U1.U3:VSS; U1.U8:VSS; U1.V3:VSS; U1.V4:VSS; U1.V5:VSS; U1.V6:VSS; U1.V7:VSS; U1.V8:VSS; U1.W1:VSS; U1.W16:VSS; U1.W20:VSS; U1.Y13:VSS; U1.Y19:VSS; U11.6:GND; U12.10:D4; U12.11:S4B; U12.12:S4A; U12.6:GND; U12.8:S3B; U13.1:S1B; U13.11:S4B; U13.15:SEL; U13.4:S2B; U13.6:GND; U13.8:S3B; U14.3:GND; U2.A10:VSS; U2.A3:VSS; U2.AB10:VSS; U2.AB3:VSS; U2.AB5:VSS; U2.AB8:VSS; U2.C1:VSS; U2.C12:VSS; U2.C5:VSS; U2.C8:VSS; U2.D11:VSS; U2.D2:VSS; U2.D4:VSS; U2.D9:VSS; U2.E1:VSS; U2.E12:VSS; U2.E5:VSS; U2.E8:VSS; U2.G1:VSS; U2.G10:VSS; U2.G12:VSS; U2.G3:VSS; U2.G5:VSS; U2.G8:VSS; U2.J1:VSS; U2.J10:VSS; U2.J12:VSS; U2.J3:VSS; U2.K11:VSS; U2.K2:VSS; U2.K4:VSS; U2.K9:VSS; U2.N11:VSS; U2.N2:VSS; U2.N4:VSS; U2.N9:VSS; U2.P1:VSS; U2.P10:VSS; U2.P12:VSS; U2.P3:VSS; U2.T1:VSS; U2.T10:VSS; U2.T12:VSS; U2.T3:VSS; U2.T5:VSS; U2.T8:VSS; U2.V1:VSS; U2.V12:VSS; U2.V8:VSS; U2.W11:VSS; U2.W2:VSS; U2.W4:VSS; U2.W9:VSS; U2.Y1:VSS; U2.Y12:VSS; U2.Y5:VSS; U2.Y8:VSS; U21.4:GND; U22.A1:AGND; U22.B1:PGND; U22.B2:PGND; U22.B3:PGND; U23.A1:AGND; U23.B1:PGND; U23.B2:PGND; U23.B3:PGND; U24.4:GND; U25.4:GND; U26.4:GND; U3.A6:VSS; U3.C4:VSS; U3.E7:VSS; U3.G5:VSS; U3.H10:VSS; U3.J5:VSS; U3.K8:VSS; U3.N2:VSS; U3.N5:VSS; U3.P4:VSS; U3.P6:VSS; U89.5:GND; U89.7:EP_GND; U90.5:GND; U90.7:EP_GND; U91.3:GND; U92.1:B_TIE_LOW; U92.2:GND; U93.3:GND; U94.1:B_TIE_LOW; U94.2:GND; U95.7:GND; Y2.2:GND; Y2.4:GND
U2,K4F8E304HB_200,V8,VSS,power_in,power_in,false,Samsung K4F8E304HB-MGCJ Rev.1.0 (June 2016),10,V row / column 8,12,4.5 Table 1,GND,Ground return,FUNCTIONAL,All normal supported operating modes of this exact part,Manufacturer supply/ground identity; do not promote to source.,,GND,65 exact SoC joins; source NC/DNU flagged; bias on dedicated sheet,C201.2:; C203.2:; C204.2:; C205.2:; C206.2:; C207.2:; C208.2:; C209.2:; C210.2:; C211.2:; C212.2:; C213.2:; C214.2:; C215.2:; C216.2:; C217.2:; C218.2:; C220.2:; C221.2:; C222.2:; C223.2:; C225.2:; C226.2:; C227.2:; C228.2:; C230.2:; C231.2:; C232.2:; C233.2:; C234.2:; C235.2:; C236.2:; C237.2:; C238.2:; C239.2:; C240.2:; C241.2:; C242.2:; C243.2:; C244.2:; C31.2:; C32.2:; C33.2:; C34.2:; C41.2:; C42.2:; C43.2:; C44.2:; C45.2:; C501.2:; C502.2:; C503.2:; C504.2:; C505.2:; C506.2:; C507.2:; C508.2:; C509.2:; C510.2:; C511.2:; C512.2:; C513.2:; C514.2:; C515.2:; C516.2:; C517.2:; C518.2:; C519.2:; C520.2:; C521.2:; C522.2:; C523.2:; C524.2:; C525.2:; C526.2:; C527.2:; C528.2:; C529.2:; C530.2:; C531.2:; C532.2:; C533.2:; C534.2:; C535.2:; C536.2:; C537.2:; C538.2:; C539.2:; C540.2:; C541.2:; C542.2:; C543.2:; C544.2:; C545.2:; C546.2:; C547.2:; C548.2:; C549.2:; C550.2:; C551.2:; C552.2:; C553.2:; C554.2:; C555.2:; C556.2:; C557.2:; C558.2:; C559.2:; C560.2:; C561.2:; C562.2:; C563.2:; C564.2:; C565.2:; C566.2:; C567.2:; C568.2:; C569.2:; C570.2:; C571.2:; C572.2:; C573.2:; C574.2:; C575.2:; C576.2:; C577.2:; C62.2:; C63.2:; C64.2:; C65.2:; C809.2:; C810.2:; C811.2:; C812.2:; C813.2:; C814.2:; C815.2:; C816.2:; J1.1:GND; J1.106:GND; J1.2:GND; J1.3:GND; J1.36:GND; J1.49:GND; J1.57:GND; J1.64:GND; J1.71:GND; J1.78:GND; J1.89:GND; R202.2:; R205.2:; R206.2:; R208.2:; R211.2:; R214.2:; R31.2:; R402.2:; R44.2:; R47.2:; R526.2:; R529.2:; R571.2:; R572.2:; R64.2:; R66.2:; R69.2:; R70.2:; R71.2:; U1.A13:VSS; U1.A16:VSS; U1.A19:VSS; U1.A9:TEST_EN; U1.B13:VSS; U1.B20:VSS; U1.C13:VSS; U1.D10:VSS; U1.D11:VSS; U1.D13:VSS; U1.D15:VSS; U1.D9:VSS; U1.E12:VSS; U1.E13:VSS; U1.E14:VSS; U1.E15:VSS; U1.E16:VSS; U1.E19:VSS; U1.E4:VSS; U1.E6:VSS; U1.E7:VSS; U1.E8:VSS; U1.F10:VSS; U1.F11:AVSS; U1.F16:VSS; U1.F4:VSS; U1.F6:VSS; U1.G13:VSS; U1.G14:VSS; U1.G15:VSS; U1.G16:VSS; U1.G6:VSS; U1.G7:AVSS; U1.G8:AVSS; U1.H11:VSS; U1.H13:VSS; U1.H15:VSS; U1.H16:VSS; U1.H20:VSS; U1.H7:VSS; U1.J11:VSS; U1.J13:VSS; U1.J15:VSS; U1.J7:VSS; U1.K10:VSS; U1.K12:VSS; U1.K14:VSS; U1.K16:VSS; U1.K18:VSS; U1.K3:VSS; U1.K6:VSS; U1.K8:VSS; U1.L10:VSS; U1.L12:VSS; U1.L15:VSS; U1.L19:VSS; U1.L7:VSS; U1.L8:VSS; U1.M10:VSS; U1.M12:VSS; U1.M15:VSS; U1.M16:VSS; U1.M6:VSS; U1.M8:VSS; U1.N10:VSS; U1.N12:VSS; U1.N15:VSS; U1.N16:VSS; U1.N3:VSS; U1.N5:VSS; U1.N8:VSS; U1.P10:VSS; U1.P12:VSS; U1.P14:VSS; U1.P15:VSS; U1.P20:VSS; U1.P6:VSS; U1.P7:VSS; U1.P8:VSS; U1.R10:VSS; U1.R12:VSS; U1.R14:VSS; U1.R16:VSS; U1.R3:VSS; U1.R6:VSS; U1.R7:VSS; U1.T15:VSS; U1.T3:VSS; U1.T7:VSS; U1.T8:VSS; U1.T9:VSS; U1.U19:VSS; U1.U3:VSS; U1.U8:VSS; U1.V3:VSS; U1.V4:VSS; U1.V5:VSS; U1.V6:VSS; U1.V7:VSS; U1.V8:VSS; U1.W1:VSS; U1.W16:VSS; U1.W20:VSS; U1.Y13:VSS; U1.Y19:VSS; U11.6:GND; U12.10:D4; U12.11:S4B; U12.12:S4A; U12.6:GND; U12.8:S3B; U13.1:S1B; U13.11:S4B; U13.15:SEL; U13.4:S2B; U13.6:GND; U13.8:S3B; U14.3:GND; U2.A10:VSS; U2.A3:VSS; U2.AB10:VSS; U2.AB3:VSS; U2.AB5:VSS; U2.AB8:VSS; U2.C1:VSS; U2.C12:VSS; U2.C5:VSS; U2.C8:VSS; U2.D11:VSS; U2.D2:VSS; U2.D4:VSS; U2.D9:VSS; U2.E1:VSS; U2.E12:VSS; U2.E5:VSS; U2.E8:VSS; U2.G1:VSS; U2.G10:VSS; U2.G12:VSS; U2.G3:VSS; U2.G5:VSS; U2.G8:VSS; U2.J1:VSS; U2.J10:VSS; U2.J12:VSS; U2.J3:VSS; U2.K11:VSS; U2.K2:VSS; U2.K4:VSS; U2.K9:VSS; U2.N11:VSS; U2.N2:VSS; U2.N4:VSS; U2.N9:VSS; U2.P1:VSS; U2.P10:VSS; U2.P12:VSS; U2.P3:VSS; U2.T1:VSS; U2.T10:VSS; U2.T12:VSS; U2.T3:VSS; U2.T5:VSS; U2.T8:VSS; U2.V1:VSS; U2.V12:VSS; U2.V5:VSS; U2.W11:VSS; U2.W2:VSS; U2.W4:VSS; U2.W9:VSS; U2.Y1:VSS; U2.Y12:VSS; U2.Y5:VSS; U2.Y8:VSS; U21.4:GND; U22.A1:AGND; U22.B1:PGND; U22.B2:PGND; U22.B3:PGND; U23.A1:AGND; U23.B1:PGND; U23.B2:PGND; U23.B3:PGND; U24.4:GND; U25.4:GND; U26.4:GND; U3.A6:VSS; U3.C4:VSS; U3.E7:VSS; U3.G5:VSS; U3.H10:VSS; U3.J5:VSS; U3.K8:VSS; U3.N2:VSS; U3.N5:VSS; U3.P4:VSS; U3.P6:VSS; U89.5:GND; U89.7:EP_GND; U90.5:GND; U90.7:EP_GND; U91.3:GND; U92.1:B_TIE_LOW; U92.2:GND; U93.3:GND; U94.1:B_TIE_LOW; U94.2:GND; U95.7:GND; Y2.2:GND; Y2.4:GND
U2,K4F8E304HB_200,V9,DQ13_b,bidirectional,bidirectional,false,Samsung K4F8E304HB-MGCJ Rev.1.0 (June 2016),10,V row / column 9,12,4.5 Table 1,I/O,Read/write data,FUNCTIONAL,All normal supported operating modes of this exact part,Table 1 explicitly specifies bidirectional operation.,,DDR_DQB13,65 exact SoC joins; source NC/DNU flagged; bias on dedicated sheet,U1.D16:DDR_DQB14
U2,K4F8E304HB_200,V10,DQS1_c_b,bidirectional,bidirectional,false,Samsung K4F8E304HB-MGCJ Rev.1.0 (June 2016),10,V row / column 10,12,4.5 Table 1,I/O,Read/write differential data strobe,FUNCTIONAL,All normal supported operating modes of this exact part,Table 1 explicitly specifies bidirectional operation.,,DDR_DQSB1_N,65 exact SoC joins; source NC/DNU flagged; bias on dedicated sheet,U1.A18:DDR_DQSB1N
U2,K4F8E304HB_200,V11,DQ10_b,bidirectional,bidirectional,false,Samsung K4F8E304HB-MGCJ Rev.1.0 (June 2016),10,V row / column 11,12,4.5 Table 1,I/O,Read/write data,FUNCTIONAL,All normal supported operating modes of this exact part,Table 1 explicitly specifies bidirectional operation.,,DDR_DQB10,65 exact SoC joins; source NC/DNU flagged; bias on dedicated sheet,U1.D17:DDR_DQB13
U2,K4F8E304HB_200,V12,VSS,power_in,power_in,false,Samsung K4F8E304HB-MGCJ Rev.1.0 (June 2016),10,V row / column 12,12,4.5 Table 1,GND,Ground return,FUNCTIONAL,All normal supported operating modes of this exact part,Manufacturer supply/ground identity; do not promote to source.,,GND,65 exact SoC joins; source NC/DNU flagged; bias on dedicated sheet,C201.2:; C203.2:; C204.2:; C205.2:; C206.2:; C207.2:; C208.2:; C209.2:; C210.2:; C211.2:; C212.2:; C213.2:; C214.2:; C215.2:; C216.2:; C217.2:; C218.2:; C220.2:; C221.2:; C222.2:; C223.2:; C225.2:; C226.2:; C227.2:; C228.2:; C230.2:; C231.2:; C232.2:; C233.2:; C234.2:; C235.2:; C236.2:; C237.2:; C238.2:; C239.2:; C240.2:; C241.2:; C242.2:; C243.2:; C244.2:; C31.2:; C32.2:; C33.2:; C34.2:; C41.2:; C42.2:; C43.2:; C44.2:; C45.2:; C501.2:; C502.2:; C503.2:; C504.2:; C505.2:; C506.2:; C507.2:; C508.2:; C509.2:; C510.2:; C511.2:; C512.2:; C513.2:; C514.2:; C515.2:; C516.2:; C517.2:; C518.2:; C519.2:; C520.2:; C521.2:; C522.2:; C523.2:; C524.2:; C525.2:; C526.2:; C527.2:; C528.2:; C529.2:; C530.2:; C531.2:; C532.2:; C533.2:; C534.2:; C535.2:; C536.2:; C537.2:; C538.2:; C539.2:; C540.2:; C541.2:; C542.2:; C543.2:; C544.2:; C545.2:; C546.2:; C547.2:; C548.2:; C549.2:; C550.2:; C551.2:; C552.2:; C553.2:; C554.2:; C555.2:; C556.2:; C557.2:; C558.2:; C559.2:; C560.2:; C561.2:; C562.2:; C563.2:; C564.2:; C565.2:; C566.2:; C567.2:; C568.2:; C569.2:; C570.2:; C571.2:; C572.2:; C573.2:; C574.2:; C575.2:; C576.2:; C577.2:; C62.2:; C63.2:; C64.2:; C65.2:; C809.2:; C810.2:; C811.2:; C812.2:; C813.2:; C814.2:; C815.2:; C816.2:; J1.1:GND; J1.106:GND; J1.2:GND; J1.3:GND; J1.36:GND; J1.49:GND; J1.57:GND; J1.64:GND; J1.71:GND; J1.78:GND; J1.89:GND; R202.2:; R205.2:; R206.2:; R208.2:; R211.2:; R214.2:; R31.2:; R402.2:; R44.2:; R47.2:; R526.2:; R529.2:; R571.2:; R572.2:; R64.2:; R66.2:; R69.2:; R70.2:; R71.2:; U1.A13:VSS; U1.A16:VSS; U1.A19:VSS; U1.A9:TEST_EN; U1.B13:VSS; U1.B20:VSS; U1.C13:VSS; U1.D10:VSS; U1.D11:VSS; U1.D13:VSS; U1.D15:VSS; U1.D9:VSS; U1.E12:VSS; U1.E13:VSS; U1.E14:VSS; U1.E15:VSS; U1.E16:VSS; U1.E19:VSS; U1.E4:VSS; U1.E6:VSS; U1.E7:VSS; U1.E8:VSS; U1.F10:VSS; U1.F11:AVSS; U1.F16:VSS; U1.F4:VSS; U1.F6:VSS; U1.G13:VSS; U1.G14:VSS; U1.G15:VSS; U1.G16:VSS; U1.G6:VSS; U1.G7:AVSS; U1.G8:AVSS; U1.H11:VSS; U1.H13:VSS; U1.H15:VSS; U1.H16:VSS; U1.H20:VSS; U1.H7:VSS; U1.J11:VSS; U1.J13:VSS; U1.J15:VSS; U1.J7:VSS; U1.K10:VSS; U1.K12:VSS; U1.K14:VSS; U1.K16:VSS; U1.K18:VSS; U1.K3:VSS; U1.K6:VSS; U1.K8:VSS; U1.L10:VSS; U1.L12:VSS; U1.L15:VSS; U1.L19:VSS; U1.L7:VSS; U1.L8:VSS; U1.M10:VSS; U1.M12:VSS; U1.M15:VSS; U1.M16:VSS; U1.M6:VSS; U1.M8:VSS; U1.N10:VSS; U1.N12:VSS; U1.N15:VSS; U1.N16:VSS; U1.N3:VSS; U1.N5:VSS; U1.N8:VSS; U1.P10:VSS; U1.P12:VSS; U1.P14:VSS; U1.P15:VSS; U1.P20:VSS; U1.P6:VSS; U1.P7:VSS; U1.P8:VSS; U1.R10:VSS; U1.R12:VSS; U1.R14:VSS; U1.R16:VSS; U1.R3:VSS; U1.R6:VSS; U1.R7:VSS; U1.T15:VSS; U1.T3:VSS; U1.T7:VSS; U1.T8:VSS; U1.T9:VSS; U1.U19:VSS; U1.U3:VSS; U1.U8:VSS; U1.V3:VSS; U1.V4:VSS; U1.V5:VSS; U1.V6:VSS; U1.V7:VSS; U1.V8:VSS; U1.W1:VSS; U1.W16:VSS; U1.W20:VSS; U1.Y13:VSS; U1.Y19:VSS; U11.6:GND; U12.10:D4; U12.11:S4B; U12.12:S4A; U12.6:GND; U12.8:S3B; U13.1:S1B; U13.11:S4B; U13.15:SEL; U13.4:S2B; U13.6:GND; U13.8:S3B; U14.3:GND; U2.A10:VSS; U2.A3:VSS; U2.AB10:VSS; U2.AB3:VSS; U2.AB5:VSS; U2.AB8:VSS; U2.C1:VSS; U2.C12:VSS; U2.C5:VSS; U2.C8:VSS; U2.D11:VSS; U2.D2:VSS; U2.D4:VSS; U2.D9:VSS; U2.E1:VSS; U2.E12:VSS; U2.E5:VSS; U2.E8:VSS; U2.G1:VSS; U2.G10:VSS; U2.G12:VSS; U2.G3:VSS; U2.G5:VSS; U2.G8:VSS; U2.J1:VSS; U2.J10:VSS; U2.J12:VSS; U2.J3:VSS; U2.K11:VSS; U2.K2:VSS; U2.K4:VSS; U2.K9:VSS; U2.N11:VSS; U2.N2:VSS; U2.N4:VSS; U2.N9:VSS; U2.P1:VSS; U2.P10:VSS; U2.P12:VSS; U2.P3:VSS; U2.T1:VSS; U2.T10:VSS; U2.T12:VSS; U2.T3:VSS; U2.T5:VSS; U2.T8:VSS; U2.V1:VSS; U2.V5:VSS; U2.V8:VSS; U2.W11:VSS; U2.W2:VSS; U2.W4:VSS; U2.W9:VSS; U2.Y1:VSS; U2.Y12:VSS; U2.Y5:VSS; U2.Y8:VSS; U21.4:GND; U22.A1:AGND; U22.B1:PGND; U22.B2:PGND; U22.B3:PGND; U23.A1:AGND; U23.B1:PGND; U23.B2:PGND; U23.B3:PGND; U24.4:GND; U25.4:GND; U26.4:GND; U3.A6:VSS; U3.C4:VSS; U3.E7:VSS; U3.G5:VSS; U3.H10:VSS; U3.J5:VSS; U3.K8:VSS; U3.N2:VSS; U3.N5:VSS; U3.P4:VSS; U3.P6:VSS; U89.5:GND; U89.7:EP_GND; U90.5:GND; U90.7:EP_GND; U91.3:GND; U92.1:B_TIE_LOW; U92.2:GND; U93.3:GND; U94.1:B_TIE_LOW; U94.2:GND; U95.7:GND; Y2.2:GND; Y2.4:GND
U2,K4F8E304HB_200,W1,VDDQ,power_in,power_in,false,Samsung K4F8E304HB-MGCJ Rev.1.0 (June 2016),10,W row / column 1,12,4.5 Table 1,Supply,Supply input,FUNCTIONAL,All normal supported operating modes of this exact part,Manufacturer supply/ground identity; do not promote to source.,,VDD1P1_DDR_IO,65 exact SoC joins; source NC/DNU flagged; bias on dedicated sheet,C218.1:; C219.1:; C534.1:; C535.1:; C536.1:; C537.1:; C538.1:; C539.1:; C540.1:; C541.1:; C542.1:; C543.1:; C544.1:; C545.1:; C546.1:; C547.1:; C548.1:; C549.1:; C550.1:; C551.1:; C552.1:; C553.1:; C554.1:; C555.1:; C556.1:; C557.1:; C558.1:; C559.1:; C560.1:; C561.1:; C61.1:; L24.2:; R207.1:; R61.2:; R62.2:; R63.2:; R65.1:; U1.H14:VDD1P1_DDR_IO; U1.J14:VDD1P1_DDR_IO; U1.L14:VDD1P1_DDR_IO; U1.M14:VDD1P1_DDR_IO; U1.N14:VDD1P1_DDR_IO; U2.A4:VDD2; U2.A9:VDD2; U2.AA10:VDDQ; U2.AA3:VDDQ; U2.AA5:VDDQ; U2.AA8:VDDQ; U2.AB4:VDD2; U2.AB9:VDD2; U2.B10:VDDQ; U2.B3:VDDQ; U2.B5:VDDQ; U2.B8:VDDQ; U2.D1:VDDQ; U2.D12:VDDQ; U2.D5:VDDQ; U2.D8:VDDQ; U2.F10:VDDQ; U2.F3:VDDQ; U2.F5:VDD2; U2.F8:VDD2; U2.H1:VDD2; U2.H12:VDD2; U2.H5:VDD2; U2.H8:VDD2; U2.K1:VDD2; U2.K10:VDD2; U2.K12:VDD2; U2.K3:VDD2; U2.N1:VDD2; U2.N10:VDD2; U2.N12:VDD2; U2.N3:VDD2; U2.R1:VDD2; U2.R12:VDD2; U2.R5:VDD2; U2.R8:VDD2; U2.U10:VDDQ; U2.U3:VDDQ; U2.U5:VDD2; U2.U8:VDD2; U2.W12:VDDQ; U2.W5:VDDQ; U2.W8:VDDQ
U2,K4F8E304HB_200,W2,VSS,power_in,power_in,false,Samsung K4F8E304HB-MGCJ Rev.1.0 (June 2016),10,W row / column 2,12,4.5 Table 1,GND,Ground return,FUNCTIONAL,All normal supported operating modes of this exact part,Manufacturer supply/ground identity; do not promote to source.,,GND,65 exact SoC joins; source NC/DNU flagged; bias on dedicated sheet,C201.2:; C203.2:; C204.2:; C205.2:; C206.2:; C207.2:; C208.2:; C209.2:; C210.2:; C211.2:; C212.2:; C213.2:; C214.2:; C215.2:; C216.2:; C217.2:; C218.2:; C220.2:; C221.2:; C222.2:; C223.2:; C225.2:; C226.2:; C227.2:; C228.2:; C230.2:; C231.2:; C232.2:; C233.2:; C234.2:; C235.2:; C236.2:; C237.2:; C238.2:; C239.2:; C240.2:; C241.2:; C242.2:; C243.2:; C244.2:; C31.2:; C32.2:; C33.2:; C34.2:; C41.2:; C42.2:; C43.2:; C44.2:; C45.2:; C501.2:; C502.2:; C503.2:; C504.2:; C505.2:; C506.2:; C507.2:; C508.2:; C509.2:; C510.2:; C511.2:; C512.2:; C513.2:; C514.2:; C515.2:; C516.2:; C517.2:; C518.2:; C519.2:; C520.2:; C521.2:; C522.2:; C523.2:; C524.2:; C525.2:; C526.2:; C527.2:; C528.2:; C529.2:; C530.2:; C531.2:; C532.2:; C533.2:; C534.2:; C535.2:; C536.2:; C537.2:; C538.2:; C539.2:; C540.2:; C541.2:; C542.2:; C543.2:; C544.2:; C545.2:; C546.2:; C547.2:; C548.2:; C549.2:; C550.2:; C551.2:; C552.2:; C553.2:; C554.2:; C555.2:; C556.2:; C557.2:; C558.2:; C559.2:; C560.2:; C561.2:; C562.2:; C563.2:; C564.2:; C565.2:; C566.2:; C567.2:; C568.2:; C569.2:; C570.2:; C571.2:; C572.2:; C573.2:; C574.2:; C575.2:; C576.2:; C577.2:; C62.2:; C63.2:; C64.2:; C65.2:; C809.2:; C810.2:; C811.2:; C812.2:; C813.2:; C814.2:; C815.2:; C816.2:; J1.1:GND; J1.106:GND; J1.2:GND; J1.3:GND; J1.36:GND; J1.49:GND; J1.57:GND; J1.64:GND; J1.71:GND; J1.78:GND; J1.89:GND; R202.2:; R205.2:; R206.2:; R208.2:; R211.2:; R214.2:; R31.2:; R402.2:; R44.2:; R47.2:; R526.2:; R529.2:; R571.2:; R572.2:; R64.2:; R66.2:; R69.2:; R70.2:; R71.2:; U1.A13:VSS; U1.A16:VSS; U1.A19:VSS; U1.A9:TEST_EN; U1.B13:VSS; U1.B20:VSS; U1.C13:VSS; U1.D10:VSS; U1.D11:VSS; U1.D13:VSS; U1.D15:VSS; U1.D9:VSS; U1.E12:VSS; U1.E13:VSS; U1.E14:VSS; U1.E15:VSS; U1.E16:VSS; U1.E19:VSS; U1.E4:VSS; U1.E6:VSS; U1.E7:VSS; U1.E8:VSS; U1.F10:VSS; U1.F11:AVSS; U1.F16:VSS; U1.F4:VSS; U1.F6:VSS; U1.G13:VSS; U1.G14:VSS; U1.G15:VSS; U1.G16:VSS; U1.G6:VSS; U1.G7:AVSS; U1.G8:AVSS; U1.H11:VSS; U1.H13:VSS; U1.H15:VSS; U1.H16:VSS; U1.H20:VSS; U1.H7:VSS; U1.J11:VSS; U1.J13:VSS; U1.J15:VSS; U1.J7:VSS; U1.K10:VSS; U1.K12:VSS; U1.K14:VSS; U1.K16:VSS; U1.K18:VSS; U1.K3:VSS; U1.K6:VSS; U1.K8:VSS; U1.L10:VSS; U1.L12:VSS; U1.L15:VSS; U1.L19:VSS; U1.L7:VSS; U1.L8:VSS; U1.M10:VSS; U1.M12:VSS; U1.M15:VSS; U1.M16:VSS; U1.M6:VSS; U1.M8:VSS; U1.N10:VSS; U1.N12:VSS; U1.N15:VSS; U1.N16:VSS; U1.N3:VSS; U1.N5:VSS; U1.N8:VSS; U1.P10:VSS; U1.P12:VSS; U1.P14:VSS; U1.P15:VSS; U1.P20:VSS; U1.P6:VSS; U1.P7:VSS; U1.P8:VSS; U1.R10:VSS; U1.R12:VSS; U1.R14:VSS; U1.R16:VSS; U1.R3:VSS; U1.R6:VSS; U1.R7:VSS; U1.T15:VSS; U1.T3:VSS; U1.T7:VSS; U1.T8:VSS; U1.T9:VSS; U1.U19:VSS; U1.U3:VSS; U1.U8:VSS; U1.V3:VSS; U1.V4:VSS; U1.V5:VSS; U1.V6:VSS; U1.V7:VSS; U1.V8:VSS; U1.W1:VSS; U1.W16:VSS; U1.W20:VSS; U1.Y13:VSS; U1.Y19:VSS; U11.6:GND; U12.10:D4; U12.11:S4B; U12.12:S4A; U12.6:GND; U12.8:S3B; U13.1:S1B; U13.11:S4B; U13.15:SEL; U13.4:S2B; U13.6:GND; U13.8:S3B; U14.3:GND; U2.A10:VSS; U2.A3:VSS; U2.AB10:VSS; U2.AB3:VSS; U2.AB5:VSS; U2.AB8:VSS; U2.C1:VSS; U2.C12:VSS; U2.C5:VSS; U2.C8:VSS; U2.D11:VSS; U2.D2:VSS; U2.D4:VSS; U2.D9:VSS; U2.E1:VSS; U2.E12:VSS; U2.E5:VSS; U2.E8:VSS; U2.G1:VSS; U2.G10:VSS; U2.G12:VSS; U2.G3:VSS; U2.G5:VSS; U2.G8:VSS; U2.J1:VSS; U2.J10:VSS; U2.J12:VSS; U2.J3:VSS; U2.K11:VSS; U2.K2:VSS; U2.K4:VSS; U2.K9:VSS; U2.N11:VSS; U2.N2:VSS; U2.N4:VSS; U2.N9:VSS; U2.P1:VSS; U2.P10:VSS; U2.P12:VSS; U2.P3:VSS; U2.T1:VSS; U2.T10:VSS; U2.T12:VSS; U2.T3:VSS; U2.T5:VSS; U2.T8:VSS; U2.V1:VSS; U2.V12:VSS; U2.V5:VSS; U2.V8:VSS; U2.W11:VSS; U2.W4:VSS; U2.W9:VSS; U2.Y1:VSS; U2.Y12:VSS; U2.Y5:VSS; U2.Y8:VSS; U21.4:GND; U22.A1:AGND; U22.B1:PGND; U22.B2:PGND; U22.B3:PGND; U23.A1:AGND; U23.B1:PGND; U23.B2:PGND; U23.B3:PGND; U24.4:GND; U25.4:GND; U26.4:GND; U3.A6:VSS; U3.C4:VSS; U3.E7:VSS; U3.G5:VSS; U3.H10:VSS; U3.J5:VSS; U3.K8:VSS; U3.N2:VSS; U3.N5:VSS; U3.P4:VSS; U3.P6:VSS; U89.5:GND; U89.7:EP_GND; U90.5:GND; U90.7:EP_GND; U91.3:GND; U92.1:B_TIE_LOW; U92.2:GND; U93.3:GND; U94.1:B_TIE_LOW; U94.2:GND; U95.7:GND; Y2.2:GND; Y2.4:GND
U2,K4F8E304HB_200,W3,DQS0_t_b,bidirectional,bidirectional,false,Samsung K4F8E304HB-MGCJ Rev.1.0 (June 2016),10,W row / column 3,12,4.5 Table 1,I/O,Read/write differential data strobe,FUNCTIONAL,All normal supported operating modes of this exact part,Table 1 explicitly specifies bidirectional operation.,,DDR_DQSB0_P,65 exact SoC joins; source NC/DNU flagged; bias on dedicated sheet,U1.B15:DDR_DQSB0P
U2,K4F8E304HB_200,W4,VSS,power_in,power_in,false,Samsung K4F8E304HB-MGCJ Rev.1.0 (June 2016),10,W row / column 4,12,4.5 Table 1,GND,Ground return,FUNCTIONAL,All normal supported operating modes of this exact part,Manufacturer supply/ground identity; do not promote to source.,,GND,65 exact SoC joins; source NC/DNU flagged; bias on dedicated sheet,C201.2:; C203.2:; C204.2:; C205.2:; C206.2:; C207.2:; C208.2:; C209.2:; C210.2:; C211.2:; C212.2:; C213.2:; C214.2:; C215.2:; C216.2:; C217.2:; C218.2:; C220.2:; C221.2:; C222.2:; C223.2:; C225.2:; C226.2:; C227.2:; C228.2:; C230.2:; C231.2:; C232.2:; C233.2:; C234.2:; C235.2:; C236.2:; C237.2:; C238.2:; C239.2:; C240.2:; C241.2:; C242.2:; C243.2:; C244.2:; C31.2:; C32.2:; C33.2:; C34.2:; C41.2:; C42.2:; C43.2:; C44.2:; C45.2:; C501.2:; C502.2:; C503.2:; C504.2:; C505.2:; C506.2:; C507.2:; C508.2:; C509.2:; C510.2:; C511.2:; C512.2:; C513.2:; C514.2:; C515.2:; C516.2:; C517.2:; C518.2:; C519.2:; C520.2:; C521.2:; C522.2:; C523.2:; C524.2:; C525.2:; C526.2:; C527.2:; C528.2:; C529.2:; C530.2:; C531.2:; C532.2:; C533.2:; C534.2:; C535.2:; C536.2:; C537.2:; C538.2:; C539.2:; C540.2:; C541.2:; C542.2:; C543.2:; C544.2:; C545.2:; C546.2:; C547.2:; C548.2:; C549.2:; C550.2:; C551.2:; C552.2:; C553.2:; C554.2:; C555.2:; C556.2:; C557.2:; C558.2:; C559.2:; C560.2:; C561.2:; C562.2:; C563.2:; C564.2:; C565.2:; C566.2:; C567.2:; C568.2:; C569.2:; C570.2:; C571.2:; C572.2:; C573.2:; C574.2:; C575.2:; C576.2:; C577.2:; C62.2:; C63.2:; C64.2:; C65.2:; C809.2:; C810.2:; C811.2:; C812.2:; C813.2:; C814.2:; C815.2:; C816.2:; J1.1:GND; J1.106:GND; J1.2:GND; J1.3:GND; J1.36:GND; J1.49:GND; J1.57:GND; J1.64:GND; J1.71:GND; J1.78:GND; J1.89:GND; R202.2:; R205.2:; R206.2:; R208.2:; R211.2:; R214.2:; R31.2:; R402.2:; R44.2:; R47.2:; R526.2:; R529.2:; R571.2:; R572.2:; R64.2:; R66.2:; R69.2:; R70.2:; R71.2:; U1.A13:VSS; U1.A16:VSS; U1.A19:VSS; U1.A9:TEST_EN; U1.B13:VSS; U1.B20:VSS; U1.C13:VSS; U1.D10:VSS; U1.D11:VSS; U1.D13:VSS; U1.D15:VSS; U1.D9:VSS; U1.E12:VSS; U1.E13:VSS; U1.E14:VSS; U1.E15:VSS; U1.E16:VSS; U1.E19:VSS; U1.E4:VSS; U1.E6:VSS; U1.E7:VSS; U1.E8:VSS; U1.F10:VSS; U1.F11:AVSS; U1.F16:VSS; U1.F4:VSS; U1.F6:VSS; U1.G13:VSS; U1.G14:VSS; U1.G15:VSS; U1.G16:VSS; U1.G6:VSS; U1.G7:AVSS; U1.G8:AVSS; U1.H11:VSS; U1.H13:VSS; U1.H15:VSS; U1.H16:VSS; U1.H20:VSS; U1.H7:VSS; U1.J11:VSS; U1.J13:VSS; U1.J15:VSS; U1.J7:VSS; U1.K10:VSS; U1.K12:VSS; U1.K14:VSS; U1.K16:VSS; U1.K18:VSS; U1.K3:VSS; U1.K6:VSS; U1.K8:VSS; U1.L10:VSS; U1.L12:VSS; U1.L15:VSS; U1.L19:VSS; U1.L7:VSS; U1.L8:VSS; U1.M10:VSS; U1.M12:VSS; U1.M15:VSS; U1.M16:VSS; U1.M6:VSS; U1.M8:VSS; U1.N10:VSS; U1.N12:VSS; U1.N15:VSS; U1.N16:VSS; U1.N3:VSS; U1.N5:VSS; U1.N8:VSS; U1.P10:VSS; U1.P12:VSS; U1.P14:VSS; U1.P15:VSS; U1.P20:VSS; U1.P6:VSS; U1.P7:VSS; U1.P8:VSS; U1.R10:VSS; U1.R12:VSS; U1.R14:VSS; U1.R16:VSS; U1.R3:VSS; U1.R6:VSS; U1.R7:VSS; U1.T15:VSS; U1.T3:VSS; U1.T7:VSS; U1.T8:VSS; U1.T9:VSS; U1.U19:VSS; U1.U3:VSS; U1.U8:VSS; U1.V3:VSS; U1.V4:VSS; U1.V5:VSS; U1.V6:VSS; U1.V7:VSS; U1.V8:VSS; U1.W1:VSS; U1.W16:VSS; U1.W20:VSS; U1.Y13:VSS; U1.Y19:VSS; U11.6:GND; U12.10:D4; U12.11:S4B; U12.12:S4A; U12.6:GND; U12.8:S3B; U13.1:S1B; U13.11:S4B; U13.15:SEL; U13.4:S2B; U13.6:GND; U13.8:S3B; U14.3:GND; U2.A10:VSS; U2.A3:VSS; U2.AB10:VSS; U2.AB3:VSS; U2.AB5:VSS; U2.AB8:VSS; U2.C1:VSS; U2.C12:VSS; U2.C5:VSS; U2.C8:VSS; U2.D11:VSS; U2.D2:VSS; U2.D4:VSS; U2.D9:VSS; U2.E1:VSS; U2.E12:VSS; U2.E5:VSS; U2.E8:VSS; U2.G1:VSS; U2.G10:VSS; U2.G12:VSS; U2.G3:VSS; U2.G5:VSS; U2.G8:VSS; U2.J1:VSS; U2.J10:VSS; U2.J12:VSS; U2.J3:VSS; U2.K11:VSS; U2.K2:VSS; U2.K4:VSS; U2.K9:VSS; U2.N11:VSS; U2.N2:VSS; U2.N4:VSS; U2.N9:VSS; U2.P1:VSS; U2.P10:VSS; U2.P12:VSS; U2.P3:VSS; U2.T1:VSS; U2.T10:VSS; U2.T12:VSS; U2.T3:VSS; U2.T5:VSS; U2.T8:VSS; U2.V1:VSS; U2.V12:VSS; U2.V5:VSS; U2.V8:VSS; U2.W11:VSS; U2.W2:VSS; U2.W9:VSS; U2.Y1:VSS; U2.Y12:VSS; U2.Y5:VSS; U2.Y8:VSS; U21.4:GND; U22.A1:AGND; U22.B1:PGND; U22.B2:PGND; U22.B3:PGND; U23.A1:AGND; U23.B1:PGND; U23.B2:PGND; U23.B3:PGND; U24.4:GND; U25.4:GND; U26.4:GND; U3.A6:VSS; U3.C4:VSS; U3.E7:VSS; U3.G5:VSS; U3.H10:VSS; U3.J5:VSS; U3.K8:VSS; U3.N2:VSS; U3.N5:VSS; U3.P4:VSS; U3.P6:VSS; U89.5:GND; U89.7:EP_GND; U90.5:GND; U90.7:EP_GND; U91.3:GND; U92.1:B_TIE_LOW; U92.2:GND; U93.3:GND; U94.1:B_TIE_LOW; U94.2:GND; U95.7:GND; Y2.2:GND; Y2.4:GND
U2,K4F8E304HB_200,W5,VDDQ,power_in,power_in,false,Samsung K4F8E304HB-MGCJ Rev.1.0 (June 2016),10,W row / column 5,12,4.5 Table 1,Supply,Supply input,FUNCTIONAL,All normal supported operating modes of this exact part,Manufacturer supply/ground identity; do not promote to source.,,VDD1P1_DDR_IO,65 exact SoC joins; source NC/DNU flagged; bias on dedicated sheet,C218.1:; C219.1:; C534.1:; C535.1:; C536.1:; C537.1:; C538.1:; C539.1:; C540.1:; C541.1:; C542.1:; C543.1:; C544.1:; C545.1:; C546.1:; C547.1:; C548.1:; C549.1:; C550.1:; C551.1:; C552.1:; C553.1:; C554.1:; C555.1:; C556.1:; C557.1:; C558.1:; C559.1:; C560.1:; C561.1:; C61.1:; L24.2:; R207.1:; R61.2:; R62.2:; R63.2:; R65.1:; U1.H14:VDD1P1_DDR_IO; U1.J14:VDD1P1_DDR_IO; U1.L14:VDD1P1_DDR_IO; U1.M14:VDD1P1_DDR_IO; U1.N14:VDD1P1_DDR_IO; U2.A4:VDD2; U2.A9:VDD2; U2.AA10:VDDQ; U2.AA3:VDDQ; U2.AA5:VDDQ; U2.AA8:VDDQ; U2.AB4:VDD2; U2.AB9:VDD2; U2.B10:VDDQ; U2.B3:VDDQ; U2.B5:VDDQ; U2.B8:VDDQ; U2.D1:VDDQ; U2.D12:VDDQ; U2.D5:VDDQ; U2.D8:VDDQ; U2.F10:VDDQ; U2.F3:VDDQ; U2.F5:VDD2; U2.F8:VDD2; U2.H1:VDD2; U2.H12:VDD2; U2.H5:VDD2; U2.H8:VDD2; U2.K1:VDD2; U2.K10:VDD2; U2.K12:VDD2; U2.K3:VDD2; U2.N1:VDD2; U2.N10:VDD2; U2.N12:VDD2; U2.N3:VDD2; U2.R1:VDD2; U2.R12:VDD2; U2.R5:VDD2; U2.R8:VDD2; U2.U10:VDDQ; U2.U3:VDDQ; U2.U5:VDD2; U2.U8:VDD2; U2.W1:VDDQ; U2.W12:VDDQ; U2.W8:VDDQ
U2,K4F8E304HB_200,W8,VDDQ,power_in,power_in,false,Samsung K4F8E304HB-MGCJ Rev.1.0 (June 2016),10,W row / column 8,12,4.5 Table 1,Supply,Supply input,FUNCTIONAL,All normal supported operating modes of this exact part,Manufacturer supply/ground identity; do not promote to source.,,VDD1P1_DDR_IO,65 exact SoC joins; source NC/DNU flagged; bias on dedicated sheet,C218.1:; C219.1:; C534.1:; C535.1:; C536.1:; C537.1:; C538.1:; C539.1:; C540.1:; C541.1:; C542.1:; C543.1:; C544.1:; C545.1:; C546.1:; C547.1:; C548.1:; C549.1:; C550.1:; C551.1:; C552.1:; C553.1:; C554.1:; C555.1:; C556.1:; C557.1:; C558.1:; C559.1:; C560.1:; C561.1:; C61.1:; L24.2:; R207.1:; R61.2:; R62.2:; R63.2:; R65.1:; U1.H14:VDD1P1_DDR_IO; U1.J14:VDD1P1_DDR_IO; U1.L14:VDD1P1_DDR_IO; U1.M14:VDD1P1_DDR_IO; U1.N14:VDD1P1_DDR_IO; U2.A4:VDD2; U2.A9:VDD2; U2.AA10:VDDQ; U2.AA3:VDDQ; U2.AA5:VDDQ; U2.AA8:VDDQ; U2.AB4:VDD2; U2.AB9:VDD2; U2.B10:VDDQ; U2.B3:VDDQ; U2.B5:VDDQ; U2.B8:VDDQ; U2.D1:VDDQ; U2.D12:VDDQ; U2.D5:VDDQ; U2.D8:VDDQ; U2.F10:VDDQ; U2.F3:VDDQ; U2.F5:VDD2; U2.F8:VDD2; U2.H1:VDD2; U2.H12:VDD2; U2.H5:VDD2; U2.H8:VDD2; U2.K1:VDD2; U2.K10:VDD2; U2.K12:VDD2; U2.K3:VDD2; U2.N1:VDD2; U2.N10:VDD2; U2.N12:VDD2; U2.N3:VDD2; U2.R1:VDD2; U2.R12:VDD2; U2.R5:VDD2; U2.R8:VDD2; U2.U10:VDDQ; U2.U3:VDDQ; U2.U5:VDD2; U2.U8:VDD2; U2.W1:VDDQ; U2.W12:VDDQ; U2.W5:VDDQ
U2,K4F8E304HB_200,W9,VSS,power_in,power_in,false,Samsung K4F8E304HB-MGCJ Rev.1.0 (June 2016),10,W row / column 9,12,4.5 Table 1,GND,Ground return,FUNCTIONAL,All normal supported operating modes of this exact part,Manufacturer supply/ground identity; do not promote to source.,,GND,65 exact SoC joins; source NC/DNU flagged; bias on dedicated sheet,C201.2:; C203.2:; C204.2:; C205.2:; C206.2:; C207.2:; C208.2:; C209.2:; C210.2:; C211.2:; C212.2:; C213.2:; C214.2:; C215.2:; C216.2:; C217.2:; C218.2:; C220.2:; C221.2:; C222.2:; C223.2:; C225.2:; C226.2:; C227.2:; C228.2:; C230.2:; C231.2:; C232.2:; C233.2:; C234.2:; C235.2:; C236.2:; C237.2:; C238.2:; C239.2:; C240.2:; C241.2:; C242.2:; C243.2:; C244.2:; C31.2:; C32.2:; C33.2:; C34.2:; C41.2:; C42.2:; C43.2:; C44.2:; C45.2:; C501.2:; C502.2:; C503.2:; C504.2:; C505.2:; C506.2:; C507.2:; C508.2:; C509.2:; C510.2:; C511.2:; C512.2:; C513.2:; C514.2:; C515.2:; C516.2:; C517.2:; C518.2:; C519.2:; C520.2:; C521.2:; C522.2:; C523.2:; C524.2:; C525.2:; C526.2:; C527.2:; C528.2:; C529.2:; C530.2:; C531.2:; C532.2:; C533.2:; C534.2:; C535.2:; C536.2:; C537.2:; C538.2:; C539.2:; C540.2:; C541.2:; C542.2:; C543.2:; C544.2:; C545.2:; C546.2:; C547.2:; C548.2:; C549.2:; C550.2:; C551.2:; C552.2:; C553.2:; C554.2:; C555.2:; C556.2:; C557.2:; C558.2:; C559.2:; C560.2:; C561.2:; C562.2:; C563.2:; C564.2:; C565.2:; C566.2:; C567.2:; C568.2:; C569.2:; C570.2:; C571.2:; C572.2:; C573.2:; C574.2:; C575.2:; C576.2:; C577.2:; C62.2:; C63.2:; C64.2:; C65.2:; C809.2:; C810.2:; C811.2:; C812.2:; C813.2:; C814.2:; C815.2:; C816.2:; J1.1:GND; J1.106:GND; J1.2:GND; J1.3:GND; J1.36:GND; J1.49:GND; J1.57:GND; J1.64:GND; J1.71:GND; J1.78:GND; J1.89:GND; R202.2:; R205.2:; R206.2:; R208.2:; R211.2:; R214.2:; R31.2:; R402.2:; R44.2:; R47.2:; R526.2:; R529.2:; R571.2:; R572.2:; R64.2:; R66.2:; R69.2:; R70.2:; R71.2:; U1.A13:VSS; U1.A16:VSS; U1.A19:VSS; U1.A9:TEST_EN; U1.B13:VSS; U1.B20:VSS; U1.C13:VSS; U1.D10:VSS; U1.D11:VSS; U1.D13:VSS; U1.D15:VSS; U1.D9:VSS; U1.E12:VSS; U1.E13:VSS; U1.E14:VSS; U1.E15:VSS; U1.E16:VSS; U1.E19:VSS; U1.E4:VSS; U1.E6:VSS; U1.E7:VSS; U1.E8:VSS; U1.F10:VSS; U1.F11:AVSS; U1.F16:VSS; U1.F4:VSS; U1.F6:VSS; U1.G13:VSS; U1.G14:VSS; U1.G15:VSS; U1.G16:VSS; U1.G6:VSS; U1.G7:AVSS; U1.G8:AVSS; U1.H11:VSS; U1.H13:VSS; U1.H15:VSS; U1.H16:VSS; U1.H20:VSS; U1.H7:VSS; U1.J11:VSS; U1.J13:VSS; U1.J15:VSS; U1.J7:VSS; U1.K10:VSS; U1.K12:VSS; U1.K14:VSS; U1.K16:VSS; U1.K18:VSS; U1.K3:VSS; U1.K6:VSS; U1.K8:VSS; U1.L10:VSS; U1.L12:VSS; U1.L15:VSS; U1.L19:VSS; U1.L7:VSS; U1.L8:VSS; U1.M10:VSS; U1.M12:VSS; U1.M15:VSS; U1.M16:VSS; U1.M6:VSS; U1.M8:VSS; U1.N10:VSS; U1.N12:VSS; U1.N15:VSS; U1.N16:VSS; U1.N3:VSS; U1.N5:VSS; U1.N8:VSS; U1.P10:VSS; U1.P12:VSS; U1.P14:VSS; U1.P15:VSS; U1.P20:VSS; U1.P6:VSS; U1.P7:VSS; U1.P8:VSS; U1.R10:VSS; U1.R12:VSS; U1.R14:VSS; U1.R16:VSS; U1.R3:VSS; U1.R6:VSS; U1.R7:VSS; U1.T15:VSS; U1.T3:VSS; U1.T7:VSS; U1.T8:VSS; U1.T9:VSS; U1.U19:VSS; U1.U3:VSS; U1.U8:VSS; U1.V3:VSS; U1.V4:VSS; U1.V5:VSS; U1.V6:VSS; U1.V7:VSS; U1.V8:VSS; U1.W1:VSS; U1.W16:VSS; U1.W20:VSS; U1.Y13:VSS; U1.Y19:VSS; U11.6:GND; U12.10:D4; U12.11:S4B; U12.12:S4A; U12.6:GND; U12.8:S3B; U13.1:S1B; U13.11:S4B; U13.15:SEL; U13.4:S2B; U13.6:GND; U13.8:S3B; U14.3:GND; U2.A10:VSS; U2.A3:VSS; U2.AB10:VSS; U2.AB3:VSS; U2.AB5:VSS; U2.AB8:VSS; U2.C1:VSS; U2.C12:VSS; U2.C5:VSS; U2.C8:VSS; U2.D11:VSS; U2.D2:VSS; U2.D4:VSS; U2.D9:VSS; U2.E1:VSS; U2.E12:VSS; U2.E5:VSS; U2.E8:VSS; U2.G1:VSS; U2.G10:VSS; U2.G12:VSS; U2.G3:VSS; U2.G5:VSS; U2.G8:VSS; U2.J1:VSS; U2.J10:VSS; U2.J12:VSS; U2.J3:VSS; U2.K11:VSS; U2.K2:VSS; U2.K4:VSS; U2.K9:VSS; U2.N11:VSS; U2.N2:VSS; U2.N4:VSS; U2.N9:VSS; U2.P1:VSS; U2.P10:VSS; U2.P12:VSS; U2.P3:VSS; U2.T1:VSS; U2.T10:VSS; U2.T12:VSS; U2.T3:VSS; U2.T5:VSS; U2.T8:VSS; U2.V1:VSS; U2.V12:VSS; U2.V5:VSS; U2.V8:VSS; U2.W11:VSS; U2.W2:VSS; U2.W4:VSS; U2.Y1:VSS; U2.Y12:VSS; U2.Y5:VSS; U2.Y8:VSS; U21.4:GND; U22.A1:AGND; U22.B1:PGND; U22.B2:PGND; U22.B3:PGND; U23.A1:AGND; U23.B1:PGND; U23.B2:PGND; U23.B3:PGND; U24.4:GND; U25.4:GND; U26.4:GND; U3.A6:VSS; U3.C4:VSS; U3.E7:VSS; U3.G5:VSS; U3.H10:VSS; U3.J5:VSS; U3.K8:VSS; U3.N2:VSS; U3.N5:VSS; U3.P4:VSS; U3.P6:VSS; U89.5:GND; U89.7:EP_GND; U90.5:GND; U90.7:EP_GND; U91.3:GND; U92.1:B_TIE_LOW; U92.2:GND; U93.3:GND; U94.1:B_TIE_LOW; U94.2:GND; U95.7:GND; Y2.2:GND; Y2.4:GND
U2,K4F8E304HB_200,W10,DQS1_t_b,bidirectional,bidirectional,false,Samsung K4F8E304HB-MGCJ Rev.1.0 (June 2016),10,W row / column 10,12,4.5 Table 1,I/O,Read/write differential data strobe,FUNCTIONAL,All normal supported operating modes of this exact part,Table 1 explicitly specifies bidirectional operation.,,DDR_DQSB1_P,65 exact SoC joins; source NC/DNU flagged; bias on dedicated sheet,U1.B18:DDR_DQSB1P
U2,K4F8E304HB_200,W11,VSS,power_in,power_in,false,Samsung K4F8E304HB-MGCJ Rev.1.0 (June 2016),10,W row / column 11,12,4.5 Table 1,GND,Ground return,FUNCTIONAL,All normal supported operating modes of this exact part,Manufacturer supply/ground identity; do not promote to source.,,GND,65 exact SoC joins; source NC/DNU flagged; bias on dedicated sheet,C201.2:; C203.2:; C204.2:; C205.2:; C206.2:; C207.2:; C208.2:; C209.2:; C210.2:; C211.2:; C212.2:; C213.2:; C214.2:; C215.2:; C216.2:; C217.2:; C218.2:; C220.2:; C221.2:; C222.2:; C223.2:; C225.2:; C226.2:; C227.2:; C228.2:; C230.2:; C231.2:; C232.2:; C233.2:; C234.2:; C235.2:; C236.2:; C237.2:; C238.2:; C239.2:; C240.2:; C241.2:; C242.2:; C243.2:; C244.2:; C31.2:; C32.2:; C33.2:; C34.2:; C41.2:; C42.2:; C43.2:; C44.2:; C45.2:; C501.2:; C502.2:; C503.2:; C504.2:; C505.2:; C506.2:; C507.2:; C508.2:; C509.2:; C510.2:; C511.2:; C512.2:; C513.2:; C514.2:; C515.2:; C516.2:; C517.2:; C518.2:; C519.2:; C520.2:; C521.2:; C522.2:; C523.2:; C524.2:; C525.2:; C526.2:; C527.2:; C528.2:; C529.2:; C530.2:; C531.2:; C532.2:; C533.2:; C534.2:; C535.2:; C536.2:; C537.2:; C538.2:; C539.2:; C540.2:; C541.2:; C542.2:; C543.2:; C544.2:; C545.2:; C546.2:; C547.2:; C548.2:; C549.2:; C550.2:; C551.2:; C552.2:; C553.2:; C554.2:; C555.2:; C556.2:; C557.2:; C558.2:; C559.2:; C560.2:; C561.2:; C562.2:; C563.2:; C564.2:; C565.2:; C566.2:; C567.2:; C568.2:; C569.2:; C570.2:; C571.2:; C572.2:; C573.2:; C574.2:; C575.2:; C576.2:; C577.2:; C62.2:; C63.2:; C64.2:; C65.2:; C809.2:; C810.2:; C811.2:; C812.2:; C813.2:; C814.2:; C815.2:; C816.2:; J1.1:GND; J1.106:GND; J1.2:GND; J1.3:GND; J1.36:GND; J1.49:GND; J1.57:GND; J1.64:GND; J1.71:GND; J1.78:GND; J1.89:GND; R202.2:; R205.2:; R206.2:; R208.2:; R211.2:; R214.2:; R31.2:; R402.2:; R44.2:; R47.2:; R526.2:; R529.2:; R571.2:; R572.2:; R64.2:; R66.2:; R69.2:; R70.2:; R71.2:; U1.A13:VSS; U1.A16:VSS; U1.A19:VSS; U1.A9:TEST_EN; U1.B13:VSS; U1.B20:VSS; U1.C13:VSS; U1.D10:VSS; U1.D11:VSS; U1.D13:VSS; U1.D15:VSS; U1.D9:VSS; U1.E12:VSS; U1.E13:VSS; U1.E14:VSS; U1.E15:VSS; U1.E16:VSS; U1.E19:VSS; U1.E4:VSS; U1.E6:VSS; U1.E7:VSS; U1.E8:VSS; U1.F10:VSS; U1.F11:AVSS; U1.F16:VSS; U1.F4:VSS; U1.F6:VSS; U1.G13:VSS; U1.G14:VSS; U1.G15:VSS; U1.G16:VSS; U1.G6:VSS; U1.G7:AVSS; U1.G8:AVSS; U1.H11:VSS; U1.H13:VSS; U1.H15:VSS; U1.H16:VSS; U1.H20:VSS; U1.H7:VSS; U1.J11:VSS; U1.J13:VSS; U1.J15:VSS; U1.J7:VSS; U1.K10:VSS; U1.K12:VSS; U1.K14:VSS; U1.K16:VSS; U1.K18:VSS; U1.K3:VSS; U1.K6:VSS; U1.K8:VSS; U1.L10:VSS; U1.L12:VSS; U1.L15:VSS; U1.L19:VSS; U1.L7:VSS; U1.L8:VSS; U1.M10:VSS; U1.M12:VSS; U1.M15:VSS; U1.M16:VSS; U1.M6:VSS; U1.M8:VSS; U1.N10:VSS; U1.N12:VSS; U1.N15:VSS; U1.N16:VSS; U1.N3:VSS; U1.N5:VSS; U1.N8:VSS; U1.P10:VSS; U1.P12:VSS; U1.P14:VSS; U1.P15:VSS; U1.P20:VSS; U1.P6:VSS; U1.P7:VSS; U1.P8:VSS; U1.R10:VSS; U1.R12:VSS; U1.R14:VSS; U1.R16:VSS; U1.R3:VSS; U1.R6:VSS; U1.R7:VSS; U1.T15:VSS; U1.T3:VSS; U1.T7:VSS; U1.T8:VSS; U1.T9:VSS; U1.U19:VSS; U1.U3:VSS; U1.U8:VSS; U1.V3:VSS; U1.V4:VSS; U1.V5:VSS; U1.V6:VSS; U1.V7:VSS; U1.V8:VSS; U1.W1:VSS; U1.W16:VSS; U1.W20:VSS; U1.Y13:VSS; U1.Y19:VSS; U11.6:GND; U12.10:D4; U12.11:S4B; U12.12:S4A; U12.6:GND; U12.8:S3B; U13.1:S1B; U13.11:S4B; U13.15:SEL; U13.4:S2B; U13.6:GND; U13.8:S3B; U14.3:GND; U2.A10:VSS; U2.A3:VSS; U2.AB10:VSS; U2.AB3:VSS; U2.AB5:VSS; U2.AB8:VSS; U2.C1:VSS; U2.C12:VSS; U2.C5:VSS; U2.C8:VSS; U2.D11:VSS; U2.D2:VSS; U2.D4:VSS; U2.D9:VSS; U2.E1:VSS; U2.E12:VSS; U2.E5:VSS; U2.E8:VSS; U2.G1:VSS; U2.G10:VSS; U2.G12:VSS; U2.G3:VSS; U2.G5:VSS; U2.G8:VSS; U2.J1:VSS; U2.J10:VSS; U2.J12:VSS; U2.J3:VSS; U2.K11:VSS; U2.K2:VSS; U2.K4:VSS; U2.K9:VSS; U2.N11:VSS; U2.N2:VSS; U2.N4:VSS; U2.N9:VSS; U2.P1:VSS; U2.P10:VSS; U2.P12:VSS; U2.P3:VSS; U2.T1:VSS; U2.T10:VSS; U2.T12:VSS; U2.T3:VSS; U2.T5:VSS; U2.T8:VSS; U2.V1:VSS; U2.V12:VSS; U2.V5:VSS; U2.V8:VSS; U2.W2:VSS; U2.W4:VSS; U2.W9:VSS; U2.Y1:VSS; U2.Y12:VSS; U2.Y5:VSS; U2.Y8:VSS; U21.4:GND; U22.A1:AGND; U22.B1:PGND; U22.B2:PGND; U22.B3:PGND; U23.A1:AGND; U23.B1:PGND; U23.B2:PGND; U23.B3:PGND; U24.4:GND; U25.4:GND; U26.4:GND; U3.A6:VSS; U3.C4:VSS; U3.E7:VSS; U3.G5:VSS; U3.H10:VSS; U3.J5:VSS; U3.K8:VSS; U3.N2:VSS; U3.N5:VSS; U3.P4:VSS; U3.P6:VSS; U89.5:GND; U89.7:EP_GND; U90.5:GND; U90.7:EP_GND; U91.3:GND; U92.1:B_TIE_LOW; U92.2:GND; U93.3:GND; U94.1:B_TIE_LOW; U94.2:GND; U95.7:GND; Y2.2:GND; Y2.4:GND
U2,K4F8E304HB_200,W12,VDDQ,power_in,power_in,false,Samsung K4F8E304HB-MGCJ Rev.1.0 (June 2016),10,W row / column 12,12,4.5 Table 1,Supply,Supply input,FUNCTIONAL,All normal supported operating modes of this exact part,Manufacturer supply/ground identity; do not promote to source.,,VDD1P1_DDR_IO,65 exact SoC joins; source NC/DNU flagged; bias on dedicated sheet,C218.1:; C219.1:; C534.1:; C535.1:; C536.1:; C537.1:; C538.1:; C539.1:; C540.1:; C541.1:; C542.1:; C543.1:; C544.1:; C545.1:; C546.1:; C547.1:; C548.1:; C549.1:; C550.1:; C551.1:; C552.1:; C553.1:; C554.1:; C555.1:; C556.1:; C557.1:; C558.1:; C559.1:; C560.1:; C561.1:; C61.1:; L24.2:; R207.1:; R61.2:; R62.2:; R63.2:; R65.1:; U1.H14:VDD1P1_DDR_IO; U1.J14:VDD1P1_DDR_IO; U1.L14:VDD1P1_DDR_IO; U1.M14:VDD1P1_DDR_IO; U1.N14:VDD1P1_DDR_IO; U2.A4:VDD2; U2.A9:VDD2; U2.AA10:VDDQ; U2.AA3:VDDQ; U2.AA5:VDDQ; U2.AA8:VDDQ; U2.AB4:VDD2; U2.AB9:VDD2; U2.B10:VDDQ; U2.B3:VDDQ; U2.B5:VDDQ; U2.B8:VDDQ; U2.D1:VDDQ; U2.D12:VDDQ; U2.D5:VDDQ; U2.D8:VDDQ; U2.F10:VDDQ; U2.F3:VDDQ; U2.F5:VDD2; U2.F8:VDD2; U2.H1:VDD2; U2.H12:VDD2; U2.H5:VDD2; U2.H8:VDD2; U2.K1:VDD2; U2.K10:VDD2; U2.K12:VDD2; U2.K3:VDD2; U2.N1:VDD2; U2.N10:VDD2; U2.N12:VDD2; U2.N3:VDD2; U2.R1:VDD2; U2.R12:VDD2; U2.R5:VDD2; U2.R8:VDD2; U2.U10:VDDQ; U2.U3:VDDQ; U2.U5:VDD2; U2.U8:VDD2; U2.W1:VDDQ; U2.W5:VDDQ; U2.W8:VDDQ
U2,K4F8E304HB_200,Y1,VSS,power_in,power_in,false,Samsung K4F8E304HB-MGCJ Rev.1.0 (June 2016),10,Y row / column 1,12,4.5 Table 1,GND,Ground return,FUNCTIONAL,All normal supported operating modes of this exact part,Manufacturer supply/ground identity; do not promote to source.,,GND,65 exact SoC joins; source NC/DNU flagged; bias on dedicated sheet,C201.2:; C203.2:; C204.2:; C205.2:; C206.2:; C207.2:; C208.2:; C209.2:; C210.2:; C211.2:; C212.2:; C213.2:; C214.2:; C215.2:; C216.2:; C217.2:; C218.2:; C220.2:; C221.2:; C222.2:; C223.2:; C225.2:; C226.2:; C227.2:; C228.2:; C230.2:; C231.2:; C232.2:; C233.2:; C234.2:; C235.2:; C236.2:; C237.2:; C238.2:; C239.2:; C240.2:; C241.2:; C242.2:; C243.2:; C244.2:; C31.2:; C32.2:; C33.2:; C34.2:; C41.2:; C42.2:; C43.2:; C44.2:; C45.2:; C501.2:; C502.2:; C503.2:; C504.2:; C505.2:; C506.2:; C507.2:; C508.2:; C509.2:; C510.2:; C511.2:; C512.2:; C513.2:; C514.2:; C515.2:; C516.2:; C517.2:; C518.2:; C519.2:; C520.2:; C521.2:; C522.2:; C523.2:; C524.2:; C525.2:; C526.2:; C527.2:; C528.2:; C529.2:; C530.2:; C531.2:; C532.2:; C533.2:; C534.2:; C535.2:; C536.2:; C537.2:; C538.2:; C539.2:; C540.2:; C541.2:; C542.2:; C543.2:; C544.2:; C545.2:; C546.2:; C547.2:; C548.2:; C549.2:; C550.2:; C551.2:; C552.2:; C553.2:; C554.2:; C555.2:; C556.2:; C557.2:; C558.2:; C559.2:; C560.2:; C561.2:; C562.2:; C563.2:; C564.2:; C565.2:; C566.2:; C567.2:; C568.2:; C569.2:; C570.2:; C571.2:; C572.2:; C573.2:; C574.2:; C575.2:; C576.2:; C577.2:; C62.2:; C63.2:; C64.2:; C65.2:; C809.2:; C810.2:; C811.2:; C812.2:; C813.2:; C814.2:; C815.2:; C816.2:; J1.1:GND; J1.106:GND; J1.2:GND; J1.3:GND; J1.36:GND; J1.49:GND; J1.57:GND; J1.64:GND; J1.71:GND; J1.78:GND; J1.89:GND; R202.2:; R205.2:; R206.2:; R208.2:; R211.2:; R214.2:; R31.2:; R402.2:; R44.2:; R47.2:; R526.2:; R529.2:; R571.2:; R572.2:; R64.2:; R66.2:; R69.2:; R70.2:; R71.2:; U1.A13:VSS; U1.A16:VSS; U1.A19:VSS; U1.A9:TEST_EN; U1.B13:VSS; U1.B20:VSS; U1.C13:VSS; U1.D10:VSS; U1.D11:VSS; U1.D13:VSS; U1.D15:VSS; U1.D9:VSS; U1.E12:VSS; U1.E13:VSS; U1.E14:VSS; U1.E15:VSS; U1.E16:VSS; U1.E19:VSS; U1.E4:VSS; U1.E6:VSS; U1.E7:VSS; U1.E8:VSS; U1.F10:VSS; U1.F11:AVSS; U1.F16:VSS; U1.F4:VSS; U1.F6:VSS; U1.G13:VSS; U1.G14:VSS; U1.G15:VSS; U1.G16:VSS; U1.G6:VSS; U1.G7:AVSS; U1.G8:AVSS; U1.H11:VSS; U1.H13:VSS; U1.H15:VSS; U1.H16:VSS; U1.H20:VSS; U1.H7:VSS; U1.J11:VSS; U1.J13:VSS; U1.J15:VSS; U1.J7:VSS; U1.K10:VSS; U1.K12:VSS; U1.K14:VSS; U1.K16:VSS; U1.K18:VSS; U1.K3:VSS; U1.K6:VSS; U1.K8:VSS; U1.L10:VSS; U1.L12:VSS; U1.L15:VSS; U1.L19:VSS; U1.L7:VSS; U1.L8:VSS; U1.M10:VSS; U1.M12:VSS; U1.M15:VSS; U1.M16:VSS; U1.M6:VSS; U1.M8:VSS; U1.N10:VSS; U1.N12:VSS; U1.N15:VSS; U1.N16:VSS; U1.N3:VSS; U1.N5:VSS; U1.N8:VSS; U1.P10:VSS; U1.P12:VSS; U1.P14:VSS; U1.P15:VSS; U1.P20:VSS; U1.P6:VSS; U1.P7:VSS; U1.P8:VSS; U1.R10:VSS; U1.R12:VSS; U1.R14:VSS; U1.R16:VSS; U1.R3:VSS; U1.R6:VSS; U1.R7:VSS; U1.T15:VSS; U1.T3:VSS; U1.T7:VSS; U1.T8:VSS; U1.T9:VSS; U1.U19:VSS; U1.U3:VSS; U1.U8:VSS; U1.V3:VSS; U1.V4:VSS; U1.V5:VSS; U1.V6:VSS; U1.V7:VSS; U1.V8:VSS; U1.W1:VSS; U1.W16:VSS; U1.W20:VSS; U1.Y13:VSS; U1.Y19:VSS; U11.6:GND; U12.10:D4; U12.11:S4B; U12.12:S4A; U12.6:GND; U12.8:S3B; U13.1:S1B; U13.11:S4B; U13.15:SEL; U13.4:S2B; U13.6:GND; U13.8:S3B; U14.3:GND; U2.A10:VSS; U2.A3:VSS; U2.AB10:VSS; U2.AB3:VSS; U2.AB5:VSS; U2.AB8:VSS; U2.C1:VSS; U2.C12:VSS; U2.C5:VSS; U2.C8:VSS; U2.D11:VSS; U2.D2:VSS; U2.D4:VSS; U2.D9:VSS; U2.E1:VSS; U2.E12:VSS; U2.E5:VSS; U2.E8:VSS; U2.G1:VSS; U2.G10:VSS; U2.G12:VSS; U2.G3:VSS; U2.G5:VSS; U2.G8:VSS; U2.J1:VSS; U2.J10:VSS; U2.J12:VSS; U2.J3:VSS; U2.K11:VSS; U2.K2:VSS; U2.K4:VSS; U2.K9:VSS; U2.N11:VSS; U2.N2:VSS; U2.N4:VSS; U2.N9:VSS; U2.P1:VSS; U2.P10:VSS; U2.P12:VSS; U2.P3:VSS; U2.T1:VSS; U2.T10:VSS; U2.T12:VSS; U2.T3:VSS; U2.T5:VSS; U2.T8:VSS; U2.V1:VSS; U2.V12:VSS; U2.V5:VSS; U2.V8:VSS; U2.W11:VSS; U2.W2:VSS; U2.W4:VSS; U2.W9:VSS; U2.Y12:VSS; U2.Y5:VSS; U2.Y8:VSS; U21.4:GND; U22.A1:AGND; U22.B1:PGND; U22.B2:PGND; U22.B3:PGND; U23.A1:AGND; U23.B1:PGND; U23.B2:PGND; U23.B3:PGND; U24.4:GND; U25.4:GND; U26.4:GND; U3.A6:VSS; U3.C4:VSS; U3.E7:VSS; U3.G5:VSS; U3.H10:VSS; U3.J5:VSS; U3.K8:VSS; U3.N2:VSS; U3.N5:VSS; U3.P4:VSS; U3.P6:VSS; U89.5:GND; U89.7:EP_GND; U90.5:GND; U90.7:EP_GND; U91.3:GND; U92.1:B_TIE_LOW; U92.2:GND; U93.3:GND; U94.1:B_TIE_LOW; U94.2:GND; U95.7:GND; Y2.2:GND; Y2.4:GND
U2,K4F8E304HB_200,Y2,DQ1_b,bidirectional,bidirectional,false,Samsung K4F8E304HB-MGCJ Rev.1.0 (June 2016),10,Y row / column 2,12,4.5 Table 1,I/O,Read/write data,FUNCTIONAL,All normal supported operating modes of this exact part,Table 1 explicitly specifies bidirectional operation.,,DDR_DQB1,65 exact SoC joins; source NC/DNU flagged; bias on dedicated sheet,U1.A17:DDR_DQB4
U2,K4F8E304HB_200,Y3,DMI0_b,bidirectional,bidirectional,false,Samsung K4F8E304HB-MGCJ Rev.1.0 (June 2016),10,Y row / column 3,"7, 11–12",4.5 Table 1,I/O,Read DBI / write DM-DBI,FUNCTIONAL,All normal supported operating modes of this exact part,DMI reports inversion during reads and accepts inversion/masking during writes; preserve read-DBI capability.,Page 11 shorthand Input Data Inversion is incomplete; explicit I/O definition on p12 and read/write feature description on p7 govern.,DDR_DMIB0,65 exact SoC joins; source NC/DNU flagged; bias on dedicated sheet,U1.C15:DDR_DMIB0
U2,K4F8E304HB_200,Y4,DQ6_b,bidirectional,bidirectional,false,Samsung K4F8E304HB-MGCJ Rev.1.0 (June 2016),10,Y row / column 4,12,4.5 Table 1,I/O,Read/write data,FUNCTIONAL,All normal supported operating modes of this exact part,Table 1 explicitly specifies bidirectional operation.,,DDR_DQB6,65 exact SoC joins; source NC/DNU flagged; bias on dedicated sheet,U1.C16:DDR_DQB6
U2,K4F8E304HB_200,Y5,VSS,power_in,power_in,false,Samsung K4F8E304HB-MGCJ Rev.1.0 (June 2016),10,Y row / column 5,12,4.5 Table 1,GND,Ground return,FUNCTIONAL,All normal supported operating modes of this exact part,Manufacturer supply/ground identity; do not promote to source.,,GND,65 exact SoC joins; source NC/DNU flagged; bias on dedicated sheet,C201.2:; C203.2:; C204.2:; C205.2:; C206.2:; C207.2:; C208.2:; C209.2:; C210.2:; C211.2:; C212.2:; C213.2:; C214.2:; C215.2:; C216.2:; C217.2:; C218.2:; C220.2:; C221.2:; C222.2:; C223.2:; C225.2:; C226.2:; C227.2:; C228.2:; C230.2:; C231.2:; C232.2:; C233.2:; C234.2:; C235.2:; C236.2:; C237.2:; C238.2:; C239.2:; C240.2:; C241.2:; C242.2:; C243.2:; C244.2:; C31.2:; C32.2:; C33.2:; C34.2:; C41.2:; C42.2:; C43.2:; C44.2:; C45.2:; C501.2:; C502.2:; C503.2:; C504.2:; C505.2:; C506.2:; C507.2:; C508.2:; C509.2:; C510.2:; C511.2:; C512.2:; C513.2:; C514.2:; C515.2:; C516.2:; C517.2:; C518.2:; C519.2:; C520.2:; C521.2:; C522.2:; C523.2:; C524.2:; C525.2:; C526.2:; C527.2:; C528.2:; C529.2:; C530.2:; C531.2:; C532.2:; C533.2:; C534.2:; C535.2:; C536.2:; C537.2:; C538.2:; C539.2:; C540.2:; C541.2:; C542.2:; C543.2:; C544.2:; C545.2:; C546.2:; C547.2:; C548.2:; C549.2:; C550.2:; C551.2:; C552.2:; C553.2:; C554.2:; C555.2:; C556.2:; C557.2:; C558.2:; C559.2:; C560.2:; C561.2:; C562.2:; C563.2:; C564.2:; C565.2:; C566.2:; C567.2:; C568.2:; C569.2:; C570.2:; C571.2:; C572.2:; C573.2:; C574.2:; C575.2:; C576.2:; C577.2:; C62.2:; C63.2:; C64.2:; C65.2:; C809.2:; C810.2:; C811.2:; C812.2:; C813.2:; C814.2:; C815.2:; C816.2:; J1.1:GND; J1.106:GND; J1.2:GND; J1.3:GND; J1.36:GND; J1.49:GND; J1.57:GND; J1.64:GND; J1.71:GND; J1.78:GND; J1.89:GND; R202.2:; R205.2:; R206.2:; R208.2:; R211.2:; R214.2:; R31.2:; R402.2:; R44.2:; R47.2:; R526.2:; R529.2:; R571.2:; R572.2:; R64.2:; R66.2:; R69.2:; R70.2:; R71.2:; U1.A13:VSS; U1.A16:VSS; U1.A19:VSS; U1.A9:TEST_EN; U1.B13:VSS; U1.B20:VSS; U1.C13:VSS; U1.D10:VSS; U1.D11:VSS; U1.D13:VSS; U1.D15:VSS; U1.D9:VSS; U1.E12:VSS; U1.E13:VSS; U1.E14:VSS; U1.E15:VSS; U1.E16:VSS; U1.E19:VSS; U1.E4:VSS; U1.E6:VSS; U1.E7:VSS; U1.E8:VSS; U1.F10:VSS; U1.F11:AVSS; U1.F16:VSS; U1.F4:VSS; U1.F6:VSS; U1.G13:VSS; U1.G14:VSS; U1.G15:VSS; U1.G16:VSS; U1.G6:VSS; U1.G7:AVSS; U1.G8:AVSS; U1.H11:VSS; U1.H13:VSS; U1.H15:VSS; U1.H16:VSS; U1.H20:VSS; U1.H7:VSS; U1.J11:VSS; U1.J13:VSS; U1.J15:VSS; U1.J7:VSS; U1.K10:VSS; U1.K12:VSS; U1.K14:VSS; U1.K16:VSS; U1.K18:VSS; U1.K3:VSS; U1.K6:VSS; U1.K8:VSS; U1.L10:VSS; U1.L12:VSS; U1.L15:VSS; U1.L19:VSS; U1.L7:VSS; U1.L8:VSS; U1.M10:VSS; U1.M12:VSS; U1.M15:VSS; U1.M16:VSS; U1.M6:VSS; U1.M8:VSS; U1.N10:VSS; U1.N12:VSS; U1.N15:VSS; U1.N16:VSS; U1.N3:VSS; U1.N5:VSS; U1.N8:VSS; U1.P10:VSS; U1.P12:VSS; U1.P14:VSS; U1.P15:VSS; U1.P20:VSS; U1.P6:VSS; U1.P7:VSS; U1.P8:VSS; U1.R10:VSS; U1.R12:VSS; U1.R14:VSS; U1.R16:VSS; U1.R3:VSS; U1.R6:VSS; U1.R7:VSS; U1.T15:VSS; U1.T3:VSS; U1.T7:VSS; U1.T8:VSS; U1.T9:VSS; U1.U19:VSS; U1.U3:VSS; U1.U8:VSS; U1.V3:VSS; U1.V4:VSS; U1.V5:VSS; U1.V6:VSS; U1.V7:VSS; U1.V8:VSS; U1.W1:VSS; U1.W16:VSS; U1.W20:VSS; U1.Y13:VSS; U1.Y19:VSS; U11.6:GND; U12.10:D4; U12.11:S4B; U12.12:S4A; U12.6:GND; U12.8:S3B; U13.1:S1B; U13.11:S4B; U13.15:SEL; U13.4:S2B; U13.6:GND; U13.8:S3B; U14.3:GND; U2.A10:VSS; U2.A3:VSS; U2.AB10:VSS; U2.AB3:VSS; U2.AB5:VSS; U2.AB8:VSS; U2.C1:VSS; U2.C12:VSS; U2.C5:VSS; U2.C8:VSS; U2.D11:VSS; U2.D2:VSS; U2.D4:VSS; U2.D9:VSS; U2.E1:VSS; U2.E12:VSS; U2.E5:VSS; U2.E8:VSS; U2.G1:VSS; U2.G10:VSS; U2.G12:VSS; U2.G3:VSS; U2.G5:VSS; U2.G8:VSS; U2.J1:VSS; U2.J10:VSS; U2.J12:VSS; U2.J3:VSS; U2.K11:VSS; U2.K2:VSS; U2.K4:VSS; U2.K9:VSS; U2.N11:VSS; U2.N2:VSS; U2.N4:VSS; U2.N9:VSS; U2.P1:VSS; U2.P10:VSS; U2.P12:VSS; U2.P3:VSS; U2.T1:VSS; U2.T10:VSS; U2.T12:VSS; U2.T3:VSS; U2.T5:VSS; U2.T8:VSS; U2.V1:VSS; U2.V12:VSS; U2.V5:VSS; U2.V8:VSS; U2.W11:VSS; U2.W2:VSS; U2.W4:VSS; U2.W9:VSS; U2.Y1:VSS; U2.Y12:VSS; U2.Y8:VSS; U21.4:GND; U22.A1:AGND; U22.B1:PGND; U22.B2:PGND; U22.B3:PGND; U23.A1:AGND; U23.B1:PGND; U23.B2:PGND; U23.B3:PGND; U24.4:GND; U25.4:GND; U26.4:GND; U3.A6:VSS; U3.C4:VSS; U3.E7:VSS; U3.G5:VSS; U3.H10:VSS; U3.J5:VSS; U3.K8:VSS; U3.N2:VSS; U3.N5:VSS; U3.P4:VSS; U3.P6:VSS; U89.5:GND; U89.7:EP_GND; U90.5:GND; U90.7:EP_GND; U91.3:GND; U92.1:B_TIE_LOW; U92.2:GND; U93.3:GND; U94.1:B_TIE_LOW; U94.2:GND; U95.7:GND; Y2.2:GND; Y2.4:GND
U2,K4F8E304HB_200,Y8,VSS,power_in,power_in,false,Samsung K4F8E304HB-MGCJ Rev.1.0 (June 2016),10,Y row / column 8,12,4.5 Table 1,GND,Ground return,FUNCTIONAL,All normal supported operating modes of this exact part,Manufacturer supply/ground identity; do not promote to source.,,GND,65 exact SoC joins; source NC/DNU flagged; bias on dedicated sheet,C201.2:; C203.2:; C204.2:; C205.2:; C206.2:; C207.2:; C208.2:; C209.2:; C210.2:; C211.2:; C212.2:; C213.2:; C214.2:; C215.2:; C216.2:; C217.2:; C218.2:; C220.2:; C221.2:; C222.2:; C223.2:; C225.2:; C226.2:; C227.2:; C228.2:; C230.2:; C231.2:; C232.2:; C233.2:; C234.2:; C235.2:; C236.2:; C237.2:; C238.2:; C239.2:; C240.2:; C241.2:; C242.2:; C243.2:; C244.2:; C31.2:; C32.2:; C33.2:; C34.2:; C41.2:; C42.2:; C43.2:; C44.2:; C45.2:; C501.2:; C502.2:; C503.2:; C504.2:; C505.2:; C506.2:; C507.2:; C508.2:; C509.2:; C510.2:; C511.2:; C512.2:; C513.2:; C514.2:; C515.2:; C516.2:; C517.2:; C518.2:; C519.2:; C520.2:; C521.2:; C522.2:; C523.2:; C524.2:; C525.2:; C526.2:; C527.2:; C528.2:; C529.2:; C530.2:; C531.2:; C532.2:; C533.2:; C534.2:; C535.2:; C536.2:; C537.2:; C538.2:; C539.2:; C540.2:; C541.2:; C542.2:; C543.2:; C544.2:; C545.2:; C546.2:; C547.2:; C548.2:; C549.2:; C550.2:; C551.2:; C552.2:; C553.2:; C554.2:; C555.2:; C556.2:; C557.2:; C558.2:; C559.2:; C560.2:; C561.2:; C562.2:; C563.2:; C564.2:; C565.2:; C566.2:; C567.2:; C568.2:; C569.2:; C570.2:; C571.2:; C572.2:; C573.2:; C574.2:; C575.2:; C576.2:; C577.2:; C62.2:; C63.2:; C64.2:; C65.2:; C809.2:; C810.2:; C811.2:; C812.2:; C813.2:; C814.2:; C815.2:; C816.2:; J1.1:GND; J1.106:GND; J1.2:GND; J1.3:GND; J1.36:GND; J1.49:GND; J1.57:GND; J1.64:GND; J1.71:GND; J1.78:GND; J1.89:GND; R202.2:; R205.2:; R206.2:; R208.2:; R211.2:; R214.2:; R31.2:; R402.2:; R44.2:; R47.2:; R526.2:; R529.2:; R571.2:; R572.2:; R64.2:; R66.2:; R69.2:; R70.2:; R71.2:; U1.A13:VSS; U1.A16:VSS; U1.A19:VSS; U1.A9:TEST_EN; U1.B13:VSS; U1.B20:VSS; U1.C13:VSS; U1.D10:VSS; U1.D11:VSS; U1.D13:VSS; U1.D15:VSS; U1.D9:VSS; U1.E12:VSS; U1.E13:VSS; U1.E14:VSS; U1.E15:VSS; U1.E16:VSS; U1.E19:VSS; U1.E4:VSS; U1.E6:VSS; U1.E7:VSS; U1.E8:VSS; U1.F10:VSS; U1.F11:AVSS; U1.F16:VSS; U1.F4:VSS; U1.F6:VSS; U1.G13:VSS; U1.G14:VSS; U1.G15:VSS; U1.G16:VSS; U1.G6:VSS; U1.G7:AVSS; U1.G8:AVSS; U1.H11:VSS; U1.H13:VSS; U1.H15:VSS; U1.H16:VSS; U1.H20:VSS; U1.H7:VSS; U1.J11:VSS; U1.J13:VSS; U1.J15:VSS; U1.J7:VSS; U1.K10:VSS; U1.K12:VSS; U1.K14:VSS; U1.K16:VSS; U1.K18:VSS; U1.K3:VSS; U1.K6:VSS; U1.K8:VSS; U1.L10:VSS; U1.L12:VSS; U1.L15:VSS; U1.L19:VSS; U1.L7:VSS; U1.L8:VSS; U1.M10:VSS; U1.M12:VSS; U1.M15:VSS; U1.M16:VSS; U1.M6:VSS; U1.M8:VSS; U1.N10:VSS; U1.N12:VSS; U1.N15:VSS; U1.N16:VSS; U1.N3:VSS; U1.N5:VSS; U1.N8:VSS; U1.P10:VSS; U1.P12:VSS; U1.P14:VSS; U1.P15:VSS; U1.P20:VSS; U1.P6:VSS; U1.P7:VSS; U1.P8:VSS; U1.R10:VSS; U1.R12:VSS; U1.R14:VSS; U1.R16:VSS; U1.R3:VSS; U1.R6:VSS; U1.R7:VSS; U1.T15:VSS; U1.T3:VSS; U1.T7:VSS; U1.T8:VSS; U1.T9:VSS; U1.U19:VSS; U1.U3:VSS; U1.U8:VSS; U1.V3:VSS; U1.V4:VSS; U1.V5:VSS; U1.V6:VSS; U1.V7:VSS; U1.V8:VSS; U1.W1:VSS; U1.W16:VSS; U1.W20:VSS; U1.Y13:VSS; U1.Y19:VSS; U11.6:GND; U12.10:D4; U12.11:S4B; U12.12:S4A; U12.6:GND; U12.8:S3B; U13.1:S1B; U13.11:S4B; U13.15:SEL; U13.4:S2B; U13.6:GND; U13.8:S3B; U14.3:GND; U2.A10:VSS; U2.A3:VSS; U2.AB10:VSS; U2.AB3:VSS; U2.AB5:VSS; U2.AB8:VSS; U2.C1:VSS; U2.C12:VSS; U2.C5:VSS; U2.C8:VSS; U2.D11:VSS; U2.D2:VSS; U2.D4:VSS; U2.D9:VSS; U2.E1:VSS; U2.E12:VSS; U2.E5:VSS; U2.E8:VSS; U2.G1:VSS; U2.G10:VSS; U2.G12:VSS; U2.G3:VSS; U2.G5:VSS; U2.G8:VSS; U2.J1:VSS; U2.J10:VSS; U2.J12:VSS; U2.J3:VSS; U2.K11:VSS; U2.K2:VSS; U2.K4:VSS; U2.K9:VSS; U2.N11:VSS; U2.N2:VSS; U2.N4:VSS; U2.N9:VSS; U2.P1:VSS; U2.P10:VSS; U2.P12:VSS; U2.P3:VSS; U2.T1:VSS; U2.T10:VSS; U2.T12:VSS; U2.T3:VSS; U2.T5:VSS; U2.T8:VSS; U2.V1:VSS; U2.V12:VSS; U2.V5:VSS; U2.V8:VSS; U2.W11:VSS; U2.W2:VSS; U2.W4:VSS; U2.W9:VSS; U2.Y1:VSS; U2.Y12:VSS; U2.Y5:VSS; U21.4:GND; U22.A1:AGND; U22.B1:PGND; U22.B2:PGND; U22.B3:PGND; U23.A1:AGND; U23.B1:PGND; U23.B2:PGND; U23.B3:PGND; U24.4:GND; U25.4:GND; U26.4:GND; U3.A6:VSS; U3.C4:VSS; U3.E7:VSS; U3.G5:VSS; U3.H10:VSS; U3.J5:VSS; U3.K8:VSS; U3.N2:VSS; U3.N5:VSS; U3.P4:VSS; U3.P6:VSS; U89.5:GND; U89.7:EP_GND; U90.5:GND; U90.7:EP_GND; U91.3:GND; U92.1:B_TIE_LOW; U92.2:GND; U93.3:GND; U94.1:B_TIE_LOW; U94.2:GND; U95.7:GND; Y2.2:GND; Y2.4:GND
U2,K4F8E304HB_200,Y9,DQ14_b,bidirectional,bidirectional,false,Samsung K4F8E304HB-MGCJ Rev.1.0 (June 2016),10,Y row / column 9,12,4.5 Table 1,I/O,Read/write data,FUNCTIONAL,All normal supported operating modes of this exact part,Table 1 explicitly specifies bidirectional operation.,,DDR_DQB14,65 exact SoC joins; source NC/DNU flagged; bias on dedicated sheet,U1.C19:DDR_DQB8
U2,K4F8E304HB_200,Y10,DMI1_b,bidirectional,bidirectional,false,Samsung K4F8E304HB-MGCJ Rev.1.0 (June 2016),10,Y row / column 10,"7, 11–12",4.5 Table 1,I/O,Read DBI / write DM-DBI,FUNCTIONAL,All normal supported operating modes of this exact part,DMI reports inversion during reads and accepts inversion/masking during writes; preserve read-DBI capability.,Page 11 shorthand Input Data Inversion is incomplete; explicit I/O definition on p12 and read/write feature description on p7 govern.,DDR_DMIB1,65 exact SoC joins; source NC/DNU flagged; bias on dedicated sheet,U1.D18:DDR_DMIB1
U2,K4F8E304HB_200,Y11,DQ9_b,bidirectional,bidirectional,false,Samsung K4F8E304HB-MGCJ Rev.1.0 (June 2016),10,Y row / column 11,12,4.5 Table 1,I/O,Read/write data,FUNCTIONAL,All normal supported operating modes of this exact part,Table 1 explicitly specifies bidirectional operation.,,DDR_DQB9,65 exact SoC joins; source NC/DNU flagged; bias on dedicated sheet,U1.C17:DDR_DQB15
U2,K4F8E304HB_200,Y12,VSS,power_in,power_in,false,Samsung K4F8E304HB-MGCJ Rev.1.0 (June 2016),10,Y row / column 12,12,4.5 Table 1,GND,Ground return,FUNCTIONAL,All normal supported operating modes of this exact part,Manufacturer supply/ground identity; do not promote to source.,,GND,65 exact SoC joins; source NC/DNU flagged; bias on dedicated sheet,C201.2:; C203.2:; C204.2:; C205.2:; C206.2:; C207.2:; C208.2:; C209.2:; C210.2:; C211.2:; C212.2:; C213.2:; C214.2:; C215.2:; C216.2:; C217.2:; C218.2:; C220.2:; C221.2:; C222.2:; C223.2:; C225.2:; C226.2:; C227.2:; C228.2:; C230.2:; C231.2:; C232.2:; C233.2:; C234.2:; C235.2:; C236.2:; C237.2:; C238.2:; C239.2:; C240.2:; C241.2:; C242.2:; C243.2:; C244.2:; C31.2:; C32.2:; C33.2:; C34.2:; C41.2:; C42.2:; C43.2:; C44.2:; C45.2:; C501.2:; C502.2:; C503.2:; C504.2:; C505.2:; C506.2:; C507.2:; C508.2:; C509.2:; C510.2:; C511.2:; C512.2:; C513.2:; C514.2:; C515.2:; C516.2:; C517.2:; C518.2:; C519.2:; C520.2:; C521.2:; C522.2:; C523.2:; C524.2:; C525.2:; C526.2:; C527.2:; C528.2:; C529.2:; C530.2:; C531.2:; C532.2:; C533.2:; C534.2:; C535.2:; C536.2:; C537.2:; C538.2:; C539.2:; C540.2:; C541.2:; C542.2:; C543.2:; C544.2:; C545.2:; C546.2:; C547.2:; C548.2:; C549.2:; C550.2:; C551.2:; C552.2:; C553.2:; C554.2:; C555.2:; C556.2:; C557.2:; C558.2:; C559.2:; C560.2:; C561.2:; C562.2:; C563.2:; C564.2:; C565.2:; C566.2:; C567.2:; C568.2:; C569.2:; C570.2:; C571.2:; C572.2:; C573.2:; C574.2:; C575.2:; C576.2:; C577.2:; C62.2:; C63.2:; C64.2:; C65.2:; C809.2:; C810.2:; C811.2:; C812.2:; C813.2:; C814.2:; C815.2:; C816.2:; J1.1:GND; J1.106:GND; J1.2:GND; J1.3:GND; J1.36:GND; J1.49:GND; J1.57:GND; J1.64:GND; J1.71:GND; J1.78:GND; J1.89:GND; R202.2:; R205.2:; R206.2:; R208.2:; R211.2:; R214.2:; R31.2:; R402.2:; R44.2:; R47.2:; R526.2:; R529.2:; R571.2:; R572.2:; R64.2:; R66.2:; R69.2:; R70.2:; R71.2:; U1.A13:VSS; U1.A16:VSS; U1.A19:VSS; U1.A9:TEST_EN; U1.B13:VSS; U1.B20:VSS; U1.C13:VSS; U1.D10:VSS; U1.D11:VSS; U1.D13:VSS; U1.D15:VSS; U1.D9:VSS; U1.E12:VSS; U1.E13:VSS; U1.E14:VSS; U1.E15:VSS; U1.E16:VSS; U1.E19:VSS; U1.E4:VSS; U1.E6:VSS; U1.E7:VSS; U1.E8:VSS; U1.F10:VSS; U1.F11:AVSS; U1.F16:VSS; U1.F4:VSS; U1.F6:VSS; U1.G13:VSS; U1.G14:VSS; U1.G15:VSS; U1.G16:VSS; U1.G6:VSS; U1.G7:AVSS; U1.G8:AVSS; U1.H11:VSS; U1.H13:VSS; U1.H15:VSS; U1.H16:VSS; U1.H20:VSS; U1.H7:VSS; U1.J11:VSS; U1.J13:VSS; U1.J15:VSS; U1.J7:VSS; U1.K10:VSS; U1.K12:VSS; U1.K14:VSS; U1.K16:VSS; U1.K18:VSS; U1.K3:VSS; U1.K6:VSS; U1.K8:VSS; U1.L10:VSS; U1.L12:VSS; U1.L15:VSS; U1.L19:VSS; U1.L7:VSS; U1.L8:VSS; U1.M10:VSS; U1.M12:VSS; U1.M15:VSS; U1.M16:VSS; U1.M6:VSS; U1.M8:VSS; U1.N10:VSS; U1.N12:VSS; U1.N15:VSS; U1.N16:VSS; U1.N3:VSS; U1.N5:VSS; U1.N8:VSS; U1.P10:VSS; U1.P12:VSS; U1.P14:VSS; U1.P15:VSS; U1.P20:VSS; U1.P6:VSS; U1.P7:VSS; U1.P8:VSS; U1.R10:VSS; U1.R12:VSS; U1.R14:VSS; U1.R16:VSS; U1.R3:VSS; U1.R6:VSS; U1.R7:VSS; U1.T15:VSS; U1.T3:VSS; U1.T7:VSS; U1.T8:VSS; U1.T9:VSS; U1.U19:VSS; U1.U3:VSS; U1.U8:VSS; U1.V3:VSS; U1.V4:VSS; U1.V5:VSS; U1.V6:VSS; U1.V7:VSS; U1.V8:VSS; U1.W1:VSS; U1.W16:VSS; U1.W20:VSS; U1.Y13:VSS; U1.Y19:VSS; U11.6:GND; U12.10:D4; U12.11:S4B; U12.12:S4A; U12.6:GND; U12.8:S3B; U13.1:S1B; U13.11:S4B; U13.15:SEL; U13.4:S2B; U13.6:GND; U13.8:S3B; U14.3:GND; U2.A10:VSS; U2.A3:VSS; U2.AB10:VSS; U2.AB3:VSS; U2.AB5:VSS; U2.AB8:VSS; U2.C1:VSS; U2.C12:VSS; U2.C5:VSS; U2.C8:VSS; U2.D11:VSS; U2.D2:VSS; U2.D4:VSS; U2.D9:VSS; U2.E1:VSS; U2.E12:VSS; U2.E5:VSS; U2.E8:VSS; U2.G1:VSS; U2.G10:VSS; U2.G12:VSS; U2.G3:VSS; U2.G5:VSS; U2.G8:VSS; U2.J1:VSS; U2.J10:VSS; U2.J12:VSS; U2.J3:VSS; U2.K11:VSS; U2.K2:VSS; U2.K4:VSS; U2.K9:VSS; U2.N11:VSS; U2.N2:VSS; U2.N4:VSS; U2.N9:VSS; U2.P1:VSS; U2.P10:VSS; U2.P12:VSS; U2.P3:VSS; U2.T1:VSS; U2.T10:VSS; U2.T12:VSS; U2.T3:VSS; U2.T5:VSS; U2.T8:VSS; U2.V1:VSS; U2.V12:VSS; U2.V5:VSS; U2.V8:VSS; U2.W11:VSS; U2.W2:VSS; U2.W4:VSS; U2.W9:VSS; U2.Y1:VSS; U2.Y5:VSS; U2.Y8:VSS; U21.4:GND; U22.A1:AGND; U22.B1:PGND; U22.B2:PGND; U22.B3:PGND; U23.A1:AGND; U23.B1:PGND; U23.B2:PGND; U23.B3:PGND; U24.4:GND; U25.4:GND; U26.4:GND; U3.A6:VSS; U3.C4:VSS; U3.E7:VSS; U3.G5:VSS; U3.H10:VSS; U3.J5:VSS; U3.K8:VSS; U3.N2:VSS; U3.N5:VSS; U3.P4:VSS; U3.P6:VSS; U89.5:GND; U89.7:EP_GND; U90.5:GND; U90.7:EP_GND; U91.3:GND; U92.1:B_TIE_LOW; U92.2:GND; U93.3:GND; U94.1:B_TIE_LOW; U94.2:GND; U95.7:GND; Y2.2:GND; Y2.4:GND
U2,K4F8E304HB_200,AA1,DNU,no_connect,no_connect,false,Samsung K4F8E304HB-MGCJ Rev.1.0 (June 2016),10,AA row / column 1,10–11,4.2 package ballout; 4.3 pad definitions,DNU,Do-not-use ball,MANUFACTURER_DO_NOT_USE,All normal supported operating modes of this exact part,Keep an explicit no-use electrical class and open circuit; retain the manufacturer classification separately.,A no_connect CAD type does not prove this physical ball is unbonded. DNU/RFU must not be used. The source does not grant alternative NC wiring; leave NC open rather than assuming grounding or routing-through is permitted.,unconnected-(U2E-DNU-PadAA1),MANUFACTURER_NC_DNU_MUST_REMAIN_OPEN,
U2,K4F8E304HB_200,AA2,DQ0_b,bidirectional,bidirectional,false,Samsung K4F8E304HB-MGCJ Rev.1.0 (June 2016),10,AA row / column 2,12,4.5 Table 1,I/O,Read/write data,FUNCTIONAL,All normal supported operating modes of this exact part,Table 1 explicitly specifies bidirectional operation.,,DDR_DQB0,65 exact SoC joins; source NC/DNU flagged; bias on dedicated sheet,U1.A14:DDR_DQB3
U2,K4F8E304HB_200,AA3,VDDQ,power_in,power_in,false,Samsung K4F8E304HB-MGCJ Rev.1.0 (June 2016),10,AA row / column 3,12,4.5 Table 1,Supply,Supply input,FUNCTIONAL,All normal supported operating modes of this exact part,Manufacturer supply/ground identity; do not promote to source.,,VDD1P1_DDR_IO,65 exact SoC joins; source NC/DNU flagged; bias on dedicated sheet,C218.1:; C219.1:; C534.1:; C535.1:; C536.1:; C537.1:; C538.1:; C539.1:; C540.1:; C541.1:; C542.1:; C543.1:; C544.1:; C545.1:; C546.1:; C547.1:; C548.1:; C549.1:; C550.1:; C551.1:; C552.1:; C553.1:; C554.1:; C555.1:; C556.1:; C557.1:; C558.1:; C559.1:; C560.1:; C561.1:; C61.1:; L24.2:; R207.1:; R61.2:; R62.2:; R63.2:; R65.1:; U1.H14:VDD1P1_DDR_IO; U1.J14:VDD1P1_DDR_IO; U1.L14:VDD1P1_DDR_IO; U1.M14:VDD1P1_DDR_IO; U1.N14:VDD1P1_DDR_IO; U2.A4:VDD2; U2.A9:VDD2; U2.AA10:VDDQ; U2.AA5:VDDQ; U2.AA8:VDDQ; U2.AB4:VDD2; U2.AB9:VDD2; U2.B10:VDDQ; U2.B3:VDDQ; U2.B5:VDDQ; U2.B8:VDDQ; U2.D1:VDDQ; U2.D12:VDDQ; U2.D5:VDDQ; U2.D8:VDDQ; U2.F10:VDDQ; U2.F3:VDDQ; U2.F5:VDD2; U2.F8:VDD2; U2.H1:VDD2; U2.H12:VDD2; U2.H5:VDD2; U2.H8:VDD2; U2.K1:VDD2; U2.K10:VDD2; U2.K12:VDD2; U2.K3:VDD2; U2.N1:VDD2; U2.N10:VDD2; U2.N12:VDD2; U2.N3:VDD2; U2.R1:VDD2; U2.R12:VDD2; U2.R5:VDD2; U2.R8:VDD2; U2.U10:VDDQ; U2.U3:VDDQ; U2.U5:VDD2; U2.U8:VDD2; U2.W1:VDDQ; U2.W12:VDDQ; U2.W5:VDDQ; U2.W8:VDDQ
U2,K4F8E304HB_200,AA4,DQ7_b,bidirectional,bidirectional,false,Samsung K4F8E304HB-MGCJ Rev.1.0 (June 2016),10,AA row / column 4,12,4.5 Table 1,I/O,Read/write data,FUNCTIONAL,All normal supported operating modes of this exact part,Table 1 explicitly specifies bidirectional operation.,,DDR_DQB7,65 exact SoC joins; source NC/DNU flagged; bias on dedicated sheet,U1.B17:DDR_DQB7
U2,K4F8E304HB_200,AA5,VDDQ,power_in,power_in,false,Samsung K4F8E304HB-MGCJ Rev.1.0 (June 2016),10,AA row / column 5,12,4.5 Table 1,Supply,Supply input,FUNCTIONAL,All normal supported operating modes of this exact part,Manufacturer supply/ground identity; do not promote to source.,,VDD1P1_DDR_IO,65 exact SoC joins; source NC/DNU flagged; bias on dedicated sheet,C218.1:; C219.1:; C534.1:; C535.1:; C536.1:; C537.1:; C538.1:; C539.1:; C540.1:; C541.1:; C542.1:; C543.1:; C544.1:; C545.1:; C546.1:; C547.1:; C548.1:; C549.1:; C550.1:; C551.1:; C552.1:; C553.1:; C554.1:; C555.1:; C556.1:; C557.1:; C558.1:; C559.1:; C560.1:; C561.1:; C61.1:; L24.2:; R207.1:; R61.2:; R62.2:; R63.2:; R65.1:; U1.H14:VDD1P1_DDR_IO; U1.J14:VDD1P1_DDR_IO; U1.L14:VDD1P1_DDR_IO; U1.M14:VDD1P1_DDR_IO; U1.N14:VDD1P1_DDR_IO; U2.A4:VDD2; U2.A9:VDD2; U2.AA10:VDDQ; U2.AA3:VDDQ; U2.AA8:VDDQ; U2.AB4:VDD2; U2.AB9:VDD2; U2.B10:VDDQ; U2.B3:VDDQ; U2.B5:VDDQ; U2.B8:VDDQ; U2.D1:VDDQ; U2.D12:VDDQ; U2.D5:VDDQ; U2.D8:VDDQ; U2.F10:VDDQ; U2.F3:VDDQ; U2.F5:VDD2; U2.F8:VDD2; U2.H1:VDD2; U2.H12:VDD2; U2.H5:VDD2; U2.H8:VDD2; U2.K1:VDD2; U2.K10:VDD2; U2.K12:VDD2; U2.K3:VDD2; U2.N1:VDD2; U2.N10:VDD2; U2.N12:VDD2; U2.N3:VDD2; U2.R1:VDD2; U2.R12:VDD2; U2.R5:VDD2; U2.R8:VDD2; U2.U10:VDDQ; U2.U3:VDDQ; U2.U5:VDD2; U2.U8:VDD2; U2.W1:VDDQ; U2.W12:VDDQ; U2.W5:VDDQ; U2.W8:VDDQ
U2,K4F8E304HB_200,AA8,VDDQ,power_in,power_in,false,Samsung K4F8E304HB-MGCJ Rev.1.0 (June 2016),10,AA row / column 8,12,4.5 Table 1,Supply,Supply input,FUNCTIONAL,All normal supported operating modes of this exact part,Manufacturer supply/ground identity; do not promote to source.,,VDD1P1_DDR_IO,65 exact SoC joins; source NC/DNU flagged; bias on dedicated sheet,C218.1:; C219.1:; C534.1:; C535.1:; C536.1:; C537.1:; C538.1:; C539.1:; C540.1:; C541.1:; C542.1:; C543.1:; C544.1:; C545.1:; C546.1:; C547.1:; C548.1:; C549.1:; C550.1:; C551.1:; C552.1:; C553.1:; C554.1:; C555.1:; C556.1:; C557.1:; C558.1:; C559.1:; C560.1:; C561.1:; C61.1:; L24.2:; R207.1:; R61.2:; R62.2:; R63.2:; R65.1:; U1.H14:VDD1P1_DDR_IO; U1.J14:VDD1P1_DDR_IO; U1.L14:VDD1P1_DDR_IO; U1.M14:VDD1P1_DDR_IO; U1.N14:VDD1P1_DDR_IO; U2.A4:VDD2; U2.A9:VDD2; U2.AA10:VDDQ; U2.AA3:VDDQ; U2.AA5:VDDQ; U2.AB4:VDD2; U2.AB9:VDD2; U2.B10:VDDQ; U2.B3:VDDQ; U2.B5:VDDQ; U2.B8:VDDQ; U2.D1:VDDQ; U2.D12:VDDQ; U2.D5:VDDQ; U2.D8:VDDQ; U2.F10:VDDQ; U2.F3:VDDQ; U2.F5:VDD2; U2.F8:VDD2; U2.H1:VDD2; U2.H12:VDD2; U2.H5:VDD2; U2.H8:VDD2; U2.K1:VDD2; U2.K10:VDD2; U2.K12:VDD2; U2.K3:VDD2; U2.N1:VDD2; U2.N10:VDD2; U2.N12:VDD2; U2.N3:VDD2; U2.R1:VDD2; U2.R12:VDD2; U2.R5:VDD2; U2.R8:VDD2; U2.U10:VDDQ; U2.U3:VDDQ; U2.U5:VDD2; U2.U8:VDD2; U2.W1:VDDQ; U2.W12:VDDQ; U2.W5:VDDQ; U2.W8:VDDQ
U2,K4F8E304HB_200,AA9,DQ15_b,bidirectional,bidirectional,false,Samsung K4F8E304HB-MGCJ Rev.1.0 (June 2016),10,AA row / column 9,12,4.5 Table 1,I/O,Read/write data,FUNCTIONAL,All normal supported operating modes of this exact part,Table 1 explicitly specifies bidirectional operation.,,DDR_DQB15,65 exact SoC joins; source NC/DNU flagged; bias on dedicated sheet,U1.B19:DDR_DQB9
U2,K4F8E304HB_200,AA10,VDDQ,power_in,power_in,false,Samsung K4F8E304HB-MGCJ Rev.1.0 (June 2016),10,AA row / column 10,12,4.5 Table 1,Supply,Supply input,FUNCTIONAL,All normal supported operating modes of this exact part,Manufacturer supply/ground identity; do not promote to source.,,VDD1P1_DDR_IO,65 exact SoC joins; source NC/DNU flagged; bias on dedicated sheet,C218.1:; C219.1:; C534.1:; C535.1:; C536.1:; C537.1:; C538.1:; C539.1:; C540.1:; C541.1:; C542.1:; C543.1:; C544.1:; C545.1:; C546.1:; C547.1:; C548.1:; C549.1:; C550.1:; C551.1:; C552.1:; C553.1:; C554.1:; C555.1:; C556.1:; C557.1:; C558.1:; C559.1:; C560.1:; C561.1:; C61.1:; L24.2:; R207.1:; R61.2:; R62.2:; R63.2:; R65.1:; U1.H14:VDD1P1_DDR_IO; U1.J14:VDD1P1_DDR_IO; U1.L14:VDD1P1_DDR_IO; U1.M14:VDD1P1_DDR_IO; U1.N14:VDD1P1_DDR_IO; U2.A4:VDD2; U2.A9:VDD2; U2.AA3:VDDQ; U2.AA5:VDDQ; U2.AA8:VDDQ; U2.AB4:VDD2; U2.AB9:VDD2; U2.B10:VDDQ; U2.B3:VDDQ; U2.B5:VDDQ; U2.B8:VDDQ; U2.D1:VDDQ; U2.D12:VDDQ; U2.D5:VDDQ; U2.D8:VDDQ; U2.F10:VDDQ; U2.F3:VDDQ; U2.F5:VDD2; U2.F8:VDD2; U2.H1:VDD2; U2.H12:VDD2; U2.H5:VDD2; U2.H8:VDD2; U2.K1:VDD2; U2.K10:VDD2; U2.K12:VDD2; U2.K3:VDD2; U2.N1:VDD2; U2.N10:VDD2; U2.N12:VDD2; U2.N3:VDD2; U2.R1:VDD2; U2.R12:VDD2; U2.R5:VDD2; U2.R8:VDD2; U2.U10:VDDQ; U2.U3:VDDQ; U2.U5:VDD2; U2.U8:VDD2; U2.W1:VDDQ; U2.W12:VDDQ; U2.W5:VDDQ; U2.W8:VDDQ
U2,K4F8E304HB_200,AA11,DQ8_b,bidirectional,bidirectional,false,Samsung K4F8E304HB-MGCJ Rev.1.0 (June 2016),10,AA row / column 11,12,4.5 Table 1,I/O,Read/write data,FUNCTIONAL,All normal supported operating modes of this exact part,Table 1 explicitly specifies bidirectional operation.,,DDR_DQB8,65 exact SoC joins; source NC/DNU flagged; bias on dedicated sheet,U1.C18:DDR_DQB12
U2,K4F8E304HB_200,AA12,DNU,no_connect,no_connect,false,Samsung K4F8E304HB-MGCJ Rev.1.0 (June 2016),10,AA row / column 12,10–11,4.2 package ballout; 4.3 pad definitions,DNU,Do-not-use ball,MANUFACTURER_DO_NOT_USE,All normal supported operating modes of this exact part,Keep an explicit no-use electrical class and open circuit; retain the manufacturer classification separately.,A no_connect CAD type does not prove this physical ball is unbonded. DNU/RFU must not be used. The source does not grant alternative NC wiring; leave NC open rather than assuming grounding or routing-through is permitted.,unconnected-(U2E-DNU-PadAA12),MANUFACTURER_NC_DNU_MUST_REMAIN_OPEN,
U2,K4F8E304HB_200,AB1,DNU,no_connect,no_connect,false,Samsung K4F8E304HB-MGCJ Rev.1.0 (June 2016),10,AB row / column 1,10–11,4.2 package ballout; 4.3 pad definitions,DNU,Do-not-use ball,MANUFACTURER_DO_NOT_USE,All normal supported operating modes of this exact part,Keep an explicit no-use electrical class and open circuit; retain the manufacturer classification separately.,A no_connect CAD type does not prove this physical ball is unbonded. DNU/RFU must not be used. The source does not grant alternative NC wiring; leave NC open rather than assuming grounding or routing-through is permitted.,unconnected-(U2E-DNU-PadAB1),MANUFACTURER_NC_DNU_MUST_REMAIN_OPEN,
U2,K4F8E304HB_200,AB2,DNU,no_connect,no_connect,false,Samsung K4F8E304HB-MGCJ Rev.1.0 (June 2016),10,AB row / column 2,10–11,4.2 package ballout; 4.3 pad definitions,DNU,Do-not-use ball,MANUFACTURER_DO_NOT_USE,All normal supported operating modes of this exact part,Keep an explicit no-use electrical class and open circuit; retain the manufacturer classification separately.,A no_connect CAD type does not prove this physical ball is unbonded. DNU/RFU must not be used. The source does not grant alternative NC wiring; leave NC open rather than assuming grounding or routing-through is permitted.,unconnected-(U2E-DNU-PadAB2),MANUFACTURER_NC_DNU_MUST_REMAIN_OPEN,
U2,K4F8E304HB_200,AB3,VSS,power_in,power_in,false,Samsung K4F8E304HB-MGCJ Rev.1.0 (June 2016),10,AB row / column 3,12,4.5 Table 1,GND,Ground return,FUNCTIONAL,All normal supported operating modes of this exact part,Manufacturer supply/ground identity; do not promote to source.,,GND,65 exact SoC joins; source NC/DNU flagged; bias on dedicated sheet,C201.2:; C203.2:; C204.2:; C205.2:; C206.2:; C207.2:; C208.2:; C209.2:; C210.2:; C211.2:; C212.2:; C213.2:; C214.2:; C215.2:; C216.2:; C217.2:; C218.2:; C220.2:; C221.2:; C222.2:; C223.2:; C225.2:; C226.2:; C227.2:; C228.2:; C230.2:; C231.2:; C232.2:; C233.2:; C234.2:; C235.2:; C236.2:; C237.2:; C238.2:; C239.2:; C240.2:; C241.2:; C242.2:; C243.2:; C244.2:; C31.2:; C32.2:; C33.2:; C34.2:; C41.2:; C42.2:; C43.2:; C44.2:; C45.2:; C501.2:; C502.2:; C503.2:; C504.2:; C505.2:; C506.2:; C507.2:; C508.2:; C509.2:; C510.2:; C511.2:; C512.2:; C513.2:; C514.2:; C515.2:; C516.2:; C517.2:; C518.2:; C519.2:; C520.2:; C521.2:; C522.2:; C523.2:; C524.2:; C525.2:; C526.2:; C527.2:; C528.2:; C529.2:; C530.2:; C531.2:; C532.2:; C533.2:; C534.2:; C535.2:; C536.2:; C537.2:; C538.2:; C539.2:; C540.2:; C541.2:; C542.2:; C543.2:; C544.2:; C545.2:; C546.2:; C547.2:; C548.2:; C549.2:; C550.2:; C551.2:; C552.2:; C553.2:; C554.2:; C555.2:; C556.2:; C557.2:; C558.2:; C559.2:; C560.2:; C561.2:; C562.2:; C563.2:; C564.2:; C565.2:; C566.2:; C567.2:; C568.2:; C569.2:; C570.2:; C571.2:; C572.2:; C573.2:; C574.2:; C575.2:; C576.2:; C577.2:; C62.2:; C63.2:; C64.2:; C65.2:; C809.2:; C810.2:; C811.2:; C812.2:; C813.2:; C814.2:; C815.2:; C816.2:; J1.1:GND; J1.106:GND; J1.2:GND; J1.3:GND; J1.36:GND; J1.49:GND; J1.57:GND; J1.64:GND; J1.71:GND; J1.78:GND; J1.89:GND; R202.2:; R205.2:; R206.2:; R208.2:; R211.2:; R214.2:; R31.2:; R402.2:; R44.2:; R47.2:; R526.2:; R529.2:; R571.2:; R572.2:; R64.2:; R66.2:; R69.2:; R70.2:; R71.2:; U1.A13:VSS; U1.A16:VSS; U1.A19:VSS; U1.A9:TEST_EN; U1.B13:VSS; U1.B20:VSS; U1.C13:VSS; U1.D10:VSS; U1.D11:VSS; U1.D13:VSS; U1.D15:VSS; U1.D9:VSS; U1.E12:VSS; U1.E13:VSS; U1.E14:VSS; U1.E15:VSS; U1.E16:VSS; U1.E19:VSS; U1.E4:VSS; U1.E6:VSS; U1.E7:VSS; U1.E8:VSS; U1.F10:VSS; U1.F11:AVSS; U1.F16:VSS; U1.F4:VSS; U1.F6:VSS; U1.G13:VSS; U1.G14:VSS; U1.G15:VSS; U1.G16:VSS; U1.G6:VSS; U1.G7:AVSS; U1.G8:AVSS; U1.H11:VSS; U1.H13:VSS; U1.H15:VSS; U1.H16:VSS; U1.H20:VSS; U1.H7:VSS; U1.J11:VSS; U1.J13:VSS; U1.J15:VSS; U1.J7:VSS; U1.K10:VSS; U1.K12:VSS; U1.K14:VSS; U1.K16:VSS; U1.K18:VSS; U1.K3:VSS; U1.K6:VSS; U1.K8:VSS; U1.L10:VSS; U1.L12:VSS; U1.L15:VSS; U1.L19:VSS; U1.L7:VSS; U1.L8:VSS; U1.M10:VSS; U1.M12:VSS; U1.M15:VSS; U1.M16:VSS; U1.M6:VSS; U1.M8:VSS; U1.N10:VSS; U1.N12:VSS; U1.N15:VSS; U1.N16:VSS; U1.N3:VSS; U1.N5:VSS; U1.N8:VSS; U1.P10:VSS; U1.P12:VSS; U1.P14:VSS; U1.P15:VSS; U1.P20:VSS; U1.P6:VSS; U1.P7:VSS; U1.P8:VSS; U1.R10:VSS; U1.R12:VSS; U1.R14:VSS; U1.R16:VSS; U1.R3:VSS; U1.R6:VSS; U1.R7:VSS; U1.T15:VSS; U1.T3:VSS; U1.T7:VSS; U1.T8:VSS; U1.T9:VSS; U1.U19:VSS; U1.U3:VSS; U1.U8:VSS; U1.V3:VSS; U1.V4:VSS; U1.V5:VSS; U1.V6:VSS; U1.V7:VSS; U1.V8:VSS; U1.W1:VSS; U1.W16:VSS; U1.W20:VSS; U1.Y13:VSS; U1.Y19:VSS; U11.6:GND; U12.10:D4; U12.11:S4B; U12.12:S4A; U12.6:GND; U12.8:S3B; U13.1:S1B; U13.11:S4B; U13.15:SEL; U13.4:S2B; U13.6:GND; U13.8:S3B; U14.3:GND; U2.A10:VSS; U2.A3:VSS; U2.AB10:VSS; U2.AB5:VSS; U2.AB8:VSS; U2.C1:VSS; U2.C12:VSS; U2.C5:VSS; U2.C8:VSS; U2.D11:VSS; U2.D2:VSS; U2.D4:VSS; U2.D9:VSS; U2.E1:VSS; U2.E12:VSS; U2.E5:VSS; U2.E8:VSS; U2.G1:VSS; U2.G10:VSS; U2.G12:VSS; U2.G3:VSS; U2.G5:VSS; U2.G8:VSS; U2.J1:VSS; U2.J10:VSS; U2.J12:VSS; U2.J3:VSS; U2.K11:VSS; U2.K2:VSS; U2.K4:VSS; U2.K9:VSS; U2.N11:VSS; U2.N2:VSS; U2.N4:VSS; U2.N9:VSS; U2.P1:VSS; U2.P10:VSS; U2.P12:VSS; U2.P3:VSS; U2.T1:VSS; U2.T10:VSS; U2.T12:VSS; U2.T3:VSS; U2.T5:VSS; U2.T8:VSS; U2.V1:VSS; U2.V12:VSS; U2.V5:VSS; U2.V8:VSS; U2.W11:VSS; U2.W2:VSS; U2.W4:VSS; U2.W9:VSS; U2.Y1:VSS; U2.Y12:VSS; U2.Y5:VSS; U2.Y8:VSS; U21.4:GND; U22.A1:AGND; U22.B1:PGND; U22.B2:PGND; U22.B3:PGND; U23.A1:AGND; U23.B1:PGND; U23.B2:PGND; U23.B3:PGND; U24.4:GND; U25.4:GND; U26.4:GND; U3.A6:VSS; U3.C4:VSS; U3.E7:VSS; U3.G5:VSS; U3.H10:VSS; U3.J5:VSS; U3.K8:VSS; U3.N2:VSS; U3.N5:VSS; U3.P4:VSS; U3.P6:VSS; U89.5:GND; U89.7:EP_GND; U90.5:GND; U90.7:EP_GND; U91.3:GND; U92.1:B_TIE_LOW; U92.2:GND; U93.3:GND; U94.1:B_TIE_LOW; U94.2:GND; U95.7:GND; Y2.2:GND; Y2.4:GND
U2,K4F8E304HB_200,AB4,VDD2,power_in,power_in,false,Samsung K4F8E304HB-MGCJ Rev.1.0 (June 2016),10,AB row / column 4,12,4.5 Table 1,Supply,Supply input,FUNCTIONAL,All normal supported operating modes of this exact part,Manufacturer supply/ground identity; do not promote to source.,,VDD1P1_DDR_IO,65 exact SoC joins; source NC/DNU flagged; bias on dedicated sheet,C218.1:; C219.1:; C534.1:; C535.1:; C536.1:; C537.1:; C538.1:; C539.1:; C540.1:; C541.1:; C542.1:; C543.1:; C544.1:; C545.1:; C546.1:; C547.1:; C548.1:; C549.1:; C550.1:; C551.1:; C552.1:; C553.1:; C554.1:; C555.1:; C556.1:; C557.1:; C558.1:; C559.1:; C560.1:; C561.1:; C61.1:; L24.2:; R207.1:; R61.2:; R62.2:; R63.2:; R65.1:; U1.H14:VDD1P1_DDR_IO; U1.J14:VDD1P1_DDR_IO; U1.L14:VDD1P1_DDR_IO; U1.M14:VDD1P1_DDR_IO; U1.N14:VDD1P1_DDR_IO; U2.A4:VDD2; U2.A9:VDD2; U2.AA10:VDDQ; U2.AA3:VDDQ; U2.AA5:VDDQ; U2.AA8:VDDQ; U2.AB9:VDD2; U2.B10:VDDQ; U2.B3:VDDQ; U2.B5:VDDQ; U2.B8:VDDQ; U2.D1:VDDQ; U2.D12:VDDQ; U2.D5:VDDQ; U2.D8:VDDQ; U2.F10:VDDQ; U2.F3:VDDQ; U2.F5:VDD2; U2.F8:VDD2; U2.H1:VDD2; U2.H12:VDD2; U2.H5:VDD2; U2.H8:VDD2; U2.K1:VDD2; U2.K10:VDD2; U2.K12:VDD2; U2.K3:VDD2; U2.N1:VDD2; U2.N10:VDD2; U2.N12:VDD2; U2.N3:VDD2; U2.R1:VDD2; U2.R12:VDD2; U2.R5:VDD2; U2.R8:VDD2; U2.U10:VDDQ; U2.U3:VDDQ; U2.U5:VDD2; U2.U8:VDD2; U2.W1:VDDQ; U2.W12:VDDQ; U2.W5:VDDQ; U2.W8:VDDQ
U2,K4F8E304HB_200,AB5,VSS,power_in,power_in,false,Samsung K4F8E304HB-MGCJ Rev.1.0 (June 2016),10,AB row / column 5,12,4.5 Table 1,GND,Ground return,FUNCTIONAL,All normal supported operating modes of this exact part,Manufacturer supply/ground identity; do not promote to source.,,GND,65 exact SoC joins; source NC/DNU flagged; bias on dedicated sheet,C201.2:; C203.2:; C204.2:; C205.2:; C206.2:; C207.2:; C208.2:; C209.2:; C210.2:; C211.2:; C212.2:; C213.2:; C214.2:; C215.2:; C216.2:; C217.2:; C218.2:; C220.2:; C221.2:; C222.2:; C223.2:; C225.2:; C226.2:; C227.2:; C228.2:; C230.2:; C231.2:; C232.2:; C233.2:; C234.2:; C235.2:; C236.2:; C237.2:; C238.2:; C239.2:; C240.2:; C241.2:; C242.2:; C243.2:; C244.2:; C31.2:; C32.2:; C33.2:; C34.2:; C41.2:; C42.2:; C43.2:; C44.2:; C45.2:; C501.2:; C502.2:; C503.2:; C504.2:; C505.2:; C506.2:; C507.2:; C508.2:; C509.2:; C510.2:; C511.2:; C512.2:; C513.2:; C514.2:; C515.2:; C516.2:; C517.2:; C518.2:; C519.2:; C520.2:; C521.2:; C522.2:; C523.2:; C524.2:; C525.2:; C526.2:; C527.2:; C528.2:; C529.2:; C530.2:; C531.2:; C532.2:; C533.2:; C534.2:; C535.2:; C536.2:; C537.2:; C538.2:; C539.2:; C540.2:; C541.2:; C542.2:; C543.2:; C544.2:; C545.2:; C546.2:; C547.2:; C548.2:; C549.2:; C550.2:; C551.2:; C552.2:; C553.2:; C554.2:; C555.2:; C556.2:; C557.2:; C558.2:; C559.2:; C560.2:; C561.2:; C562.2:; C563.2:; C564.2:; C565.2:; C566.2:; C567.2:; C568.2:; C569.2:; C570.2:; C571.2:; C572.2:; C573.2:; C574.2:; C575.2:; C576.2:; C577.2:; C62.2:; C63.2:; C64.2:; C65.2:; C809.2:; C810.2:; C811.2:; C812.2:; C813.2:; C814.2:; C815.2:; C816.2:; J1.1:GND; J1.106:GND; J1.2:GND; J1.3:GND; J1.36:GND; J1.49:GND; J1.57:GND; J1.64:GND; J1.71:GND; J1.78:GND; J1.89:GND; R202.2:; R205.2:; R206.2:; R208.2:; R211.2:; R214.2:; R31.2:; R402.2:; R44.2:; R47.2:; R526.2:; R529.2:; R571.2:; R572.2:; R64.2:; R66.2:; R69.2:; R70.2:; R71.2:; U1.A13:VSS; U1.A16:VSS; U1.A19:VSS; U1.A9:TEST_EN; U1.B13:VSS; U1.B20:VSS; U1.C13:VSS; U1.D10:VSS; U1.D11:VSS; U1.D13:VSS; U1.D15:VSS; U1.D9:VSS; U1.E12:VSS; U1.E13:VSS; U1.E14:VSS; U1.E15:VSS; U1.E16:VSS; U1.E19:VSS; U1.E4:VSS; U1.E6:VSS; U1.E7:VSS; U1.E8:VSS; U1.F10:VSS; U1.F11:AVSS; U1.F16:VSS; U1.F4:VSS; U1.F6:VSS; U1.G13:VSS; U1.G14:VSS; U1.G15:VSS; U1.G16:VSS; U1.G6:VSS; U1.G7:AVSS; U1.G8:AVSS; U1.H11:VSS; U1.H13:VSS; U1.H15:VSS; U1.H16:VSS; U1.H20:VSS; U1.H7:VSS; U1.J11:VSS; U1.J13:VSS; U1.J15:VSS; U1.J7:VSS; U1.K10:VSS; U1.K12:VSS; U1.K14:VSS; U1.K16:VSS; U1.K18:VSS; U1.K3:VSS; U1.K6:VSS; U1.K8:VSS; U1.L10:VSS; U1.L12:VSS; U1.L15:VSS; U1.L19:VSS; U1.L7:VSS; U1.L8:VSS; U1.M10:VSS; U1.M12:VSS; U1.M15:VSS; U1.M16:VSS; U1.M6:VSS; U1.M8:VSS; U1.N10:VSS; U1.N12:VSS; U1.N15:VSS; U1.N16:VSS; U1.N3:VSS; U1.N5:VSS; U1.N8:VSS; U1.P10:VSS; U1.P12:VSS; U1.P14:VSS; U1.P15:VSS; U1.P20:VSS; U1.P6:VSS; U1.P7:VSS; U1.P8:VSS; U1.R10:VSS; U1.R12:VSS; U1.R14:VSS; U1.R16:VSS; U1.R3:VSS; U1.R6:VSS; U1.R7:VSS; U1.T15:VSS; U1.T3:VSS; U1.T7:VSS; U1.T8:VSS; U1.T9:VSS; U1.U19:VSS; U1.U3:VSS; U1.U8:VSS; U1.V3:VSS; U1.V4:VSS; U1.V5:VSS; U1.V6:VSS; U1.V7:VSS; U1.V8:VSS; U1.W1:VSS; U1.W16:VSS; U1.W20:VSS; U1.Y13:VSS; U1.Y19:VSS; U11.6:GND; U12.10:D4; U12.11:S4B; U12.12:S4A; U12.6:GND; U12.8:S3B; U13.1:S1B; U13.11:S4B; U13.15:SEL; U13.4:S2B; U13.6:GND; U13.8:S3B; U14.3:GND; U2.A10:VSS; U2.A3:VSS; U2.AB10:VSS; U2.AB3:VSS; U2.AB8:VSS; U2.C1:VSS; U2.C12:VSS; U2.C5:VSS; U2.C8:VSS; U2.D11:VSS; U2.D2:VSS; U2.D4:VSS; U2.D9:VSS; U2.E1:VSS; U2.E12:VSS; U2.E5:VSS; U2.E8:VSS; U2.G1:VSS; U2.G10:VSS; U2.G12:VSS; U2.G3:VSS; U2.G5:VSS; U2.G8:VSS; U2.J1:VSS; U2.J10:VSS; U2.J12:VSS; U2.J3:VSS; U2.K11:VSS; U2.K2:VSS; U2.K4:VSS; U2.K9:VSS; U2.N11:VSS; U2.N2:VSS; U2.N4:VSS; U2.N9:VSS; U2.P1:VSS; U2.P10:VSS; U2.P12:VSS; U2.P3:VSS; U2.T1:VSS; U2.T10:VSS; U2.T12:VSS; U2.T3:VSS; U2.T5:VSS; U2.T8:VSS; U2.V1:VSS; U2.V12:VSS; U2.V5:VSS; U2.V8:VSS; U2.W11:VSS; U2.W2:VSS; U2.W4:VSS; U2.W9:VSS; U2.Y1:VSS; U2.Y12:VSS; U2.Y5:VSS; U2.Y8:VSS; U21.4:GND; U22.A1:AGND; U22.B1:PGND; U22.B2:PGND; U22.B3:PGND; U23.A1:AGND; U23.B1:PGND; U23.B2:PGND; U23.B3:PGND; U24.4:GND; U25.4:GND; U26.4:GND; U3.A6:VSS; U3.C4:VSS; U3.E7:VSS; U3.G5:VSS; U3.H10:VSS; U3.J5:VSS; U3.K8:VSS; U3.N2:VSS; U3.N5:VSS; U3.P4:VSS; U3.P6:VSS; U89.5:GND; U89.7:EP_GND; U90.5:GND; U90.7:EP_GND; U91.3:GND; U92.1:B_TIE_LOW; U92.2:GND; U93.3:GND; U94.1:B_TIE_LOW; U94.2:GND; U95.7:GND; Y2.2:GND; Y2.4:GND
U2,K4F8E304HB_200,AB8,VSS,power_in,power_in,false,Samsung K4F8E304HB-MGCJ Rev.1.0 (June 2016),10,AB row / column 8,12,4.5 Table 1,GND,Ground return,FUNCTIONAL,All normal supported operating modes of this exact part,Manufacturer supply/ground identity; do not promote to source.,,GND,65 exact SoC joins; source NC/DNU flagged; bias on dedicated sheet,C201.2:; C203.2:; C204.2:; C205.2:; C206.2:; C207.2:; C208.2:; C209.2:; C210.2:; C211.2:; C212.2:; C213.2:; C214.2:; C215.2:; C216.2:; C217.2:; C218.2:; C220.2:; C221.2:; C222.2:; C223.2:; C225.2:; C226.2:; C227.2:; C228.2:; C230.2:; C231.2:; C232.2:; C233.2:; C234.2:; C235.2:; C236.2:; C237.2:; C238.2:; C239.2:; C240.2:; C241.2:; C242.2:; C243.2:; C244.2:; C31.2:; C32.2:; C33.2:; C34.2:; C41.2:; C42.2:; C43.2:; C44.2:; C45.2:; C501.2:; C502.2:; C503.2:; C504.2:; C505.2:; C506.2:; C507.2:; C508.2:; C509.2:; C510.2:; C511.2:; C512.2:; C513.2:; C514.2:; C515.2:; C516.2:; C517.2:; C518.2:; C519.2:; C520.2:; C521.2:; C522.2:; C523.2:; C524.2:; C525.2:; C526.2:; C527.2:; C528.2:; C529.2:; C530.2:; C531.2:; C532.2:; C533.2:; C534.2:; C535.2:; C536.2:; C537.2:; C538.2:; C539.2:; C540.2:; C541.2:; C542.2:; C543.2:; C544.2:; C545.2:; C546.2:; C547.2:; C548.2:; C549.2:; C550.2:; C551.2:; C552.2:; C553.2:; C554.2:; C555.2:; C556.2:; C557.2:; C558.2:; C559.2:; C560.2:; C561.2:; C562.2:; C563.2:; C564.2:; C565.2:; C566.2:; C567.2:; C568.2:; C569.2:; C570.2:; C571.2:; C572.2:; C573.2:; C574.2:; C575.2:; C576.2:; C577.2:; C62.2:; C63.2:; C64.2:; C65.2:; C809.2:; C810.2:; C811.2:; C812.2:; C813.2:; C814.2:; C815.2:; C816.2:; J1.1:GND; J1.106:GND; J1.2:GND; J1.3:GND; J1.36:GND; J1.49:GND; J1.57:GND; J1.64:GND; J1.71:GND; J1.78:GND; J1.89:GND; R202.2:; R205.2:; R206.2:; R208.2:; R211.2:; R214.2:; R31.2:; R402.2:; R44.2:; R47.2:; R526.2:; R529.2:; R571.2:; R572.2:; R64.2:; R66.2:; R69.2:; R70.2:; R71.2:; U1.A13:VSS; U1.A16:VSS; U1.A19:VSS; U1.A9:TEST_EN; U1.B13:VSS; U1.B20:VSS; U1.C13:VSS; U1.D10:VSS; U1.D11:VSS; U1.D13:VSS; U1.D15:VSS; U1.D9:VSS; U1.E12:VSS; U1.E13:VSS; U1.E14:VSS; U1.E15:VSS; U1.E16:VSS; U1.E19:VSS; U1.E4:VSS; U1.E6:VSS; U1.E7:VSS; U1.E8:VSS; U1.F10:VSS; U1.F11:AVSS; U1.F16:VSS; U1.F4:VSS; U1.F6:VSS; U1.G13:VSS; U1.G14:VSS; U1.G15:VSS; U1.G16:VSS; U1.G6:VSS; U1.G7:AVSS; U1.G8:AVSS; U1.H11:VSS; U1.H13:VSS; U1.H15:VSS; U1.H16:VSS; U1.H20:VSS; U1.H7:VSS; U1.J11:VSS; U1.J13:VSS; U1.J15:VSS; U1.J7:VSS; U1.K10:VSS; U1.K12:VSS; U1.K14:VSS; U1.K16:VSS; U1.K18:VSS; U1.K3:VSS; U1.K6:VSS; U1.K8:VSS; U1.L10:VSS; U1.L12:VSS; U1.L15:VSS; U1.L19:VSS; U1.L7:VSS; U1.L8:VSS; U1.M10:VSS; U1.M12:VSS; U1.M15:VSS; U1.M16:VSS; U1.M6:VSS; U1.M8:VSS; U1.N10:VSS; U1.N12:VSS; U1.N15:VSS; U1.N16:VSS; U1.N3:VSS; U1.N5:VSS; U1.N8:VSS; U1.P10:VSS; U1.P12:VSS; U1.P14:VSS; U1.P15:VSS; U1.P20:VSS; U1.P6:VSS; U1.P7:VSS; U1.P8:VSS; U1.R10:VSS; U1.R12:VSS; U1.R14:VSS; U1.R16:VSS; U1.R3:VSS; U1.R6:VSS; U1.R7:VSS; U1.T15:VSS; U1.T3:VSS; U1.T7:VSS; U1.T8:VSS; U1.T9:VSS; U1.U19:VSS; U1.U3:VSS; U1.U8:VSS; U1.V3:VSS; U1.V4:VSS; U1.V5:VSS; U1.V6:VSS; U1.V7:VSS; U1.V8:VSS; U1.W1:VSS; U1.W16:VSS; U1.W20:VSS; U1.Y13:VSS; U1.Y19:VSS; U11.6:GND; U12.10:D4; U12.11:S4B; U12.12:S4A; U12.6:GND; U12.8:S3B; U13.1:S1B; U13.11:S4B; U13.15:SEL; U13.4:S2B; U13.6:GND; U13.8:S3B; U14.3:GND; U2.A10:VSS; U2.A3:VSS; U2.AB10:VSS; U2.AB3:VSS; U2.AB5:VSS; U2.C1:VSS; U2.C12:VSS; U2.C5:VSS; U2.C8:VSS; U2.D11:VSS; U2.D2:VSS; U2.D4:VSS; U2.D9:VSS; U2.E1:VSS; U2.E12:VSS; U2.E5:VSS; U2.E8:VSS; U2.G1:VSS; U2.G10:VSS; U2.G12:VSS; U2.G3:VSS; U2.G5:VSS; U2.G8:VSS; U2.J1:VSS; U2.J10:VSS; U2.J12:VSS; U2.J3:VSS; U2.K11:VSS; U2.K2:VSS; U2.K4:VSS; U2.K9:VSS; U2.N11:VSS; U2.N2:VSS; U2.N4:VSS; U2.N9:VSS; U2.P1:VSS; U2.P10:VSS; U2.P12:VSS; U2.P3:VSS; U2.T1:VSS; U2.T10:VSS; U2.T12:VSS; U2.T3:VSS; U2.T5:VSS; U2.T8:VSS; U2.V1:VSS; U2.V12:VSS; U2.V5:VSS; U2.V8:VSS; U2.W11:VSS; U2.W2:VSS; U2.W4:VSS; U2.W9:VSS; U2.Y1:VSS; U2.Y12:VSS; U2.Y5:VSS; U2.Y8:VSS; U21.4:GND; U22.A1:AGND; U22.B1:PGND; U22.B2:PGND; U22.B3:PGND; U23.A1:AGND; U23.B1:PGND; U23.B2:PGND; U23.B3:PGND; U24.4:GND; U25.4:GND; U26.4:GND; U3.A6:VSS; U3.C4:VSS; U3.E7:VSS; U3.G5:VSS; U3.H10:VSS; U3.J5:VSS; U3.K8:VSS; U3.N2:VSS; U3.N5:VSS; U3.P4:VSS; U3.P6:VSS; U89.5:GND; U89.7:EP_GND; U90.5:GND; U90.7:EP_GND; U91.3:GND; U92.1:B_TIE_LOW; U92.2:GND; U93.3:GND; U94.1:B_TIE_LOW; U94.2:GND; U95.7:GND; Y2.2:GND; Y2.4:GND
U2,K4F8E304HB_200,AB9,VDD2,power_in,power_in,false,Samsung K4F8E304HB-MGCJ Rev.1.0 (June 2016),10,AB row / column 9,12,4.5 Table 1,Supply,Supply input,FUNCTIONAL,All normal supported operating modes of this exact part,Manufacturer supply/ground identity; do not promote to source.,,VDD1P1_DDR_IO,65 exact SoC joins; source NC/DNU flagged; bias on dedicated sheet,C218.1:; C219.1:; C534.1:; C535.1:; C536.1:; C537.1:; C538.1:; C539.1:; C540.1:; C541.1:; C542.1:; C543.1:; C544.1:; C545.1:; C546.1:; C547.1:; C548.1:; C549.1:; C550.1:; C551.1:; C552.1:; C553.1:; C554.1:; C555.1:; C556.1:; C557.1:; C558.1:; C559.1:; C560.1:; C561.1:; C61.1:; L24.2:; R207.1:; R61.2:; R62.2:; R63.2:; R65.1:; U1.H14:VDD1P1_DDR_IO; U1.J14:VDD1P1_DDR_IO; U1.L14:VDD1P1_DDR_IO; U1.M14:VDD1P1_DDR_IO; U1.N14:VDD1P1_DDR_IO; U2.A4:VDD2; U2.A9:VDD2; U2.AA10:VDDQ; U2.AA3:VDDQ; U2.AA5:VDDQ; U2.AA8:VDDQ; U2.AB4:VDD2; U2.B10:VDDQ; U2.B3:VDDQ; U2.B5:VDDQ; U2.B8:VDDQ; U2.D1:VDDQ; U2.D12:VDDQ; U2.D5:VDDQ; U2.D8:VDDQ; U2.F10:VDDQ; U2.F3:VDDQ; U2.F5:VDD2; U2.F8:VDD2; U2.H1:VDD2; U2.H12:VDD2; U2.H5:VDD2; U2.H8:VDD2; U2.K1:VDD2; U2.K10:VDD2; U2.K12:VDD2; U2.K3:VDD2; U2.N1:VDD2; U2.N10:VDD2; U2.N12:VDD2; U2.N3:VDD2; U2.R1:VDD2; U2.R12:VDD2; U2.R5:VDD2; U2.R8:VDD2; U2.U10:VDDQ; U2.U3:VDDQ; U2.U5:VDD2; U2.U8:VDD2; U2.W1:VDDQ; U2.W12:VDDQ; U2.W5:VDDQ; U2.W8:VDDQ
U2,K4F8E304HB_200,AB10,VSS,power_in,power_in,false,Samsung K4F8E304HB-MGCJ Rev.1.0 (June 2016),10,AB row / column 10,12,4.5 Table 1,GND,Ground return,FUNCTIONAL,All normal supported operating modes of this exact part,Manufacturer supply/ground identity; do not promote to source.,,GND,65 exact SoC joins; source NC/DNU flagged; bias on dedicated sheet,C201.2:; C203.2:; C204.2:; C205.2:; C206.2:; C207.2:; C208.2:; C209.2:; C210.2:; C211.2:; C212.2:; C213.2:; C214.2:; C215.2:; C216.2:; C217.2:; C218.2:; C220.2:; C221.2:; C222.2:; C223.2:; C225.2:; C226.2:; C227.2:; C228.2:; C230.2:; C231.2:; C232.2:; C233.2:; C234.2:; C235.2:; C236.2:; C237.2:; C238.2:; C239.2:; C240.2:; C241.2:; C242.2:; C243.2:; C244.2:; C31.2:; C32.2:; C33.2:; C34.2:; C41.2:; C42.2:; C43.2:; C44.2:; C45.2:; C501.2:; C502.2:; C503.2:; C504.2:; C505.2:; C506.2:; C507.2:; C508.2:; C509.2:; C510.2:; C511.2:; C512.2:; C513.2:; C514.2:; C515.2:; C516.2:; C517.2:; C518.2:; C519.2:; C520.2:; C521.2:; C522.2:; C523.2:; C524.2:; C525.2:; C526.2:; C527.2:; C528.2:; C529.2:; C530.2:; C531.2:; C532.2:; C533.2:; C534.2:; C535.2:; C536.2:; C537.2:; C538.2:; C539.2:; C540.2:; C541.2:; C542.2:; C543.2:; C544.2:; C545.2:; C546.2:; C547.2:; C548.2:; C549.2:; C550.2:; C551.2:; C552.2:; C553.2:; C554.2:; C555.2:; C556.2:; C557.2:; C558.2:; C559.2:; C560.2:; C561.2:; C562.2:; C563.2:; C564.2:; C565.2:; C566.2:; C567.2:; C568.2:; C569.2:; C570.2:; C571.2:; C572.2:; C573.2:; C574.2:; C575.2:; C576.2:; C577.2:; C62.2:; C63.2:; C64.2:; C65.2:; C809.2:; C810.2:; C811.2:; C812.2:; C813.2:; C814.2:; C815.2:; C816.2:; J1.1:GND; J1.106:GND; J1.2:GND; J1.3:GND; J1.36:GND; J1.49:GND; J1.57:GND; J1.64:GND; J1.71:GND; J1.78:GND; J1.89:GND; R202.2:; R205.2:; R206.2:; R208.2:; R211.2:; R214.2:; R31.2:; R402.2:; R44.2:; R47.2:; R526.2:; R529.2:; R571.2:; R572.2:; R64.2:; R66.2:; R69.2:; R70.2:; R71.2:; U1.A13:VSS; U1.A16:VSS; U1.A19:VSS; U1.A9:TEST_EN; U1.B13:VSS; U1.B20:VSS; U1.C13:VSS; U1.D10:VSS; U1.D11:VSS; U1.D13:VSS; U1.D15:VSS; U1.D9:VSS; U1.E12:VSS; U1.E13:VSS; U1.E14:VSS; U1.E15:VSS; U1.E16:VSS; U1.E19:VSS; U1.E4:VSS; U1.E6:VSS; U1.E7:VSS; U1.E8:VSS; U1.F10:VSS; U1.F11:AVSS; U1.F16:VSS; U1.F4:VSS; U1.F6:VSS; U1.G13:VSS; U1.G14:VSS; U1.G15:VSS; U1.G16:VSS; U1.G6:VSS; U1.G7:AVSS; U1.G8:AVSS; U1.H11:VSS; U1.H13:VSS; U1.H15:VSS; U1.H16:VSS; U1.H20:VSS; U1.H7:VSS; U1.J11:VSS; U1.J13:VSS; U1.J15:VSS; U1.J7:VSS; U1.K10:VSS; U1.K12:VSS; U1.K14:VSS; U1.K16:VSS; U1.K18:VSS; U1.K3:VSS; U1.K6:VSS; U1.K8:VSS; U1.L10:VSS; U1.L12:VSS; U1.L15:VSS; U1.L19:VSS; U1.L7:VSS; U1.L8:VSS; U1.M10:VSS; U1.M12:VSS; U1.M15:VSS; U1.M16:VSS; U1.M6:VSS; U1.M8:VSS; U1.N10:VSS; U1.N12:VSS; U1.N15:VSS; U1.N16:VSS; U1.N3:VSS; U1.N5:VSS; U1.N8:VSS; U1.P10:VSS; U1.P12:VSS; U1.P14:VSS; U1.P15:VSS; U1.P20:VSS; U1.P6:VSS; U1.P7:VSS; U1.P8:VSS; U1.R10:VSS; U1.R12:VSS; U1.R14:VSS; U1.R16:VSS; U1.R3:VSS; U1.R6:VSS; U1.R7:VSS; U1.T15:VSS; U1.T3:VSS; U1.T7:VSS; U1.T8:VSS; U1.T9:VSS; U1.U19:VSS; U1.U3:VSS; U1.U8:VSS; U1.V3:VSS; U1.V4:VSS; U1.V5:VSS; U1.V6:VSS; U1.V7:VSS; U1.V8:VSS; U1.W1:VSS; U1.W16:VSS; U1.W20:VSS; U1.Y13:VSS; U1.Y19:VSS; U11.6:GND; U12.10:D4; U12.11:S4B; U12.12:S4A; U12.6:GND; U12.8:S3B; U13.1:S1B; U13.11:S4B; U13.15:SEL; U13.4:S2B; U13.6:GND; U13.8:S3B; U14.3:GND; U2.A10:VSS; U2.A3:VSS; U2.AB3:VSS; U2.AB5:VSS; U2.AB8:VSS; U2.C1:VSS; U2.C12:VSS; U2.C5:VSS; U2.C8:VSS; U2.D11:VSS; U2.D2:VSS; U2.D4:VSS; U2.D9:VSS; U2.E1:VSS; U2.E12:VSS; U2.E5:VSS; U2.E8:VSS; U2.G1:VSS; U2.G10:VSS; U2.G12:VSS; U2.G3:VSS; U2.G5:VSS; U2.G8:VSS; U2.J1:VSS; U2.J10:VSS; U2.J12:VSS; U2.J3:VSS; U2.K11:VSS; U2.K2:VSS; U2.K4:VSS; U2.K9:VSS; U2.N11:VSS; U2.N2:VSS; U2.N4:VSS; U2.N9:VSS; U2.P1:VSS; U2.P10:VSS; U2.P12:VSS; U2.P3:VSS; U2.T1:VSS; U2.T10:VSS; U2.T12:VSS; U2.T3:VSS; U2.T5:VSS; U2.T8:VSS; U2.V1:VSS; U2.V12:VSS; U2.V5:VSS; U2.V8:VSS; U2.W11:VSS; U2.W2:VSS; U2.W4:VSS; U2.W9:VSS; U2.Y1:VSS; U2.Y12:VSS; U2.Y5:VSS; U2.Y8:VSS; U21.4:GND; U22.A1:AGND; U22.B1:PGND; U22.B2:PGND; U22.B3:PGND; U23.A1:AGND; U23.B1:PGND; U23.B2:PGND; U23.B3:PGND; U24.4:GND; U25.4:GND; U26.4:GND; U3.A6:VSS; U3.C4:VSS; U3.E7:VSS; U3.G5:VSS; U3.H10:VSS; U3.J5:VSS; U3.K8:VSS; U3.N2:VSS; U3.N5:VSS; U3.P4:VSS; U3.P6:VSS; U89.5:GND; U89.7:EP_GND; U90.5:GND; U90.7:EP_GND; U91.3:GND; U92.1:B_TIE_LOW; U92.2:GND; U93.3:GND; U94.1:B_TIE_LOW; U94.2:GND; U95.7:GND; Y2.2:GND; Y2.4:GND
U2,K4F8E304HB_200,AB11,DNU,no_connect,no_connect,false,Samsung K4F8E304HB-MGCJ Rev.1.0 (June 2016),10,AB row / column 11,10–11,4.2 package ballout; 4.3 pad definitions,DNU,Do-not-use ball,MANUFACTURER_DO_NOT_USE,All normal supported operating modes of this exact part,Keep an explicit no-use electrical class and open circuit; retain the manufacturer classification separately.,A no_connect CAD type does not prove this physical ball is unbonded. DNU/RFU must not be used. The source does not grant alternative NC wiring; leave NC open rather than assuming grounding or routing-through is permitted.,unconnected-(U2E-DNU-PadAB11),MANUFACTURER_NC_DNU_MUST_REMAIN_OPEN,
U2,K4F8E304HB_200,AB12,DNU,no_connect,no_connect,false,Samsung K4F8E304HB-MGCJ Rev.1.0 (June 2016),10,AB row / column 12,10–11,4.2 package ballout; 4.3 pad definitions,DNU,Do-not-use ball,MANUFACTURER_DO_NOT_USE,All normal supported operating modes of this exact part,Keep an explicit no-use electrical class and open circuit; retain the manufacturer classification separately.,A no_connect CAD type does not prove this physical ball is unbonded. DNU/RFU must not be used. The source does not grant alternative NC wiring; leave NC open rather than assuming grounding or routing-through is permitted.,unconnected-(U2E-DNU-PadAB12),MANUFACTURER_NC_DNU_MUST_REMAIN_OPEN,
